name,depth,parent,part_file,config,part_path,mass,volume,density,com_x,com_y,com_z,Ixx,Iyy,Izz,Ixy,Ixz,Iyz,bbox_xmin,bbox_ymin,bbox_zmin,bbox_xmax,bbox_ymax,bbox_zmax,tx,ty,tz,R00,R01,R02,R10,R11,R12,R20,R21,R22
Assem4-2/A6M80-750H2A1-M17.STEP-1/2181000003______RSK1-H080A08B30S36.STEP-1,2,Assem4-2/A6M80-750H2A1-M17.STEP-1,2181000003______RSK1-H080A08B30S36.STEP.SLDPRT,Default,C:\Users\anshm\AppData\Local\Temp\swx53220\IC~~\2181000003______RSK1-H080A08B30S36.STEP.SLDPRT,0.0102490641234,2.135221692375174e-05,480,0.10720124469913822,-0.0014669794664855192,-0.6814766749871071,1.14609437847e-05,5.80497850646e-06,6.31261615372e-06,4.68773314002e-08,-1.61264837077e-08,-2.57340544963e-07,0.0966999999999881,-0.043004376695517044,-0.7207843766635582,0.11460194575681645,0.03843202500003627,-0.6409116233364391,0.09779999999998909,-0.0030679999999641354,-0.6808479999999988,-1.7457406694215667e-14,-6.982962677686291e-15,-1.0,-6.982962677686267e-15,1.0,-6.982962677686169e-15,1.0,6.9829626776861444e-15,-1.7457406694215714e-14
Assem4-2/A6M80-750H2A1-M17.STEP-1/2142000004__________RSK1-H080A08B30S36.STEP-1,2,Assem4-2/A6M80-750H2A1-M17.STEP-1,2142000004__________RSK1-H080A08B30S36.STEP.SLDPRT,Default,C:\Users\anshm\AppData\Local\Temp\swx53220\IC~~\2142000004__________RSK1-H080A08B30S36.STEP.SLDPRT,0.180503486519,0.00037604893024875355,480,0.055843409930851524,-0.0030780276097181454,-0.6808512523519742,0.000180592161527,0.000178050695443,0.000177991888398,-8.55640859153e-08,-1.74246705283e-08,-1.75770030317e-08,0.0169999999999881,-0.043577602046200314,-0.7213576020446859,0.0941000249999901,0.03823200000003513,-0.6403383979551982,0.016999999999989093,-0.0030679999999656997,-0.6808479999999982,-1.7457406694215667e-14,-6.982962677686291e-15,-1.0,-6.982962677686267e-15,1.0,-6.982962677686169e-15,1.0,6.9829626776861444e-15,-1.7457406694215714e-14
Assem4-2/A6M80-750H2A1-M17.STEP-1/2174000003____________RSK1-H080A08B30S36.STEP-1,2,Assem4-2/A6M80-750H2A1-M17.STEP-1,2174000003____________RSK1-H080A08B30S36.STEP.SLDPRT,Default,C:\Users\anshm\AppData\Local\Temp\swx53220\IC~~\2174000003____________RSK1-H080A08B30S36.STEP.SLDPRT,0.0163165009704,3.399271035510112e-05,480,0.09312000083990198,-0.003068921669503713,-0.6808470249322478,1.31750582643e-05,6.82306154922e-06,6.82303277353e-06,1.45534335413e-11,-1.53937707482e-11,-2.42241643247e-10,0.0822999999999881,-0.0430575269610076,-0.7208375269610414,0.10050131573994947,0.03692152696107923,-0.6408584730389544,0.08229999999998909,-0.003067999999964244,-0.6808479999999981,-1.7457406694215667e-14,-6.982962677686291e-15,-1.0,-6.982962677686267e-15,1.0,-6.982962677686169e-15,1.0,6.9829626776861444e-15,-1.7457406694215714e-14
Assem4-2/A6M80-750H2A1-M17.STEP-1/3220000002______TC20x30x4(NBR).STEP-1,2,Assem4-2/A6M80-750H2A1-M17.STEP-1,3220000002______TC20x30x4(NBR).STEP.SLDPRT,Default,C:\Users\anshm\AppData\Local\Temp\swx53220\IC~~\3220000002______TC20x30x4(NBR).STEP.SLDPRT,0.000415179626648,8.649575555156345e-07,480,0.01868890970430924,-0.0030679999999656945,-0.6808479999999981,6.76692155133e-08,3.43553593275e-08,3.43553593275e-08,2.30808309621e-22,5.83429067888e-22,-6.6913472872e-24,0.01649999999998881,-0.022669655441120234,-0.7004496554411527,0.02049999999998938,0.016533655441188858,-0.6612463445588436,0.020499999999989093,-0.0030679999999656754,-0.6808479999999981,-1.8800712670529246e-14,-2.366840201762605e-16,1.0,0.38304900806323156,-0.9237280213470707,6.982962677686169e-15,0.9237280213470707,0.38304900806323156,1.7457406694215714e-14
Assem4-2/A6M80-750H2A1-M17.STEP-1/3114000001____________________M2x5(GBT6560-2014 ________ ____).STEP-4,2,Assem4-2/A6M80-750H2A1-M17.STEP-1,3114000001____________________M2x5(GBT6560-2014 ________ ____).STEP.SLDPRT,Default,C:\Users\anshm\AppData\Local\Temp\swx53220\IC~~\3114000001____________________M2x5(GBT6560-2014 ________ ____).STEP.SLDPRT,1.40490396668e-05,2.9268832639077632e-08,480,0.09089854983044181,0.039593120960133184,-0.6840494513257607,5.31885202032e-11,1.69751317288e-11,5.31894268529e-11,1.17381189201e-17,2.66740329295e-16,-1.41867834282e-17,0.08813032283111939,0.03543200000003482,-0.6868176771688681,0.0936667758028603,0.042024982784622834,-0.6812812241971271,0.09089854931698983,0.04203200000003483,-0.6840494506829976,-0.5469441386040037,0.8371691043312125,-4.982962677686308e-15,-9.66521111710783e-15,2.663010380596217e-17,1.0,0.8371691043312125,0.5469441386040037,7.982962677686179e-15
Assem4-2/A6M80-750H2A1-M17.STEP-1/3130000002______B6x6x22(GBT1096-2003 __________M3).STEP-1,2,Assem4-2/A6M80-750H2A1-M17.STEP-1,3130000002______B6x6x22(GBT1096-2003 __________M3).STEP.SLDPRT,Default,C:\Users\anshm\AppData\Local\Temp\swx53220\IC~~\3130000002______B6x6x22(GBT1096-2003 __________M3).STEP.SLDPRT,0.0003767808,7.849600000000001e-07,480,-0.004000000000010748,-0.0030679999999657834,-0.6898479999999987,2.225360896e-09,1.6309506048e-08,1.6309506048e-08,-9.79011044954e-23,-2.46391241488e-22,5.48297152963e-26,-0.01500000000001082,-0.006067999999965881,-0.6928479999999989,0.006999999999989324,-6.799999996568579e-05,-0.6868479999999985,0.006999999999989251,-0.0030679999999657067,-0.6898479999999985,-1.0,1.7457406694215667e-14,6.982962677686291e-15,-6.982962677686169e-15,6.982962677686267e-15,-1.0,-1.7457406694215714e-14,-1.0,-6.9829626776861444e-15
Assem4-2/A6M80-750H2A1-M17.STEP-1/2151000006____RSK1-H080A08B30S36.STEP-1,2,Assem4-2/A6M80-750H2A1-M17.STEP-1,2151000006____RSK1-H080A08B30S36.STEP.SLDPRT,Default,C:\Users\anshm\AppData\Local\Temp\swx53220\IC~~\2151000006____RSK1-H080A08B30S36.STEP.SLDPRT,0.00528289238393,1.10060257998465e-05,480,0.00681939031355322,-0.0030680000956305234,-0.6804993426264561,2.48380175067e-07,8.76212661306e-07,8.90541208108e-07,-1.94372726074e-14,-1.72027000847e-08,9.08073035481e-15,-0.01500000000001115,-0.013067999999965992,-0.6908479999999989,0.02629999999998934,0.006932000000034435,-0.670847999999998,-0.015000000000010907,-0.003067999999965923,-0.6808479999999988,-6.982962677686291e-15,1.7457406694215667e-14,-1.0,1.0,6.982962677686267e-15,-6.982962677686169e-15,6.9829626776861444e-15,-1.0,-1.7457406694215714e-14
Assem4-2/A6M80-750H2A1-M17.STEP-1/3111000003__________________M3x10(GBT70.1-2000 ________ ____ ____ 12.9____.STEP-1,2,Assem4-2/A6M80-750H2A1-M17.STEP-1,3111000003__________________M3x10(GBT70.1-2000 ________ ____ ____ 12.9____.STEP.SLDPRT,Default,C:\Users\anshm\AppData\Local\Temp\swx53220\IC~~\3111000003__________________M3x10(GBT70.1-2000 ________ ____ ____ 12.9____.STEP.SLDPRT,6.36834813574e-05,1.326739194946088e-07,480,0.09579791154404466,0.01783200000003458,-0.6446481381218068,1.61171740397e-10,1.0263898228e-09,1.0263898228e-09,-4.96631626656e-25,-1.26159596e-23,-1.97241241375e-26,0.08779999999998825,0.014093155238346741,-0.6483869828834947,0.1007999999999884,0.021570844761722448,-0.6409092933601188,0.10079999999998832,0.017832000000034633,-0.6446481381218067,-1.3575548034557484e-14,-1.287755091496194e-14,1.0,0.8744322306243049,-0.4851476827167193,5.623382764345144e-15,0.4851476827167193,0.8744322306243049,1.78466912421233e-14
Assem4-2/A6M80-750H2A1-M17.STEP-1/______________.STEP-1,2,Assem4-2/A6M80-750H2A1-M17.STEP-1,______________.STEP.SLDPRT,Default,C:\Users\anshm\AppData\Local\Temp\swx53220\IC~~\______________.STEP.SLDPRT,0.000404086771927,8.418474415139886e-07,480,0.10760702771828441,0.04021951062646455,-0.6938479999999952,1.5581528935e-08,1.99223429527e-08,6.14346607104e-09,6.33889142296e-12,1.65399067631e-22,8.67594451205e-22,0.10059999999998878,0.03843200000003624,-0.7053479999999954,0.11459999999998924,0.044382000000037794,-0.6823479999999948,0.10759999999998902,0.03843200000003702,-0.6938479999999954,-1.0,-6.9829626776872686e-15,1.7457406694215276e-14,-6.982962677686169e-15,1.0,6.298296267768627e-14,-1.7457406694215714e-14,6.298296267768614e-14,-1.0
Assem4-2/A6M80-750H2A1-M17.STEP-1/3111000003__________________M3x10(GBT70.1-2000 ________ ____ ____ 12.9____.STEP-2,2,Assem4-2/A6M80-750H2A1-M17.STEP-1,3111000003__________________M3x10(GBT70.1-2000 ________ ____ ____ 12.9____.STEP.SLDPRT,Default,C:\Users\anshm\AppData\Local\Temp\swx53220\IC~~\3111000003__________________M3x10(GBT70.1-2000 ________ ____ ____ 12.9____.STEP.SLDPRT,6.36834813574e-05,1.326739194946088e-07,480,0.10239791154404479,0.03313186187822474,-0.6599479999999955,1.61171740397e-10,1.0263898228e-09,1.0263898228e-09,-4.37765723712e-24,-1.01749905961e-23,3.03278287928e-26,0.09439999999998842,0.029538225047346357,-0.663541636830874,0.10739999999998852,0.03672549870910311,-0.6563543631691171,0.10739999999998846,0.03313186187822478,-0.6599479999999954,-1.8800712670529246e-14,-2.366840201762605e-16,1.0,0.38304900806323156,-0.9237280213470707,6.982962677686169e-15,0.9237280213470707,0.38304900806323156,1.7457406694215714e-14
Assem4-2/A6M80-750H2A1-M17.STEP-1/3114000001____________________M2x5(GBT6560-2014 ________ ____).STEP-1,2,Assem4-2/A6M80-750H2A1-M17.STEP-1,3114000001____________________M2x5(GBT6560-2014 ________ ____).STEP.SLDPRT,Default,C:\Users\anshm\AppData\Local\Temp\swx53220\IC~~\3114000001____________________M2x5(GBT6560-2014 ________ ____).STEP.SLDPRT,1.40490396668e-05,2.9268832639077632e-08,480,0.07509854983044181,0.03959312096013307,-0.684049451325762,5.31885202032e-11,1.69751317288e-11,5.31894268529e-11,1.17381189201e-17,2.66740329295e-16,-1.41867834282e-17,0.0723303228311194,0.03543200000003471,-0.6868176771688694,0.0778667758028603,0.04202498278462272,-0.6812812241971284,0.07509854931698984,0.04203200000003472,-0.6840494506829989,-0.5469441386040037,0.8371691043312125,-4.982962677686308e-15,-9.66521111710783e-15,2.663010380596217e-17,1.0,0.8371691043312125,0.5469441386040037,7.982962677686179e-15
Assem4-2/A6M80-750H2A1-M17.STEP-1/3114000001____________________M2x5(GBT6560-2014 ________ ____).STEP-2,2,Assem4-2/A6M80-750H2A1-M17.STEP-1,3114000001____________________M2x5(GBT6560-2014 ________ ____).STEP.SLDPRT,Default,C:\Users\anshm\AppData\Local\Temp\swx53220\IC~~\3114000001____________________M2x5(GBT6560-2014 ________ ____).STEP.SLDPRT,1.40490396668e-05,2.9268832639077632e-08,480,0.11210000051344082,0.03954312096013434,-0.6848480006427613,5.31885202032e-11,1.69751317288e-11,5.31894268529e-11,1.17381189201e-17,2.66740329295e-16,-1.41867834282e-17,0.10933177351411841,0.035382000000035975,-0.6876162264858687,0.11486822648585931,0.04197498278462399,-0.6820797735141277,0.11209999999998885,0.04198200000003599,-0.6848479999999982,-0.5469441386040037,0.8371691043312125,-4.982962677686308e-15,-9.66521111710783e-15,2.663010380596217e-17,1.0,0.8371691043312125,0.5469441386040037,7.982962677686179e-15
Assem4-2/A6M80-750H2A1-M17.STEP-1/3231000001___________6pin___________GAMC3064___________.STEP-1,2,Assem4-2/A6M80-750H2A1-M17.STEP-1,3231000001___________6pin___________GAMC3064___________.STEP.SLDPRT,Default,C:\Users\anshm\AppData\Local\Temp\swx53220\IC~~\3231000001___________6pin___________GAMC3064___________.STEP.SLDPRT,0.000860590209011,1.792896268772939e-06,480,0.08310481588754029,0.03986478827632647,-0.6724418972624837,4.7606196957e-08,6.98266073742e-08,2.7212531559e-08,-5.50436521192e-10,-2.20685628497e-10,7.45644620424e-11,0.0727485493169872,0.029032000000035772,-0.6865494506829989,0.09324854931698816,0.04453200000017223,-0.6583494506829987,0.08299854931698766,0.038232000000034704,-0.6724494506829988,-5.545740669421567e-14,1.0,-6.982962677686291e-15,-6.982962677686532e-15,6.982962677685904e-15,1.0,1.0,5.545740669421572e-14,6.9829626776861444e-15
Assem4-2/A6M80-750H2A1-M17.STEP-1/3114000001____________________M2x5(GBT6560-2014 ________ ____).STEP-3,2,Assem4-2/A6M80-750H2A1-M17.STEP-1,3114000001____________________M2x5(GBT6560-2014 ________ ____).STEP.SLDPRT,Default,C:\Users\anshm\AppData\Local\Temp\swx53220\IC~~\3114000001____________________M2x5(GBT6560-2014 ________ ____).STEP.SLDPRT,1.40490396668e-05,2.9268832639077632e-08,480,0.0750985498304404,0.03959312096013291,-0.660849451325762,5.31885202032e-11,1.69751317288e-11,5.31894268529e-11,1.17381189201e-17,2.66740329295e-16,-1.41867834282e-17,0.07233032283111798,0.03543200000003455,-0.6636176771688694,0.07786677580285889,0.042024982784622564,-0.6580812241971284,0.07509854931698842,0.04203200000003456,-0.6608494506829989,-0.5469441386040037,0.8371691043312125,-4.982962677686308e-15,-9.66521111710783e-15,2.663010380596217e-17,1.0,0.8371691043312125,0.5469441386040037,7.982962677686179e-15
Assem4-2/A6M80-750H2A1-M17.STEP-1/3111000003__________________M3x10(GBT70.1-2000 ________ ____ ____ 12.9____.STEP-6,2,Assem4-2/A6M80-750H2A1-M17.STEP-1,3111000003__________________M3x10(GBT70.1-2000 ________ ____ ____ 12.9____.STEP.SLDPRT,Default,C:\Users\anshm\AppData\Local\Temp\swx53220\IC~~\3111000003__________________M3x10(GBT70.1-2000 ________ ____ ____ 12.9____.STEP.SLDPRT,6.36834813574e-05,1.326739194946088e-07,480,0.10239791154404494,-0.023967999999966332,-0.6446481381218069,1.61171740397e-10,1.0263898228e-09,1.0263898228e-09,-1.0971258925e-23,-1.34403356033e-23,4.80365327374e-26,0.09439999999998856,-0.027561636830844737,-0.6482417749526853,0.10739999999998866,-0.020374363169087997,-0.6410545012909284,0.1073999999999886,-0.023967999999966322,-0.6446481381218068,-2.3668402017620135e-16,1.8800712670529243e-14,0.9999999999999999,-0.9237280213470719,-0.38304900806322867,6.982962677686168e-15,0.38304900806322867,-0.9237280213470719,1.745740669421571e-14
Assem4-2/A6M80-750H2A1-M17.STEP-1/3114000001____________________M2x5(GBT6560-2014 ________ ____).STEP-8,2,Assem4-2/A6M80-750H2A1-M17.STEP-1,3114000001____________________M2x5(GBT6560-2014 ________ ____).STEP.SLDPRT,Default,C:\Users\anshm\AppData\Local\Temp\swx53220\IC~~\3114000001____________________M2x5(GBT6560-2014 ________ ____).STEP.SLDPRT,1.40490396668e-05,2.9268832639077632e-08,480,0.10310000051344113,0.0395431209601354,-0.7028480006427614,5.31885202032e-11,1.69751317288e-11,5.31894268529e-11,1.17381189201e-17,2.66740329295e-16,-1.41867834282e-17,0.10033177351411872,0.03538200000003704,-0.7056162264858689,0.10586822648585963,0.04197498278462505,-0.7000797735141279,0.10309999999998916,0.04198200000003705,-0.7028479999999984,-0.5469441386040037,0.8371691043312125,-4.982962677686308e-15,-9.66521111710783e-15,2.663010380596217e-17,1.0,0.8371691043312125,0.5469441386040037,7.982962677686179e-15
Assem4-2/A6M80-750H2A1-M17.STEP-1/3111000003__________________M3x10(GBT70.1-2000 ________ ____ ____ 12.9____.STEP-8,2,Assem4-2/A6M80-750H2A1-M17.STEP-1,3111000003__________________M3x10(GBT70.1-2000 ________ ____ ____ 12.9____.STEP.SLDPRT,Default,C:\Users\anshm\AppData\Local\Temp\swx53220\IC~~\3111000003__________________M3x10(GBT70.1-2000 ________ ____ ____ 12.9____.STEP.SLDPRT,6.36834813574e-05,1.326739194946088e-07,480,0.1023979115440459,0.017832000000036128,-0.7170478618781866,1.61171740397e-10,1.0263898228e-09,1.0263898228e-09,-1.11231222989e-24,-1.6768592284e-23,-4.13512024779e-26,0.09439999999998953,0.014238363169157782,-0.720641498709065,0.10739999999998963,0.021425636830914502,-0.7134542250473082,0.10739999999998957,0.017832000000036187,-0.7170478618781865,2.366840201760578e-16,-1.8800712670529243e-14,1.0,0.9237280213470747,0.38304900806322156,6.982962677686169e-15,-0.38304900806322156,0.9237280213470747,1.7457406694215714e-14
Assem4-2/A6M80-750H2A1-M17.STEP-1/3111000003__________________M3x10(GBT70.1-2000 ________ ____ ____ 12.9____.STEP-3,2,Assem4-2/A6M80-750H2A1-M17.STEP-1,3111000003__________________M3x10(GBT70.1-2000 ________ ____ ____ 12.9____.STEP.SLDPRT,Default,C:\Users\anshm\AppData\Local\Temp\swx53220\IC~~\3111000003__________________M3x10(GBT70.1-2000 ________ ____ ____ 12.9____.STEP.SLDPRT,6.36834813574e-05,1.326739194946088e-07,480,0.09579791154404532,-0.039267861878155286,-0.6599479999999971,1.61171740397e-10,1.0263898228e-09,1.0263898228e-09,-8.53028992108e-24,-9.55930999285e-24,-6.1400312816e-26,0.08779999999998891,-0.04300670663984317,-0.663686844761685,0.10079999999998907,-0.03552901711646744,-0.6562091552383091,0.10079999999998898,-0.039267861878155265,-0.659947999999997,-1.0877550914961892e-14,1.3575548034557521e-14,1.0,-0.485147682716722,-0.8744322306243033,6.593678129778588e-15,0.8744322306243033,-0.485147682716722,1.6097826780874688e-14
Assem4-2/A6M80-750H2A1-M17.STEP-1/3114000001____________________M2x5(GBT6560-2014 ________ ____).STEP-5,2,Assem4-2/A6M80-750H2A1-M17.STEP-1,3114000001____________________M2x5(GBT6560-2014 ________ ____).STEP.SLDPRT,Default,C:\Users\anshm\AppData\Local\Temp\swx53220\IC~~\3114000001____________________M2x5(GBT6560-2014 ________ ____).STEP.SLDPRT,1.40490396668e-05,2.9268832639077632e-08,480,0.0908985498304404,0.039593120960133024,-0.6608494513257607,5.31885202032e-11,1.69751317288e-11,5.31894268529e-11,1.17381189201e-17,2.66740329295e-16,-1.41867834282e-17,0.08813032283111799,0.03543200000003466,-0.6636176771688681,0.0936667758028589,0.042024982784622675,-0.6580812241971271,0.09089854931698843,0.042032000000034674,-0.6608494506829976,-0.5469441386040037,0.8371691043312125,-4.982962677686308e-15,-9.66521111710783e-15,2.663010380596217e-17,1.0,0.8371691043312125,0.5469441386040037,7.982962677686179e-15
Assem4-2/A6M80-750H2A1-M17.STEP-1/3111000003__________________M3x10(GBT70.1-2000 ________ ____ ____ 12.9____.STEP-7,2,Assem4-2/A6M80-750H2A1-M17.STEP-1,3111000003__________________M3x10(GBT70.1-2000 ________ ____ ____ 12.9____.STEP.SLDPRT,Default,C:\Users\anshm\AppData\Local\Temp\swx53220\IC~~\3111000003__________________M3x10(GBT70.1-2000 ________ ____ ____ 12.9____.STEP.SLDPRT,6.36834813574e-05,1.326739194946088e-07,480,0.10239791154404604,-0.03926786187815495,-0.701747999999998,1.61171740397e-10,1.0263898228e-09,1.0263898228e-09,-7.70591391781e-24,-2.00339372912e-23,-1.43402668826e-26,0.09439999999998967,-0.04286149870903334,-0.7053416368308765,0.10739999999998977,-0.03567422504727661,-0.6981543631691196,0.10739999999998971,-0.039267861878154925,-0.7017479999999979,1.8800712670529246e-14,2.3668402017611694e-16,1.0,-0.38304900806322456,0.9237280213470737,6.982962677686169e-15,-0.9237280213470737,-0.38304900806322456,1.7457406694215714e-14
Assem4-2/A6M80-750H2A1-M17.STEP-1/3111000003__________________M3x10(GBT70.1-2000 ________ ____ ____ 12.9____.STEP-4,2,Assem4-2/A6M80-750H2A1-M17.STEP-1,3111000003__________________M3x10(GBT70.1-2000 ________ ____ ____ 12.9____.STEP.SLDPRT,Default,C:\Users\anshm\AppData\Local\Temp\swx53220\IC~~\3111000003__________________M3x10(GBT70.1-2000 ________ ____ ____ 12.9____.STEP.SLDPRT,6.36834813574e-05,1.326739194946088e-07,480,0.09579791154404621,-0.023967999999964875,-0.717047861878187,1.61171740397e-10,1.0263898228e-09,1.0263898228e-09,-1.15869395283e-23,-1.75929682873e-23,4.34853791282e-27,0.0877999999999898,-0.02770684476165279,-0.720786706639875,0.10079999999998995,-0.020229155238277036,-0.7133090171164991,0.10079999999998987,-0.023967999999964858,-0.7170478618781869,1.557554803455756e-14,1.0877550914961838e-14,0.9999999999999998,-0.8744322306243015,0.4851476827167251,8.342542591027194e-15,-0.4851476827167251,-0.8744322306243015,1.7068122146308133e-14
Assem4-2/A6M80-750H2A1-M17.STEP-1/3114000001____________________M2x5(GBT6560-2014 ________ ____).STEP-7,2,Assem4-2/A6M80-750H2A1-M17.STEP-1,3114000001____________________M2x5(GBT6560-2014 ________ ____).STEP.SLDPRT,Default,C:\Users\anshm\AppData\Local\Temp\swx53220\IC~~\3114000001____________________M2x5(GBT6560-2014 ________ ____).STEP.SLDPRT,1.40490396668e-05,2.9268832639077632e-08,480,0.10310000051344081,0.03954312096013428,-0.6848480006427615,5.31885202032e-11,1.69751317288e-11,5.31894268529e-11,1.17381189201e-17,2.66740329295e-16,-1.41867834282e-17,0.1003317735141184,0.03538200000003591,-0.687616226485869,0.10586822648585931,0.04197498278462393,-0.682079773514128,0.10309999999998884,0.04198200000003593,-0.6848479999999985,-0.5469441386040037,0.8371691043312125,-4.982962677686308e-15,-9.66521111710783e-15,2.663010380596217e-17,1.0,0.8371691043312125,0.5469441386040037,7.982962677686179e-15
Assem4-2/A6M80-750H2A1-M17.STEP-1/3114000001____________________M2x5(GBT6560-2014 ________ ____).STEP-6,2,Assem4-2/A6M80-750H2A1-M17.STEP-1,3114000001____________________M2x5(GBT6560-2014 ________ ____).STEP.SLDPRT,Default,C:\Users\anshm\AppData\Local\Temp\swx53220\IC~~\3114000001____________________M2x5(GBT6560-2014 ________ ____).STEP.SLDPRT,1.40490396668e-05,2.9268832639077632e-08,480,0.11210000051344114,0.039543120960135465,-0.7028480006427613,5.31885202032e-11,1.69751317288e-11,5.31894268529e-11,1.17381189201e-17,2.66740329295e-16,-1.41867834282e-17,0.10933177351411873,0.0353820000000371,-0.7056162264858687,0.11486822648585963,0.041974982784625116,-0.7000797735141278,0.11209999999998917,0.041982000000037115,-0.7028479999999983,-0.5469441386040037,0.8371691043312125,-4.982962677686308e-15,-9.66521111710783e-15,2.663010380596217e-17,1.0,0.8371691043312125,0.5469441386040037,7.982962677686179e-15
Assem4-2/A6M80-750H2A1-M17.STEP-1/3111000003__________________M3x10(GBT70.1-2000 ________ ____ ____ 12.9____.STEP-5,2,Assem4-2/A6M80-750H2A1-M17.STEP-1,3111000003__________________M3x10(GBT70.1-2000 ________ ____ ____ 12.9____.STEP.SLDPRT,Default,C:\Users\anshm\AppData\Local\Temp\swx53220\IC~~\3111000003__________________M3x10(GBT70.1-2000 ________ ____ ____ 12.9____.STEP.SLDPRT,6.36834813574e-05,1.326739194946088e-07,480,0.09579791154404554,0.03313186187822498,-0.7017479999999956,1.61171740397e-10,1.0263898228e-09,1.0263898228e-09,-3.55328123385e-24,-2.06496178945e-23,-2.78181751594e-26,0.08779999999998914,0.0293930171165371,-0.7054868447616836,0.10079999999998929,0.036870706639912855,-0.6980091552383076,0.1007999999999892,0.033131861878225026,-0.7017479999999955,1.2877550914961778e-14,-1.5575548034557615e-14,1.0,0.48514768271672903,0.8744322306242994,7.372247225593739e-15,-0.8744322306242994,0.48514768271672903,1.8816986607556743e-14
Assem4-2/Part26-1,1,Assem4-2,Part26.SLDPRT,Default,C:\Users\anshm\Downloads\Part26.SLDPRT,0.0563679276973,0.00011743318270275127,480,0.02560830524838719,-0.01825689160723963,-0.6808479999999986,0.000137911376022,0.000120152382726,4.16272448293e-05,-7.93951648228e-06,3.29608215263e-19,-3.73827776377e-20,0.009999999999988792,-0.04319999999996594,-0.7619999999999987,0.05999999999998937,0.03706400000003408,-0.5996959999999985,0.00999999999998908,-0.003067999999965945,-0.6808479999999987,3.4914813388431334e-15,0.0,1.0,0.0,1.0,0.0,-1.0,0.0,3.4914813388431334e-15
R6Base Assembly-1/R6Rail_Block_Risers-4,1,R6Base Assembly-1,R6Rail_Block_Risers.SLDPRT,Default,C:\Users\anshm\Downloads\Major Assembly\R6Rail_Block_Risers.SLDPRT,0.00646633584695,1.3471533014477997e-05,480,-0.029999999999990267,-0.03510000000008906,-0.5040000000000016,3.73250220316e-07,1.27515448751e-06,1.18474179714e-06,-2.48504612413e-24,-2.01441850647e-22,4.28810429547e-25,-0.05249999999999026,-0.043200000000089056,-0.5140000000000016,-0.007499999999990268,-0.02700000000008906,-0.49400000000000155,-0.029999999999990257,-0.043200000000089056,-0.5040000000000016,1.0,0.0,0.0,0.0,1.0,0.0,0.0,0.0,1.0
R6Base Assembly-1/R6Rail_Block_Risers-3,1,R6Base Assembly-1,R6Rail_Block_Risers.SLDPRT,Default,C:\Users\anshm\Downloads\Major Assembly\R6Rail_Block_Risers.SLDPRT,0.00646633584695,1.3471533014477997e-05,480,-0.029999999999990267,-0.03510000000008906,-0.20200000000000162,3.73250220316e-07,1.27515448751e-06,1.18474179714e-06,-2.48504612413e-24,-2.01441850647e-22,4.28810429547e-25,-0.05249999999999026,-0.043200000000089056,-0.21200000000000163,-0.007499999999990268,-0.02700000000008906,-0.1920000000000016,-0.029999999999990257,-0.043200000000089056,-0.20200000000000162,1.0,0.0,0.0,0.0,1.0,0.0,0.0,0.0,1.0
R6Base Assembly-1/R6Rail_Block_Risers-2,1,R6Base Assembly-1,R6Rail_Block_Risers.SLDPRT,Default,C:\Users\anshm\Downloads\Major Assembly\R6Rail_Block_Risers.SLDPRT,0.00646633584695,1.3471533014477997e-05,480,-0.029999999999990267,-0.03510000000008906,0.09999999999999831,3.73250220316e-07,1.27515448751e-06,1.18474179714e-06,-2.48504612413e-24,-2.01441850647e-22,4.28810429547e-25,-0.05249999999999026,-0.043200000000089056,0.0899999999999983,-0.007499999999990268,-0.02700000000008906,0.10999999999999832,-0.029999999999990257,-0.043200000000089056,0.09999999999999831,1.0,0.0,0.0,0.0,1.0,0.0,0.0,0.0,1.0
R6Base Assembly-1/R6Rail_Block_Risers-8,1,R6Base Assembly-1,R6Rail_Block_Risers.SLDPRT,Default,C:\Users\anshm\Downloads\Major Assembly\R6Rail_Block_Risers.SLDPRT,0.00646633584695,1.3471533014477997e-05,480,0.029999999999941063,-0.0350999999998689,-0.5039999999999956,3.73250220316e-07,1.27515448751e-06,1.18474179714e-06,-2.48504612413e-24,-2.01441850647e-22,4.28810429547e-25,0.007499999999941064,-0.0431999999998689,-0.5139999999999956,0.052499999999941066,-0.026999999999868903,-0.49399999999999555,0.029999999999941074,-0.0431999999998689,-0.5039999999999956,1.0,0.0,0.0,0.0,1.0,0.0,0.0,0.0,1.0
R6Base Assembly-1/R6Rail_Block_Risers-6,1,R6Base Assembly-1,R6Rail_Block_Risers.SLDPRT,Default,C:\Users\anshm\Downloads\Major Assembly\R6Rail_Block_Risers.SLDPRT,0.00646633584695,1.3471533014477997e-05,480,0.029999999999941063,-0.0350999999998689,0.10000000000000431,3.73250220316e-07,1.27515448751e-06,1.18474179714e-06,-2.48504612413e-24,-2.01441850647e-22,4.28810429547e-25,0.007499999999941064,-0.0431999999998689,0.0900000000000043,0.052499999999941066,-0.026999999999868903,0.11000000000000432,0.029999999999941074,-0.0431999999998689,0.10000000000000431,1.0,0.0,0.0,0.0,1.0,0.0,0.0,0.0,1.0
R6Base Assembly-1/R6Rail_Block_Risers-7,1,R6Base Assembly-1,R6Rail_Block_Risers.SLDPRT,Default,C:\Users\anshm\Downloads\Major Assembly\R6Rail_Block_Risers.SLDPRT,0.00646633584695,1.3471533014477997e-05,480,0.029999999999941063,-0.0350999999998689,-0.20199999999999563,3.73250220316e-07,1.27515448751e-06,1.18474179714e-06,-2.48504612413e-24,-2.01441850647e-22,4.28810429547e-25,0.007499999999941064,-0.0431999999998689,-0.21199999999999564,0.052499999999941066,-0.026999999999868903,-0.19199999999999562,0.029999999999941074,-0.0431999999998689,-0.20199999999999563,1.0,0.0,0.0,0.0,1.0,0.0,0.0,0.0,1.0
R6Base Assembly-1/R6BASE_EXTRUSION2-2,1,R6Base Assembly-1,R6BASE_EXTRUSION2.SLDPRT,5537T036,C:\Users\anshm\Downloads\Major Assembly\R6BASE_EXTRUSION2.SLDPRT,0.402418387184,0.0008383716399657105,480,0.029999999999987707,-0.05819999999996506,-1.763489761857582e-16,0.0779243481579,0.0780308859421,0.00018068609477,-3.6552267681e-19,5.28810423586e-16,-5.43564212799e-16,-1.7947449082456046e-14,-0.07319999999997033,-0.7620000000000011,0.05999999999999307,-0.04319999999995979,0.7619999999999998,0.029999999999987703,-0.05819999999996506,-6.661338147750939e-16,3.4914813388431334e-15,1.0,-6.982962677686291e-15,-1.0,3.4914813388431823e-15,6.982962677686242e-15,6.982962677686267e-15,6.982962677686267e-15,1.0
R6Base Assembly-1/R6BASE_EXTRUSION2-1,1,R6Base Assembly-1,R6BASE_EXTRUSION2.SLDPRT,5537T036,C:\Users\anshm\Downloads\Major Assembly\R6BASE_EXTRUSION2.SLDPRT,0.402418387184,0.0008383716399657105,480,-0.029999999999987145,-0.05819999999998571,-6.204381860358208e-16,0.0779243481579,0.0780308859421,0.00018068609477,-3.6552267681e-19,5.28810423586e-16,-5.43564212799e-16,-0.059999999999992795,-0.07319999999999098,-0.7620000000000016,1.8225004838612335e-14,-0.04319999999998044,0.7619999999999993,-0.029999999999987148,-0.05819999999998571,-1.1102230246251565e-15,3.4914813388431334e-15,1.0,-6.982962677686291e-15,-1.0,3.4914813388431823e-15,6.982962677686242e-15,6.982962677686267e-15,6.982962677686267e-15,1.0
R6Base Assembly-1/R6Linear Rails-1,1,R6Base Assembly-1,R6Linear Rails.SLDPRT,Default,C:\Users\anshm\Downloads\Major Assembly\R6Linear Rails.SLDPRT,2.2127680396180054,0.0008195437183770391,2699.9999999999995,-0.02999999999997638,-0.011101767141033631,-6.762018079908838e-05,0.26581210391144755,0.26568727212298576,0.00043882577796771846,-4.362825117313643e-20,3.7410261314817323e-19,2.0047477703517083e-06,-0.05249999999997637,-0.026999999999995247,-0.6000000000000001,-0.007499999999976376,0.010000000000004772,0.5999999999999999,-0.02999999999997638,4.773959005888173e-15,0.5999999999999999,1.0,0.0,0.0,0.0,1.0,0.0,0.0,0.0,1.0
R6Base Assembly-1/R6Rail_Block_Risers-1,1,R6Base Assembly-1,R6Rail_Block_Risers.SLDPRT,Default,C:\Users\anshm\Downloads\Major Assembly\R6Rail_Block_Risers.SLDPRT,0.00646633584695,1.3471533014477997e-05,480,-0.029999999999985604,-0.03509999999999569,0.40200000000000347,3.73250220316e-07,1.27515448751e-06,1.18474179714e-06,-2.48504612413e-24,-2.01441850647e-22,4.28810429547e-25,-0.0524999999999856,-0.043199999999995686,0.39200000000000346,-0.007499999999985605,-0.02699999999999569,0.4120000000000035,-0.029999999999985594,-0.043199999999995686,0.40200000000000347,1.0,0.0,0.0,0.0,1.0,0.0,0.0,0.0,1.0
R6Base Assembly-1/R6Rail_Block_Risers-5,1,R6Base Assembly-1,R6Rail_Block_Risers.SLDPRT,Default,C:\Users\anshm\Downloads\Major Assembly\R6Rail_Block_Risers.SLDPRT,0.00646633584695,1.3471533014477997e-05,480,0.030000000000023553,-0.03509999999999602,0.40200000000000036,3.73250220316e-07,1.27515448751e-06,1.18474179714e-06,-2.48504612413e-24,-2.01441850647e-22,4.28810429547e-25,0.007500000000023554,-0.04319999999999602,0.39200000000000035,0.052500000000023556,-0.026999999999996024,0.41200000000000037,0.030000000000023563,-0.04319999999999602,0.40200000000000036,1.0,0.0,0.0,0.0,1.0,0.0,0.0,0.0,1.0
R6Base Assembly-1/R6Linear_Bearings-1/R6R4R3LM20OP-1-2,2,R6Base Assembly-1/R6Linear_Bearings-1,R6R4R3LM20OP-1.SLDPRT,Default,C:\Users\anshm\Downloads\Major Assembly\R6R4R3LM20OP-1.SLDPRT,0.0428229961999,5.455158751580995e-06,7850,-0.03000074015004627,0.0028914201174148634,0.06407391891792988,9.9172007081e-06,1.19014252436e-05,9.47799538443e-06,5.15249352421e-10,2.9715431047e-17,6.19051612408e-17,-0.045999999999976386,-0.01389800339912671,0.04304009642285157,-0.013999999999976372,0.016000000000004216,0.08510774452182655,-0.02999999999997638,4.206270748374763e-15,0.04307391891802019,-1.0,-5.655198531683931e-16,-6.938893903907228e-18,5.655198531684856e-16,-1.0,-4.163336342344258e-17,-6.938893903907228e-18,-4.163336342344337e-17,1.0
R6Base Assembly-1/R6Linear_Bearings-1/R6R4R3LM20OP-2-2,2,R6Base Assembly-1/R6Linear_Bearings-1,R6R4R3LM20OP-2.SLDPRT,Default,C:\Users\anshm\Downloads\Major Assembly\R6R4R3LM20OP-2.SLDPRT,0.0791772976069,1.0086279949928558e-05,7850,-0.02999648570403209,0.0023453541553391678,0.0641015068257988,1.65847574179e-05,1.53818220815e-05,1.1651654641e-05,1.05335052847e-06,-1.45324215692e-10,1.05058090076e-11,-0.04953416327409378,-0.0195341632741132,0.04407391891802019,-0.010465836725858959,0.019534163274121618,0.0840739189180202,-0.037149999999976216,-0.012384163274113354,0.0640739189180202,-2.1570415377137042e-32,-0.8660254037844449,0.4999999999999891,-7.765349535769335e-31,0.49999999999998906,0.8660254037844449,-1.0000000000000002,1.4807423316772526e-17,6.728057293727455e-17
R6Base Assembly-1/R6Linear_Bearings-1/R6R4R3SBR20-2-1,2,R6Base Assembly-1/R6Linear_Bearings-1,R6R4R3SBR20-2.SLDPRT,Default,C:\Users\anshm\Downloads\Major Assembly\R6R4R3SBR20-2.SLDPRT,0.002813293830309833,3.6067869619356837e-07,7800.0,-0.02992518555946386,0.002520342001206613,0.0858239189180202,2.701200442361013e-07,3.789775233304008e-07,6.480425823801358e-07,3.2342015238293892e-09,-3.646994384669601e-24,-1.1080627564483923e-23,-0.04740570355441786,-0.014423863433064378,0.0850739189180202,-0.012503074942263277,0.017496925057717307,0.0865739189180202,-0.02999999999997638,4.204536024898786e-15,0.0850739189180202,0.9995597138532558,0.029671171894573644,-6.9388939039072276e-18,-0.029671171894573644,0.9995597138532558,-4.1633363423442575e-17,5.700528122361391e-18,4.18209179440667e-17,0.9999999999999999
R6Base Assembly-1/R6Linear_Bearings-1/R6R4R3SBR20-1-1,2,R6Base Assembly-1/R6Linear_Bearings-1,R6R4R3SBR20-1.SLDPRT,Default,C:\Users\anshm\Downloads\Major Assembly\R6R4R3SBR20-1.SLDPRT,0.1197235911573797,4.434207079902952e-05,2700.0,-0.02999999995803186,0.006779262808185863,0.06407391891802021,4.264383446285319e-05,5.62700872248e-05,5.044458179326592e-05,-1.0028926409957697e-13,1.2957447325947606e-12,-2.304592312384836e-21,-0.05399999999997639,-0.015999999999995813,0.039073918918020194,-0.0059999999999763715,0.02310000000000423,0.08907391891802019,-0.02999999999997639,-0.015999999999995795,0.0390739189180202,-1.0,-5.655198531683931e-16,-6.938893903907228e-18,5.655198531684856e-16,-1.0,-4.163336342344258e-17,-6.938893903907228e-18,-4.163336342344337e-17,1.0
R6Base Assembly-1/R6Linear_Bearings-1/R6R4R3SBR20-2-2,2,R6Base Assembly-1/R6Linear_Bearings-1,R6R4R3SBR20-2.SLDPRT,Default,C:\Users\anshm\Downloads\Major Assembly\R6R4R3SBR20-2.SLDPRT,0.002813293830309833,3.6067869619356837e-07,7800.0,-0.030113919960805837,0.002518877378134944,0.04232391891802019,2.702466377061943e-07,3.788509298603077e-07,6.48042582380136e-07,-4.921857333791762e-09,-3.989838734369737e-24,-1.1229485172828354e-23,-0.0477507055032992,-0.014679429698596137,0.04157391891802019,-0.012388197494635177,0.01775070550332702,0.04307391891802019,-0.02999999999997638,4.206270748374763e-15,0.04157391891802019,0.9989788489477296,-0.045180298306553575,-6.938893903907228e-18,0.045180298306553575,0.9989788489477296,-4.163336342344258e-17,8.812816024072012e-18,4.127734817407791e-17,1.0
R6Base Assembly-1/R6Linear Rails-2,1,R6Base Assembly-1,R6Linear Rails.SLDPRT,Default,C:\Users\anshm\Downloads\Major Assembly\R6Linear Rails.SLDPRT,2.2127680396180054,0.0008195437183770391,2699.9999999999995,0.030000000000024007,-0.01110176714104873,-6.762018079886634e-05,0.26581210391144755,0.26568727212298576,0.00043882577796771846,-4.362825117313643e-20,3.7410261314817323e-19,2.0047477703517083e-06,0.007500000000024012,-0.027000000000010346,-0.5999999999999999,0.052500000000024014,0.009999999999989673,0.6000000000000001,0.030000000000024007,-1.0325074129013956e-14,0.6000000000000001,1.0,0.0,0.0,0.0,1.0,0.0,0.0,0.0,1.0
R6Base Assembly-1/R6Linear_Bearings-2/R6R4R3LM20OP-1-2,2,R6Base Assembly-1/R6Linear_Bearings-2,R6R4R3LM20OP-1.SLDPRT,Default,C:\Users\anshm\Downloads\Major Assembly\R6R4R3LM20OP-1.SLDPRT,0.0428229961999,5.455158751580995e-06,7850,0.029999259849954007,0.002891420117400433,0.06407391891792988,9.9172007081e-06,1.19014252436e-05,9.47799538443e-06,5.15249352418e-10,2.9715431047e-17,6.19051612408e-17,0.014000000000023886,-0.013898003399141145,0.04304009642285157,0.04600000000002391,0.01599999999998979,0.08510774452182655,0.0300000000000239,-1.0224460167407301e-14,0.04307391891802019,-1.0000000000000002,6.106226635438202e-16,-6.938893903907228e-18,-6.10622663543852e-16,-1.0000000000000002,-4.163336342344337e-17,-6.938893903907228e-18,-4.163336342344337e-17,1.0
R6Base Assembly-1/R6Linear_Bearings-2/R6R4R3LM20OP-2-2,2,R6Base Assembly-1/R6Linear_Bearings-2,R6R4R3LM20OP-2.SLDPRT,Default,C:\Users\anshm\Downloads\Major Assembly\R6R4R3LM20OP-2.SLDPRT,0.0791772976069,1.0086279949928558e-05,7850,0.030003514295968182,0.002345354155324735,0.0641015068257988,1.65847574179e-05,1.53818220815e-05,1.1651654641e-05,1.05335052847e-06,-1.45324215692e-10,1.05058090066e-11,0.010465836725906497,-0.01953416327412763,0.04407391891802019,0.04953416327414131,0.01953416327410718,0.0840739189180202,0.022850000000024073,-0.012384163274127797,0.0640739189180202,2.542227526591151e-32,-0.8660254037844456,0.499999999999988,-6.1629758220391534e-33,0.499999999999988,0.8660254037844456,-1.0,-3.0814879110195774e-32,7.373844008160216e-33
R6Base Assembly-1/R6Linear_Bearings-2/R6R4R3SBR20-2-1,2,R6Base Assembly-1/R6Linear_Bearings-2,R6R4R3SBR20-2.SLDPRT,Default,C:\Users\anshm\Downloads\Major Assembly\R6R4R3SBR20-2.SLDPRT,0.002813293830309833,3.6067869619356837e-07,7800.0,0.030074814440536418,0.0025203420011921827,0.0858239189180202,2.701200442361014e-07,3.7897752333040096e-07,6.480425823801358e-07,3.234201523829261e-09,-3.646994384669619e-24,-1.1080627564484428e-23,0.01259429644558243,-0.01442386343307879,0.0850739189180202,0.047496925057736984,0.01749692505770286,0.0865739189180202,0.0300000000000239,-1.0226194890883278e-14,0.0850739189180202,0.999559713853256,0.029671171894572475,-6.9388939039072276e-18,-0.029671171894572475,0.999559713853256,-4.1633363423443364e-17,5.700528122361391e-18,4.18209179440667e-17,0.9999999999999999
R6Base Assembly-1/R6Linear_Bearings-2/R6R4R3SBR20-1-1,2,R6Base Assembly-1/R6Linear_Bearings-2,R6R4R3SBR20-1.SLDPRT,Default,C:\Users\anshm\Downloads\Major Assembly\R6R4R3SBR20-1.SLDPRT,0.1197235911573797,4.434207079902952e-05,2700.0,0.03000000004196841,0.00677926280817143,0.06407391891802021,4.2643834462853205e-05,5.627008722480003e-05,5.044458179326592e-05,-1.0028928012599223e-13,1.2957447325947608e-12,-2.3045907884044043e-21,0.006000000000023879,-0.01600000000001025,0.039073918918020194,0.05400000000002392,0.023099999999989802,0.08907391891802019,0.03000000000002391,-0.01600000000001023,0.0390739189180202,-1.0000000000000002,6.106226635438202e-16,-6.938893903907228e-18,-6.10622663543852e-16,-1.0000000000000002,-4.163336342344337e-17,-6.938893903907228e-18,-4.163336342344337e-17,1.0
R6Base Assembly-1/R6Linear_Bearings-2/R6R4R3SBR20-2-2,2,R6Base Assembly-1/R6Linear_Bearings-2,R6R4R3SBR20-2.SLDPRT,Default,C:\Users\anshm\Downloads\Major Assembly\R6R4R3SBR20-2.SLDPRT,0.002813293830309833,3.6067869619356837e-07,7800.0,0.02988608003919444,0.0025188773781205137,0.04232391891802019,2.7024663770619445e-07,3.7885092986030793e-07,6.48042582380136e-07,-4.921857333791891e-09,-3.9898387343697544e-24,-1.1229485172828865e-23,0.01224929449670106,-0.014679429698610587,0.04157391891802019,0.04761180250536512,0.017750705503312612,0.04307391891802019,0.0300000000000239,-1.0224460167407301e-14,0.04157391891802019,0.9989788489477298,-0.045180298306554754,-6.938893903907228e-18,0.045180298306554754,0.9989788489477298,-4.163336342344337e-17,8.812816024072012e-18,4.127734817407791e-17,1.0
R6Cart Assembly v2-1/Seeed Studio XIAO-ESP32-C3.step-1/Button (1).step-2,2,R6Cart Assembly v2-1/Seeed Studio XIAO-ESP32-C3.step-1,Button (1).step.SLDPRT,Default,C:\Users\anshm\AppData\Local\Temp\swx53220\IC~~\Button (1).step.SLDPRT,4.80599550621e-06,1.0012490637946927e-08,480,0.0364450004737938,0.03366183492293747,0.05850491891762858,3.12062552584e-12,5.86430781048e-12,4.4093601414e-12,-1.3970016006e-18,6.48227217533e-24,9.28956993841e-26,0.0342936199986939,0.033000000000000695,0.05725491891761771,0.03859637999870655,0.03470000000000088,0.059754918917639364,0.0470013999540767,0.03199999998509916,0.051355577603162256,-5.029526624968158e-12,3.959491365800047e-14,1.0,-6.899695950825058e-15,1.0,-3.9594913658035175e-14,-1.0,-6.899695951024203e-15,-5.029526624968158e-12
R6Cart Assembly v2-1/Seeed Studio XIAO-ESP32-C3.step-1/Shield.step-1,2,R6Cart Assembly v2-1/Seeed Studio XIAO-ESP32-C3.step-1,Shield.step.SLDPRT,Default,C:\Users\anshm\AppData\Local\Temp\swx53220\IC~~\Shield.step.SLDPRT,2.04147430071e-05,4.2530714598097885e-08,480,0.03199999999865707,0.03450971584821742,0.05110795253433882,2.68009148113e-10,6.14990966354e-10,3.61626099819e-10,9.16870010101e-24,4.71038453357e-22,-9.10767678157e-13,0.025699999998611788,0.03230000000000063,0.04578400337193986,0.038299999998702046,0.035000000000001204,0.05638386817242505,0.0381113999540767,0.03199999998509952,0.05135557760320697,-5.029526624968158e-12,3.959491365800047e-14,1.0,-6.899695950825058e-15,1.0,-3.9594913658035175e-14,-1.0,-6.899695951024203e-15,-5.029526624968158e-12
R6Cart Assembly v2-1/Seeed Studio XIAO-ESP32-C3.step-1/U.FL Connector v1.step-1,2,R6Cart Assembly v2-1/Seeed Studio XIAO-ESP32-C3.step-1,U.FL Connector v1.step.SLDPRT,Default,C:\Users\anshm\AppData\Local\Temp\swx53220\IC~~\U.FL Connector v1.step.SLDPRT,1.69540935668e-06,3.5321028264265957e-09,480,0.03201245280459753,0.03336359319873168,0.058394073405206255,1.03370625384e-12,1.74486454727e-12,1.10393217384e-12,-7.82547650238e-16,5.26383602813e-15,7.8254765027e-16,0.030509938721497612,0.03300000000000074,0.05709658748829209,0.03350993872151074,0.03430000000000087,0.059696587488307196,0.03200993872150415,0.033000000000000806,0.05839658748829965,1.0,3.959491365800047e-14,5.029526624968158e-12,-3.9594913658035175e-14,1.0,6.899695950825058e-15,-5.029526624968158e-12,-6.899695951024203e-15,1.0
R6Cart Assembly v2-1/Seeed Studio XIAO-ESP32-C3.step-1/Button (1).step-1,2,R6Cart Assembly v2-1/Seeed Studio XIAO-ESP32-C3.step-1,Button (1).step.SLDPRT,Default,C:\Users\anshm\AppData\Local\Temp\swx53220\IC~~\Button (1).step.SLDPRT,4.80599550621e-06,1.0012490637946927e-08,480,0.027555000473793795,0.033661834922937825,0.058504918917673294,3.12062552584e-12,5.86430781048e-12,4.4093601414e-12,-1.3970016006e-18,6.48227217533e-24,9.28956993841e-26,0.025403619998693908,0.03300000000000105,0.05725491891766243,0.029706379998706546,0.03470000000000124,0.05975491891768408,0.0381113999540767,0.03199999998509952,0.05135557760320697,-5.029526624968158e-12,3.959491365800047e-14,1.0,-6.899695950825058e-15,1.0,-3.9594913658035175e-14,-1.0,-6.899695951024203e-15,-5.029526624968158e-12
R6Cart Assembly v2-1/Seeed Studio XIAO-ESP32-C3.step-1/USB TYPE C PORT.step-1/USB TYPE C PORT (1).step-1/BOSS-EXTRUDE14_3_.step-1,4,R6Cart Assembly v2-1/Seeed Studio XIAO-ESP32-C3.step-1/USB TYPE C PORT.step-1/USB TYPE C PORT (1).step-1,BOSS-EXTRUDE14_3_.step.SLDPRT,Default,C:\Users\anshm\AppData\Local\Temp\swx53220\IC~~\BOSS-EXTRUDE14_3_.step.SLDPRT,4.32e-08,9.000000000000005e-11,480,0.031249999998632604,0.03315000000000074,0.04496591891765547,3.924e-15,3.924e-15,6.48e-16,2.5243547825e-33,-1.64767292234e-26,-2.27144755504e-29,0.031099999998630085,0.03300000000000073,0.044465918917654716,0.031399999998635124,0.03330000000000075,0.04546591891765623,0.03199999999863216,0.03460500000000071,0.04486591891765169,-1.0,-5.029526624968158e-12,-3.959491365800047e-14,3.9594913658035175e-14,-6.899695950825058e-15,-1.0,5.029526624968158e-12,-1.0,6.899695951024203e-15
R6Cart Assembly v2-1/Seeed Studio XIAO-ESP32-C3.step-1/USB TYPE C PORT.step-1/USB TYPE C PORT (1).step-1/MIRROR2.step-1,4,R6Cart Assembly v2-1/Seeed Studio XIAO-ESP32-C3.step-1/USB TYPE C PORT.step-1/USB TYPE C PORT (1).step-1,MIRROR2.step.SLDPRT,Default,C:\Users\anshm\AppData\Local\Temp\swx53220\IC~~\MIRROR2.step.SLDPRT,9.51802348048e-06,1.9829215584327092e-08,480,0.031999999998611105,0.034605000000000684,0.04067996303564358,1.5725514094e-11,4.73965452796e-11,3.24421069688e-11,1.25425884977e-24,8.4075930828e-23,-9.80223886837e-26,0.028649999998598945,0.034255000000000535,0.03826591891763484,0.03534999999862211,0.03495500000000083,0.04286591891766854,0.03199999999863216,0.03460500000000071,0.04486591891765169,-1.0,-5.029526624968158e-12,-3.959491365800047e-14,3.9594913658035175e-14,-6.899695950825058e-15,-1.0,5.029526624968158e-12,-1.0,6.899695951024203e-15
R6Cart Assembly v2-1/Seeed Studio XIAO-ESP32-C3.step-1/USB TYPE C PORT.step-1/USB TYPE C PORT (1).step-1/BOSS-EXTRUDE14_12_.step-1,4,R6Cart Assembly v2-1/Seeed Studio XIAO-ESP32-C3.step-1/USB TYPE C PORT.step-1/USB TYPE C PORT (1).step-1,BOSS-EXTRUDE14_12_.step.SLDPRT,Default,C:\Users\anshm\AppData\Local\Temp\swx53220\IC~~\BOSS-EXTRUDE14_12_.step.SLDPRT,4.32e-08,9.000000000000006e-11,480,0.0322499999986326,0.0331500000000007,0.04496591891765044,3.924e-15,3.924e-15,6.48e-16,4.29140331301e-32,-1.64767292234e-26,-2.26538910328e-29,0.03209999999863008,0.03300000000000069,0.044465918917649686,0.032399999998635125,0.03330000000000071,0.0454659189176512,0.03199999999863216,0.03460500000000071,0.04486591891765169,-1.0,-5.029526624968158e-12,-3.959491365800047e-14,3.9594913658035175e-14,-6.899695950825058e-15,-1.0,5.029526624968158e-12,-1.0,6.899695951024203e-15
R6Cart Assembly v2-1/Seeed Studio XIAO-ESP32-C3.step-1/USB TYPE C PORT.step-1/USB TYPE C PORT (1).step-1/BOSS-EXTRUDE7_3_.step-1,4,R6Cart Assembly v2-1/Seeed Studio XIAO-ESP32-C3.step-1/USB TYPE C PORT.step-1/USB TYPE C PORT (1).step-1,BOSS-EXTRUDE7_3_.step.SLDPRT,Default,C:\Users\anshm\AppData\Local\Temp\swx53220\IC~~\BOSS-EXTRUDE7_3_.step.SLDPRT,4.01765322302e-07,8.370110881296529e-10,480,0.03099999999861181,0.034605000000000725,0.040820801211293216,4.82608010204e-13,4.667407877e-13,2.17982764618e-14,-6.28018966987e-28,-2.3176528862e-24,-3.07828279485e-27,0.03084999999860228,0.034230000000000704,0.03892858629551396,0.031149999998621343,0.03498000000000075,0.04271301612707247,0.03199999999863216,0.03460500000000071,0.04486591891765169,-1.0,-5.029526624968158e-12,-3.959491365800047e-14,3.9594913658035175e-14,-6.899695950825058e-15,-1.0,5.029526624968158e-12,-1.0,6.899695951024203e-15
R6Cart Assembly v2-1/Seeed Studio XIAO-ESP32-C3.step-1/USB TYPE C PORT.step-1/USB TYPE C PORT (1).step-1/BOSS-EXTRUDE14_2_.step-1,4,R6Cart Assembly v2-1/Seeed Studio XIAO-ESP32-C3.step-1/USB TYPE C PORT.step-1/USB TYPE C PORT (1).step-1,BOSS-EXTRUDE14_2_.step.SLDPRT,Default,C:\Users\anshm\AppData\Local\Temp\swx53220\IC~~\BOSS-EXTRUDE14_2_.step.SLDPRT,8.64e-08,1.8000000000000005e-10,480,0.029549999998632604,0.03315000000000081,0.04496591891766402,7.848e-15,9.792e-15,3.24e-15,7.66594921438e-29,-2.31760586879e-26,-4.50856388351e-29,0.029249999998630084,0.03300000000000079,0.04446591891766251,0.029849999998635125,0.03330000000000083,0.045465918917665535,0.03199999999863216,0.03460500000000071,0.04486591891765169,-1.0,-5.029526624968158e-12,-3.959491365800047e-14,3.9594913658035175e-14,-6.899695950825058e-15,-1.0,5.029526624968158e-12,-1.0,6.899695951024203e-15
R6Cart Assembly v2-1/Seeed Studio XIAO-ESP32-C3.step-1/USB TYPE C PORT.step-1/USB TYPE C PORT (1).step-1/BOSS-EXTRUDE14_9_.step-1,4,R6Cart Assembly v2-1/Seeed Studio XIAO-ESP32-C3.step-1/USB TYPE C PORT.step-1/USB TYPE C PORT (1).step-1,BOSS-EXTRUDE14_9_.step.SLDPRT,Default,C:\Users\anshm\AppData\Local\Temp\swx53220\IC~~\BOSS-EXTRUDE14_9_.step.SLDPRT,4.32e-08,9.000000000000003e-11,480,0.0337499999986326,0.033150000000000644,0.0449659189176429,3.924e-15,3.924e-15,6.48e-16,4.29140331303e-32,-1.64767443695e-26,-2.26109769996e-29,0.03359999999863008,0.03300000000000063,0.04446591891764214,0.033899999998635126,0.033300000000000655,0.045465918917643657,0.03199999999863216,0.03460500000000071,0.04486591891765169,-1.0,-5.029526624968158e-12,-3.959491365800047e-14,3.9594913658035175e-14,-6.899695950825058e-15,-1.0,5.029526624968158e-12,-1.0,6.899695951024203e-15
R6Cart Assembly v2-1/Seeed Studio XIAO-ESP32-C3.step-1/USB TYPE C PORT.step-1/USB TYPE C PORT (1).step-1/BOSS-EXTRUDE14_8_.step-1,4,R6Cart Assembly v2-1/Seeed Studio XIAO-ESP32-C3.step-1/USB TYPE C PORT.step-1/USB TYPE C PORT (1).step-1,BOSS-EXTRUDE14_8_.step.SLDPRT,Default,C:\Users\anshm\AppData\Local\Temp\swx53220\IC~~\BOSS-EXTRUDE14_8_.step.SLDPRT,8.64e-08,1.8000000000000005e-10,480,0.0344499999986326,0.033150000000000616,0.044965918917639375,7.848e-15,9.792e-15,3.24e-15,7.7144168284e-29,-2.31761192724e-26,-4.52219539996e-29,0.03414999999863008,0.0330000000000006,0.04446591891763786,0.03474999999863512,0.033300000000000635,0.04546591891764089,0.03199999999863216,0.03460500000000071,0.04486591891765169,-1.0,-5.029526624968158e-12,-3.959491365800047e-14,3.9594913658035175e-14,-6.899695950825058e-15,-1.0,5.029526624968158e-12,-1.0,6.899695951024203e-15
R6Cart Assembly v2-1/Seeed Studio XIAO-ESP32-C3.step-1/USB TYPE C PORT.step-1/USB TYPE C PORT (1).step-1/BOSS-EXTRUDE7_4_.step-1,4,R6Cart Assembly v2-1/Seeed Studio XIAO-ESP32-C3.step-1/USB TYPE C PORT.step-1/USB TYPE C PORT (1).step-1,BOSS-EXTRUDE7_4_.step.SLDPRT,Default,C:\Users\anshm\AppData\Local\Temp\swx53220\IC~~\BOSS-EXTRUDE7_4_.step.SLDPRT,4.01765322302e-07,8.370110881296527e-10,480,0.03049999999861181,0.034605000000000746,0.040820801211295735,4.82608010204e-13,4.667407877e-13,2.17982764618e-14,-6.28261305057e-28,-2.3176528862e-24,-3.07828279485e-27,0.03034999999860228,0.034230000000000725,0.03892858629551648,0.030649999998621343,0.03498000000000077,0.04271301612707499,0.03199999999863216,0.03460500000000071,0.04486591891765169,-1.0,-5.029526624968158e-12,-3.959491365800047e-14,3.9594913658035175e-14,-6.899695950825058e-15,-1.0,5.029526624968158e-12,-1.0,6.899695951024203e-15
R6Cart Assembly v2-1/Seeed Studio XIAO-ESP32-C3.step-1/USB TYPE C PORT.step-1/USB TYPE C PORT (1).step-1/BOSS-EXTRUDE14_4_.step-1,4,R6Cart Assembly v2-1/Seeed Studio XIAO-ESP32-C3.step-1/USB TYPE C PORT.step-1/USB TYPE C PORT (1).step-1,BOSS-EXTRUDE14_4_.step.SLDPRT,Default,C:\Users\anshm\AppData\Local\Temp\swx53220\IC~~\BOSS-EXTRUDE14_4_.step.SLDPRT,4.32e-08,9.000000000000001e-11,480,0.030749999998632604,0.03315000000000076,0.044965918917657985,3.924e-15,3.924e-15,6.48e-16,4.29140331305e-32,-1.64767292234e-26,-2.25428194174e-29,0.030599999998630084,0.03300000000000075,0.04446591891765723,0.030899999998635123,0.03330000000000077,0.04546591891765874,0.03199999999863216,0.03460500000000071,0.04486591891765169,-1.0,-5.029526624968158e-12,-3.959491365800047e-14,3.9594913658035175e-14,-6.899695950825058e-15,-1.0,5.029526624968158e-12,-1.0,6.899695951024203e-15
R6Cart Assembly v2-1/Seeed Studio XIAO-ESP32-C3.step-1/USB TYPE C PORT.step-1/USB TYPE C PORT (1).step-1/BOSS-EXTRUDE14_11_.step-1,4,R6Cart Assembly v2-1/Seeed Studio XIAO-ESP32-C3.step-1/USB TYPE C PORT.step-1/USB TYPE C PORT (1).step-1,BOSS-EXTRUDE14_11_.step.SLDPRT,Default,C:\Users\anshm\AppData\Local\Temp\swx53220\IC~~\BOSS-EXTRUDE14_11_.step.SLDPRT,4.32e-08,9.000000000000005e-11,480,0.0327499999986326,0.03315000000000068,0.044965918917647923,3.924e-15,3.924e-15,6.48e-16,7.06819369938e-32,-1.64767292234e-26,-2.26538910328e-29,0.03259999999863008,0.03300000000000067,0.04446591891764717,0.032899999998635125,0.03330000000000069,0.04546591891764868,0.03199999999863216,0.03460500000000071,0.04486591891765169,-1.0,-5.029526624968158e-12,-3.959491365800047e-14,3.9594913658035175e-14,-6.899695950825058e-15,-1.0,5.029526624968158e-12,-1.0,6.899695951024203e-15
R6Cart Assembly v2-1/Seeed Studio XIAO-ESP32-C3.step-1/USB TYPE C PORT.step-1/USB TYPE C PORT (1).step-1/BOSS-EXTRUDE7_7_.step-1,4,R6Cart Assembly v2-1/Seeed Studio XIAO-ESP32-C3.step-1/USB TYPE C PORT.step-1/USB TYPE C PORT (1).step-1,BOSS-EXTRUDE7_7_.step.SLDPRT,Default,C:\Users\anshm\AppData\Local\Temp\swx53220\IC~~\BOSS-EXTRUDE7_7_.step.SLDPRT,4.01765322302e-07,8.370110881296529e-10,480,0.03299999999861181,0.03460500000000064,0.04082080121128316,4.82608010204e-13,4.667407877e-13,2.17982764618e-14,-6.28503643127e-28,-2.3176528862e-24,-3.07828279485e-27,0.03284999999860228,0.03423000000000062,0.03892858629550391,0.033149999998621345,0.03498000000000066,0.042713016127062416,0.03199999999863216,0.03460500000000071,0.04486591891765169,-1.0,-5.029526624968158e-12,-3.959491365800047e-14,3.9594913658035175e-14,-6.899695950825058e-15,-1.0,5.029526624968158e-12,-1.0,6.899695951024203e-15
R6Cart Assembly v2-1/Seeed Studio XIAO-ESP32-C3.step-1/USB TYPE C PORT.step-1/USB TYPE C PORT (1).step-1/BOSS-EXTRUDE14_7_.step-1,4,R6Cart Assembly v2-1/Seeed Studio XIAO-ESP32-C3.step-1/USB TYPE C PORT.step-1/USB TYPE C PORT (1).step-1,BOSS-EXTRUDE14_7_.step.SLDPRT,Default,C:\Users\anshm\AppData\Local\Temp\swx53220\IC~~\BOSS-EXTRUDE14_7_.step.SLDPRT,8.64e-08,1.8000000000000015e-10,480,0.035249999998632604,0.03315000000000058,0.04496591891763535,7.848e-15,9.792e-15,3.24e-15,7.69927069902e-29,-2.31757961549e-26,-4.50200056078e-29,0.034949999998630084,0.033000000000000564,0.04446591891763384,0.035549999998635125,0.0333000000000006,0.04546591891763686,0.03199999999863216,0.03460500000000071,0.04486591891765169,-1.0,-5.029526624968158e-12,-3.959491365800047e-14,3.9594913658035175e-14,-6.899695950825058e-15,-1.0,5.029526624968158e-12,-1.0,6.899695951024203e-15
R6Cart Assembly v2-1/Seeed Studio XIAO-ESP32-C3.step-1/USB TYPE C PORT.step-1/USB TYPE C PORT (1).step-1/BOSS-EXTRUDE14_5_.step-1,4,R6Cart Assembly v2-1/Seeed Studio XIAO-ESP32-C3.step-1/USB TYPE C PORT.step-1/USB TYPE C PORT (1).step-1,BOSS-EXTRUDE14_5_.step.SLDPRT,Default,C:\Users\anshm\AppData\Local\Temp\swx53220\IC~~\BOSS-EXTRUDE14_5_.step.SLDPRT,4.32e-08,9.000000000000001e-11,480,0.030249999998632603,0.03315000000000078,0.0449659189176605,3.924e-15,3.924e-15,6.48e-16,4.29140331307e-32,-1.64772138995e-26,-2.25428194174e-29,0.030099999998630084,0.03300000000000077,0.04446591891765974,0.030399999998635123,0.033300000000000794,0.045465918917661254,0.03199999999863216,0.03460500000000071,0.04486591891765169,-1.0,-5.029526624968158e-12,-3.959491365800047e-14,3.9594913658035175e-14,-6.899695950825058e-15,-1.0,5.029526624968158e-12,-1.0,6.899695951024203e-15
R6Cart Assembly v2-1/Seeed Studio XIAO-ESP32-C3.step-1/USB TYPE C PORT.step-1/USB TYPE C PORT (1).step-1/BOSS-EXTRUDE14_10_.step-1,4,R6Cart Assembly v2-1/Seeed Studio XIAO-ESP32-C3.step-1/USB TYPE C PORT.step-1/USB TYPE C PORT (1).step-1,BOSS-EXTRUDE14_10_.step.SLDPRT,Default,C:\Users\anshm\AppData\Local\Temp\swx53220\IC~~\BOSS-EXTRUDE14_10_.step.SLDPRT,4.32e-08,9.000000000000003e-11,480,0.0332499999986326,0.033150000000000665,0.04496591891764541,3.924e-15,3.924e-15,6.48e-16,4.29140331303e-32,-1.64767443695e-26,-2.26109769996e-29,0.03309999999863008,0.033000000000000654,0.044465918917644655,0.033399999998635126,0.033300000000000676,0.04546591891764617,0.03199999999863216,0.03460500000000071,0.04486591891765169,-1.0,-5.029526624968158e-12,-3.959491365800047e-14,3.9594913658035175e-14,-6.899695950825058e-15,-1.0,5.029526624968158e-12,-1.0,6.899695951024203e-15
R6Cart Assembly v2-1/Seeed Studio XIAO-ESP32-C3.step-1/USB TYPE C PORT.step-1/USB TYPE C PORT (1).step-1/BOSS-EXTRUDE7_1_.step-1,4,R6Cart Assembly v2-1/Seeed Studio XIAO-ESP32-C3.step-1/USB TYPE C PORT.step-1/USB TYPE C PORT (1).step-1,BOSS-EXTRUDE7_1_.step.SLDPRT,Default,C:\Users\anshm\AppData\Local\Temp\swx53220\IC~~\BOSS-EXTRUDE7_1_.step.SLDPRT,4.01765322302e-07,8.370110881296528e-10,480,0.03199999999861181,0.034605000000000684,0.040820801211288185,4.82608010204e-13,4.667407877e-13,2.17982764618e-14,-6.28261305057e-28,-2.3176528862e-24,-3.07828279485e-27,0.03184999999860228,0.03423000000000066,0.03892858629550893,0.032149999998621344,0.034980000000000705,0.04271301612706744,0.03199999999863216,0.03460500000000071,0.04486591891765169,-1.0,-5.029526624968158e-12,-3.959491365800047e-14,3.9594913658035175e-14,-6.899695950825058e-15,-1.0,5.029526624968158e-12,-1.0,6.899695951024203e-15
R6Cart Assembly v2-1/Seeed Studio XIAO-ESP32-C3.step-1/USB TYPE C PORT.step-1/USB TYPE C PORT (1).step-1/BOSS-EXTRUDE7_9_.step-1,4,R6Cart Assembly v2-1/Seeed Studio XIAO-ESP32-C3.step-1/USB TYPE C PORT.step-1/USB TYPE C PORT (1).step-1,BOSS-EXTRUDE7_9_.step.SLDPRT,Default,C:\Users\anshm\AppData\Local\Temp\swx53220\IC~~\BOSS-EXTRUDE7_9_.step.SLDPRT,4.01765322302e-07,8.370110881296527e-10,480,0.033999999998611814,0.03460500000000061,0.04082080121127813,4.82608010204e-13,4.667407877e-13,2.17982764618e-14,-6.28261305057e-28,-2.3176528862e-24,-3.07828279485e-27,0.03384999999860228,0.034230000000000586,0.038928586295498877,0.034149999998621346,0.03498000000000063,0.042713016127057385,0.03199999999863216,0.03460500000000071,0.04486591891765169,-1.0,-5.029526624968158e-12,-3.959491365800047e-14,3.9594913658035175e-14,-6.899695950825058e-15,-1.0,5.029526624968158e-12,-1.0,6.899695951024203e-15
R6Cart Assembly v2-1/Seeed Studio XIAO-ESP32-C3.step-1/USB TYPE C PORT.step-1/USB TYPE C PORT (1).step-1/BOSS-EXTRUDE14_6_.step-1,4,R6Cart Assembly v2-1/Seeed Studio XIAO-ESP32-C3.step-1/USB TYPE C PORT.step-1/USB TYPE C PORT (1).step-1,BOSS-EXTRUDE14_6_.step.SLDPRT,Default,C:\Users\anshm\AppData\Local\Temp\swx53220\IC~~\BOSS-EXTRUDE14_6_.step.SLDPRT,8.64e-08,1.8000000000000015e-10,480,0.028749999998632602,0.03315000000000084,0.044965918917668046,7.848e-15,9.792e-15,3.24e-15,7.8487125089e-29,-2.31760586879e-26,-4.50048594785e-29,0.02844999999863008,0.03300000000000082,0.04446591891766653,0.029049999998635122,0.03330000000000086,0.04546591891766956,0.03199999999863216,0.03460500000000071,0.04486591891765169,-1.0,-5.029526624968158e-12,-3.959491365800047e-14,3.9594913658035175e-14,-6.899695950825058e-15,-1.0,5.029526624968158e-12,-1.0,6.899695951024203e-15
R6Cart Assembly v2-1/Seeed Studio XIAO-ESP32-C3.step-1/USB TYPE C PORT.step-1/USB TYPE C PORT (1).step-1/BOSS-EXTRUDE7_8_.step-1,4,R6Cart Assembly v2-1/Seeed Studio XIAO-ESP32-C3.step-1/USB TYPE C PORT.step-1/USB TYPE C PORT (1).step-1,BOSS-EXTRUDE7_8_.step.SLDPRT,Default,C:\Users\anshm\AppData\Local\Temp\swx53220\IC~~\BOSS-EXTRUDE7_8_.step.SLDPRT,4.01765322302e-07,8.370110881296527e-10,480,0.033499999998611814,0.03460500000000062,0.04082080121128064,4.82608010204e-13,4.667407877e-13,2.17982764618e-14,-6.28261305057e-28,-2.3176528862e-24,-3.07828279485e-27,0.03334999999860228,0.0342300000000006,0.03892858629550139,0.033649999998621345,0.03498000000000064,0.0427130161270599,0.03199999999863216,0.03460500000000071,0.04486591891765169,-1.0,-5.029526624968158e-12,-3.959491365800047e-14,3.9594913658035175e-14,-6.899695950825058e-15,-1.0,5.029526624968158e-12,-1.0,6.899695951024203e-15
R6Cart Assembly v2-1/Seeed Studio XIAO-ESP32-C3.step-1/USB TYPE C PORT.step-1/USB TYPE C PORT (1).step-1/CHAMFER9.step-1,4,R6Cart Assembly v2-1/Seeed Studio XIAO-ESP32-C3.step-1/USB TYPE C PORT.step-1/USB TYPE C PORT (1).step-1,CHAMFER9.step.SLDPRT,Default,C:\Users\anshm\AppData\Local\Temp\swx53220\IC~~\CHAMFER9.step.SLDPRT,1.9828183028e-05,4.130871464168418e-08,480,0.03199999999861327,0.03471673585676531,0.04111011494259892,1.20101682177e-10,2.61646985931e-10,2.10147152097e-10,2.09013902182e-23,4.52944736307e-22,3.04126983627e-12,0.02752999999859534,0.03201000000000048,0.0375659189176292,0.03646999999863222,0.036210000000000894,0.04486591891767419,0.03199999999863216,0.03460500000000071,0.04486591891765169,-1.0,-5.029526624968158e-12,-3.959491365800047e-14,3.9594913658035175e-14,-6.899695950825058e-15,-1.0,5.029526624968158e-12,-1.0,6.899695951024203e-15
R6Cart Assembly v2-1/Seeed Studio XIAO-ESP32-C3.step-1/USB TYPE C PORT.step-1/USB TYPE C PORT (1).step-1/CUT-EXTRUDE5.step-1,4,R6Cart Assembly v2-1/Seeed Studio XIAO-ESP32-C3.step-1/USB TYPE C PORT.step-1/USB TYPE C PORT (1).step-1,CUT-EXTRUDE5.step.SLDPRT,Default,C:\Users\anshm\AppData\Local\Temp\swx53220\IC~~\CUT-EXTRUDE5.step.SLDPRT,2.15413549307e-05,4.4877822772278785e-08,480,0.03199999978041665,0.03451017873195536,0.0438850322709279,2.06670437479e-11,1.28689678036e-10,1.35421412985e-10,1.66876195521e-18,3.69757000681e-18,-5.26130543086e-13,0.02772749999859448,0.03232000000000053,0.0428659189176302,0.03627249999866459,0.035910000000000886,0.04486591891767319,0.03199999999863216,0.03460500000000071,0.04486591891765169,-1.0,-5.029526624968158e-12,-3.959491365800047e-14,3.9594913658035175e-14,-6.899695950825058e-15,-1.0,5.029526624968158e-12,-1.0,6.899695951024203e-15
R6Cart Assembly v2-1/Seeed Studio XIAO-ESP32-C3.step-1/USB TYPE C PORT.step-1/USB TYPE C PORT (1).step-1/BOSS-EXTRUDE7_6_.step-1,4,R6Cart Assembly v2-1/Seeed Studio XIAO-ESP32-C3.step-1/USB TYPE C PORT.step-1/USB TYPE C PORT (1).step-1,BOSS-EXTRUDE7_6_.step.SLDPRT,Default,C:\Users\anshm\AppData\Local\Temp\swx53220\IC~~\BOSS-EXTRUDE7_6_.step.SLDPRT,4.01765322302e-07,8.370110881296528e-10,480,0.03249999999861181,0.03460500000000066,0.04082080121128567,4.82608010204e-13,4.667407877e-13,2.17982764618e-14,-6.28503643127e-28,-2.3176528862e-24,-3.07828279485e-27,0.03234999999860228,0.03423000000000064,0.03892858629550642,0.032649999998621344,0.034980000000000684,0.04271301612706493,0.03199999999863216,0.03460500000000071,0.04486591891765169,-1.0,-5.029526624968158e-12,-3.959491365800047e-14,3.9594913658035175e-14,-6.899695950825058e-15,-1.0,5.029526624968158e-12,-1.0,6.899695951024203e-15
R6Cart Assembly v2-1/Seeed Studio XIAO-ESP32-C3.step-1/USB TYPE C PORT.step-1/USB TYPE C PORT (1).step-1/BOSS-EXTRUDE14_1_.step-1,4,R6Cart Assembly v2-1/Seeed Studio XIAO-ESP32-C3.step-1/USB TYPE C PORT.step-1/USB TYPE C PORT (1).step-1,BOSS-EXTRUDE14_1_.step.SLDPRT,Default,C:\Users\anshm\AppData\Local\Temp\swx53220\IC~~\BOSS-EXTRUDE14_1_.step.SLDPRT,4.32e-08,9.000000000000006e-11,480,0.0317499999986326,0.03315000000000072,0.044965918917652954,3.924e-15,3.924e-15,6.48e-16,3.28166135429e-32,-1.64764868853e-26,-2.27144755504e-29,0.03159999999863008,0.03300000000000071,0.0444659189176522,0.031899999998635124,0.03330000000000073,0.04546591891765371,0.03199999999863216,0.03460500000000071,0.04486591891765169,-1.0,-5.029526624968158e-12,-3.959491365800047e-14,3.9594913658035175e-14,-6.899695950825058e-15,-1.0,5.029526624968158e-12,-1.0,6.899695951024203e-15
R6Cart Assembly v2-1/Seeed Studio XIAO-ESP32-C3.step-1/USB TYPE C PORT.step-1/USB TYPE C PORT (1).step-1/BOSS-EXTRUDE7_2_.step-1,4,R6Cart Assembly v2-1/Seeed Studio XIAO-ESP32-C3.step-1/USB TYPE C PORT.step-1/USB TYPE C PORT (1).step-1,BOSS-EXTRUDE7_2_.step.SLDPRT,Default,C:\Users\anshm\AppData\Local\Temp\swx53220\IC~~\BOSS-EXTRUDE7_2_.step.SLDPRT,4.01765322302e-07,8.370110881296528e-10,480,0.03149999999861181,0.034605000000000705,0.040820801211290704,4.82608010204e-13,4.667407877e-13,2.17982764618e-14,-6.28018966987e-28,-2.3176528862e-24,-3.07828279485e-27,0.03134999999860228,0.034230000000000683,0.03892858629551145,0.03164999999862134,0.034980000000000726,0.04271301612706996,0.03199999999863216,0.03460500000000071,0.04486591891765169,-1.0,-5.029526624968158e-12,-3.959491365800047e-14,3.9594913658035175e-14,-6.899695950825058e-15,-1.0,5.029526624968158e-12,-1.0,6.899695951024203e-15
R6Cart Assembly v2-1/Seeed Studio XIAO-ESP32-C3.step-1/USB TYPE C PORT.step-1/USB TYPE C PORT (1).step-1/BOSS-EXTRUDE7_5_.step-1,4,R6Cart Assembly v2-1/Seeed Studio XIAO-ESP32-C3.step-1/USB TYPE C PORT.step-1/USB TYPE C PORT (1).step-1,BOSS-EXTRUDE7_5_.step.SLDPRT,Default,C:\Users\anshm\AppData\Local\Temp\swx53220\IC~~\BOSS-EXTRUDE7_5_.step.SLDPRT,4.01765322302e-07,8.370110881296528e-10,480,0.02999999999861181,0.03460500000000076,0.04082080121129825,4.82608010204e-13,4.667407877e-13,2.17982764618e-14,-6.28261305057e-28,-2.3176528862e-24,-3.07828279485e-27,0.02984999999860228,0.03423000000000074,0.03892858629551899,0.030149999998621342,0.03498000000000078,0.0427130161270775,0.03199999999863216,0.03460500000000071,0.04486591891765169,-1.0,-5.029526624968158e-12,-3.959491365800047e-14,3.9594913658035175e-14,-6.899695950825058e-15,-1.0,5.029526624968158e-12,-1.0,6.899695951024203e-15
R6Cart Assembly v2-1/Seeed Studio XIAO-ESP32-C3.step-1/Seeed Studio XIAO-ESP32-C3.step-1,2,R6Cart Assembly v2-1/Seeed Studio XIAO-ESP32-C3.step-1,Seeed Studio XIAO-ESP32-C3.step.SLDPRT,Default,C:\Users\anshm\AppData\Local\Temp\swx53220\IC~~\Seeed Studio XIAO-ESP32-C3.step.SLDPRT,0.000170556554272,3.5532615473419304e-07,480,0.032001104584248756,0.03250001614445177,0.049565690767913714,6.17233221708e-09,1.04354182997e-08,4.29135376453e-09,1.10839036851e-13,4.1051216355e-13,-4.07561972354e-13,0.023109999998602422,0.032000000000000486,0.03907391891760659,0.040889999998707856,0.033000000000001334,0.06002891891769599,0.0381113999540767,0.03199999998509952,0.05135557760320697,-5.029526624968158e-12,3.959491365800047e-14,1.0,-6.899695950825058e-15,1.0,-3.9594913658035175e-14,-1.0,-6.899695951024203e-15,-5.029526624968158e-12
R6Cart Assembly v2-1/R6battery charger-1,1,R6Cart Assembly v2-1,R6battery charger.SLDPRT,Default,C:\Users\anshm\Downloads\Major Assembly\R6battery charger.SLDPRT,0.000205190440461,4.2748008429403923e-07,480,0.03199999999881784,0.03332099770605457,0.08315266031534428,6.67031054901e-09,8.87784874811e-09,2.74236897472e-09,3.79734375218e-21,-1.97533424218e-20,7.4480911893e-10,0.024999999998757023,0.032000000000002936,0.07107391891761618,0.038999999998857775,0.036000000000003314,0.09107391891768664,0.03199999999880232,0.03200000000000312,0.08007391891765142,1.0,2.213750696380238e-14,5.033018106307002e-12,-2.2137506963819534e-14,1.0,3.4082146119818235e-15,-5.033018106307002e-12,-3.4082146120932438e-15,1.0
R6Cart Assembly v2-1/R65972K91_Ball Bearing-2,1,R6Cart Assembly v2-1,R65972K91_Ball Bearing.SLDPRT,5972K91,C:\Users\anshm\Downloads\Major Assembly\R65972K91_Ball Bearing.SLDPRT,0.0134081033482,1.7080386430846835e-06,7850,-0.023000000002784973,0.05299999999988956,0.06407391891763604,9.6067130038e-07,5.33135873044e-07,5.33135872982e-07,-1.06138794401e-16,-1.03090795408e-16,5.66354899755e-18,-0.026500000001355016,0.037506855941807415,0.048580774859713155,-0.01950000000119912,0.0684931440582035,0.07956706297614444,-0.023000000001277072,0.05300000000000546,0.0640739189179288,3.8610439323186236e-12,3.2246244319775433e-12,-1.0,-0.6405570934996402,0.767910548154727,3.056864882119207e-15,0.7679105481547271,0.6405570934996402,5.030490250855951e-12
R6Cart Assembly v2-1/R65972K91_Ball Bearing-1,1,R6Cart Assembly v2-1,R65972K91_Ball Bearing.SLDPRT,5972K91,C:\Users\anshm\Downloads\Major Assembly\R65972K91_Ball Bearing.SLDPRT,0.0134081033482,1.7080386430846835e-06,7850,-0.0595000000013981,0.05300000000052299,0.06407391891780269,9.6067130038e-07,5.33135873001e-07,5.33135873025e-07,1.05774591864e-17,-1.48239329018e-16,2.97549600421e-17,-0.06299999999994613,0.04192053348912218,0.052994452406812345,-0.055999999999834266,0.06407946651161865,0.0751533854293439,-0.059499999999890196,0.05300000000037042,0.06407391891807812,-5.492578736506269e-14,5.029204918811963e-12,-0.9999999999999999,-0.9999737146807033,-0.007250513614585555,1.8460024888817376e-14,-0.007250513614585559,0.9999737146807033,5.029470964723946e-12
R6Cart Assembly v2-1/Top Cart Connector^R6Cart Assembly v2-1,1,R6Cart Assembly v2-1,Top Cart Connector^R6Cart Assembly v2.SLDPRT,Default,C:\Users\anshm\AppData\Local\Temp\swx53220\VC~~\R6Cart Assembly v2\Top Cart Connector^R6Cart Assembly v2.SLDPRT,0.0331060151087,6.897086480973828e-05,480,0.025409602871587722,0.02849129401577264,0.06393224838165101,7.83896564347e-06,6.80131613572e-05,6.09337062705e-05,5.27339786627e-07,-1.76411059652e-07,-2.86490058954e-08,-0.05600000000141679,0.02300000000000514,0.03657391891735518,0.09099999999885984,0.04000000000000557,0.09157273610106942,-0.03468650416330039,0.0230000000000055,0.33300217432683105,5.029526624968158e-12,1.0,2.8808586752993663e-15,-4.163336343793632e-17,-2.8808586752991553e-15,1.0,1.0,-5.029526624968158e-12,4.1633363423445737e-17
R6Cart Assembly v2-1/Supporting Plate^R6Cart Assembly v2-1,1,R6Cart Assembly v2-1,Supporting Plate^R6Cart Assembly v2.SLDPRT,Default,C:\Users\anshm\AppData\Local\Temp\swx53220\VC~~\R6Cart Assembly v2\Supporting Plate^R6Cart Assembly v2.SLDPRT,0.00737025879204,1.535470581674043e-05,480,-0.021127336828945513,0.048414007355127076,0.06407391891791937,3.04574721526e-06,1.94828700932e-06,1.50123403395e-06,-1.77494606991e-07,-7.76872547316e-18,8.94790352395e-19,-0.031401452768870894,0.033000000000005435,0.03907391891784078,-0.005500000001151252,0.0730000000000055,0.08907391891797103,-0.026500000001151394,0.0330000000000055,0.08907391891794639,5.029526624968158e-12,1.0,2.8808586752993663e-15,-4.163336343793632e-17,-2.8808586752991553e-15,1.0,1.0,-5.029526624968158e-12,4.1633363423445737e-17
R6Cart Assembly v2-1/Mid Cart Bracket^R6Cart Assembly v2-1,1,R6Cart Assembly v2-1,Mid Cart Bracket^R6Cart Assembly v2.SLDPRT,Default,C:\Users\anshm\AppData\Local\Temp\swx53220\VC~~\R6Cart Assembly v2\Mid Cart Bracket^R6Cart Assembly v2.SLDPRT,0.00581011850291,1.2104413547730536e-05,480,-1.2775683289056872e-12,0.010240405229980437,0.06407391891781256,1.53879583755e-06,1.36179728656e-06,3.35032705501e-07,-6.78709851233e-22,-6.05425443643e-18,3.79374371022e-23,-0.0070000000014033385,5.3828469459560324e-15,0.03907391891777738,0.006999999998848202,0.023000000000005426,0.08907391891784773,-0.034686504163300394,0.023000000000005492,0.33300217432683105,-5.029526624968158e-12,1.0,-2.8808586752993663e-15,4.163336343793632e-17,-2.8808586752991553e-15,-1.0,-1.0,-5.029526624968158e-12,-4.1633363423445737e-17
R6Cart Assembly v2-1/Part3^R6Cart Assembly v2-1,1,R6Cart Assembly v2-1,Part3^R6Cart Assembly v2.SLDPRT,Default,C:\Users\anshm\AppData\Local\Temp\swx53220\VC~~\R6Cart Assembly v2\Part3^R6Cart Assembly v2.SLDPRT,0.00875853675957,1.824695158243385e-05,480,-0.057464341246016126,0.04306865806733376,0.0640739189180679,4.33358842796e-06,2.25587031576e-06,2.51820939995e-06,-3.13238492042e-07,-9.12937122025e-18,1.57951145336e-18,-0.06300000000001649,0.02300000000036767,0.03907391891798489,-0.04099999999976407,0.07300000000037085,0.08907391891809588,-0.03468650416338628,0.023000000000371234,0.039073918917953476,1.8646025624941675e-14,1.0,-5.029526624968158e-12,1.0,-1.8646025624976375e-14,-6.899695950825022e-15,-6.899695950918804e-15,-5.029526624968158e-12,-1.0
R6Cart Assembly v2-1/R6battery-1,1,R6Cart Assembly v2-1,R6battery.SLDPRT,Default,C:\Users\anshm\Downloads\Major Assembly\R6battery.SLDPRT,0.004380288,9.125599999999998e-06,480,0.07074999999872153,0.036400000000005206,0.06407391891745695,7.2356517376e-07,1.04625004e-06,3.5644228576e-07,7.82948209394e-22,-1.84624925896e-18,-1.05232300037e-21,0.05549999999861087,0.033000000000005136,0.04207391891738025,0.08599999999883219,0.039800000000005276,0.08607391891753366,0.07074999999872152,0.033000000000005206,0.06407391891745695,-5.029334070662325e-12,-1.0,2.422564655415749e-15,-1.525530836518764e-15,2.422564655423422e-15,0.9999999999999999,-1.0,5.029334070662325e-12,-1.5255308365309487e-15
R6Cart Assembly v2-1/R66056N16_Carbon Steel Set Screw Collar-2,1,R6Cart Assembly v2-1,R66056N16_Carbon Steel Set Screw Collar.SLDPRT,6056N16,C:\Users\anshm\Downloads\Major Assembly\R66056N16_Carbon Steel Set Screw Collar.SLDPRT,0.00927005839311,1.1808991583584456e-06,7850,-0.0669510848107887,0.0529875097606152,0.06403080561870701,3.67703347817e-07,2.30774685501e-07,2.33274683222e-07,1.69476935145e-12,8.5179790393e-12,8.11249271609e-10,-0.07099999999994197,0.043072475378823194,0.05414639429694862,-0.06299999999983985,0.06305890500464946,0.07444958067439891,-0.06699999999989203,0.053000000000004904,0.06407391891815045,1.4143051446236749e-12,4.827874933118778e-12,-1.0,-0.9596112929605434,0.28132928468716994,1.0394130203516128e-15,0.28132928468716994,0.9596112929605434,5.0307687614882685e-12
R6Cart Assembly v2-1/Belt Clamp^R6Cart Assembly v2-1,1,R6Cart Assembly v2-1,Belt Clamp^R6Cart Assembly v2.SLDPRT,Default,C:\Users\anshm\AppData\Local\Temp\swx53220\VC~~\R6Cart Assembly v2\Belt Clamp^R6Cart Assembly v2.SLDPRT,0.0357910612101,4.559370854789622e-06,7850,-3.136053582090496e-12,-0.005641341878719641,0.06407391891786748,7.74986087588e-06,8.21455076502e-06,7.36358484293e-07,-1.9564774831e-16,-4.62839925783e-17,5.78273318161e-18,-0.007000362153193068,-0.008999999999994613,0.039073918917777346,0.007000362150637869,-0.0019996378482048547,0.08907391891784777,-1.2775891455873989e-12,-0.0019999999999945964,0.06407391891781256,-1.0,-5.029526624968158e-12,-2.8808586752993663e-15,2.8808586752991553e-15,4.163336343793632e-17,-1.0,5.029526624968158e-12,-1.0,-4.163336342344416e-17
R6PEndulum assembly3-1/R6PEndulum_Med-1,1,R6PEndulum assembly3-1,R6PEndulum_Med.SLDPRT,Default,C:\Users\anshm\Downloads\Major Assembly\R6PEndulum_Med.SLDPRT,0.0371844396501,7.746758260439945e-05,480,-0.12257378228482223,0.19335609043026256,-0.028397232789739664,0.000436550416828,3.99152302428e-05,0.000397165841449,4.83328319522e-07,-1.24217359313e-07,0.000114585857553,-0.13254495226509086,0.025960273701264275,-0.10374265534464575,-0.11854495226435578,0.37589826370235613,0.04265485918411482,-0.11854495226493489,0.34487729466924466,-0.07272168631153438,4.828303145194808e-12,-1.410444746468894e-12,-1.0,0.2811852548748914,0.9596535064495636,4.109403892600716e-15,0.9596535064495636,-0.2811852548748914,5.030094309010463e-12
casing-3,0,,casing.SLDPRT,Default,C:\Users\anshm\Downloads\Major Assembly\casing.SLDPRT,0.00818642841307,1.7055059193902813e-05,480,-0.09643072476086435,0.35087423102618215,-0.0699575100323442,3.17212609569e-06,2.21693120989e-06,1.47400978648e-06,2.16857528123e-18,-8.53260970536e-18,4.34815802981e-07,-0.10618072476102422,0.3207896683952576,-0.10170496669518182,-0.08668072476071131,0.3780466113301576,-0.039552369650700456,-0.10618072476087838,0.34487729466924566,-0.07272168631161238,-4.559802567032544e-12,2.1226619719730336e-12,1.0,0.4186036277440564,0.9081690386924207,-1.8985986199224742e-14,-0.9081690386924207,0.4186036277440564,-5.0296255158714485e-12
R6PEndulum assembly-2/R6MT6701-1,1,R6PEndulum assembly-2,R6MT6701.SLDPRT,Default,C:\Users\anshm\Downloads\Major Assembly\R6MT6701.SLDPRT,0.00104070365347,5.781686963742145e-07,1800,-0.09486233265604536,0.34493510563820734,-0.07270553732228853,7.97456786341e-08,4.02352793573e-08,4.02452021014e-08,1.09262731331e-11,3.0521587943e-12,3.49015917008e-12,-0.09718072476095524,0.3296194090052258,-0.08797957197569226,-0.09418072476080155,0.36013518033326486,-0.057463800647638195,-0.0941807247608784,0.3448772946692453,-0.07272168631167275,-4.559790518413154e-12,-1.0,2.1226355687587096e-12,0.4186036277440567,1.8967051213237948e-14,0.9081690386924206,-0.9081690386924206,5.029603521207056e-12,0.4186036277440567
R6PEndulum assembly-2/Part31^R6PEndulum assembly-1,1,R6PEndulum assembly-2,Part31^R6PEndulum assembly.SLDPRT,Default,C:\Users\anshm\AppData\Local\Temp\swx53220\VC~~\R6PEndulum assembly\Part31^R6PEndulum assembly.SLDPRT,0.0246737444191,3.14315215530086e-06,7850,-0.09076897767494913,0.3463485989955548,-0.07202899076156682,4.66398284162e-06,2.61911606802e-06,2.29972174332e-06,1.83511884473e-09,8.97716146047e-10,1.80084113698e-07,-0.09518072476097408,0.3253943083004421,-0.09171510726956524,-0.08668072476078484,0.36345211199935606,-0.05414686898155706,-0.0941807247608784,0.3448772946692453,-0.07272168631167275,4.5597905184131545e-12,-2.1226355687587084e-12,1.0,-0.4186036277440564,-0.9081690386924207,-1.8967051213237948e-14,0.9081690386924207,-0.4186036277440564,-5.029603521207056e-12
R6PEndulum assembly-2/R65972K91_Steel Ball Bearing(1)-1,1,R6PEndulum assembly-2,R65972K91_Steel Ball Bearing(1).SLDPRT,5972K91,C:\Users\anshm\Downloads\Major Assembly\R65972K91_Steel Ball Bearing(1).SLDPRT,0.0134081033482,1.7080386430846833e-06,7850,-0.10968072475937048,0.3448772946695598,-0.07272168631161578,9.6067130038e-07,5.33135872998e-07,5.33135873028e-07,-1.36735433371e-16,-5.46831764995e-17,2.79598186853e-17,-0.1131807247609519,0.33028279533844435,-0.08731618564241364,-0.10618072476080487,0.359471794000047,-0.05812718698077595,-0.10968072476087838,0.34487729466924566,-0.0727216863115948,4.5597905184131545e-12,-2.1226355687587084e-12,1.0,-0.4186036277440564,-0.9081690386924207,-1.8967051213237948e-14,0.9081690386924207,-0.4186036277440564,-5.029603521207056e-12
R6PEndulum assembly-2/R66056N16_Carbon Steel Set Screw Collar-1,1,R6PEndulum assembly-2,R66056N16_Carbon Steel Set Screw Collar.SLDPRT,6056N16,C:\Users\anshm\Downloads\Major Assembly\R66056N16_Carbon Steel Set Screw Collar.SLDPRT,0.00927005839311,1.1808991583584456e-06,7850,-0.10222963994998203,0.34483704512855373,-0.07274155430456027,3.67703347817e-07,2.3291704381e-07,2.31132324913e-07,-8.08793308246e-12,-3.16442164089e-12,1.19344758865e-09,-0.10618072476093239,0.3341510757322991,-0.083447905248599,-0.0981807247608233,0.3560216111372131,-0.06178742374577849,-0.10218072476087837,0.34487729466924555,-0.07272168631163252,-4.494486317736975e-12,2.2576235446250202e-12,1.0,0.4454909002089495,0.8952864669093462,-1.8967051213237948e-14,-0.8952864669093462,0.4454909002089495,-5.029603521207056e-12
R6MT6701-2,0,,R6MT6701.SLDPRT,hole,C:\Users\anshm\Downloads\Major Assembly\R6MT6701.SLDPRT,0.00104070365347,5.781686963742145e-07,1800,0.015318392103595951,0.05305926215787433,0.06406438504856714,7.97456786341e-08,4.02396717675e-08,4.02408096911e-08,1.12005477953e-11,-1.80190147166e-12,6.03926370121e-12,0.01299999999870518,0.041500000000226994,0.052573918917732776,0.015999999998820926,0.06450000000022701,0.07557391891774787,0.015999999998763052,0.05300000000022701,0.0640739189177328,-5.0297120822481915e-12,-1.0,2.814007061128127e-15,4.16333634379824e-17,2.814007061127916e-15,1.0000000000000002,-1.0000000000000002,5.02971208224819e-12,4.163336347819939e-17
Part2-2,0,,Part2.SLDPRT,Default,C:\Users\anshm\Downloads\Major Assembly\Part2.SLDPRT,0.0730039329567,0.00015209152699312487,480,-0.08708641666692725,0.07460240666695667,-0.016506852781525083,0.000590831769349,0.000547450135804,5.55465273187e-05,-8.26754489047e-06,3.07632948827e-05,0.000142781188133,-0.09700000000125775,0.02237184528426188,-0.20800074796409174,-0.06299999999973585,0.14846318971216133,0.09470207363438377,-0.09700000000110337,0.11783503499600391,-0.17737259324776333,1.3225151323074225e-12,4.85257099324439e-12,1.0,0.9657860486639588,-0.25934013998233596,-1.8800223267255324e-14,0.25934013998233596,0.9657860486639588,-5.029526624968206e-12
casing-2,0,,casing.SLDPRT,Default,C:\Users\anshm\Downloads\Major Assembly\casing.SLDPRT,0.00818642841307,1.7055059193902813e-05,480,-0.08025000000113541,0.11954754252269968,-0.18374999351310436,3.17212609569e-06,1.35051587825e-06,2.34042511813e-06,-1.47493175344e-18,-4.18849021322e-18,-2.8647472325e-07,-0.09000000000125774,0.0898002816796694,-0.2080007479640539,-0.07050000000099751,0.14846318971216116,-0.1564022990182807,-0.07050000000110336,0.11783503499600341,-0.17737259324789656,1.3225126496390212e-12,-4.852388011714164e-12,-1.0,0.965786048663959,0.25934013998233574,1.884527999641456e-14,0.25934013998233574,-0.965786048663959,5.029349260103578e-12
R6PEndulum assembly-1/R6MT6701-1,1,R6PEndulum assembly-1,R6MT6701.SLDPRT,Default,C:\Users\anshm\Downloads\Major Assembly\R6MT6701.SLDPRT,0.00104070365347,5.781686963742145e-07,1800,-0.07868160789627074,0.11784119637443019,-0.1774323003278898,7.97456786341e-08,4.0243758431e-08,4.02367230276e-08,1.16450052186e-12,-1.12846383252e-11,-4.94188204708e-12,-0.0810000000011744,0.10374608382657116,-0.19146154441729124,-0.07800000000103237,0.131923986165436,-0.1632836420784114,-0.07800000000110338,0.11783503499600356,-0.17737259324785887,-1.322515132307424e-12,-1.0,-4.8523872962245156e-12,-0.9657860486639587,1.8847863278103938e-14,0.25934013998233624,-0.25934013998233624,5.02934921294923e-12,-0.9657860486639587
R6PEndulum assembly-1/R65972K91_Steel Ball Bearing(1)-1,1,R6PEndulum assembly-1,R65972K91_Steel Ball Bearing(1).SLDPRT,5972K91,C:\Users\anshm\Downloads\Major Assembly\R65972K91_Steel Ball Bearing(1).SLDPRT,0.0134081033482,1.7080386430846833e-06,7850,-0.09349999999959546,0.11783503499593015,-0.17737259324808705,9.6067130038e-07,5.33135873018e-07,5.33135873008e-07,-2.87137860693e-17,1.41481393988e-16,-3.15125650544e-17,-0.09700000000117129,0.10435864692089455,-0.19084898132290778,-0.09000000000103545,0.13131142307111315,-0.16389620517265407,-0.09350000000110337,0.11783503499600385,-0.17737259324778093,1.3225151323074225e-12,4.8523872962245156e-12,1.0,0.9657860486639588,-0.25934013998233596,-1.8847863278103938e-14,0.25934013998233596,0.9657860486639588,-5.02934921294923e-12
R6PEndulum assembly-1/R66056N16_Carbon Steel Set Screw Collar-1,1,R6PEndulum assembly-1,R66056N16_Carbon Steel Set Screw Collar.SLDPRT,6056N16,C:\Users\anshm\Downloads\Major Assembly\R66056N16_Carbon Steel Set Screw Collar.SLDPRT,0.00927005839311,1.1808991583584456e-06,7850,-0.0860489151902067,0.11782224434159784,-0.17732956811761802,3.67703347817e-07,2.30786123917e-07,2.33263244806e-07,-1.75414174526e-12,8.50595067201e-12,-8.28607602384e-10,-0.09000000000115582,0.10786990328545688,-0.18778493480284114,-0.08200000000105315,0.12793466968788775,-0.16740746153725178,-0.08600000000110336,0.1178350349960037,-0.17737259324781865,-1.466581283466747e-12,-4.81080534700046e-12,1.0,-0.9576256540715022,0.2880158097468396,-1.8847863278103938e-14,-0.2880158097468396,-0.9576256540715022,-5.02934921294923e-12
R6PEndulum assembly-1/Part31^R6PEndulum assembly-1,1,R6PEndulum assembly-1,Part31^R6PEndulum assembly.SLDPRT,Default,C:\Users\anshm\AppData\Local\Temp\swx53220\VC~~\R6PEndulum assembly\Part31^R6PEndulum assembly.SLDPRT,0.0246737444191,3.14315215530086e-06,7850,-0.07458825291518549,0.11826950301099844,-0.17893969282662775,4.66398284162e-06,2.2489086133e-06,2.66992919804e-06,5.75151962461e-10,-1.96029480691e-09,-1.16699993459e-07,-0.07900000000118983,0.10042392821497294,-0.1945243598889447,-0.07050000000101207,0.13498680163705168,-0.15925504055814174,-0.07800000000110338,0.11783503499600356,-0.17737259324785887,1.3225151323074225e-12,4.8523872962245156e-12,1.0,0.9657860486639588,-0.25934013998233596,-1.8847863278103938e-14,0.25934013998233596,0.9657860486639588,-5.02934921294923e-12
R6Part3^Major Assembly-1,0,,R6Part3^Major Assembly.SLDPRT,Default,C:\Users\anshm\Downloads\Major Assembly\R6Part3^Major Assembly.SLDPRT,0.00301756276215,6.286589087809125e-06,480,0.01584398365557456,0.04291328330687663,0.06407391891773062,6.85346119665e-07,4.54909484893e-07,3.38401913422e-07,5.94152121618e-08,-1.77330800187e-18,-2.3233005433e-19,0.005999999998637191,0.033000000000005345,0.03907391891770762,0.020999999998888838,0.06450000000000537,0.08907391891778305,-0.03468650416330036,0.0330000000000055,0.3330021743268311,5.029526624968158e-12,1.0,2.880858675299366e-15,-4.163336343798163e-17,-2.8808586752991564e-15,1.0,1.0,-5.029526624968158e-12,4.1633363423494276e-17
Major Assembly parts - R6PEndulum_Med-1.step-1,0,,Major Assembly parts - R6PEndulum_Med-1.step.SLDPRT,Default,C:\Users\anshm\AppData\Local\Temp\swx53220\IC~~\Major Assembly parts - R6PEndulum_Med-1.step.SLDPRT,0.0333385335449,6.945527821864192e-05,480,-0.10909088360868673,0.2362795699509735,-0.12286303825626219,0.000283469286448,5.35268350162e-05,0.000230439298523,2.92812277688e-07,1.16755662866e-07,-0.000103648746626,-0.11318072476157606,0.08466571833522848,-0.21054190990857366,-0.09918072476071133,0.3780466113301577,-0.03955236965066525,-0.113180724761409,0.11783503499614065,-0.17737259324759133,4.5597905184131505e-12,-2.1224518717388327e-12,1.0000000000000002,-0.4186036277440566,-0.9081690386924206,-1.8800223267287854e-14,0.9081690386924206,-0.4186036277440566,-5.029526624968128e-12
Part14-1,0,,Part14.SLDPRT,Default,C:\Users\anshm\Downloads\Part14.SLDPRT,0.0138104413052,1.7592918860102845e-06,7850,-0.11568072476088544,0.34487729466924383,-0.07272168631156074,1.10483530441e-07,1.46505764846e-06,1.46505764846e-06,2.51905182639e-20,6.81305104084e-18,4.03715999469e-24,-0.13318072476090667,0.34063942040771583,-0.07695956057317642,-0.09818072476086419,0.3491151689307718,-0.06848381204994507,-0.13318072476088544,0.34487729466924416,-0.07272168631147273,-5.02132869667603e-12,-2.9002027388954054e-13,0.9999999999999999,-0.06135239817587643,0.9981161672060367,-1.8596633383749116e-14,-0.9981161672060367,-0.06135239817587643,-5.02966279233071e-12
Part15-1,0,,Part15.SLDPRT,Default,C:\Users\anshm\Downloads\Part15.SLDPRT,0.00193019452637,4.021238596594936e-06,480,-0.05912457844349503,0.05300000000036999,0.06407391891807654,1.54415562109e-08,1.03715785883e-06,1.03715785883e-06,1.92084946051e-20,5.13874934721e-18,-1.49542204006e-23,-0.09912457844351977,0.04807343253567563,0.05914735145318175,-0.019124578443470312,0.057926567465064346,0.06900048638297132,-0.09912457844349504,0.05300000000037074,0.06407391891827773,-1.3313561339582328e-12,4.850152818647088e-12,1.0,0.9633329161494799,0.26830895002392136,-1.880022326728079e-14,-0.26830895002392136,0.9633329161494799,-5.029526624968159e-12
Assem4-1/A6M80-750H2A1-M17.STEP-1/2181000003______RSK1-H080A08B30S36.STEP-1,2,Assem4-1/A6M80-750H2A1-M17.STEP-1,2181000003______RSK1-H080A08B30S36.STEP.SLDPRT,Default,C:\Users\anshm\AppData\Local\Temp\swx53220\IC~~\2181000003______RSK1-H080A08B30S36.STEP.SLDPRT,0.0102490641234,2.135221692375174e-05,480,0.1072012446991382,-0.0014669794664855192,0.6802193250128896,1.14609437847e-05,5.80497850646e-06,6.31261615372e-06,4.68773314002e-08,-1.61264837078e-08,-2.57340544963e-07,0.09669999999998839,-0.043004376695517044,0.6409116233364386,0.11460194575681616,0.03843202500003627,0.7207843766635574,0.09779999999998909,-0.0030679999999641354,0.680847999999998,-1.04744440165294e-14,-6.982962677686242e-15,-1.0,-6.982962677686267e-15,1.0,-6.982962677686169e-15,1.0,6.982962677686193e-15,-1.0474444016529447e-14
Assem4-1/A6M80-750H2A1-M17.STEP-1/2142000004__________RSK1-H080A08B30S36.STEP-1,2,Assem4-1/A6M80-750H2A1-M17.STEP-1,2142000004__________RSK1-H080A08B30S36.STEP.SLDPRT,Default,C:\Users\anshm\AppData\Local\Temp\swx53220\IC~~\2142000004__________RSK1-H080A08B30S36.STEP.SLDPRT,0.180503486519,0.00037604893024875355,480,0.055843409930851524,-0.0030780276097181454,0.6808447476480229,0.000180592161527,0.000178050695443,0.000177991888398,-8.55640859153e-08,-1.74246705284e-08,-1.75770030317e-08,0.016999999999988386,-0.043577602046200314,0.6403383979553116,0.0941000249999898,0.03823200000003513,0.7213576020447986,0.016999999999989093,-0.0030679999999656997,0.6808479999999991,-1.04744440165294e-14,-6.982962677686242e-15,-1.0,-6.982962677686267e-15,1.0,-6.982962677686169e-15,1.0,6.982962677686193e-15,-1.0474444016529447e-14
Assem4-1/A6M80-750H2A1-M17.STEP-1/2174000003____________RSK1-H080A08B30S36.STEP-1,2,Assem4-1/A6M80-750H2A1-M17.STEP-1,2174000003____________RSK1-H080A08B30S36.STEP.SLDPRT,Default,C:\Users\anshm\AppData\Local\Temp\swx53220\IC~~\2174000003____________RSK1-H080A08B30S36.STEP.SLDPRT,0.0163165009704,3.399271035510112e-05,480,0.09312000083990198,-0.003068921669503713,0.6808489750677491,1.31750582643e-05,6.82306154922e-06,6.82303277353e-06,1.45534335413e-11,-1.53937707926e-11,-2.42241643247e-10,0.0822999999999884,-0.0430575269610076,0.6408584730389555,0.10050131573994918,0.03692152696107923,0.7208375269610423,0.08229999999998909,-0.003067999999964244,0.6808479999999988,-1.04744440165294e-14,-6.982962677686242e-15,-1.0,-6.982962677686267e-15,1.0,-6.982962677686169e-15,1.0,6.982962677686193e-15,-1.0474444016529447e-14
Assem4-1/A6M80-750H2A1-M17.STEP-1/3220000002______TC20x30x4(NBR).STEP-1,2,Assem4-1/A6M80-750H2A1-M17.STEP-1,3220000002______TC20x30x4(NBR).STEP.SLDPRT,Default,C:\Users\anshm\AppData\Local\Temp\swx53220\IC~~\3220000002______TC20x30x4(NBR).STEP.SLDPRT,0.000415179626648,8.649575555156345e-07,480,0.01868890970430924,-0.0030679999999656945,0.6808479999999991,6.76692155133e-08,3.43553593275e-08,3.43553593275e-08,2.30808309621e-22,3.50799653492e-22,-6.69134728721e-24,0.01649999999998887,-0.022669655441120234,0.6612463445588446,0.02049999999998932,0.016533655441188858,0.7004496554411537,0.020499999999989093,-0.0030679999999656754,0.6808479999999991,-1.2350354373129665e-14,2.438132906854031e-15,1.0,0.38304900806323156,-0.9237280213470707,6.982962677686169e-15,0.9237280213470707,0.38304900806323156,1.0474444016529447e-14
Assem4-1/A6M80-750H2A1-M17.STEP-1/3114000001____________________M2x5(GBT6560-2014 ________ ____).STEP-4,2,Assem4-1/A6M80-750H2A1-M17.STEP-1,3114000001____________________M2x5(GBT6560-2014 ________ ____).STEP.SLDPRT,Default,C:\Users\anshm\AppData\Local\Temp\swx53220\IC~~\3114000001____________________M2x5(GBT6560-2014 ________ ____).STEP.SLDPRT,1.40490396668e-05,2.9268832639077632e-08,480,0.0908985498304418,0.039593120960133184,0.6776465486742361,5.31885202032e-11,1.69751317288e-11,5.31894268529e-11,1.17381189201e-17,2.66740329297e-16,-1.41867834282e-17,0.08813032283111939,0.03543200000003482,0.6748783228311287,0.09366677580286027,0.042024982784622834,0.6804147758028697,0.09089854931698982,0.04203200000003483,0.6776465493169992,-0.5469441386039978,0.8371691043312163,-4.982962677686252e-15,-9.66521111710783e-15,2.663010380596217e-17,1.0,0.8371691043312163,0.5469441386039978,7.982962677686214e-15
Assem4-1/A6M80-750H2A1-M17.STEP-1/3130000002______B6x6x22(GBT1096-2003 __________M3).STEP-1,2,Assem4-1/A6M80-750H2A1-M17.STEP-1,3130000002______B6x6x22(GBT1096-2003 __________M3).STEP.SLDPRT,Default,C:\Users\anshm\AppData\Local\Temp\swx53220\IC~~\3130000002______B6x6x22(GBT1096-2003 __________M3).STEP.SLDPRT,0.0003767808,7.849600000000001e-07,480,-0.004000000000010813,-0.0030679999999657834,0.6718479999999989,2.225360896e-09,1.6309506048e-08,1.6309506048e-08,-9.79011044954e-23,-1.48042181545e-22,5.4829715297e-26,-0.015000000000010864,-0.006067999999965881,0.6688479999999988,0.006999999999989239,-6.799999996568579e-05,0.674847999999999,0.006999999999989187,-0.0030679999999657067,0.671847999999999,-1.0,1.04744440165294e-14,6.982962677686242e-15,-6.982962677686169e-15,6.982962677686267e-15,-1.0,-1.0474444016529447e-14,-1.0,-6.982962677686193e-15
Assem4-1/A6M80-750H2A1-M17.STEP-1/2151000006____RSK1-H080A08B30S36.STEP-1,2,Assem4-1/A6M80-750H2A1-M17.STEP-1,2151000006____RSK1-H080A08B30S36.STEP.SLDPRT,Default,C:\Users\anshm\AppData\Local\Temp\swx53220\IC~~\2151000006____RSK1-H080A08B30S36.STEP.SLDPRT,0.00528289238393,1.10060257998465e-05,480,0.006819390313553223,-0.0030680000956305234,0.6811966573735414,2.48380175067e-07,8.76212661306e-07,8.90541208108e-07,-1.94372726074e-14,-1.72027000847e-08,9.08073035481e-15,-0.01500000000001108,-0.013067999999965992,0.6708479999999988,0.02629999999998927,0.006932000000034435,0.6908479999999992,-0.015000000000010907,-0.003067999999965923,0.6808479999999988,-6.982962677686242e-15,1.04744440165294e-14,-1.0,1.0,6.982962677686267e-15,-6.982962677686169e-15,6.982962677686193e-15,-1.0,-1.0474444016529447e-14
Assem4-1/A6M80-750H2A1-M17.STEP-1/3111000003__________________M3x10(GBT70.1-2000 ________ ____ ____ 12.9____.STEP-1,2,Assem4-1/A6M80-750H2A1-M17.STEP-1,3111000003__________________M3x10(GBT70.1-2000 ________ ____ ____ 12.9____.STEP.SLDPRT,Default,C:\Users\anshm\AppData\Local\Temp\swx53220\IC~~\3111000003__________________M3x10(GBT70.1-2000 ________ ____ ____ 12.9____.STEP.SLDPRT,6.36834813574e-05,1.326739194946088e-07,480,0.0957979115440449,0.01783200000003458,0.71704786187819,1.61171740397e-10,1.0263898228e-09,1.0263898228e-09,-4.96631626656e-25,-6.57417402258e-24,-1.97241241376e-26,0.08779999999998853,0.014093155238346741,0.7133090171165022,0.10079999999998862,0.021570844761722448,0.7207867066398779,0.10079999999998857,0.017832000000034633,0.7170478618781901,-1.0187779872980653e-14,-6.7714232843464675e-15,1.0,0.8744322306243049,-0.4851476827167193,5.623382764345144e-15,0.4851476827167193,0.8744322306243049,1.0863728564437033e-14
Assem4-1/A6M80-750H2A1-M17.STEP-1/______________.STEP-1,2,Assem4-1/A6M80-750H2A1-M17.STEP-1,______________.STEP.SLDPRT,Default,C:\Users\anshm\AppData\Local\Temp\swx53220\IC~~\______________.STEP.SLDPRT,0.000404086771927,8.418474415139886e-07,480,0.10760702771828433,0.04021951062646455,0.6678480000000014,1.5581528935e-08,1.99223429527e-08,6.14346607104e-09,6.33889142296e-12,9.94934269022e-23,8.67550186963e-22,0.10059999999998878,0.03843200000003624,0.6563480000000013,0.11459999999998907,0.044382000000037794,0.6793480000000018,0.10759999999998894,0.03843200000003702,0.6678480000000013,-1.0,-6.982962677686829e-15,1.0474444016529009e-14,-6.982962677686169e-15,1.0,6.298296267768627e-14,-1.0474444016529447e-14,6.298296267768619e-14,-1.0
Assem4-1/A6M80-750H2A1-M17.STEP-1/3111000003__________________M3x10(GBT70.1-2000 ________ ____ ____ 12.9____.STEP-2,2,Assem4-1/A6M80-750H2A1-M17.STEP-1,3111000003__________________M3x10(GBT70.1-2000 ________ ____ ____ 12.9____.STEP.SLDPRT,Default,C:\Users\anshm\AppData\Local\Temp\swx53220\IC~~\3111000003__________________M3x10(GBT70.1-2000 ________ ____ ____ 12.9____.STEP.SLDPRT,6.36834813574e-05,1.326739194946088e-07,480,0.10239791154404496,0.03313186187822474,0.7017480000000013,1.61171740397e-10,1.0263898228e-09,1.0263898228e-09,-4.37765723712e-24,-4.13320501863e-24,3.03278287928e-26,0.09439999999998858,0.029538225047346357,0.6981543631691228,0.10739999999998867,0.03672549870910311,0.7053416368308797,0.10739999999998862,0.03313186187822478,0.7017480000000014,-1.2350354373129665e-14,2.438132906854031e-15,1.0,0.38304900806323156,-0.9237280213470707,6.982962677686169e-15,0.9237280213470707,0.38304900806323156,1.0474444016529447e-14
Assem4-1/A6M80-750H2A1-M17.STEP-1/3114000001____________________M2x5(GBT6560-2014 ________ ____).STEP-1,2,Assem4-1/A6M80-750H2A1-M17.STEP-1,3114000001____________________M2x5(GBT6560-2014 ________ ____).STEP.SLDPRT,Default,C:\Users\anshm\AppData\Local\Temp\swx53220\IC~~\3114000001____________________M2x5(GBT6560-2014 ________ ____).STEP.SLDPRT,1.40490396668e-05,2.9268832639077632e-08,480,0.07509854983044179,0.03959312096013307,0.677646548674235,5.31885202032e-11,1.69751317288e-11,5.31894268529e-11,1.17381189201e-17,2.66740329297e-16,-1.41867834282e-17,0.07233032283111938,0.03543200000003471,0.6748783228311276,0.07786677580286026,0.04202498278462272,0.6804147758028686,0.07509854931698981,0.04203200000003472,0.6776465493169981,-0.5469441386039978,0.8371691043312163,-4.982962677686252e-15,-9.66521111710783e-15,2.663010380596217e-17,1.0,0.8371691043312163,0.5469441386039978,7.982962677686214e-15
Assem4-1/A6M80-750H2A1-M17.STEP-1/3114000001____________________M2x5(GBT6560-2014 ________ ____).STEP-2,2,Assem4-1/A6M80-750H2A1-M17.STEP-1,3114000001____________________M2x5(GBT6560-2014 ________ ____).STEP.SLDPRT,Default,C:\Users\anshm\AppData\Local\Temp\swx53220\IC~~\3114000001____________________M2x5(GBT6560-2014 ________ ____).STEP.SLDPRT,1.40490396668e-05,2.9268832639077632e-08,480,0.1121000005134408,0.03954312096013434,0.6768479993572354,5.31885202032e-11,1.69751317288e-11,5.31894268529e-11,1.17381189201e-17,2.66740329297e-16,-1.41867834282e-17,0.1093317735141184,0.035382000000035975,0.674079773514128,0.11486822648585927,0.04197498278462399,0.679616226485869,0.11209999999998882,0.04198200000003599,0.6768479999999985,-0.5469441386039978,0.8371691043312163,-4.982962677686252e-15,-9.66521111710783e-15,2.663010380596217e-17,1.0,0.8371691043312163,0.5469441386039978,7.982962677686214e-15
Assem4-1/A6M80-750H2A1-M17.STEP-1/3231000001___________6pin___________GAMC3064___________.STEP-1,2,Assem4-1/A6M80-750H2A1-M17.STEP-1,3231000001___________6pin___________GAMC3064___________.STEP.SLDPRT,Default,C:\Users\anshm\AppData\Local\Temp\swx53220\IC~~\3231000001___________6pin___________GAMC3064___________.STEP.SLDPRT,0.000860590209011,1.792896268772939e-06,480,0.08310481588754035,0.03986478827632647,0.6892541027375132,4.7606196957e-08,6.98266073742e-08,2.7212531559e-08,-5.50436521192e-10,-2.20685628497e-10,7.45644620424e-11,0.07274854931698735,0.029032000000035772,0.6751465493169981,0.09324854931698812,0.04453200000017223,0.7033465493169981,0.08299854931698772,0.038232000000034704,0.6892465493169981,-4.84744440165294e-14,1.0,-6.982962677686242e-15,-6.982962677686532e-15,6.982962677685904e-15,1.0,1.0,4.847444401652945e-14,6.982962677686193e-15
Assem4-1/A6M80-750H2A1-M17.STEP-1/3114000001____________________M2x5(GBT6560-2014 ________ ____).STEP-3,2,Assem4-1/A6M80-750H2A1-M17.STEP-1,3114000001____________________M2x5(GBT6560-2014 ________ ____).STEP.SLDPRT,Default,C:\Users\anshm\AppData\Local\Temp\swx53220\IC~~\3114000001____________________M2x5(GBT6560-2014 ________ ____).STEP.SLDPRT,1.40490396668e-05,2.9268832639077632e-08,480,0.07509854983044054,0.03959312096013291,0.700846548674235,5.31885202032e-11,1.69751317288e-11,5.31894268529e-11,1.17381189201e-17,2.66740329297e-16,-1.41867834282e-17,0.07233032283111814,0.03543200000003455,0.6980783228311276,0.07786677580285901,0.042024982784622564,0.7036147758028686,0.07509854931698856,0.04203200000003456,0.7008465493169981,-0.5469441386039978,0.8371691043312163,-4.982962677686252e-15,-9.66521111710783e-15,2.663010380596217e-17,1.0,0.8371691043312163,0.5469441386039978,7.982962677686214e-15
Assem4-1/A6M80-750H2A1-M17.STEP-1/3111000003__________________M3x10(GBT70.1-2000 ________ ____ ____ 12.9____.STEP-6,2,Assem4-1/A6M80-750H2A1-M17.STEP-1,3111000003__________________M3x10(GBT70.1-2000 ________ ____ ____ 12.9____.STEP.SLDPRT,Default,C:\Users\anshm\AppData\Local\Temp\swx53220\IC~~\3111000003__________________M3x10(GBT70.1-2000 ________ ____ ____ 12.9____.STEP.SLDPRT,6.36834813574e-05,1.326739194946088e-07,480,0.10239791154404519,-0.023967999999966332,0.7170478618781898,1.61171740397e-10,1.0263898228e-09,1.0263898228e-09,-1.0971258925e-23,-7.39855002585e-24,4.80365327374e-26,0.09439999999998881,-0.027561636830844737,0.7134542250473114,0.10739999999998891,-0.020374363169087997,0.7206414987090682,0.10739999999998885,-0.023967999999966322,0.7170478618781899,2.4381329068540703e-15,1.2350354373129657e-14,0.9999999999999999,-0.9237280213470719,-0.38304900806322867,6.982962677686168e-15,0.38304900806322867,-0.9237280213470719,1.0474444016529446e-14
Assem4-1/A6M80-750H2A1-M17.STEP-1/3114000001____________________M2x5(GBT6560-2014 ________ ____).STEP-8,2,Assem4-1/A6M80-750H2A1-M17.STEP-1,3114000001____________________M2x5(GBT6560-2014 ________ ____).STEP.SLDPRT,Default,C:\Users\anshm\AppData\Local\Temp\swx53220\IC~~\3114000001____________________M2x5(GBT6560-2014 ________ ____).STEP.SLDPRT,1.40490396668e-05,2.9268832639077632e-08,480,0.10310000051344098,0.0395431209601354,0.6588479993572353,5.31885202032e-11,1.69751317288e-11,5.31894268529e-11,1.17381189201e-17,2.66740329297e-16,-1.41867834282e-17,0.10033177351411858,0.03538200000003704,0.6560797735141278,0.10586822648585946,0.04197498278462505,0.6616162264858688,0.103099999999989,0.04198200000003705,0.6588479999999983,-0.5469441386039978,0.8371691043312163,-4.982962677686252e-15,-9.66521111710783e-15,2.663010380596217e-17,1.0,0.8371691043312163,0.5469441386039978,7.982962677686214e-15
Assem4-1/A6M80-750H2A1-M17.STEP-1/3111000003__________________M3x10(GBT70.1-2000 ________ ____ ____ 12.9____.STEP-8,2,Assem4-1/A6M80-750H2A1-M17.STEP-1,3111000003__________________M3x10(GBT70.1-2000 ________ ____ ____ 12.9____.STEP.SLDPRT,Default,C:\Users\anshm\AppData\Local\Temp\swx53220\IC~~\3111000003__________________M3x10(GBT70.1-2000 ________ ____ ____ 12.9____.STEP.SLDPRT,6.36834813574e-05,1.326739194946088e-07,480,0.10239791154404565,0.017832000000036128,0.6446481381218102,1.61171740397e-10,1.0263898228e-09,1.0263898228e-09,-1.11231222989e-24,-1.07268067065e-23,-4.1351202478e-26,0.09439999999998928,0.014238363169157782,0.6410545012909317,0.10739999999998938,0.021425636830914502,0.6482417749526885,0.10739999999998932,0.017832000000036187,0.6446481381218102,-2.4381329068541634e-15,-1.2350354373129638e-14,1.0,0.9237280213470747,0.38304900806322156,6.982962677686169e-15,-0.38304900806322156,0.9237280213470747,1.0474444016529447e-14
Assem4-1/A6M80-750H2A1-M17.STEP-1/3111000003__________________M3x10(GBT70.1-2000 ________ ____ ____ 12.9____.STEP-3,2,Assem4-1/A6M80-750H2A1-M17.STEP-1,3111000003__________________M3x10(GBT70.1-2000 ________ ____ ____ 12.9____.STEP.SLDPRT,Default,C:\Users\anshm\AppData\Local\Temp\swx53220\IC~~\3111000003__________________M3x10(GBT70.1-2000 ________ ____ ____ 12.9____.STEP.SLDPRT,6.36834813574e-05,1.326739194946088e-07,480,0.09579791154404546,-0.039267861878155286,0.7017479999999996,1.61171740397e-10,1.0263898228e-09,1.0263898228e-09,-8.53028992108e-24,-3.51752441539e-24,-6.1400312816e-26,0.08779999999998908,-0.04300670663984317,0.6980091552383118,0.10079999999998918,-0.03552901711646744,0.7054868447616874,0.10079999999998912,-0.039267861878155265,0.7017479999999997,-4.771423284346433e-15,1.018777987298067e-14,1.0,-0.485147682716722,-0.8744322306243033,6.593678129778588e-15,0.8744322306243033,-0.485147682716722,9.114864103188423e-15
Assem4-1/A6M80-750H2A1-M17.STEP-1/3114000001____________________M2x5(GBT6560-2014 ________ ____).STEP-5,2,Assem4-1/A6M80-750H2A1-M17.STEP-1,3114000001____________________M2x5(GBT6560-2014 ________ ____).STEP.SLDPRT,Default,C:\Users\anshm\AppData\Local\Temp\swx53220\IC~~\3114000001____________________M2x5(GBT6560-2014 ________ ____).STEP.SLDPRT,1.40490396668e-05,2.9268832639077632e-08,480,0.09089854983044054,0.039593120960133024,0.7008465486742361,5.31885202032e-11,1.69751317288e-11,5.31894268529e-11,1.17381189201e-17,2.66740329297e-16,-1.41867834282e-17,0.08813032283111814,0.03543200000003466,0.6980783228311287,0.09366677580285902,0.042024982784622675,0.7036147758028697,0.09089854931698857,0.042032000000034674,0.7008465493169992,-0.5469441386039978,0.8371691043312163,-4.982962677686252e-15,-9.66521111710783e-15,2.663010380596217e-17,1.0,0.8371691043312163,0.5469441386039978,7.982962677686214e-15
Assem4-1/A6M80-750H2A1-M17.STEP-1/3111000003__________________M3x10(GBT70.1-2000 ________ ____ ____ 12.9____.STEP-7,2,Assem4-1/A6M80-750H2A1-M17.STEP-1,3111000003__________________M3x10(GBT70.1-2000 ________ ____ ____ 12.9____.STEP.SLDPRT,Default,C:\Users\anshm\AppData\Local\Temp\swx53220\IC~~\3111000003__________________M3x10(GBT70.1-2000 ________ ____ ____ 12.9____.STEP.SLDPRT,6.36834813574e-05,1.326739194946088e-07,480,0.1023979115440459,-0.03926786187815495,0.6599479999999989,1.61171740397e-10,1.0263898228e-09,1.0263898228e-09,-7.70591391781e-24,-1.39921517138e-23,-1.43402668826e-26,0.09439999999998952,-0.04286149870903334,0.6563543631691203,0.10739999999998961,-0.03567422504727661,0.6635416368308772,0.10739999999998956,-0.039267861878154925,0.6599479999999989,1.2350354373129648e-14,-2.4381329068541256e-15,1.0,-0.38304900806322456,0.9237280213470737,6.982962677686169e-15,-0.9237280213470737,-0.38304900806322456,1.0474444016529447e-14
Assem4-1/A6M80-750H2A1-M17.STEP-1/3111000003__________________M3x10(GBT70.1-2000 ________ ____ ____ 12.9____.STEP-4,2,Assem4-1/A6M80-750H2A1-M17.STEP-1,3111000003__________________M3x10(GBT70.1-2000 ________ ____ ____ 12.9____.STEP.SLDPRT,Default,C:\Users\anshm\AppData\Local\Temp\swx53220\IC~~\3111000003__________________M3x10(GBT70.1-2000 ________ ____ ____ 12.9____.STEP.SLDPRT,6.36834813574e-05,1.326739194946088e-07,480,0.09579791154404596,-0.023967999999964875,0.6446481381218099,1.61171740397e-10,1.0263898228e-09,1.0263898228e-09,-1.15869395283e-23,-1.15511827098e-23,4.34853791284e-27,0.08779999999998958,-0.02770684476165279,0.6409092933601219,0.10079999999998968,-0.020229155238277036,0.6483869828834976,0.10079999999998962,-0.023967999999964858,0.6446481381218099,1.2187779872980692e-14,4.771423284346391e-15,0.9999999999999998,-0.8744322306243015,0.4851476827167251,8.342542591027195e-15,-0.4851476827167251,-0.8744322306243015,1.008515946862187e-14
Assem4-1/A6M80-750H2A1-M17.STEP-1/3114000001____________________M2x5(GBT6560-2014 ________ ____).STEP-7,2,Assem4-1/A6M80-750H2A1-M17.STEP-1,3114000001____________________M2x5(GBT6560-2014 ________ ____).STEP.SLDPRT,Default,C:\Users\anshm\AppData\Local\Temp\swx53220\IC~~\3114000001____________________M2x5(GBT6560-2014 ________ ____).STEP.SLDPRT,1.40490396668e-05,2.9268832639077632e-08,480,0.10310000051344079,0.03954312096013428,0.6768479993572353,5.31885202032e-11,1.69751317288e-11,5.31894268529e-11,1.17381189201e-17,2.66740329297e-16,-1.41867834282e-17,0.10033177351411839,0.03538200000003591,0.6740797735141278,0.10586822648585927,0.04197498278462393,0.6796162264858688,0.10309999999998881,0.04198200000003593,0.6768479999999983,-0.5469441386039978,0.8371691043312163,-4.982962677686252e-15,-9.66521111710783e-15,2.663010380596217e-17,1.0,0.8371691043312163,0.5469441386039978,7.982962677686214e-15
Assem4-1/A6M80-750H2A1-M17.STEP-1/3114000001____________________M2x5(GBT6560-2014 ________ ____).STEP-6,2,Assem4-1/A6M80-750H2A1-M17.STEP-1,3114000001____________________M2x5(GBT6560-2014 ________ ____).STEP.SLDPRT,Default,C:\Users\anshm\AppData\Local\Temp\swx53220\IC~~\3114000001____________________M2x5(GBT6560-2014 ________ ____).STEP.SLDPRT,1.40490396668e-05,2.9268832639077632e-08,480,0.11210000051344099,0.039543120960135465,0.6588479993572354,5.31885202032e-11,1.69751317288e-11,5.31894268529e-11,1.17381189201e-17,2.66740329297e-16,-1.41867834282e-17,0.10933177351411859,0.0353820000000371,0.6560797735141279,0.11486822648585947,0.041974982784625116,0.6616162264858689,0.11209999999998901,0.041982000000037115,0.6588479999999984,-0.5469441386039978,0.8371691043312163,-4.982962677686252e-15,-9.66521111710783e-15,2.663010380596217e-17,1.0,0.8371691043312163,0.5469441386039978,7.982962677686214e-15
Assem4-1/A6M80-750H2A1-M17.STEP-1/3111000003__________________M3x10(GBT70.1-2000 ________ ____ ____ 12.9____.STEP-5,2,Assem4-1/A6M80-750H2A1-M17.STEP-1,3111000003__________________M3x10(GBT70.1-2000 ________ ____ ____ 12.9____.STEP.SLDPRT,Default,C:\Users\anshm\AppData\Local\Temp\swx53220\IC~~\3111000003__________________M3x10(GBT70.1-2000 ________ ____ ____ 12.9____.STEP.SLDPRT,6.36834813574e-05,1.326739194946088e-07,480,0.0957979115440454,0.03313186187822498,0.6599480000000012,1.61171740397e-10,1.0263898228e-09,1.0263898228e-09,-3.55328123385e-24,-1.4607832317e-23,-2.78181751594e-26,0.08779999999998903,0.0293930171165371,0.6562091552383131,0.10079999999998912,0.036870706639912855,0.663686844761689,0.10079999999998907,0.033131861878225026,0.6599480000000012,6.771423284346342e-15,-1.2187779872980719e-14,1.0,0.48514768271672903,0.8744322306242994,7.372247225593739e-15,-0.8744322306242994,0.48514768271672903,1.1834023929870475e-14
Assem4-1/Part26-1,1,Assem4-1,Part26.SLDPRT,Default,C:\Users\anshm\Downloads\Part26.SLDPRT,0.0563679276973,0.00011743318270275127,480,0.02560830524838719,-0.01825689160723963,0.6808479999999987,0.000137911376022,0.000120152382726,4.16272448293e-05,-7.93951648228e-06,-3.42740279312e-19,1.80585696369e-20,0.009999999999988792,-0.04319999999996594,0.5996959999999985,0.05999999999998937,0.03706400000003408,0.7619999999999987,0.00999999999998908,-0.003067999999965945,0.6808479999999987,-3.4914813388431334e-15,0.0,1.0,0.0,1.0,0.0,-1.0,0.0,-3.4914813388431334e-15
Part14-2,0,,Part14.SLDPRT,Default,C:\Users\anshm\Downloads\Part14.SLDPRT,0.0138104413052,1.7592918860102845e-06,7850,-0.09950000000111017,0.11783503499613873,-0.17737259324765683,1.10483530441e-07,1.46505764846e-06,1.46505764846e-06,2.54662958508e-20,6.81286659206e-18,6.64430806527e-23,-0.11700000000113861,0.11217936696463665,-0.1830282612792466,-0.08200000000108174,0.12349070302764081,-0.17171692521606707,-0.11700000000111017,0.11783503499613907,-0.17737259324756882,3.469275290801242e-12,-3.641513487039965e-12,1.0,-0.7214386182377615,-0.6924783896376767,-1.8800223267260177e-14,0.6924783896376767,-0.7214386182377615,-5.029526624968112e-12
block-2,0,,block.SLDPRT,Default,C:\Users\anshm\Downloads\Major Assembly\block.SLDPRT,0.00258048,5.375999999999999e-06,480,-0.10268072476100215,0.2931116594637806,-0.09658209309302133,3.44064e-07,2.1385672289e-07,1.5128119711e-07,1.82838026845e-19,-9.74518358483e-19,3.6624098635e-08,-0.10618072476110114,0.2755159729555661,-0.11613604124504665,-0.09918072476090316,0.31070734597199506,-0.07702814494099602,-0.10618072476095439,0.2755159729555663,-0.08707463200685438,-4.586214429461877e-12,2.134384792908359e-12,1.0,0.418603627744098,0.9081690386924016,-1.8576187790193856e-14,-0.9081690386924016,0.418603627744098,-5.058519166954886e-12
