# https://github.com/mikedh/trimesh
v -0.72898000 0.06000000 -0.02604974
v -0.72898000 0.01000000 -0.02604974
v -0.72898000 0.01000000 -0.02459450
v -0.72898000 0.05473471 -0.00547295
v -0.72898000 0.05583941 -0.00593053
v -0.72898000 0.06000000 -0.01272000
v -0.72898000 0.01000000 -0.00510000
v -0.72898000 0.05238000 -0.00510000
v -0.72898000 0.05357203 -0.00519381
v -0.72898000 0.05685892 -0.00655529
v -0.72898000 0.05776815 -0.00733184
v -0.72898000 0.05854471 -0.00824108
v -0.72898000 0.05916947 -0.00926059
v -0.72898000 0.05962705 -0.01036529
v -0.72898000 0.05990619 -0.01152797
v -0.64071600 0.01000000 0.02944400
v -0.64071600 0.01000000 -0.00002000
v -0.64071600 0.02000000 0.02944400
v -0.64071600 0.02000000 -0.00002000
v -0.65080063 0.02000000 -0.03131615
v -0.65138759 0.02000000 -0.03167755
v -0.65932150 0.02000000 -0.02459450
v -0.65302036 0.02000000 -0.03528965
v -0.65290387 0.02000000 -0.03596904
v -0.65932150 0.02000000 -0.04320000
v -0.65267423 0.02000000 -0.03661897
v -0.65233806 0.02000000 -0.03722074
v -0.64811480 0.02000000 -0.03891778
v -0.64745571 0.02000000 -0.03871594
v -0.64071600 0.02000000 -0.04320000
v -0.64684021 0.02000000 -0.03840561
v -0.64628602 0.02000000 -0.03799573
v -0.64513915 0.02000000 -0.03359112
v -0.64542307 0.02000000 -0.03296301
v -0.64071600 0.02000000 -0.02459450
v -0.64580906 0.02000000 -0.03239191
v -0.64745571 0.02000000 -0.03117406
v -0.64811480 0.02000000 -0.03097221
v -0.65190503 0.02000000 -0.03213296
v -0.65233806 0.02000000 -0.03266926
v -0.65267423 0.02000000 -0.03327103
v -0.65190503 0.02000000 -0.03775704
v -0.65138759 0.02000000 -0.03821244
v -0.65080063 0.02000000 -0.03857385
v -0.64628602 0.02000000 -0.03189427
v -0.64684021 0.02000000 -0.03148438
v -0.65290387 0.02000000 -0.03392096
v -0.65302036 0.02000000 -0.03460035
v -0.65303500 0.02000000 -0.03494500
v -0.64580906 0.02000000 -0.03749809
v -0.64542307 0.02000000 -0.03692699
v -0.64513915 0.02000000 -0.03629888
v -0.64496545 0.02000000 -0.03563182
v -0.64490700 0.02000000 -0.03494500
v -0.64496545 0.02000000 -0.03425818
v -0.64879852 0.02000000 -0.03088466
v -0.64948720 0.02000000 -0.03091392
v -0.65016103 0.02000000 -0.03105914
v -0.65016103 0.02000000 -0.03883086
v -0.64948720 0.02000000 -0.03897608
v -0.64879852 0.02000000 -0.03900534
v -0.65302036 0.02000000 0.02846434
v -0.65290387 0.02000000 0.02778496
v -0.65932150 0.02000000 0.03706400
v -0.64071600 0.02000000 -0.00510000
v -0.65138759 0.02000000 0.02554155
v -0.65080063 0.02000000 0.02518015
v -0.64016231 0.02000000 -0.00232627
v -0.63974580 0.02000000 -0.00300595
v -0.64490700 0.02000000 0.02880900
v -0.64080981 0.02000000 0.03063603
v -0.64496545 0.02000000 0.02949582
v -0.64108895 0.02000000 0.03179871
v -0.64513915 0.02000000 0.03016288
v -0.64154653 0.02000000 0.03290341
v -0.64542307 0.02000000 0.03079099
v -0.64217129 0.02000000 0.03392292
v -0.64580906 0.02000000 0.03136209
v -0.64294785 0.02000000 0.03483216
v -0.64628602 0.02000000 0.03185973
v -0.64385708 0.02000000 0.03560871
v -0.64684021 0.02000000 0.03226962
v -0.64487659 0.02000000 0.03623347
v -0.64948720 0.02000000 0.03284008
v -0.65016103 0.02000000 0.03269486
v -0.64833600 0.02000000 0.03706400
v -0.65138759 0.02000000 0.03207644
v -0.65190503 0.02000000 0.03162104
v -0.65290387 0.02000000 0.02983304
v -0.65302036 0.02000000 0.02915365
v -0.65303500 0.02000000 0.02880900
v -0.65267423 0.02000000 0.02713504
v -0.65233806 0.02000000 0.02653326
v -0.65190503 0.02000000 0.02599696
v -0.65016103 0.02000000 0.02492314
v -0.64948720 0.02000000 0.02477792
v -0.64879852 0.02000000 0.02474866
v -0.64811480 0.02000000 0.02483622
v -0.64745571 0.02000000 0.02503806
v -0.64684021 0.02000000 0.02534839
v -0.65233806 0.02000000 0.03108474
v -0.65267423 0.02000000 0.03048297
v -0.64628602 0.02000000 0.02575827
v -0.64580906 0.02000000 0.02625592
v -0.64542307 0.02000000 0.02682701
v -0.65080063 0.02000000 0.03243785
v -0.64513915 0.02000000 0.02745512
v -0.64496545 0.02000000 0.02812218
v -0.63922810 0.02000000 -0.00361210
v -0.63862195 0.02000000 -0.00412981
v -0.63794227 0.02000000 -0.00454631
v -0.63720581 0.02000000 -0.00485137
v -0.63643068 0.02000000 -0.00503746
v -0.63563600 0.02000000 -0.00510000
v -0.64598129 0.02000000 0.03669105
v -0.64745571 0.02000000 0.03257994
v -0.64714397 0.02000000 0.03697018
v -0.64811480 0.02000000 0.03278178
v -0.64879852 0.02000000 0.03286934
v -0.64065345 0.02000000 -0.00081469
v -0.64046737 0.02000000 -0.00158980
v -0.72098000 0.02000000 0.02944400
v -0.71678900 0.02000000 0.02880900
v -0.71677436 0.02000000 0.02846434
v -0.72375373 0.02000000 -0.00454631
v -0.72307405 0.02000000 -0.00412981
v -0.72098000 0.02000000 -0.00510000
v -0.72246790 0.02000000 -0.00361210
v -0.69608800 0.02000000 -0.00306800
v -0.69473512 0.02000000 0.00320937
v -0.69559625 0.02000000 0.00077215
v -0.71059422 0.02000000 0.02534839
v -0.71642823 0.02000000 0.03048297
v -0.71665787 0.02000000 0.02983304
v -0.72088619 0.02000000 0.03063603
v -0.72606000 0.02000000 -0.00510000
v -0.72526531 0.02000000 -0.00503746
v -0.72449019 0.02000000 -0.00485137
v -0.71677436 0.02000000 0.02915365
v -0.72060705 0.02000000 0.03179871
v -0.72014947 0.02000000 0.03290341
v -0.71609206 0.02000000 0.03108474
v -0.71952470 0.02000000 0.03392292
v -0.71565903 0.02000000 0.03162104
v -0.71874815 0.02000000 0.03483216
v -0.71514159 0.02000000 0.03207644
v -0.71783892 0.02000000 0.03560871
v -0.71455463 0.02000000 0.03243785
v -0.71681941 0.02000000 0.03623347
v -0.71391503 0.02000000 0.03269486
v -0.67763725 0.02000000 0.01182994
v -0.70956307 0.02000000 0.02625592
v -0.67516567 0.02000000 0.01107303
v -0.70917707 0.02000000 0.02682701
v -0.70889314 0.02000000 0.02745512
v -0.68020120 0.02000000 0.01215827
v -0.68278375 0.02000000 0.01204857
v -0.68531062 0.02000000 0.01150398
v -0.70889314 0.02000000 0.03016288
v -0.70917707 0.02000000 0.03079099
v -0.70956307 0.02000000 0.03136209
v -0.71665787 0.02000000 0.02778496
v -0.71642823 0.02000000 0.02713504
v -0.72098000 0.02000000 -0.00002000
v -0.71609206 0.02000000 0.02653326
v -0.72104254 0.02000000 -0.00081469
v -0.71565903 0.02000000 0.02599696
v -0.71514159 0.02000000 0.02554155
v -0.71004002 0.02000000 0.03185973
v -0.71059422 0.02000000 0.03226962
v -0.71336000 0.02000000 0.03706400
v -0.71120971 0.02000000 0.03257994
v -0.71186880 0.02000000 0.03278178
v -0.71324120 0.02000000 0.02477792
v -0.72122863 0.02000000 -0.00158980
v -0.71391503 0.02000000 0.02492314
v -0.71455463 0.02000000 0.02518015
v -0.69603310 0.02000000 -0.00436044
v -0.69559625 0.02000000 -0.00690815
v -0.72098000 0.02000000 -0.02459450
v -0.69473512 0.02000000 -0.00934537
v -0.69347449 0.02000000 -0.01160202
v -0.69185061 0.02000000 -0.01361315
v -0.68991021 0.02000000 -0.01532092
v -0.68770911 0.02000000 -0.01667619
v -0.71255252 0.02000000 0.03286934
v -0.71324120 0.02000000 0.03284008
v -0.71455203 0.02000000 0.03697018
v -0.71571471 0.02000000 0.03669105
v -0.71120971 0.02000000 0.02503806
v -0.68770911 0.02000000 0.01054019
v -0.68991021 0.02000000 0.00918492
v -0.71004002 0.02000000 0.02575827
v -0.69185061 0.02000000 0.00747715
v -0.69347449 0.02000000 0.00546602
v -0.68531062 0.02000000 -0.01763998
v -0.68278375 0.02000000 -0.01818456
v -0.68020120 0.02000000 -0.01829427
v -0.67763725 0.02000000 -0.01796594
v -0.72195020 0.02000000 -0.00300595
v -0.72153368 0.02000000 -0.00232627
v -0.69603310 0.02000000 -0.00177556
v -0.71186880 0.02000000 0.02483622
v -0.71255252 0.02000000 0.02474866
v -0.67516567 0.02000000 -0.01720903
v -0.67285756 0.02000000 -0.01604530
v -0.67077931 0.02000000 -0.01450824
v -0.66899073 0.02000000 -0.01264207
v -0.66754327 0.02000000 -0.01050047
v -0.66647855 0.02000000 -0.00814505
v -0.66899073 0.02000000 0.00650607
v -0.66754327 0.02000000 0.00436447
v -0.66647855 0.02000000 0.00200905
v -0.66582721 0.02000000 -0.00564357
v -0.66560800 0.02000000 -0.00306800
v -0.66582721 0.02000000 -0.00049243
v -0.67077931 0.02000000 0.00837225
v -0.67285756 0.02000000 0.00990931
v -0.70871946 0.02000000 0.02812218
v -0.70866100 0.02000000 0.02880900
v -0.70871946 0.02000000 0.02949582
v -0.71665787 0.02000000 -0.03596904
v -0.71642823 0.02000000 -0.03661897
v -0.72098000 0.02000000 -0.04320000
v -0.71677436 0.02000000 -0.03528965
v -0.71609206 0.02000000 -0.03722074
v -0.71565903 0.02000000 -0.03775704
v -0.71514159 0.02000000 -0.03821244
v -0.71455463 0.02000000 -0.03857385
v -0.71391503 0.02000000 -0.03883086
v -0.71324120 0.02000000 -0.03897608
v -0.71059422 0.02000000 -0.03840561
v -0.71004002 0.02000000 -0.03799573
v -0.71186880 0.02000000 -0.03097221
v -0.71255252 0.02000000 -0.03088466
v -0.71324120 0.02000000 -0.03091392
v -0.71391503 0.02000000 -0.03105914
v -0.71455463 0.02000000 -0.03131615
v -0.71514159 0.02000000 -0.03167755
v -0.71255252 0.02000000 -0.03900534
v -0.71186880 0.02000000 -0.03891778
v -0.71120971 0.02000000 -0.03871594
v -0.70956307 0.02000000 -0.03749809
v -0.70917707 0.02000000 -0.03692699
v -0.70889314 0.02000000 -0.03629888
v -0.71565903 0.02000000 -0.03213296
v -0.71609206 0.02000000 -0.03266926
v -0.71642823 0.02000000 -0.03327103
v -0.71665787 0.02000000 -0.03392096
v -0.71677436 0.02000000 -0.03460035
v -0.71678900 0.02000000 -0.03494500
v -0.70871946 0.02000000 -0.03563182
v -0.70866100 0.02000000 -0.03494500
v -0.70871946 0.02000000 -0.03425818
v -0.70889314 0.02000000 -0.03359112
v -0.70917707 0.02000000 -0.03296301
v -0.70956307 0.02000000 -0.03239191
v -0.71004002 0.02000000 -0.03189427
v -0.71059422 0.02000000 -0.03148438
v -0.71120971 0.02000000 -0.03117406
v -0.65932150 0.01000000 -0.04320000
v -0.70866100 0.01000000 -0.03494500
v -0.70871946 0.01000000 -0.03563182
v -0.70889314 0.01000000 -0.03629888
v -0.70917707 0.01000000 -0.03692699
v -0.70956307 0.01000000 -0.03749809
v -0.71004002 0.01000000 -0.03799573
v -0.71059422 0.01000000 -0.03840561
v -0.71120971 0.01000000 -0.03871594
v -0.71186880 0.01000000 -0.03891778
v -0.71255252 0.01000000 -0.03900534
v -0.75438001 0.01000000 -0.04320000
v -0.71324120 0.01000000 -0.03897608
v -0.71391503 0.01000000 -0.03883086
v -0.71455463 0.01000000 -0.03857385
v -0.71514159 0.01000000 -0.03821244
v -0.71565903 0.01000000 -0.03775704
v -0.70871946 0.01000000 -0.03425818
v -0.65932150 0.01000000 -0.02459450
v -0.70889314 0.01000000 -0.03359112
v -0.71609206 0.01000000 -0.03722074
v -0.71642823 0.01000000 -0.03661897
v -0.71665787 0.01000000 -0.03596904
v -0.71186880 0.01000000 -0.03097221
v -0.71255252 0.01000000 -0.03088466
v -0.71324120 0.01000000 -0.03091392
v -0.71642823 0.01000000 -0.03327103
v -0.71609206 0.01000000 -0.03266926
v -0.71565903 0.01000000 -0.03213296
v -0.71514159 0.01000000 -0.03167755
v -0.71455463 0.01000000 -0.03131615
v -0.71391503 0.01000000 -0.03105914
v -0.71120971 0.01000000 -0.03117406
v -0.71059422 0.01000000 -0.03148438
v -0.71004002 0.01000000 -0.03189427
v -0.70956307 0.01000000 -0.03239191
v -0.70917707 0.01000000 -0.03296301
v -0.72907382 0.01000000 -0.02724177
v -0.72935295 0.01000000 -0.02840445
v -0.71665787 0.01000000 -0.03392096
v -0.71677436 0.01000000 -0.03528965
v -0.73121184 0.01000000 -0.03143789
v -0.73212108 0.01000000 -0.03221445
v -0.73314059 0.01000000 -0.03283921
v -0.73424529 0.01000000 -0.03329679
v -0.73540797 0.01000000 -0.03357593
v -0.73660001 0.01000000 -0.03366974
v -0.75438001 0.01000000 -0.03366974
v -0.72981053 0.01000000 -0.02950915
v -0.73043529 0.01000000 -0.03052866
v -0.71677436 0.01000000 -0.03460035
v -0.71678900 0.01000000 -0.03494500
v -0.71186880 0.01000000 0.03278178
v -0.71120971 0.01000000 0.03257994
v -0.71336000 0.01000000 0.03706400
v -0.71004002 0.01000000 0.03185973
v -0.70956307 0.01000000 0.03136209
v -0.65932150 0.01000000 0.03706400
v -0.70917707 0.01000000 0.03079099
v -0.70889314 0.01000000 0.03016288
v -0.72098000 0.01000000 0.02944400
v -0.71665787 0.01000000 0.02778496
v -0.71677436 0.01000000 0.02846434
v -0.71059422 0.01000000 0.03226962
v -0.67285756 0.01000000 0.00990931
v -0.67077931 0.01000000 0.00837225
v -0.70917707 0.01000000 0.02682701
v -0.70956307 0.01000000 0.02625592
v -0.69559625 0.01000000 -0.00690815
v -0.69473512 0.01000000 -0.00934537
v -0.71678900 0.01000000 0.02880900
v -0.71677436 0.01000000 0.02915365
v -0.72088619 0.01000000 0.03063603
v -0.71665787 0.01000000 0.02983304
v -0.72060705 0.01000000 0.03179871
v -0.71642823 0.01000000 0.03048297
v -0.72014947 0.01000000 0.03290341
v -0.71609206 0.01000000 0.03108474
v -0.71952470 0.01000000 0.03392292
v -0.71874815 0.01000000 0.03483216
v -0.71565903 0.01000000 0.03162104
v -0.71783892 0.01000000 0.03560871
v -0.71514159 0.01000000 0.03207644
v -0.71681941 0.01000000 0.03623347
v -0.71455463 0.01000000 0.03243785
v -0.71571471 0.01000000 0.03669105
v -0.71391503 0.01000000 0.03269486
v -0.71455203 0.01000000 0.03697018
v -0.71324120 0.01000000 0.03284008
v -0.71255252 0.01000000 0.03286934
v -0.69608800 0.01000000 -0.00306800
v -0.69603310 0.01000000 -0.00177556
v -0.70889314 0.01000000 0.02745512
v -0.71514159 0.01000000 0.02554155
v -0.71565903 0.01000000 0.02599696
v -0.72098000 0.01000000 -0.00002000
v -0.71609206 0.01000000 0.02653326
v -0.71642823 0.01000000 0.02713504
v -0.66899073 0.01000000 0.00650607
v -0.66754327 0.01000000 0.00436447
v -0.66647855 0.01000000 0.00200905
v -0.69559625 0.01000000 0.00077215
v -0.69473512 0.01000000 0.00320937
v -0.69347449 0.01000000 0.00546602
v -0.68770911 0.01000000 0.01054019
v -0.68531062 0.01000000 0.01150398
v -0.68278375 0.01000000 0.01204857
v -0.68020120 0.01000000 0.01215827
v -0.70871946 0.01000000 0.02949582
v -0.70866100 0.01000000 0.02880900
v -0.70871946 0.01000000 0.02812218
v -0.67516567 0.01000000 0.01107303
v -0.67763725 0.01000000 0.01182994
v -0.66582721 0.01000000 -0.00049243
v -0.66560800 0.01000000 -0.00306800
v -0.66582721 0.01000000 -0.00564357
v -0.66647855 0.01000000 -0.00814505
v -0.69603310 0.01000000 -0.00436044
v -0.69185061 0.01000000 0.00747715
v -0.68991021 0.01000000 0.00918492
v -0.66754327 0.01000000 -0.01050047
v -0.66899073 0.01000000 -0.01264207
v -0.67077931 0.01000000 -0.01450824
v -0.67763725 0.01000000 -0.01796594
v -0.68020120 0.01000000 -0.01829427
v -0.68278375 0.01000000 -0.01818456
v -0.68531062 0.01000000 -0.01763998
v -0.68770911 0.01000000 -0.01667619
v -0.67285756 0.01000000 -0.01604530
v -0.67516567 0.01000000 -0.01720903
v -0.71004002 0.01000000 0.02575827
v -0.71059422 0.01000000 0.02534839
v -0.71120971 0.01000000 0.02503806
v -0.71324120 0.01000000 0.02477792
v -0.71391503 0.01000000 0.02492314
v -0.71455463 0.01000000 0.02518015
v -0.68991021 0.01000000 -0.01532092
v -0.69185061 0.01000000 -0.01361315
v -0.69347449 0.01000000 -0.01160202
v -0.72122863 0.01000000 -0.00158980
v -0.72153368 0.01000000 -0.00232627
v -0.72195020 0.01000000 -0.00300595
v -0.72246790 0.01000000 -0.00361210
v -0.72307405 0.01000000 -0.00412981
v -0.72375373 0.01000000 -0.00454631
v -0.72449019 0.01000000 -0.00485137
v -0.72104254 0.01000000 -0.00081469
v -0.71255252 0.01000000 0.02474866
v -0.71186880 0.01000000 0.02483622
v -0.72526531 0.01000000 -0.00503746
v -0.72606000 0.01000000 -0.00510000
v -0.64490700 0.01000000 0.02880900
v -0.64496545 0.01000000 0.02949582
v -0.64080981 0.01000000 0.03063603
v -0.64513915 0.01000000 0.03016288
v -0.64108895 0.01000000 0.03179871
v -0.64542307 0.01000000 0.03079099
v -0.64154653 0.01000000 0.03290341
v -0.64580906 0.01000000 0.03136209
v -0.64217129 0.01000000 0.03392292
v -0.64628602 0.01000000 0.03185973
v -0.65016103 0.01000000 0.02492314
v -0.65080063 0.01000000 0.02518015
v -0.64496545 0.01000000 0.02812218
v -0.64513915 0.01000000 0.02745512
v -0.64542307 0.01000000 0.02682701
v -0.64065345 0.01000000 -0.00081469
v -0.64580906 0.01000000 0.02625592
v -0.64628602 0.01000000 0.02575827
v -0.64684021 0.01000000 0.02534839
v -0.65138759 0.01000000 0.02554155
v -0.65190503 0.01000000 0.02599696
v -0.65233806 0.01000000 0.02653326
v -0.65190503 0.01000000 0.03162104
v -0.65233806 0.01000000 0.03108474
v -0.65267423 0.01000000 0.03048297
v -0.63974580 0.01000000 -0.00300595
v -0.64016231 0.01000000 -0.00232627
v -0.64046737 0.01000000 -0.00158980
v -0.65303500 0.01000000 0.02880900
v -0.65302036 0.01000000 0.02915365
v -0.65290387 0.01000000 0.02983304
v -0.65016103 0.01000000 0.03269486
v -0.64833600 0.01000000 0.03706400
v -0.65080063 0.01000000 0.03243785
v -0.65138759 0.01000000 0.03207644
v -0.63794227 0.01000000 -0.00454631
v -0.63862195 0.01000000 -0.00412981
v -0.63922810 0.01000000 -0.00361210
v -0.64745571 0.01000000 0.02503806
v -0.64811480 0.01000000 0.02483622
v -0.64879852 0.01000000 0.02474866
v -0.64948720 0.01000000 0.02477792
v -0.65267423 0.01000000 0.02713504
v -0.65290387 0.01000000 0.02778496
v -0.65302036 0.01000000 0.02846434
v -0.64294785 0.01000000 0.03483216
v -0.64385708 0.01000000 0.03560871
v -0.64684021 0.01000000 0.03226962
v -0.64487659 0.01000000 0.03623347
v -0.64745571 0.01000000 0.03257994
v -0.64598129 0.01000000 0.03669105
v -0.64811480 0.01000000 0.03278178
v -0.64714397 0.01000000 0.03697018
v -0.64879852 0.01000000 0.03286934
v -0.64948720 0.01000000 0.03284008
v -0.63271600 0.01000000 -0.00510000
v -0.63563600 0.01000000 -0.00510000
v -0.63271600 0.01000000 -0.02459450
v -0.63643068 0.01000000 -0.00503746
v -0.63720581 0.01000000 -0.00485137
v -0.60731600 0.01000000 -0.04320000
v -0.64628602 0.01000000 -0.03799573
v -0.64684021 0.01000000 -0.03840561
v -0.62745071 0.01000000 -0.03329679
v -0.62855541 0.01000000 -0.03283921
v -0.64490700 0.01000000 -0.03494500
v -0.62957492 0.01000000 -0.03221445
v -0.64496545 0.01000000 -0.03425818
v -0.64948720 0.01000000 -0.03897608
v -0.65016103 0.01000000 -0.03883086
v -0.64745571 0.01000000 -0.03117406
v -0.64684021 0.01000000 -0.03148438
v -0.60731600 0.01000000 -0.03366974
v -0.62509600 0.01000000 -0.03366974
v -0.62628803 0.01000000 -0.03357593
v -0.64513915 0.01000000 -0.03629888
v -0.64542307 0.01000000 -0.03692699
v -0.64580906 0.01000000 -0.03749809
v -0.65080063 0.01000000 -0.03857385
v -0.65138759 0.01000000 -0.03821244
v -0.65190503 0.01000000 -0.03775704
v -0.64496545 0.01000000 -0.03563182
v -0.64745571 0.01000000 -0.03871594
v -0.64811480 0.01000000 -0.03891778
v -0.64879852 0.01000000 -0.03900534
v -0.65233806 0.01000000 -0.03722074
v -0.65267423 0.01000000 -0.03661897
v -0.65290387 0.01000000 -0.03596904
v -0.65290387 0.01000000 -0.03392096
v -0.65267423 0.01000000 -0.03327103
v -0.65233806 0.01000000 -0.03266926
v -0.65190503 0.01000000 -0.03213296
v -0.65138759 0.01000000 -0.03167755
v -0.65080063 0.01000000 -0.03131615
v -0.65016103 0.01000000 -0.03105914
v -0.64948720 0.01000000 -0.03091392
v -0.64879852 0.01000000 -0.03088466
v -0.64811480 0.01000000 -0.03097221
v -0.64628602 0.01000000 -0.03189427
v -0.64580906 0.01000000 -0.03239191
v -0.63271600 0.01000000 -0.02604974
v -0.64542307 0.01000000 -0.03296301
v -0.63262218 0.01000000 -0.02724177
v -0.63048415 0.01000000 -0.03143789
v -0.63126071 0.01000000 -0.03052866
v -0.64513915 0.01000000 -0.03359112
v -0.63188547 0.01000000 -0.02950915
v -0.63234305 0.01000000 -0.02840445
v -0.65302036 0.01000000 -0.03528965
v -0.65303500 0.01000000 -0.03494500
v -0.65302036 0.01000000 -0.03460035
v -0.75438001 0.06000000 -0.04320000
v -0.72098000 0.06000000 -0.04320000
v -0.76200000 0.01762000 -0.04320000
v -0.64071600 0.06000000 -0.04320000
v -0.60731600 0.06000000 -0.04320000
v -0.75673471 0.01037295 -0.04320000
v -0.75783940 0.01083053 -0.04320000
v -0.76190617 0.01642797 -0.04320000
v -0.75557204 0.01009381 -0.04320000
v -0.75976816 0.01223185 -0.04320000
v -0.76054471 0.01314108 -0.04320000
v -0.75885892 0.01145529 -0.04320000
v -0.76116946 0.01416059 -0.04320000
v -0.76162705 0.01526529 -0.04320000
v -0.76200000 0.05238000 -0.04320000
v -0.76190617 0.05357203 -0.04320000
v -0.76162705 0.05473471 -0.04320000
v -0.76116946 0.05583941 -0.04320000
v -0.76054471 0.05685892 -0.04320000
v -0.75976816 0.05776815 -0.04320000
v -0.75885892 0.05854471 -0.04320000
v -0.75783940 0.05916947 -0.04320000
v -0.75557204 0.05990619 -0.04320000
v -0.75673471 0.05962705 -0.04320000
v -0.60496129 0.05962705 -0.04320000
v -0.60385659 0.05916947 -0.04320000
v -0.59978982 0.05357203 -0.04320000
v -0.60283707 0.05854471 -0.04320000
v -0.60192784 0.05776815 -0.04320000
v -0.60115129 0.05685892 -0.04320000
v -0.60052653 0.05583941 -0.04320000
v -0.60006895 0.05473471 -0.04320000
v -0.59969600 0.01762000 -0.04320000
v -0.59978982 0.01642797 -0.04320000
v -0.60006895 0.01526529 -0.04320000
v -0.59969600 0.05238000 -0.04320000
v -0.60612397 0.05990619 -0.04320000
v -0.60052653 0.01416059 -0.04320000
v -0.60115129 0.01314108 -0.04320000
v -0.60192784 0.01223185 -0.04320000
v -0.60496129 0.01037295 -0.04320000
v -0.60612397 0.01009381 -0.04320000
v -0.60385659 0.01083053 -0.04320000
v -0.60283707 0.01145529 -0.04320000
v -0.63262218 0.06000000 -0.02724177
v -0.63234305 0.06000000 -0.02840445
v -0.63048415 0.06000000 -0.03143789
v -0.62957492 0.06000000 -0.03221445
v -0.62855541 0.06000000 -0.03283921
v -0.62745071 0.06000000 -0.03329679
v -0.60731600 0.06000000 -0.03366974
v -0.62509600 0.06000000 -0.03366974
v -0.62628803 0.06000000 -0.03357593
v -0.63271600 0.06000000 -0.02604974
v -0.64071600 0.06000000 -0.01272000
v -0.63271600 0.06000000 -0.01272000
v -0.63188547 0.06000000 -0.02950915
v -0.63126071 0.06000000 -0.03052866
v -0.63271600 0.05238000 -0.00510000
v -0.64071600 0.05238000 -0.00510000
v -0.63271600 0.05990619 -0.01152797
v -0.63271600 0.05962705 -0.01036529
v -0.63271600 0.05916947 -0.00926059
v -0.63271600 0.05854471 -0.00824108
v -0.63271600 0.05776815 -0.00733184
v -0.63271600 0.05685892 -0.00655529
v -0.63271600 0.05583941 -0.00593053
v -0.63271600 0.05473471 -0.00547295
v -0.63271600 0.05357203 -0.00519381
v -0.64071600 0.05776815 -0.00733184
v -0.64071600 0.05854471 -0.00824108
v -0.64071600 0.05916947 -0.00926059
v -0.64071600 0.05962705 -0.01036529
v -0.64071600 0.05990619 -0.01152797
v -0.64071600 0.05357203 -0.00519381
v -0.64071600 0.05473471 -0.00547295
v -0.64071600 0.05583941 -0.00593053
v -0.64071600 0.05685892 -0.00655529
v -0.72098000 0.05238000 -0.00510000
v -0.73540797 0.06000000 -0.03357593
v -0.73424529 0.06000000 -0.03329679
v -0.73314059 0.06000000 -0.03283921
v -0.73212108 0.06000000 -0.03221445
v -0.75438001 0.06000000 -0.03366974
v -0.73660001 0.06000000 -0.03366974
v -0.73121184 0.06000000 -0.03143789
v -0.73043529 0.06000000 -0.03052866
v -0.72981053 0.06000000 -0.02950915
v -0.72935295 0.06000000 -0.02840445
v -0.72907382 0.06000000 -0.02724177
v -0.72098000 0.06000000 -0.01272000
v -0.72098000 0.05473471 -0.00547295
v -0.72098000 0.05583941 -0.00593053
v -0.72098000 0.05990619 -0.01152797
v -0.72098000 0.05916947 -0.00926059
v -0.72098000 0.05854471 -0.00824108
v -0.72098000 0.05776815 -0.00733184
v -0.72098000 0.05357203 -0.00519381
v -0.72098000 0.05962705 -0.01036529
v -0.72098000 0.05685892 -0.00655529
v -0.59978982 0.01642797 -0.03366974
v -0.59969600 0.01762000 -0.03366974
v -0.60192784 0.01223185 -0.03366974
v -0.60115129 0.01314108 -0.03366974
v -0.59969600 0.05238000 -0.03366974
v -0.59978982 0.05357203 -0.03366974
v -0.60612397 0.01009381 -0.03366974
v -0.60496129 0.01037295 -0.03366974
v -0.60385659 0.01083053 -0.03366974
v -0.60052653 0.01416059 -0.03366974
v -0.60006895 0.01526529 -0.03366974
v -0.60283707 0.01145529 -0.03366974
v -0.60115129 0.05685892 -0.03366974
v -0.60052653 0.05583941 -0.03366974
v -0.60006895 0.05473471 -0.03366974
v -0.60192784 0.05776815 -0.03366974
v -0.60283707 0.05854471 -0.03366974
v -0.60385659 0.05916947 -0.03366974
v -0.60496129 0.05962705 -0.03366974
v -0.60612397 0.05990619 -0.03366974
v -0.76200000 0.01762000 -0.03366974
v -0.76190617 0.01642797 -0.03366974
v -0.76200000 0.05238000 -0.03366974
v -0.76190617 0.05357203 -0.03366974
v -0.75557204 0.05990619 -0.03366974
v -0.75673471 0.05962705 -0.03366974
v -0.75783940 0.05916947 -0.03366974
v -0.75885892 0.05854471 -0.03366974
v -0.75976816 0.05776815 -0.03366974
v -0.76054471 0.05685892 -0.03366974
v -0.76116946 0.05583941 -0.03366974
v -0.76162705 0.05473471 -0.03366974
v -0.75783940 0.01083053 -0.03366974
v -0.75673471 0.01037295 -0.03366974
v -0.75557204 0.01009381 -0.03366974
v -0.76162705 0.01526529 -0.03366974
v -0.76116946 0.01416059 -0.03366974
v -0.75885892 0.01145529 -0.03366974
v -0.76054471 0.01314108 -0.03366974
v -0.75976816 0.01223185 -0.03366974
v -0.49400000 -0.05250000 -0.02700000
v -0.51400000 -0.05250000 -0.02700000
v -0.49400000 -0.05250000 -0.04320000
v -0.51400000 -0.05250000 -0.04320000
v -0.49400000 -0.00750000 -0.02700000
v -0.49400000 -0.00750000 -0.04320000
v -0.51400000 -0.00750000 -0.02700000
v -0.51400000 -0.00750000 -0.04320000
v -0.50070000 -0.04600000 -0.02700000
v -0.50074747 -0.04655770 -0.02700000
v -0.50385994 -0.01070297 -0.02700000
v -0.50330476 -0.01077407 -0.02700000
v -0.50276957 -0.01093797 -0.02700000
v -0.50088850 -0.04709936 -0.02700000
v -0.50111905 -0.04760939 -0.02700000
v -0.50143248 -0.04807313 -0.02700000
v -0.50181977 -0.04847722 -0.02700000
v -0.50226979 -0.04881005 -0.02700000
v -0.50276957 -0.04906203 -0.02700000
v -0.50226979 -0.01118995 -0.02700000
v -0.50181977 -0.01152278 -0.02700000
v -0.50143248 -0.01192687 -0.02700000
v -0.50143248 -0.04392687 -0.02700000
v -0.50226979 -0.01681005 -0.02700000
v -0.50276957 -0.01706203 -0.02700000
v -0.50496632 -0.04915535 -0.02700000
v -0.50548567 -0.04894665 -0.02700000
v -0.50111905 -0.01560939 -0.02700000
v -0.50143248 -0.01607312 -0.02700000
v -0.50181977 -0.01647722 -0.02700000
v -0.50330476 -0.04922593 -0.02700000
v -0.50385994 -0.04929703 -0.02700000
v -0.50441916 -0.04927327 -0.02700000
v -0.50111905 -0.01239061 -0.02700000
v -0.50088850 -0.01290064 -0.02700000
v -0.50074747 -0.01344230 -0.02700000
v -0.50070000 -0.01400000 -0.02700000
v -0.50074747 -0.01455770 -0.02700000
v -0.50088850 -0.01509936 -0.02700000
v -0.50638246 -0.01171660 -0.02700000
v -0.50596229 -0.01134681 -0.02700000
v -0.50548567 -0.01105334 -0.02700000
v -0.50111905 -0.04439061 -0.02700000
v -0.50088850 -0.04490064 -0.02700000
v -0.50074747 -0.04544230 -0.02700000
v -0.50719352 -0.01316847 -0.02700000
v -0.50700705 -0.01264072 -0.02700000
v -0.50673408 -0.01215208 -0.02700000
v -0.50496632 -0.01084465 -0.02700000
v -0.50441916 -0.01072673 -0.02700000
v -0.50596229 -0.04865319 -0.02700000
v -0.50638246 -0.04828340 -0.02700000
v -0.50673408 -0.04784792 -0.02700000
v -0.50385994 -0.04270297 -0.02700000
v -0.50330476 -0.04277407 -0.02700000
v -0.50385994 -0.01729702 -0.02700000
v -0.50276957 -0.04293796 -0.02700000
v -0.50330476 -0.01722593 -0.02700000
v -0.50226979 -0.04318995 -0.02700000
v -0.50181977 -0.04352278 -0.02700000
v -0.50700705 -0.04735927 -0.02700000
v -0.50719352 -0.04683153 -0.02700000
v -0.50728811 -0.04627986 -0.02700000
v -0.50596229 -0.01665319 -0.02700000
v -0.50441916 -0.04272673 -0.02700000
v -0.50548567 -0.01694666 -0.02700000
v -0.50496632 -0.01715535 -0.02700000
v -0.50673408 -0.04415208 -0.02700000
v -0.50638246 -0.04371660 -0.02700000
v -0.50441916 -0.01727327 -0.02700000
v -0.50638246 -0.01628340 -0.02700000
v -0.50673408 -0.01584792 -0.02700000
v -0.50700705 -0.01535927 -0.02700000
v -0.50728811 -0.04572014 -0.02700000
v -0.50719352 -0.04516847 -0.02700000
v -0.50700705 -0.04464073 -0.02700000
v -0.50496632 -0.04284465 -0.02700000
v -0.50596229 -0.04334681 -0.02700000
v -0.50548567 -0.04305334 -0.02700000
v -0.50719352 -0.01483153 -0.02700000
v -0.50728811 -0.01427986 -0.02700000
v -0.50728811 -0.01372014 -0.02700000
v -0.50548567 -0.01105334 -0.04320000
v -0.50596229 -0.01134681 -0.04320000
v -0.50496632 -0.01084465 -0.04320000
v -0.50638246 -0.01171660 -0.04320000
v -0.50673408 -0.01215208 -0.04320000
v -0.50700705 -0.01264072 -0.04320000
v -0.50719352 -0.04683153 -0.04320000
v -0.50728811 -0.04627986 -0.04320000
v -0.50728811 -0.04572014 -0.04320000
v -0.50700705 -0.04735927 -0.04320000
v -0.50673408 -0.04784792 -0.04320000
v -0.50638246 -0.04828340 -0.04320000
v -0.50596229 -0.04865319 -0.04320000
v -0.50548567 -0.04894665 -0.04320000
v -0.50496632 -0.04915535 -0.04320000
v -0.50719352 -0.01316847 -0.04320000
v -0.50728811 -0.01372014 -0.04320000
v -0.50728811 -0.01427986 -0.04320000
v -0.50596229 -0.04334681 -0.04320000
v -0.50638246 -0.04371660 -0.04320000
v -0.50441916 -0.04927327 -0.04320000
v -0.50385994 -0.04929703 -0.04320000
v -0.50673408 -0.01584792 -0.04320000
v -0.50638246 -0.01628340 -0.04320000
v -0.50276957 -0.04293796 -0.04320000
v -0.50330476 -0.04922593 -0.04320000
v -0.50276957 -0.04906203 -0.04320000
v -0.50226979 -0.04881005 -0.04320000
v -0.50181977 -0.04847722 -0.04320000
v -0.50143248 -0.04807313 -0.04320000
v -0.50111905 -0.04760939 -0.04320000
v -0.50596229 -0.01665319 -0.04320000
v -0.50548567 -0.01694666 -0.04320000
v -0.50496632 -0.01715535 -0.04320000
v -0.50330476 -0.04277407 -0.04320000
v -0.50385994 -0.04270297 -0.04320000
v -0.50719352 -0.01483153 -0.04320000
v -0.50441916 -0.04272673 -0.04320000
v -0.50496632 -0.04284465 -0.04320000
v -0.50548567 -0.04305334 -0.04320000
v -0.50088850 -0.04709936 -0.04320000
v -0.50074747 -0.04655770 -0.04320000
v -0.50070000 -0.04600000 -0.04320000
v -0.50143248 -0.01607312 -0.04320000
v -0.50181977 -0.01647722 -0.04320000
v -0.50226979 -0.01681005 -0.04320000
v -0.50700705 -0.01535927 -0.04320000
v -0.50111905 -0.01239061 -0.04320000
v -0.50143248 -0.01192687 -0.04320000
v -0.50276957 -0.01093797 -0.04320000
v -0.50330476 -0.01077407 -0.04320000
v -0.50385994 -0.01070297 -0.04320000
v -0.50441916 -0.01072673 -0.04320000
v -0.50673408 -0.04415208 -0.04320000
v -0.50700705 -0.04464073 -0.04320000
v -0.50719352 -0.04516847 -0.04320000
v -0.50143248 -0.04392687 -0.04320000
v -0.50276957 -0.01706203 -0.04320000
v -0.50181977 -0.04352278 -0.04320000
v -0.50226979 -0.04318995 -0.04320000
v -0.50111905 -0.01560939 -0.04320000
v -0.50088850 -0.01509936 -0.04320000
v -0.50074747 -0.01455770 -0.04320000
v -0.50070000 -0.01400000 -0.04320000
v -0.50074747 -0.01344230 -0.04320000
v -0.50088850 -0.01290064 -0.04320000
v -0.50181977 -0.01152278 -0.04320000
v -0.50226979 -0.01118995 -0.04320000
v -0.50074747 -0.04544230 -0.04320000
v -0.50088850 -0.04490064 -0.04320000
v -0.50111905 -0.04439061 -0.04320000
v -0.50441916 -0.01727327 -0.04320000
v -0.50385994 -0.01729702 -0.04320000
v -0.50330476 -0.01722593 -0.04320000
v -0.19200000 -0.05250000 -0.02700000
v -0.21200000 -0.05250000 -0.02700000
v -0.19200000 -0.05250000 -0.04320000
v -0.21200000 -0.05250000 -0.04320000
v -0.19200000 -0.00750000 -0.02700000
v -0.19200000 -0.00750000 -0.04320000
v -0.21200000 -0.00750000 -0.02700000
v -0.21200000 -0.00750000 -0.04320000
v -0.19870000 -0.04600000 -0.02700000
v -0.19874747 -0.04655770 -0.02700000
v -0.20185994 -0.01070297 -0.02700000
v -0.20130476 -0.01077407 -0.02700000
v -0.20076957 -0.01093797 -0.02700000
v -0.19888850 -0.04709936 -0.02700000
v -0.19911905 -0.04760939 -0.02700000
v -0.19943248 -0.04807313 -0.02700000
v -0.19981977 -0.04847722 -0.02700000
v -0.20026979 -0.04881005 -0.02700000
v -0.20076957 -0.04906203 -0.02700000
v -0.20026979 -0.01118995 -0.02700000
v -0.19981977 -0.01152278 -0.02700000
v -0.19943248 -0.01192687 -0.02700000
v -0.19943248 -0.04392687 -0.02700000
v -0.20026979 -0.01681005 -0.02700000
v -0.20076957 -0.01706203 -0.02700000
v -0.20296632 -0.04915535 -0.02700000
v -0.20348567 -0.04894665 -0.02700000
v -0.19911905 -0.01560939 -0.02700000
v -0.19943248 -0.01607312 -0.02700000
v -0.19981977 -0.01647722 -0.02700000
v -0.20130476 -0.04922593 -0.02700000
v -0.20185994 -0.04929703 -0.02700000
v -0.20241916 -0.04927327 -0.02700000
v -0.19911905 -0.01239061 -0.02700000
v -0.19888850 -0.01290064 -0.02700000
v -0.19874747 -0.01344230 -0.02700000
v -0.19870000 -0.01400000 -0.02700000
v -0.19874747 -0.01455770 -0.02700000
v -0.19888850 -0.01509936 -0.02700000
v -0.20438246 -0.01171660 -0.02700000
v -0.20396229 -0.01134681 -0.02700000
v -0.20348567 -0.01105334 -0.02700000
v -0.19911905 -0.04439061 -0.02700000
v -0.19888850 -0.04490064 -0.02700000
v -0.19874747 -0.04544230 -0.02700000
v -0.20519352 -0.01316847 -0.02700000
v -0.20500705 -0.01264072 -0.02700000
v -0.20473408 -0.01215208 -0.02700000
v -0.20296632 -0.01084465 -0.02700000
v -0.20241916 -0.01072673 -0.02700000
v -0.20396229 -0.04865319 -0.02700000
v -0.20438246 -0.04828340 -0.02700000
v -0.20473408 -0.04784792 -0.02700000
v -0.20185994 -0.04270297 -0.02700000
v -0.20130476 -0.04277407 -0.02700000
v -0.20185994 -0.01729702 -0.02700000
v -0.20076957 -0.04293796 -0.02700000
v -0.20130476 -0.01722593 -0.02700000
v -0.20026979 -0.04318995 -0.02700000
v -0.19981977 -0.04352278 -0.02700000
v -0.20500705 -0.04735927 -0.02700000
v -0.20519352 -0.04683153 -0.02700000
v -0.20528811 -0.04627986 -0.02700000
v -0.20396229 -0.01665319 -0.02700000
v -0.20241916 -0.04272673 -0.02700000
v -0.20348567 -0.01694666 -0.02700000
v -0.20296632 -0.01715535 -0.02700000
v -0.20473408 -0.04415208 -0.02700000
v -0.20438246 -0.04371660 -0.02700000
v -0.20241916 -0.01727327 -0.02700000
v -0.20438246 -0.01628340 -0.02700000
v -0.20473408 -0.01584792 -0.02700000
v -0.20500705 -0.01535927 -0.02700000
v -0.20528811 -0.04572014 -0.02700000
v -0.20519352 -0.04516847 -0.02700000
v -0.20500705 -0.04464073 -0.02700000
v -0.20296632 -0.04284465 -0.02700000
v -0.20396229 -0.04334681 -0.02700000
v -0.20348567 -0.04305334 -0.02700000
v -0.20519352 -0.01483153 -0.02700000
v -0.20528811 -0.01427986 -0.02700000
v -0.20528811 -0.01372014 -0.02700000
v -0.20348567 -0.01105334 -0.04320000
v -0.20396229 -0.01134681 -0.04320000
v -0.20296632 -0.01084465 -0.04320000
v -0.20438246 -0.01171660 -0.04320000
v -0.20473408 -0.01215208 -0.04320000
v -0.20500705 -0.01264072 -0.04320000
v -0.20519352 -0.04683153 -0.04320000
v -0.20528811 -0.04627986 -0.04320000
v -0.20528811 -0.04572014 -0.04320000
v -0.20500705 -0.04735927 -0.04320000
v -0.20473408 -0.04784792 -0.04320000
v -0.20438246 -0.04828340 -0.04320000
v -0.20396229 -0.04865319 -0.04320000
v -0.20348567 -0.04894665 -0.04320000
v -0.20296632 -0.04915535 -0.04320000
v -0.20519352 -0.01316847 -0.04320000
v -0.20528811 -0.01372014 -0.04320000
v -0.20528811 -0.01427986 -0.04320000
v -0.20396229 -0.04334681 -0.04320000
v -0.20438246 -0.04371660 -0.04320000
v -0.20241916 -0.04927327 -0.04320000
v -0.20185994 -0.04929703 -0.04320000
v -0.20473408 -0.01584792 -0.04320000
v -0.20438246 -0.01628340 -0.04320000
v -0.20076957 -0.04293796 -0.04320000
v -0.20130476 -0.04922593 -0.04320000
v -0.20076957 -0.04906203 -0.04320000
v -0.20026979 -0.04881005 -0.04320000
v -0.19981977 -0.04847722 -0.04320000
v -0.19943248 -0.04807313 -0.04320000
v -0.19911905 -0.04760939 -0.04320000
v -0.20396229 -0.01665319 -0.04320000
v -0.20348567 -0.01694666 -0.04320000
v -0.20296632 -0.01715535 -0.04320000
v -0.20130476 -0.04277407 -0.04320000
v -0.20185994 -0.04270297 -0.04320000
v -0.20519352 -0.01483153 -0.04320000
v -0.20241916 -0.04272673 -0.04320000
v -0.20296632 -0.04284465 -0.04320000
v -0.20348567 -0.04305334 -0.04320000
v -0.19888850 -0.04709936 -0.04320000
v -0.19874747 -0.04655770 -0.04320000
v -0.19870000 -0.04600000 -0.04320000
v -0.19943248 -0.01607312 -0.04320000
v -0.19981977 -0.01647722 -0.04320000
v -0.20026979 -0.01681005 -0.04320000
v -0.20500705 -0.01535927 -0.04320000
v -0.19911905 -0.01239061 -0.04320000
v -0.19943248 -0.01192687 -0.04320000
v -0.20076957 -0.01093797 -0.04320000
v -0.20130476 -0.01077407 -0.04320000
v -0.20185994 -0.01070297 -0.04320000
v -0.20241916 -0.01072673 -0.04320000
v -0.20473408 -0.04415208 -0.04320000
v -0.20500705 -0.04464073 -0.04320000
v -0.20519352 -0.04516847 -0.04320000
v -0.19943248 -0.04392687 -0.04320000
v -0.20076957 -0.01706203 -0.04320000
v -0.19981977 -0.04352278 -0.04320000
v -0.20026979 -0.04318995 -0.04320000
v -0.19911905 -0.01560939 -0.04320000
v -0.19888850 -0.01509936 -0.04320000
v -0.19874747 -0.01455770 -0.04320000
v -0.19870000 -0.01400000 -0.04320000
v -0.19874747 -0.01344230 -0.04320000
v -0.19888850 -0.01290064 -0.04320000
v -0.19981977 -0.01152278 -0.04320000
v -0.20026979 -0.01118995 -0.04320000
v -0.19874747 -0.04544230 -0.04320000
v -0.19888850 -0.04490064 -0.04320000
v -0.19911905 -0.04439061 -0.04320000
v -0.20241916 -0.01727327 -0.04320000
v -0.20185994 -0.01729702 -0.04320000
v -0.20130476 -0.01722593 -0.04320000
v 0.11000000 -0.05250000 -0.02700000
v 0.09000000 -0.05250000 -0.02700000
v 0.11000000 -0.05250000 -0.04320000
v 0.09000000 -0.05250000 -0.04320000
v 0.11000000 -0.00750000 -0.02700000
v 0.11000000 -0.00750000 -0.04320000
v 0.09000000 -0.00750000 -0.02700000
v 0.09000000 -0.00750000 -0.04320000
v 0.10330000 -0.04600000 -0.02700000
v 0.10325253 -0.04655770 -0.02700000
v 0.10014006 -0.01070297 -0.02700000
v 0.10069524 -0.01077407 -0.02700000
v 0.10123043 -0.01093797 -0.02700000
v 0.10311150 -0.04709936 -0.02700000
v 0.10288095 -0.04760939 -0.02700000
v 0.10256752 -0.04807313 -0.02700000
v 0.10218023 -0.04847722 -0.02700000
v 0.10173021 -0.04881005 -0.02700000
v 0.10123043 -0.04906203 -0.02700000
v 0.10173021 -0.01118995 -0.02700000
v 0.10218023 -0.01152278 -0.02700000
v 0.10256752 -0.01192687 -0.02700000
v 0.10256752 -0.04392687 -0.02700000
v 0.10173021 -0.01681005 -0.02700000
v 0.10123043 -0.01706203 -0.02700000
v 0.09903368 -0.04915535 -0.02700000
v 0.09851433 -0.04894665 -0.02700000
v 0.10288095 -0.01560939 -0.02700000
v 0.10256752 -0.01607312 -0.02700000
v 0.10218023 -0.01647722 -0.02700000
v 0.10069524 -0.04922593 -0.02700000
v 0.10014006 -0.04929703 -0.02700000
v 0.09958084 -0.04927327 -0.02700000
v 0.10288095 -0.01239061 -0.02700000
v 0.10311150 -0.01290064 -0.02700000
v 0.10325253 -0.01344230 -0.02700000
v 0.10330000 -0.01400000 -0.02700000
v 0.10325253 -0.01455770 -0.02700000
v 0.10311150 -0.01509936 -0.02700000
v 0.09761754 -0.01171660 -0.02700000
v 0.09803771 -0.01134681 -0.02700000
v 0.09851433 -0.01105334 -0.02700000
v 0.10288095 -0.04439061 -0.02700000
v 0.10311150 -0.04490064 -0.02700000
v 0.10325253 -0.04544230 -0.02700000
v 0.09680648 -0.01316847 -0.02700000
v 0.09699295 -0.01264072 -0.02700000
v 0.09726592 -0.01215208 -0.02700000
v 0.09903368 -0.01084465 -0.02700000
v 0.09958084 -0.01072673 -0.02700000
v 0.09803771 -0.04865319 -0.02700000
v 0.09761754 -0.04828340 -0.02700000
v 0.09726592 -0.04784792 -0.02700000
v 0.10014006 -0.04270297 -0.02700000
v 0.10069524 -0.04277407 -0.02700000
v 0.10014006 -0.01729702 -0.02700000
v 0.10123043 -0.04293796 -0.02700000
v 0.10069524 -0.01722593 -0.02700000
v 0.10173021 -0.04318995 -0.02700000
v 0.10218023 -0.04352278 -0.02700000
v 0.09699295 -0.04735927 -0.02700000
v 0.09680648 -0.04683153 -0.02700000
v 0.09671189 -0.04627986 -0.02700000
v 0.09803771 -0.01665319 -0.02700000
v 0.09958084 -0.04272673 -0.02700000
v 0.09851433 -0.01694666 -0.02700000
v 0.09903368 -0.01715535 -0.02700000
v 0.09726592 -0.04415208 -0.02700000
v 0.09761754 -0.04371660 -0.02700000
v 0.09958084 -0.01727327 -0.02700000
v 0.09761754 -0.01628340 -0.02700000
v 0.09726592 -0.01584792 -0.02700000
v 0.09699295 -0.01535927 -0.02700000
v 0.09671189 -0.04572014 -0.02700000
v 0.09680648 -0.04516847 -0.02700000
v 0.09699295 -0.04464073 -0.02700000
v 0.09903368 -0.04284465 -0.02700000
v 0.09803771 -0.04334681 -0.02700000
v 0.09851433 -0.04305334 -0.02700000
v 0.09680648 -0.01483153 -0.02700000
v 0.09671189 -0.01427986 -0.02700000
v 0.09671189 -0.01372014 -0.02700000
v 0.09851433 -0.01105334 -0.04320000
v 0.09803771 -0.01134681 -0.04320000
v 0.09903368 -0.01084465 -0.04320000
v 0.09761754 -0.01171660 -0.04320000
v 0.09726592 -0.01215208 -0.04320000
v 0.09699295 -0.01264072 -0.04320000
v 0.09680648 -0.04683153 -0.04320000
v 0.09671189 -0.04627986 -0.04320000
v 0.09671189 -0.04572014 -0.04320000
v 0.09699295 -0.04735927 -0.04320000
v 0.09726592 -0.04784792 -0.04320000
v 0.09761754 -0.04828340 -0.04320000
v 0.09803771 -0.04865319 -0.04320000
v 0.09851433 -0.04894665 -0.04320000
v 0.09903368 -0.04915535 -0.04320000
v 0.09680648 -0.01316847 -0.04320000
v 0.09671189 -0.01372014 -0.04320000
v 0.09671189 -0.01427986 -0.04320000
v 0.09803771 -0.04334681 -0.04320000
v 0.09761754 -0.04371660 -0.04320000
v 0.09958084 -0.04927327 -0.04320000
v 0.10014006 -0.04929703 -0.04320000
v 0.09726592 -0.01584792 -0.04320000
v 0.09761754 -0.01628340 -0.04320000
v 0.10123043 -0.04293796 -0.04320000
v 0.10069524 -0.04922593 -0.04320000
v 0.10123043 -0.04906203 -0.04320000
v 0.10173021 -0.04881005 -0.04320000
v 0.10218023 -0.04847722 -0.04320000
v 0.10256752 -0.04807313 -0.04320000
v 0.10288095 -0.04760939 -0.04320000
v 0.09803771 -0.01665319 -0.04320000
v 0.09851433 -0.01694666 -0.04320000
v 0.09903368 -0.01715535 -0.04320000
v 0.10069524 -0.04277407 -0.04320000
v 0.10014006 -0.04270297 -0.04320000
v 0.09680648 -0.01483153 -0.04320000
v 0.09958084 -0.04272673 -0.04320000
v 0.09903368 -0.04284465 -0.04320000
v 0.09851433 -0.04305334 -0.04320000
v 0.10311150 -0.04709936 -0.04320000
v 0.10325253 -0.04655770 -0.04320000
v 0.10330000 -0.04600000 -0.04320000
v 0.10256752 -0.01607312 -0.04320000
v 0.10218023 -0.01647722 -0.04320000
v 0.10173021 -0.01681005 -0.04320000
v 0.09699295 -0.01535927 -0.04320000
v 0.10288095 -0.01239061 -0.04320000
v 0.10256752 -0.01192687 -0.04320000
v 0.10123043 -0.01093797 -0.04320000
v 0.10069524 -0.01077407 -0.04320000
v 0.10014006 -0.01070297 -0.04320000
v 0.09958084 -0.01072673 -0.04320000
v 0.09726592 -0.04415208 -0.04320000
v 0.09699295 -0.04464073 -0.04320000
v 0.09680648 -0.04516847 -0.04320000
v 0.10256752 -0.04392687 -0.04320000
v 0.10123043 -0.01706203 -0.04320000
v 0.10218023 -0.04352278 -0.04320000
v 0.10173021 -0.04318995 -0.04320000
v 0.10288095 -0.01560939 -0.04320000
v 0.10311150 -0.01509936 -0.04320000
v 0.10325253 -0.01455770 -0.04320000
v 0.10330000 -0.01400000 -0.04320000
v 0.10325253 -0.01344230 -0.04320000
v 0.10311150 -0.01290064 -0.04320000
v 0.10218023 -0.01152278 -0.04320000
v 0.10173021 -0.01118995 -0.04320000
v 0.10325253 -0.04544230 -0.04320000
v 0.10311150 -0.04490064 -0.04320000
v 0.10288095 -0.04439061 -0.04320000
v 0.09958084 -0.01727327 -0.04320000
v 0.10014006 -0.01729702 -0.04320000
v 0.10069524 -0.01722593 -0.04320000
v -0.49400000 0.00750000 -0.02700000
v -0.51400000 0.00750000 -0.02700000
v -0.49400000 0.00750000 -0.04320000
v -0.51400000 0.00750000 -0.04320000
v -0.49400000 0.05250000 -0.02700000
v -0.49400000 0.05250000 -0.04320000
v -0.51400000 0.05250000 -0.02700000
v -0.51400000 0.05250000 -0.04320000
v -0.50070000 0.01400000 -0.02700000
v -0.50074747 0.01344230 -0.02700000
v -0.50385994 0.04929703 -0.02700000
v -0.50330476 0.04922593 -0.02700000
v -0.50276957 0.04906203 -0.02700000
v -0.50088850 0.01290064 -0.02700000
v -0.50111905 0.01239061 -0.02700000
v -0.50143248 0.01192687 -0.02700000
v -0.50181977 0.01152278 -0.02700000
v -0.50226979 0.01118995 -0.02700000
v -0.50276957 0.01093797 -0.02700000
v -0.50226979 0.04881005 -0.02700000
v -0.50181977 0.04847722 -0.02700000
v -0.50143248 0.04807313 -0.02700000
v -0.50143248 0.01607313 -0.02700000
v -0.50226979 0.04318995 -0.02700000
v -0.50276957 0.04293797 -0.02700000
v -0.50496632 0.01084465 -0.02700000
v -0.50548567 0.01105335 -0.02700000
v -0.50111905 0.04439061 -0.02700000
v -0.50143248 0.04392688 -0.02700000
v -0.50181977 0.04352278 -0.02700000
v -0.50330476 0.01077407 -0.02700000
v -0.50385994 0.01070297 -0.02700000
v -0.50441916 0.01072673 -0.02700000
v -0.50111905 0.04760939 -0.02700000
v -0.50088850 0.04709936 -0.02700000
v -0.50074747 0.04655770 -0.02700000
v -0.50070000 0.04600000 -0.02700000
v -0.50074747 0.04544230 -0.02700000
v -0.50088850 0.04490064 -0.02700000
v -0.50638246 0.04828340 -0.02700000
v -0.50596229 0.04865319 -0.02700000
v -0.50548567 0.04894666 -0.02700000
v -0.50111905 0.01560939 -0.02700000
v -0.50088850 0.01509936 -0.02700000
v -0.50074747 0.01455770 -0.02700000
v -0.50719352 0.04683153 -0.02700000
v -0.50700705 0.04735928 -0.02700000
v -0.50673408 0.04784792 -0.02700000
v -0.50496632 0.04915535 -0.02700000
v -0.50441916 0.04927327 -0.02700000
v -0.50596229 0.01134681 -0.02700000
v -0.50638246 0.01171660 -0.02700000
v -0.50673408 0.01215208 -0.02700000
v -0.50385994 0.01729703 -0.02700000
v -0.50330476 0.01722593 -0.02700000
v -0.50385994 0.04270298 -0.02700000
v -0.50276957 0.01706204 -0.02700000
v -0.50330476 0.04277407 -0.02700000
v -0.50226979 0.01681005 -0.02700000
v -0.50181977 0.01647722 -0.02700000
v -0.50700705 0.01264073 -0.02700000
v -0.50719352 0.01316847 -0.02700000
v -0.50728811 0.01372014 -0.02700000
v -0.50596229 0.04334681 -0.02700000
v -0.50441916 0.01727327 -0.02700000
v -0.50548567 0.04305334 -0.02700000
v -0.50496632 0.04284465 -0.02700000
v -0.50673408 0.01584792 -0.02700000
v -0.50638246 0.01628340 -0.02700000
v -0.50441916 0.04272673 -0.02700000
v -0.50638246 0.04371660 -0.02700000
v -0.50673408 0.04415208 -0.02700000
v -0.50700705 0.04464073 -0.02700000
v -0.50728811 0.01427986 -0.02700000
v -0.50719352 0.01483153 -0.02700000
v -0.50700705 0.01535927 -0.02700000
v -0.50496632 0.01715535 -0.02700000
v -0.50596229 0.01665319 -0.02700000
v -0.50548567 0.01694666 -0.02700000
v -0.50719352 0.04516847 -0.02700000
v -0.50728811 0.04572014 -0.02700000
v -0.50728811 0.04627986 -0.02700000
v -0.50548567 0.04894666 -0.04320000
v -0.50596229 0.04865319 -0.04320000
v -0.50496632 0.04915535 -0.04320000
v -0.50638246 0.04828340 -0.04320000
v -0.50673408 0.04784792 -0.04320000
v -0.50700705 0.04735928 -0.04320000
v -0.50719352 0.01316847 -0.04320000
v -0.50728811 0.01372014 -0.04320000
v -0.50728811 0.01427986 -0.04320000
v -0.50700705 0.01264073 -0.04320000
v -0.50673408 0.01215208 -0.04320000
v -0.50638246 0.01171660 -0.04320000
v -0.50596229 0.01134681 -0.04320000
v -0.50548567 0.01105335 -0.04320000
v -0.50496632 0.01084465 -0.04320000
v -0.50719352 0.04683153 -0.04320000
v -0.50728811 0.04627986 -0.04320000
v -0.50728811 0.04572014 -0.04320000
v -0.50596229 0.01665319 -0.04320000
v -0.50638246 0.01628340 -0.04320000
v -0.50441916 0.01072673 -0.04320000
v -0.50385994 0.01070297 -0.04320000
v -0.50673408 0.04415208 -0.04320000
v -0.50638246 0.04371660 -0.04320000
v -0.50276957 0.01706204 -0.04320000
v -0.50330476 0.01077407 -0.04320000
v -0.50276957 0.01093797 -0.04320000
v -0.50226979 0.01118995 -0.04320000
v -0.50181977 0.01152278 -0.04320000
v -0.50143248 0.01192687 -0.04320000
v -0.50111905 0.01239061 -0.04320000
v -0.50596229 0.04334681 -0.04320000
v -0.50548567 0.04305334 -0.04320000
v -0.50496632 0.04284465 -0.04320000
v -0.50330476 0.01722593 -0.04320000
v -0.50385994 0.01729703 -0.04320000
v -0.50719352 0.04516847 -0.04320000
v -0.50441916 0.01727327 -0.04320000
v -0.50496632 0.01715535 -0.04320000
v -0.50548567 0.01694666 -0.04320000
v -0.50088850 0.01290064 -0.04320000
v -0.50074747 0.01344230 -0.04320000
v -0.50070000 0.01400000 -0.04320000
v -0.50143248 0.04392688 -0.04320000
v -0.50181977 0.04352278 -0.04320000
v -0.50226979 0.04318995 -0.04320000
v -0.50700705 0.04464073 -0.04320000
v -0.50111905 0.04760939 -0.04320000
v -0.50143248 0.04807313 -0.04320000
v -0.50276957 0.04906203 -0.04320000
v -0.50330476 0.04922593 -0.04320000
v -0.50385994 0.04929703 -0.04320000
v -0.50441916 0.04927327 -0.04320000
v -0.50673408 0.01584792 -0.04320000
v -0.50700705 0.01535927 -0.04320000
v -0.50719352 0.01483153 -0.04320000
v -0.50143248 0.01607313 -0.04320000
v -0.50276957 0.04293797 -0.04320000
v -0.50181977 0.01647722 -0.04320000
v -0.50226979 0.01681005 -0.04320000
v -0.50111905 0.04439061 -0.04320000
v -0.50088850 0.04490064 -0.04320000
v -0.50074747 0.04544230 -0.04320000
v -0.50070000 0.04600000 -0.04320000
v -0.50074747 0.04655770 -0.04320000
v -0.50088850 0.04709936 -0.04320000
v -0.50181977 0.04847722 -0.04320000
v -0.50226979 0.04881005 -0.04320000
v -0.50074747 0.01455770 -0.04320000
v -0.50088850 0.01509936 -0.04320000
v -0.50111905 0.01560939 -0.04320000
v -0.50441916 0.04272673 -0.04320000
v -0.50385994 0.04270298 -0.04320000
v -0.50330476 0.04277407 -0.04320000
v 0.11000000 0.00750000 -0.02700000
v 0.09000000 0.00750000 -0.02700000
v 0.11000000 0.00750000 -0.04320000
v 0.09000000 0.00750000 -0.04320000
v 0.11000000 0.05250000 -0.02700000
v 0.11000000 0.05250000 -0.04320000
v 0.09000000 0.05250000 -0.02700000
v 0.09000000 0.05250000 -0.04320000
v 0.10330000 0.01400000 -0.02700000
v 0.10325253 0.01344230 -0.02700000
v 0.10014006 0.04929703 -0.02700000
v 0.10069524 0.04922593 -0.02700000
v 0.10123043 0.04906203 -0.02700000
v 0.10311150 0.01290064 -0.02700000
v 0.10288095 0.01239061 -0.02700000
v 0.10256752 0.01192687 -0.02700000
v 0.10218023 0.01152278 -0.02700000
v 0.10173021 0.01118995 -0.02700000
v 0.10123043 0.01093797 -0.02700000
v 0.10173021 0.04881005 -0.02700000
v 0.10218023 0.04847722 -0.02700000
v 0.10256752 0.04807313 -0.02700000
v 0.10256752 0.01607313 -0.02700000
v 0.10173021 0.04318995 -0.02700000
v 0.10123043 0.04293797 -0.02700000
v 0.09903368 0.01084465 -0.02700000
v 0.09851433 0.01105335 -0.02700000
v 0.10288095 0.04439061 -0.02700000
v 0.10256752 0.04392688 -0.02700000
v 0.10218023 0.04352278 -0.02700000
v 0.10069524 0.01077407 -0.02700000
v 0.10014006 0.01070297 -0.02700000
v 0.09958084 0.01072673 -0.02700000
v 0.10288095 0.04760939 -0.02700000
v 0.10311150 0.04709936 -0.02700000
v 0.10325253 0.04655770 -0.02700000
v 0.10330000 0.04600000 -0.02700000
v 0.10325253 0.04544230 -0.02700000
v 0.10311150 0.04490064 -0.02700000
v 0.09761754 0.04828340 -0.02700000
v 0.09803771 0.04865319 -0.02700000
v 0.09851433 0.04894666 -0.02700000
v 0.10288095 0.01560939 -0.02700000
v 0.10311150 0.01509936 -0.02700000
v 0.10325253 0.01455770 -0.02700000
v 0.09680648 0.04683153 -0.02700000
v 0.09699295 0.04735928 -0.02700000
v 0.09726592 0.04784792 -0.02700000
v 0.09903368 0.04915535 -0.02700000
v 0.09958084 0.04927327 -0.02700000
v 0.09803771 0.01134681 -0.02700000
v 0.09761754 0.01171660 -0.02700000
v 0.09726592 0.01215208 -0.02700000
v 0.10014006 0.01729703 -0.02700000
v 0.10069524 0.01722593 -0.02700000
v 0.10014006 0.04270298 -0.02700000
v 0.10123043 0.01706204 -0.02700000
v 0.10069524 0.04277407 -0.02700000
v 0.10173021 0.01681005 -0.02700000
v 0.10218023 0.01647722 -0.02700000
v 0.09699295 0.01264073 -0.02700000
v 0.09680648 0.01316847 -0.02700000
v 0.09671189 0.01372014 -0.02700000
v 0.09803771 0.04334681 -0.02700000
v 0.09958084 0.01727327 -0.02700000
v 0.09851433 0.04305334 -0.02700000
v 0.09903368 0.04284465 -0.02700000
v 0.09726592 0.01584792 -0.02700000
v 0.09761754 0.01628340 -0.02700000
v 0.09958084 0.04272673 -0.02700000
v 0.09761754 0.04371660 -0.02700000
v 0.09726592 0.04415208 -0.02700000
v 0.09699295 0.04464073 -0.02700000
v 0.09671189 0.01427986 -0.02700000
v 0.09680648 0.01483153 -0.02700000
v 0.09699295 0.01535927 -0.02700000
v 0.09903368 0.01715535 -0.02700000
v 0.09803771 0.01665319 -0.02700000
v 0.09851433 0.01694666 -0.02700000
v 0.09680648 0.04516847 -0.02700000
v 0.09671189 0.04572014 -0.02700000
v 0.09671189 0.04627986 -0.02700000
v 0.09851433 0.04894666 -0.04320000
v 0.09803771 0.04865319 -0.04320000
v 0.09903368 0.04915535 -0.04320000
v 0.09761754 0.04828340 -0.04320000
v 0.09726592 0.04784792 -0.04320000
v 0.09699295 0.04735928 -0.04320000
v 0.09680648 0.01316847 -0.04320000
v 0.09671189 0.01372014 -0.04320000
v 0.09671189 0.01427986 -0.04320000
v 0.09699295 0.01264073 -0.04320000
v 0.09726592 0.01215208 -0.04320000
v 0.09761754 0.01171660 -0.04320000
v 0.09803771 0.01134681 -0.04320000
v 0.09851433 0.01105335 -0.04320000
v 0.09903368 0.01084465 -0.04320000
v 0.09680648 0.04683153 -0.04320000
v 0.09671189 0.04627986 -0.04320000
v 0.09671189 0.04572014 -0.04320000
v 0.09803771 0.01665319 -0.04320000
v 0.09761754 0.01628340 -0.04320000
v 0.09958084 0.01072673 -0.04320000
v 0.10014006 0.01070297 -0.04320000
v 0.09726592 0.04415208 -0.04320000
v 0.09761754 0.04371660 -0.04320000
v 0.10123043 0.01706204 -0.04320000
v 0.10069524 0.01077407 -0.04320000
v 0.10123043 0.01093797 -0.04320000
v 0.10173021 0.01118995 -0.04320000
v 0.10218023 0.01152278 -0.04320000
v 0.10256752 0.01192687 -0.04320000
v 0.10288095 0.01239061 -0.04320000
v 0.09803771 0.04334681 -0.04320000
v 0.09851433 0.04305334 -0.04320000
v 0.09903368 0.04284465 -0.04320000
v 0.10069524 0.01722593 -0.04320000
v 0.10014006 0.01729703 -0.04320000
v 0.09680648 0.04516847 -0.04320000
v 0.09958084 0.01727327 -0.04320000
v 0.09903368 0.01715535 -0.04320000
v 0.09851433 0.01694666 -0.04320000
v 0.10311150 0.01290064 -0.04320000
v 0.10325253 0.01344230 -0.04320000
v 0.10330000 0.01400000 -0.04320000
v 0.10256752 0.04392688 -0.04320000
v 0.10218023 0.04352278 -0.04320000
v 0.10173021 0.04318995 -0.04320000
v 0.09699295 0.04464073 -0.04320000
v 0.10288095 0.04760939 -0.04320000
v 0.10256752 0.04807313 -0.04320000
v 0.10123043 0.04906203 -0.04320000
v 0.10069524 0.04922593 -0.04320000
v 0.10014006 0.04929703 -0.04320000
v 0.09958084 0.04927327 -0.04320000
v 0.09726592 0.01584792 -0.04320000
v 0.09699295 0.01535927 -0.04320000
v 0.09680648 0.01483153 -0.04320000
v 0.10256752 0.01607313 -0.04320000
v 0.10123043 0.04293797 -0.04320000
v 0.10218023 0.01647722 -0.04320000
v 0.10173021 0.01681005 -0.04320000
v 0.10288095 0.04439061 -0.04320000
v 0.10311150 0.04490064 -0.04320000
v 0.10325253 0.04544230 -0.04320000
v 0.10330000 0.04600000 -0.04320000
v 0.10325253 0.04655770 -0.04320000
v 0.10311150 0.04709936 -0.04320000
v 0.10218023 0.04847722 -0.04320000
v 0.10173021 0.04881005 -0.04320000
v 0.10325253 0.01455770 -0.04320000
v 0.10311150 0.01509936 -0.04320000
v 0.10288095 0.01560939 -0.04320000
v 0.09958084 0.04272673 -0.04320000
v 0.10014006 0.04270298 -0.04320000
v 0.10069524 0.04277407 -0.04320000
v -0.19200000 0.00750000 -0.02700000
v -0.21200000 0.00750000 -0.02700000
v -0.19200000 0.00750000 -0.04320000
v -0.21200000 0.00750000 -0.04320000
v -0.19200000 0.05250000 -0.02700000
v -0.19200000 0.05250000 -0.04320000
v -0.21200000 0.05250000 -0.02700000
v -0.21200000 0.05250000 -0.04320000
v -0.19870000 0.01400000 -0.02700000
v -0.19874747 0.01344230 -0.02700000
v -0.20185994 0.04929703 -0.02700000
v -0.20130476 0.04922593 -0.02700000
v -0.20076957 0.04906203 -0.02700000
v -0.19888850 0.01290064 -0.02700000
v -0.19911905 0.01239061 -0.02700000
v -0.19943248 0.01192687 -0.02700000
v -0.19981977 0.01152278 -0.02700000
v -0.20026979 0.01118995 -0.02700000
v -0.20076957 0.01093797 -0.02700000
v -0.20026979 0.04881005 -0.02700000
v -0.19981977 0.04847722 -0.02700000
v -0.19943248 0.04807313 -0.02700000
v -0.19943248 0.01607313 -0.02700000
v -0.20026979 0.04318995 -0.02700000
v -0.20076957 0.04293797 -0.02700000
v -0.20296632 0.01084465 -0.02700000
v -0.20348567 0.01105335 -0.02700000
v -0.19911905 0.04439061 -0.02700000
v -0.19943248 0.04392688 -0.02700000
v -0.19981977 0.04352278 -0.02700000
v -0.20130476 0.01077407 -0.02700000
v -0.20185994 0.01070297 -0.02700000
v -0.20241916 0.01072673 -0.02700000
v -0.19911905 0.04760939 -0.02700000
v -0.19888850 0.04709936 -0.02700000
v -0.19874747 0.04655770 -0.02700000
v -0.19870000 0.04600000 -0.02700000
v -0.19874747 0.04544230 -0.02700000
v -0.19888850 0.04490064 -0.02700000
v -0.20438246 0.04828340 -0.02700000
v -0.20396229 0.04865319 -0.02700000
v -0.20348567 0.04894666 -0.02700000
v -0.19911905 0.01560939 -0.02700000
v -0.19888850 0.01509936 -0.02700000
v -0.19874747 0.01455770 -0.02700000
v -0.20519352 0.04683153 -0.02700000
v -0.20500705 0.04735928 -0.02700000
v -0.20473408 0.04784792 -0.02700000
v -0.20296632 0.04915535 -0.02700000
v -0.20241916 0.04927327 -0.02700000
v -0.20396229 0.01134681 -0.02700000
v -0.20438246 0.01171660 -0.02700000
v -0.20473408 0.01215208 -0.02700000
v -0.20185994 0.01729703 -0.02700000
v -0.20130476 0.01722593 -0.02700000
v -0.20185994 0.04270298 -0.02700000
v -0.20076957 0.01706204 -0.02700000
v -0.20130476 0.04277407 -0.02700000
v -0.20026979 0.01681005 -0.02700000
v -0.19981977 0.01647722 -0.02700000
v -0.20500705 0.01264073 -0.02700000
v -0.20519352 0.01316847 -0.02700000
v -0.20528811 0.01372014 -0.02700000
v -0.20396229 0.04334681 -0.02700000
v -0.20241916 0.01727327 -0.02700000
v -0.20348567 0.04305334 -0.02700000
v -0.20296632 0.04284465 -0.02700000
v -0.20473408 0.01584792 -0.02700000
v -0.20438246 0.01628340 -0.02700000
v -0.20241916 0.04272673 -0.02700000
v -0.20438246 0.04371660 -0.02700000
v -0.20473408 0.04415208 -0.02700000
v -0.20500705 0.04464073 -0.02700000
v -0.20528811 0.01427986 -0.02700000
v -0.20519352 0.01483153 -0.02700000
v -0.20500705 0.01535927 -0.02700000
v -0.20296632 0.01715535 -0.02700000
v -0.20396229 0.01665319 -0.02700000
v -0.20348567 0.01694666 -0.02700000
v -0.20519352 0.04516847 -0.02700000
v -0.20528811 0.04572014 -0.02700000
v -0.20528811 0.04627986 -0.02700000
v -0.20348567 0.04894666 -0.04320000
v -0.20396229 0.04865319 -0.04320000
v -0.20296632 0.04915535 -0.04320000
v -0.20438246 0.04828340 -0.04320000
v -0.20473408 0.04784792 -0.04320000
v -0.20500705 0.04735928 -0.04320000
v -0.20519352 0.01316847 -0.04320000
v -0.20528811 0.01372014 -0.04320000
v -0.20528811 0.01427986 -0.04320000
v -0.20500705 0.01264073 -0.04320000
v -0.20473408 0.01215208 -0.04320000
v -0.20438246 0.01171660 -0.04320000
v -0.20396229 0.01134681 -0.04320000
v -0.20348567 0.01105335 -0.04320000
v -0.20296632 0.01084465 -0.04320000
v -0.20519352 0.04683153 -0.04320000
v -0.20528811 0.04627986 -0.04320000
v -0.20528811 0.04572014 -0.04320000
v -0.20396229 0.01665319 -0.04320000
v -0.20438246 0.01628340 -0.04320000
v -0.20241916 0.01072673 -0.04320000
v -0.20185994 0.01070297 -0.04320000
v -0.20473408 0.04415208 -0.04320000
v -0.20438246 0.04371660 -0.04320000
v -0.20076957 0.01706204 -0.04320000
v -0.20130476 0.01077407 -0.04320000
v -0.20076957 0.01093797 -0.04320000
v -0.20026979 0.01118995 -0.04320000
v -0.19981977 0.01152278 -0.04320000
v -0.19943248 0.01192687 -0.04320000
v -0.19911905 0.01239061 -0.04320000
v -0.20396229 0.04334681 -0.04320000
v -0.20348567 0.04305334 -0.04320000
v -0.20296632 0.04284465 -0.04320000
v -0.20130476 0.01722593 -0.04320000
v -0.20185994 0.01729703 -0.04320000
v -0.20519352 0.04516847 -0.04320000
v -0.20241916 0.01727327 -0.04320000
v -0.20296632 0.01715535 -0.04320000
v -0.20348567 0.01694666 -0.04320000
v -0.19888850 0.01290064 -0.04320000
v -0.19874747 0.01344230 -0.04320000
v -0.19870000 0.01400000 -0.04320000
v -0.19943248 0.04392688 -0.04320000
v -0.19981977 0.04352278 -0.04320000
v -0.20026979 0.04318995 -0.04320000
v -0.20500705 0.04464073 -0.04320000
v -0.19911905 0.04760939 -0.04320000
v -0.19943248 0.04807313 -0.04320000
v -0.20076957 0.04906203 -0.04320000
v -0.20130476 0.04922593 -0.04320000
v -0.20185994 0.04929703 -0.04320000
v -0.20241916 0.04927327 -0.04320000
v -0.20473408 0.01584792 -0.04320000
v -0.20500705 0.01535927 -0.04320000
v -0.20519352 0.01483153 -0.04320000
v -0.19943248 0.01607313 -0.04320000
v -0.20076957 0.04293797 -0.04320000
v -0.19981977 0.01647722 -0.04320000
v -0.20026979 0.01681005 -0.04320000
v -0.19911905 0.04439061 -0.04320000
v -0.19888850 0.04490064 -0.04320000
v -0.19874747 0.04544230 -0.04320000
v -0.19870000 0.04600000 -0.04320000
v -0.19874747 0.04655770 -0.04320000
v -0.19888850 0.04709936 -0.04320000
v -0.19981977 0.04847722 -0.04320000
v -0.20026979 0.04881005 -0.04320000
v -0.19874747 0.01455770 -0.04320000
v -0.19888850 0.01509936 -0.04320000
v -0.19911905 0.01560939 -0.04320000
v -0.20241916 0.04272673 -0.04320000
v -0.20185994 0.04270298 -0.04320000
v -0.20130476 0.04277407 -0.04320000
v 0.76200000 0.03846352 -0.06414467
v 0.76200000 0.03831066 -0.06432365
v 0.76200000 0.03962308 -0.06519992
v 0.76200000 0.04045000 -0.04375000
v 0.76200000 0.04045000 -0.04320000
v 0.76200000 0.03962308 -0.04320000
v 0.76200000 0.02023215 -0.05120008
v 0.76200000 0.02037692 -0.05120008
v 0.76200000 0.02310355 -0.04832868
v 0.76200000 0.01100000 -0.04490000
v 0.76200000 0.01100000 -0.04467250
v 0.76200000 0.00800008 -0.04467250
v 0.76200000 0.00055000 -0.05365000
v 0.76200000 0.00055000 -0.05420000
v 0.76200000 0.00064750 -0.05420000
v 0.76200000 0.00055000 -0.06275000
v 0.76200000 -0.00000000 -0.06275000
v 0.76200000 -0.00000000 -0.06519992
v 0.76200000 0.01045000 -0.07265000
v 0.76200000 0.01100000 -0.07265000
v 0.76200000 0.01100000 -0.07172750
v 0.76200000 0.01050000 -0.07100000
v 0.76200000 0.00800008 -0.07100000
v 0.76200000 0.00800008 -0.07172750
v 0.76200000 0.04045000 -0.07265000
v 0.76200000 0.04100000 -0.07265000
v 0.76200000 0.04100000 -0.07172750
v 0.76200000 0.03976785 -0.06519992
v 0.76200000 0.03689645 -0.06807132
v 0.76200000 0.04900000 -0.07150000
v 0.76200000 0.04900000 -0.07172750
v 0.76200000 0.05199992 -0.07172750
v 0.76200000 0.05945000 -0.05365000
v 0.76200000 0.06000000 -0.05365000
v 0.76200000 0.06000000 -0.05120008
v 0.76200000 0.04955000 -0.04375000
v 0.76200000 0.04900000 -0.04375000
v 0.76200000 0.04900000 -0.04467250
v 0.76200000 0.04950000 -0.04540000
v 0.76200000 0.05199992 -0.04540000
v 0.76200000 0.05199992 -0.04467250
v 0.76200000 0.00198598 -0.04454394
v 0.76200000 0.00213856 -0.04450731
v 0.76200000 0.00203200 -0.04320000
v 0.76200000 0.00466043 -0.04450731
v 0.76200000 0.00800008 -0.04320000
v 0.76200000 0.00450400 -0.04449500
v 0.76200000 0.00229500 -0.04449500
v 0.76200000 0.00709549 -0.04542447
v 0.76200000 0.00717178 -0.04540616
v 0.76200000 0.00220000 -0.05370000
v 0.76200000 0.00220000 -0.05120008
v 0.76200000 0.00064750 -0.05120008
v 0.76200000 0.00220000 -0.05045000
v 0.76200000 0.00680450 -0.04820212
v 0.76200000 0.00677447 -0.04812963
v 0.76200000 0.00506902 -0.05004549
v 0.76200000 0.00481302 -0.04454394
v 0.76200000 0.00495799 -0.04460399
v 0.76200000 0.00509178 -0.04468598
v 0.76200000 0.00521111 -0.04478789
v 0.76200000 0.00684549 -0.04560611
v 0.76200000 0.00689645 -0.04554645
v 0.76200000 0.00545506 -0.04518598
v 0.76200000 0.00545506 -0.04801302
v 0.76200000 0.00539501 -0.04815799
v 0.76200000 0.00680450 -0.04567300
v 0.76200000 0.00158789 -0.04841111
v 0.76200000 0.00148598 -0.04829178
v 0.76200000 0.00140399 -0.04815799
v 0.76200000 0.00134394 -0.04801302
v 0.76200000 0.00531302 -0.04490721
v 0.76200000 0.00539501 -0.04504101
v 0.76200000 0.00695611 -0.04549549
v 0.76200000 0.00702301 -0.04545450
v 0.76200000 0.00229549 -0.05015611
v 0.76200000 0.00234645 -0.05009645
v 0.76200000 0.00240611 -0.05004549
v 0.76200000 0.00170721 -0.04851302
v 0.76200000 0.00481302 -0.04865506
v 0.76200000 0.00495799 -0.04859501
v 0.76200000 0.00509178 -0.04851302
v 0.76200000 0.00170721 -0.04468598
v 0.76200000 0.00064750 -0.04467250
v 0.76200000 0.00158789 -0.04478789
v 0.76200000 0.00148598 -0.04490721
v 0.76200000 0.00229500 -0.04870400
v 0.76200000 0.00213856 -0.04869169
v 0.76200000 0.00254549 -0.04997447
v 0.76200000 0.00531302 -0.04829178
v 0.76200000 0.00521111 -0.04841111
v 0.76200000 0.00130731 -0.04533857
v 0.76200000 0.00134394 -0.04518598
v 0.76200000 0.00140399 -0.04504101
v 0.76200000 0.00549169 -0.04786043
v 0.76200000 0.00675616 -0.04805334
v 0.76200000 0.00675000 -0.04797513
v 0.76200000 0.00677447 -0.04574549
v 0.76200000 0.00549169 -0.04533857
v 0.76200000 0.00675616 -0.04582178
v 0.76200000 0.00550400 -0.04549500
v 0.76200000 0.00675000 -0.04590000
v 0.76200000 0.00220616 -0.05037178
v 0.76200000 0.00222447 -0.05029549
v 0.76200000 0.00225450 -0.05022301
v 0.76200000 0.00247300 -0.05000450
v 0.76200000 0.00198598 -0.04865506
v 0.76200000 0.00184101 -0.04859501
v 0.76200000 0.00262178 -0.04995616
v 0.76200000 0.00270000 -0.04995000
v 0.76200000 0.00450400 -0.04870400
v 0.76200000 0.00477513 -0.04995000
v 0.76200000 0.00466043 -0.04869169
v 0.76200000 0.00485334 -0.04995616
v 0.76200000 0.00492963 -0.04997447
v 0.76200000 0.00500212 -0.05000450
v 0.76200000 0.00800008 -0.05120008
v 0.76200000 0.00689645 -0.04832868
v 0.76200000 0.00684549 -0.04826902
v 0.76200000 0.00550400 -0.04770400
v 0.76200000 0.00130731 -0.04786043
v 0.76200000 0.00129500 -0.04770400
v 0.76200000 0.00129500 -0.04549500
v 0.76200000 0.00521111 -0.07161211
v 0.76200000 0.00509178 -0.07171402
v 0.76200000 0.00545506 -0.07121402
v 0.76200000 0.00539501 -0.07135899
v 0.76200000 0.00531302 -0.07149278
v 0.76200000 0.00134394 -0.06838698
v 0.76200000 0.00140399 -0.06824201
v 0.76200000 0.00064750 -0.06519992
v 0.76200000 0.00148598 -0.06810821
v 0.76200000 0.00158789 -0.06798889
v 0.76200000 0.00684549 -0.06813098
v 0.76200000 0.00689645 -0.06807132
v 0.76200000 0.00539501 -0.06824201
v 0.76200000 0.00170721 -0.07171402
v 0.76200000 0.00158789 -0.07161211
v 0.76200000 0.00064750 -0.07172750
v 0.76200000 0.00148598 -0.07149278
v 0.76200000 0.00140399 -0.07135899
v 0.76200000 0.00134394 -0.07121402
v 0.76200000 0.00130731 -0.07106143
v 0.76200000 0.00709549 -0.07097553
v 0.76200000 0.00717178 -0.07099384
v 0.76200000 0.00725000 -0.07100000
v 0.76200000 0.00531302 -0.06810821
v 0.76200000 0.00702301 -0.07094550
v 0.76200000 0.00695611 -0.07090451
v 0.76200000 0.00689645 -0.07085355
v 0.76200000 0.00129500 -0.07090500
v 0.76200000 0.00129500 -0.06869600
v 0.76200000 0.00130731 -0.06853957
v 0.76200000 0.00800008 -0.06519992
v 0.76200000 0.00521111 -0.06798889
v 0.76200000 0.00509178 -0.06788698
v 0.76200000 0.00512868 -0.06630355
v 0.76200000 0.00506902 -0.06635451
v 0.76200000 0.00500212 -0.06639550
v 0.76200000 0.00492963 -0.06642553
v 0.76200000 0.00485334 -0.06644384
v 0.76200000 0.00466043 -0.06770831
v 0.76200000 0.00481302 -0.06774494
v 0.76200000 0.00495799 -0.06780499
v 0.76200000 0.00170721 -0.06788698
v 0.76200000 0.00234645 -0.06630355
v 0.76200000 0.00184101 -0.06780499
v 0.76200000 0.00240611 -0.06635451
v 0.76200000 0.00198598 -0.06774494
v 0.76200000 0.00229549 -0.06624389
v 0.76200000 0.00225450 -0.06617699
v 0.76200000 0.00222447 -0.06610451
v 0.76200000 0.00220616 -0.06602822
v 0.76200000 0.00684549 -0.07079389
v 0.76200000 0.00680450 -0.07072699
v 0.76200000 0.00549169 -0.07106143
v 0.76200000 0.00677447 -0.07065451
v 0.76200000 0.00550400 -0.07090500
v 0.76200000 0.00450400 -0.06769600
v 0.76200000 0.00477513 -0.06645000
v 0.76200000 0.00229500 -0.06769600
v 0.76200000 0.00270000 -0.06645000
v 0.76200000 0.00262178 -0.06644384
v 0.76200000 0.00213856 -0.06770831
v 0.76200000 0.00254549 -0.06642553
v 0.76200000 0.00247300 -0.06639550
v 0.76200000 0.00675616 -0.07057822
v 0.76200000 0.00675000 -0.07050000
v 0.76200000 0.00550400 -0.06869600
v 0.76200000 0.00675000 -0.06842487
v 0.76200000 0.00549169 -0.06853957
v 0.76200000 0.00675616 -0.06834666
v 0.76200000 0.00545506 -0.06838698
v 0.76200000 0.00677447 -0.06827036
v 0.76200000 0.00680450 -0.06819788
v 0.76200000 0.00184101 -0.07179601
v 0.76200000 0.00140408 -0.07310055
v 0.76200000 0.00198598 -0.07185606
v 0.76200000 0.00171413 -0.07317498
v 0.76200000 0.00213856 -0.07189269
v 0.76200000 0.00203200 -0.07320000
v 0.76200000 0.00229500 -0.07190500
v 0.76200000 0.00495799 -0.07179601
v 0.76200000 0.00481302 -0.07185606
v 0.76200000 0.00800008 -0.07320000
v 0.76200000 0.00466043 -0.07189269
v 0.76200000 0.00450400 -0.07190500
v 0.76200000 0.05801402 -0.07185606
v 0.76200000 0.05859592 -0.07310055
v 0.76200000 0.05815899 -0.07179601
v 0.76200000 0.05889051 -0.07297852
v 0.76200000 0.05829279 -0.07171402
v 0.76200000 0.05916238 -0.07281192
v 0.76200000 0.05940484 -0.07260484
v 0.76200000 0.05786143 -0.07189269
v 0.76200000 0.05796800 -0.07320000
v 0.76200000 0.05828587 -0.07317498
v 0.76200000 0.05961192 -0.07236238
v 0.76200000 0.05977853 -0.07209051
v 0.76200000 0.05990055 -0.07179592
v 0.76200000 0.05533957 -0.07189269
v 0.76200000 0.05199992 -0.07320000
v 0.76200000 0.05549600 -0.07190500
v 0.76200000 0.05770500 -0.07190500
v 0.76200000 0.05290451 -0.07097553
v 0.76200000 0.05282822 -0.07099384
v 0.76200000 0.05780000 -0.06519992
v 0.76200000 0.05780000 -0.06595000
v 0.76200000 0.06000000 -0.06519992
v 0.76200000 0.05779384 -0.06602822
v 0.76200000 0.05777553 -0.06610451
v 0.76200000 0.05851402 -0.06810821
v 0.76200000 0.05859600 -0.06824201
v 0.76200000 0.05759389 -0.06635451
v 0.76200000 0.05297699 -0.07094550
v 0.76200000 0.05490821 -0.07171402
v 0.76200000 0.05304389 -0.07090451
v 0.76200000 0.05478889 -0.07161211
v 0.76200000 0.05310355 -0.07085355
v 0.76200000 0.05765355 -0.06630355
v 0.76200000 0.05859600 -0.07135899
v 0.76200000 0.05851402 -0.07149278
v 0.76200000 0.05841211 -0.07161211
v 0.76200000 0.05504201 -0.07179601
v 0.76200000 0.05518699 -0.07185606
v 0.76200000 0.05319550 -0.06819788
v 0.76200000 0.05745451 -0.06642553
v 0.76200000 0.05737822 -0.06644384
v 0.76200000 0.05730000 -0.06645000
v 0.76200000 0.05522487 -0.06645000
v 0.76200000 0.05514666 -0.06644384
v 0.76200000 0.05468698 -0.07149278
v 0.76200000 0.05460499 -0.07135899
v 0.76200000 0.05319550 -0.07072699
v 0.76200000 0.05454494 -0.07121402
v 0.76200000 0.05322553 -0.07065451
v 0.76200000 0.05507037 -0.06642553
v 0.76200000 0.05499788 -0.06639550
v 0.76200000 0.05493098 -0.06635451
v 0.76200000 0.05865606 -0.07121402
v 0.76200000 0.05997498 -0.07148587
v 0.76200000 0.05869269 -0.07106143
v 0.76200000 0.06000000 -0.07116800
v 0.76200000 0.05870500 -0.07090500
v 0.76200000 0.05801402 -0.06774494
v 0.76200000 0.05815899 -0.06780499
v 0.76200000 0.05315451 -0.07079389
v 0.76200000 0.05199992 -0.06519992
v 0.76200000 0.05310355 -0.06807132
v 0.76200000 0.05315451 -0.06813098
v 0.76200000 0.05829279 -0.06788698
v 0.76200000 0.05841211 -0.06798889
v 0.76200000 0.05774550 -0.06617699
v 0.76200000 0.05865606 -0.06838698
v 0.76200000 0.05770451 -0.06624389
v 0.76200000 0.05869269 -0.06853957
v 0.76200000 0.05870500 -0.06869600
v 0.76200000 0.05468698 -0.06810821
v 0.76200000 0.05478889 -0.06798889
v 0.76200000 0.05490821 -0.06788698
v 0.76200000 0.05450831 -0.06853957
v 0.76200000 0.05324384 -0.06834666
v 0.76200000 0.05325000 -0.06842487
v 0.76200000 0.05786143 -0.06770831
v 0.76200000 0.05752699 -0.06639550
v 0.76200000 0.05770500 -0.06769600
v 0.76200000 0.05549600 -0.06769600
v 0.76200000 0.05449600 -0.06869600
v 0.76200000 0.05322553 -0.06827036
v 0.76200000 0.05454494 -0.06838698
v 0.76200000 0.05460499 -0.06824201
v 0.76200000 0.05504201 -0.06780499
v 0.76200000 0.05518699 -0.06774494
v 0.76200000 0.05533957 -0.06770831
v 0.76200000 0.05450831 -0.07106143
v 0.76200000 0.05449600 -0.07090500
v 0.76200000 0.05324384 -0.07057822
v 0.76200000 0.05325000 -0.07050000
v 0.76200000 0.05777553 -0.05029549
v 0.76200000 0.05779384 -0.05037178
v 0.76200000 0.05478889 -0.04478789
v 0.76200000 0.05490821 -0.04468598
v 0.76200000 0.05865606 -0.04801302
v 0.76200000 0.05859600 -0.04815799
v 0.76200000 0.05322553 -0.04812963
v 0.76200000 0.05319550 -0.04820212
v 0.76200000 0.05468698 -0.04829178
v 0.76200000 0.05324384 -0.04582178
v 0.76200000 0.05460499 -0.04815799
v 0.76200000 0.05322553 -0.04574549
v 0.76200000 0.05454494 -0.04801302
v 0.76200000 0.05319550 -0.04567300
v 0.76200000 0.05450831 -0.04786043
v 0.76200000 0.05841211 -0.04478789
v 0.76200000 0.05851402 -0.04490721
v 0.76200000 0.05990055 -0.04460408
v 0.76200000 0.05859600 -0.04504101
v 0.76200000 0.05997498 -0.04491413
v 0.76200000 0.05865606 -0.04518598
v 0.76200000 0.06000000 -0.04523200
v 0.76200000 0.05869269 -0.04533857
v 0.76200000 0.05315451 -0.04826902
v 0.76200000 0.05199992 -0.05120008
v 0.76200000 0.05478889 -0.04841111
v 0.76200000 0.05487132 -0.05009645
v 0.76200000 0.05493098 -0.05004549
v 0.76200000 0.05275000 -0.04540000
v 0.76200000 0.05282822 -0.04540616
v 0.76200000 0.05290451 -0.04542447
v 0.76200000 0.05297699 -0.04545450
v 0.76200000 0.05499788 -0.05000450
v 0.76200000 0.05507037 -0.04997447
v 0.76200000 0.05490821 -0.04851302
v 0.76200000 0.05514666 -0.04995616
v 0.76200000 0.05504201 -0.04859501
v 0.76200000 0.05304389 -0.04549549
v 0.76200000 0.05310355 -0.04554645
v 0.76200000 0.05468698 -0.04490721
v 0.76200000 0.05460499 -0.04504101
v 0.76200000 0.05870500 -0.04549500
v 0.76200000 0.05870500 -0.04770400
v 0.76200000 0.05869269 -0.04786043
v 0.76200000 0.05325000 -0.04590000
v 0.76200000 0.05325000 -0.04797513
v 0.76200000 0.05324384 -0.04805334
v 0.76200000 0.05851402 -0.04829178
v 0.76200000 0.05841211 -0.04841111
v 0.76200000 0.05829279 -0.04851302
v 0.76200000 0.05752699 -0.05000450
v 0.76200000 0.05759389 -0.05004549
v 0.76200000 0.05786143 -0.04869169
v 0.76200000 0.05765355 -0.05009645
v 0.76200000 0.05770451 -0.05015611
v 0.76200000 0.05770500 -0.04870400
v 0.76200000 0.05549600 -0.04870400
v 0.76200000 0.05522487 -0.04995000
v 0.76200000 0.05533957 -0.04869169
v 0.76200000 0.05518699 -0.04865506
v 0.76200000 0.05815899 -0.04859501
v 0.76200000 0.05801402 -0.04865506
v 0.76200000 0.05774550 -0.05022301
v 0.76200000 0.05730000 -0.04995000
v 0.76200000 0.05737822 -0.04995616
v 0.76200000 0.05745451 -0.04997447
v 0.76200000 0.05449600 -0.04770400
v 0.76200000 0.05449600 -0.04549500
v 0.76200000 0.05315451 -0.04560611
v 0.76200000 0.05450831 -0.04533857
v 0.76200000 0.05454494 -0.04518598
v 0.76200000 0.05504201 -0.04460399
v 0.76200000 0.05518699 -0.04454394
v 0.76200000 0.05199992 -0.04320000
v 0.76200000 0.05533957 -0.04450731
v 0.76200000 0.05796800 -0.04320000
v 0.76200000 0.05549600 -0.04449500
v 0.76200000 0.05770500 -0.04449500
v 0.76200000 0.05786143 -0.04450731
v 0.76200000 0.05828587 -0.04322502
v 0.76200000 0.05801402 -0.04454394
v 0.76200000 0.05859592 -0.04329945
v 0.76200000 0.05815899 -0.04460399
v 0.76200000 0.05829279 -0.04468598
v 0.76200000 0.05977853 -0.04430949
v 0.76200000 0.05961192 -0.04403762
v 0.76200000 0.05940484 -0.04379516
v 0.76200000 0.05916238 -0.04358808
v 0.76200000 0.05889051 -0.04342147
v 0.76200000 0.04165806 -0.05716008
v 0.76200000 0.04185227 -0.05666970
v 0.76200000 0.04049616 -0.05504320
v 0.76200000 0.05100000 -0.05906602
v 0.76200000 0.05050000 -0.05820000
v 0.76200000 0.04850000 -0.05820000
v 0.76200000 0.05102447 -0.05402036
v 0.76200000 0.05105450 -0.05394788
v 0.76200000 0.04888909 -0.05431091
v 0.76200000 0.04950384 -0.05504320
v 0.76200000 0.04814773 -0.05666970
v 0.76200000 0.04834194 -0.05716008
v 0.76200000 0.04846026 -0.05767407
v 0.76200000 0.05100000 -0.05733397
v 0.76200000 0.05487132 -0.06630355
v 0.76200000 0.05199992 -0.06343215
v 0.76200000 0.04888909 -0.06208909
v 0.76200000 0.04049616 -0.06135680
v 0.76200000 0.04185227 -0.05973030
v 0.76200000 0.04165806 -0.05923992
v 0.76200000 0.04931902 -0.05210451
v 0.76200000 0.04925212 -0.05214550
v 0.76200000 0.04814773 -0.05973030
v 0.76200000 0.04950384 -0.06135680
v 0.76200000 0.04834194 -0.05923992
v 0.76200000 0.04846026 -0.05872593
v 0.76200000 0.05114645 -0.06257868
v 0.76200000 0.05109549 -0.06251902
v 0.76200000 0.05105450 -0.06245212
v 0.76200000 0.04925212 -0.06425450
v 0.76200000 0.04917963 -0.06422447
v 0.76200000 0.04910334 -0.06420616
v 0.76200000 0.04346970 -0.06134773
v 0.76200000 0.04184320 -0.06270384
v 0.76200000 0.04396008 -0.06154194
v 0.76200000 0.04413398 -0.06420000
v 0.76200000 0.04447406 -0.06166026
v 0.76200000 0.04111091 -0.06208909
v 0.76200000 0.04653030 -0.05505227
v 0.76200000 0.04815680 -0.05369616
v 0.76200000 0.04603992 -0.05485806
v 0.76200000 0.04586602 -0.05220000
v 0.76200000 0.04552593 -0.05473974
v 0.76200000 0.04917963 -0.05217553
v 0.76200000 0.04910334 -0.05219384
v 0.76200000 0.04902513 -0.05220000
v 0.76200000 0.05102447 -0.06237963
v 0.76200000 0.05100616 -0.06230334
v 0.76200000 0.05100000 -0.06222513
v 0.76200000 0.04931902 -0.06429549
v 0.76200000 0.04937868 -0.06434645
v 0.76200000 0.05023215 -0.06519992
v 0.76200000 0.04902513 -0.06420000
v 0.76200000 0.04815680 -0.06270384
v 0.76200000 0.04586602 -0.06420000
v 0.76200000 0.04062132 -0.06434645
v 0.76200000 0.04068098 -0.06429549
v 0.76200000 0.04074788 -0.06425450
v 0.76200000 0.04068098 -0.05210451
v 0.76200000 0.04111091 -0.05431091
v 0.76200000 0.04074788 -0.05214550
v 0.76200000 0.04082037 -0.05217553
v 0.76200000 0.04062132 -0.05205355
v 0.76200000 0.03962308 -0.05120008
v 0.76200000 0.04413398 -0.05220000
v 0.76200000 0.04097487 -0.05220000
v 0.76200000 0.04184320 -0.05369616
v 0.76200000 0.05100000 -0.05417487
v 0.76200000 0.05100616 -0.05409666
v 0.76200000 0.05109549 -0.05388098
v 0.76200000 0.05114645 -0.05382132
v 0.76200000 0.05199992 -0.05296785
v 0.76200000 0.04500000 -0.06170000
v 0.76200000 0.04500000 -0.06370000
v 0.76200000 0.04552593 -0.06166026
v 0.76200000 0.04603992 -0.06154194
v 0.76200000 0.04653030 -0.06134773
v 0.76200000 0.04082037 -0.06422447
v 0.76200000 0.04089666 -0.06420616
v 0.76200000 0.04097487 -0.06420000
v 0.76200000 0.04089666 -0.05219384
v 0.76200000 0.04500000 -0.05470000
v 0.76200000 0.04500000 -0.05270000
v 0.76200000 0.04447406 -0.05473974
v 0.76200000 0.04396008 -0.05485806
v 0.76200000 0.04346970 -0.05505227
v 0.76200000 0.05310355 -0.04832868
v 0.76200000 0.05023215 -0.05120008
v 0.76200000 0.04937868 -0.05205355
v 0.76200000 0.04153974 -0.05872593
v 0.76200000 0.04150000 -0.05820000
v 0.76200000 0.04153974 -0.05767407
v 0.76200000 0.04900615 -0.04497822
v 0.76200000 0.04902447 -0.04505451
v 0.76200000 0.04920610 -0.04530451
v 0.76200000 0.04905450 -0.04512699
v 0.76200000 0.04909549 -0.04519389
v 0.76200000 0.04914645 -0.04525355
v 0.76200000 0.04900000 -0.04490000
v 0.76200000 0.04927301 -0.04534550
v 0.76200000 0.04934549 -0.04537553
v 0.76200000 0.04955000 -0.04320000
v 0.76200000 0.04942178 -0.04539384
v 0.76200000 0.05780000 -0.05045000
v 0.76200000 0.05780000 -0.05120008
v 0.76200000 0.05830000 -0.05420000
v 0.76200000 0.05945000 -0.05420000
v 0.76200000 0.05807301 -0.05414550
v 0.76200000 0.05814549 -0.05417553
v 0.76200000 0.05780616 -0.05377822
v 0.76200000 0.05785450 -0.05392699
v 0.76200000 0.05789549 -0.05399389
v 0.76200000 0.05794645 -0.05405355
v 0.76200000 0.05780000 -0.05370000
v 0.76200000 0.05822178 -0.05419384
v 0.76200000 0.05782447 -0.05385451
v 0.76200000 0.05800611 -0.05410451
v 0.76200000 0.06000000 -0.06275000
v 0.76200000 0.05945000 -0.06275000
v 0.76200000 0.05780000 -0.06270000
v 0.76200000 0.05945000 -0.06220000
v 0.76200000 0.05830000 -0.06220000
v 0.76200000 0.05822178 -0.06220616
v 0.76200000 0.05814549 -0.06222447
v 0.76200000 0.05794645 -0.06234645
v 0.76200000 0.05789549 -0.06240611
v 0.76200000 0.05785450 -0.06247300
v 0.76200000 0.05782447 -0.06254549
v 0.76200000 0.05780616 -0.06262178
v 0.76200000 0.05807301 -0.06225450
v 0.76200000 0.05800611 -0.06229549
v 0.76200000 0.04955000 -0.07320000
v 0.76200000 0.04955000 -0.07265000
v 0.76200000 0.04900000 -0.07265000
v 0.76200000 0.05275000 -0.07100000
v 0.76200000 0.05199992 -0.07100000
v 0.76200000 0.04950000 -0.07100000
v 0.76200000 0.04942178 -0.07100616
v 0.76200000 0.04934549 -0.07102447
v 0.76200000 0.04900615 -0.07142178
v 0.76200000 0.04902447 -0.07134549
v 0.76200000 0.04920610 -0.07109549
v 0.76200000 0.04914645 -0.07114645
v 0.76200000 0.04909549 -0.07120611
v 0.76200000 0.04927301 -0.07105450
v 0.76200000 0.04905450 -0.07127300
v 0.76200000 0.03428099 -0.07138651
v 0.76200000 0.03406353 -0.07147658
v 0.76200000 0.03680450 -0.07072699
v 0.76200000 0.02324384 -0.07057822
v 0.76200000 0.02518647 -0.07093168
v 0.76200000 0.02506349 -0.07073098
v 0.76200000 0.02593647 -0.07147658
v 0.76200000 0.02571901 -0.07138651
v 0.76200000 0.02310355 -0.07085355
v 0.76200000 0.03508153 -0.07028465
v 0.76200000 0.03502658 -0.07051352
v 0.76200000 0.03675616 -0.07057822
v 0.76200000 0.03553934 -0.06709497
v 0.76200000 0.03684549 -0.06813098
v 0.76200000 0.03538647 -0.06727396
v 0.76200000 0.03680450 -0.06819788
v 0.76200000 0.03526349 -0.06747465
v 0.76200000 0.03677447 -0.06827036
v 0.76200000 0.02551832 -0.07126353
v 0.76200000 0.02533934 -0.07111066
v 0.76200000 0.02315451 -0.07079389
v 0.76200000 0.02319550 -0.07072699
v 0.76200000 0.02297699 -0.07094550
v 0.76200000 0.02290451 -0.07097553
v 0.76200000 0.02616535 -0.07153153
v 0.76200000 0.03702300 -0.07094550
v 0.76200000 0.03695611 -0.07090451
v 0.76200000 0.03383465 -0.07153153
v 0.76200000 0.03689645 -0.07085355
v 0.76200000 0.03684549 -0.07079389
v 0.76200000 0.02322553 -0.07065451
v 0.76200000 0.03725000 -0.07100000
v 0.76200000 0.03717178 -0.07099384
v 0.76200000 0.03709549 -0.07097553
v 0.76200000 0.02304389 -0.07090451
v 0.76200000 0.04050000 -0.07100000
v 0.76200000 0.03962308 -0.07100000
v 0.76200000 0.03962308 -0.07172750
v 0.76200000 0.03510000 -0.06815564
v 0.76200000 0.03675616 -0.06834666
v 0.76200000 0.03511847 -0.06792098
v 0.76200000 0.03517342 -0.06769211
v 0.76200000 0.02319550 -0.06819788
v 0.76200000 0.02461353 -0.06727396
v 0.76200000 0.02315451 -0.06813098
v 0.76200000 0.02446066 -0.06709497
v 0.76200000 0.02310355 -0.06807132
v 0.76200000 0.03493651 -0.07073098
v 0.76200000 0.03481353 -0.07093168
v 0.76200000 0.03677447 -0.07065451
v 0.76200000 0.03466066 -0.07111066
v 0.76200000 0.03448168 -0.07126353
v 0.76200000 0.03510000 -0.07005000
v 0.76200000 0.03675000 -0.07050000
v 0.76200000 0.03675000 -0.06842487
v 0.76200000 0.02497341 -0.07051352
v 0.76200000 0.02491847 -0.07028465
v 0.76200000 0.02325000 -0.07050000
v 0.76200000 0.02490000 -0.07005000
v 0.76200000 0.02325000 -0.06842487
v 0.76200000 0.02490000 -0.06815564
v 0.76200000 0.02324384 -0.06834666
v 0.76200000 0.02488153 -0.06792098
v 0.76200000 0.02322553 -0.06827036
v 0.76200000 0.02482658 -0.06769211
v 0.76200000 0.02473651 -0.06747465
v 0.76200000 0.03360000 -0.07155000
v 0.76200000 0.02037692 -0.07172750
v 0.76200000 0.02640000 -0.07155000
v 0.76200000 0.04100000 -0.07150000
v 0.76200000 0.04099384 -0.07142178
v 0.76200000 0.04097553 -0.07134549
v 0.76200000 0.04085355 -0.07114645
v 0.76200000 0.04079389 -0.07109549
v 0.76200000 0.04072699 -0.07105450
v 0.76200000 0.04065451 -0.07102447
v 0.76200000 0.04094550 -0.07127300
v 0.76200000 0.04090451 -0.07120611
v 0.76200000 0.04045000 -0.07320000
v 0.76200000 0.04057822 -0.07100616
v 0.76200000 0.01900000 -0.07150000
v 0.76200000 0.01900000 -0.07172750
v 0.76200000 0.01900000 -0.07265000
v 0.76200000 0.01955000 -0.07265000
v 0.76200000 0.02282822 -0.07099384
v 0.76200000 0.02275000 -0.07100000
v 0.76200000 0.02037692 -0.07100000
v 0.76200000 0.01950000 -0.07100000
v 0.76200000 0.01900616 -0.07142178
v 0.76200000 0.01914645 -0.07114645
v 0.76200000 0.01909549 -0.07120611
v 0.76200000 0.01934549 -0.07102447
v 0.76200000 0.01927300 -0.07105450
v 0.76200000 0.01920611 -0.07109549
v 0.76200000 0.01905449 -0.07127300
v 0.76200000 0.01902447 -0.07134549
v 0.76200000 0.01942178 -0.07100616
v 0.76200000 0.02037692 -0.06519992
v 0.76200000 0.01950384 -0.06135680
v 0.76200000 0.01888909 -0.06208909
v 0.76200000 0.01888909 -0.05431091
v 0.76200000 0.01950384 -0.05504320
v 0.76200000 0.00897553 -0.06237963
v 0.76200000 0.00894550 -0.06245212
v 0.76200000 0.01111091 -0.06208909
v 0.76200000 0.01185227 -0.05666970
v 0.76200000 0.01049616 -0.05504320
v 0.76200000 0.01165806 -0.05716008
v 0.76200000 0.00900000 -0.05733397
v 0.76200000 0.01153974 -0.05767407
v 0.76200000 0.01910334 -0.06420616
v 0.76200000 0.01917963 -0.06422447
v 0.76200000 0.01925212 -0.06425450
v 0.76200000 0.01346970 -0.06134773
v 0.76200000 0.01184319 -0.06270384
v 0.76200000 0.01396007 -0.06154194
v 0.76200000 0.01413397 -0.06420000
v 0.76200000 0.01447407 -0.06166026
v 0.76200000 0.01902513 -0.06420000
v 0.76200000 0.01815680 -0.06270384
v 0.76200000 0.01586602 -0.06420000
v 0.76200000 0.01068098 -0.06429549
v 0.76200000 0.01074788 -0.06425450
v 0.76200000 0.00900000 -0.05906602
v 0.76200000 0.00900000 -0.06222513
v 0.76200000 0.01049616 -0.06135680
v 0.76200000 0.00890451 -0.05388098
v 0.76200000 0.00894550 -0.05394788
v 0.76200000 0.01111091 -0.05431091
v 0.76200000 0.01850000 -0.05820000
v 0.76200000 0.01846026 -0.05872593
v 0.76200000 0.01834194 -0.05923992
v 0.76200000 0.01814773 -0.05973030
v 0.76200000 0.01931902 -0.06429549
v 0.76200000 0.01937868 -0.06434645
v 0.76200000 0.02023215 -0.06519992
v 0.76200000 0.01500000 -0.06170000
v 0.76200000 0.01500000 -0.06370000
v 0.76200000 0.01552593 -0.06166026
v 0.76200000 0.01603992 -0.06154194
v 0.76200000 0.01653030 -0.06134773
v 0.76200000 0.01082036 -0.06422447
v 0.76200000 0.01089666 -0.06420616
v 0.76200000 0.01097487 -0.06420000
v 0.76200000 0.00899384 -0.06230334
v 0.76200000 0.01150000 -0.05820000
v 0.76200000 0.00950000 -0.05820000
v 0.76200000 0.01153974 -0.05872593
v 0.76200000 0.01165806 -0.05923992
v 0.76200000 0.01185227 -0.05973030
v 0.76200000 0.01082036 -0.05217553
v 0.76200000 0.01074788 -0.05214550
v 0.76200000 0.01653030 -0.05505227
v 0.76200000 0.01815680 -0.05369616
v 0.76200000 0.01603992 -0.05485806
v 0.76200000 0.01586602 -0.05220000
v 0.76200000 0.01552593 -0.05473974
v 0.76200000 0.01413397 -0.05220000
v 0.76200000 0.01097487 -0.05220000
v 0.76200000 0.01184319 -0.05369616
v 0.76200000 0.01931902 -0.05210451
v 0.76200000 0.01925212 -0.05214550
v 0.76200000 0.01917963 -0.05217553
v 0.76200000 0.01910334 -0.05219384
v 0.76200000 0.01902513 -0.05220000
v 0.76200000 0.01814773 -0.05666970
v 0.76200000 0.01834194 -0.05716008
v 0.76200000 0.01846026 -0.05767407
v 0.76200000 0.00890451 -0.06251902
v 0.76200000 0.00885355 -0.06257868
v 0.76200000 0.00800008 -0.06343215
v 0.76200000 0.01089666 -0.05219384
v 0.76200000 0.01500000 -0.05470000
v 0.76200000 0.01500000 -0.05270000
v 0.76200000 0.01447407 -0.05473974
v 0.76200000 0.01396007 -0.05485806
v 0.76200000 0.01346970 -0.05505227
v 0.76200000 0.01937868 -0.05205355
v 0.76200000 0.00976785 -0.06519992
v 0.76200000 0.01062132 -0.06434645
v 0.76200000 0.00512868 -0.05009645
v 0.76200000 0.00800008 -0.05296785
v 0.76200000 0.00885355 -0.05382132
v 0.76200000 0.00897553 -0.05402036
v 0.76200000 0.00899384 -0.05409666
v 0.76200000 0.00900000 -0.05417487
v 0.76200000 0.01068098 -0.05210451
v 0.76200000 0.01062132 -0.05205355
v 0.76200000 0.00976785 -0.05120008
v 0.76200000 0.01090451 -0.07120611
v 0.76200000 0.01057822 -0.07100616
v 0.76200000 0.01094550 -0.07127300
v 0.76200000 0.01097553 -0.07134549
v 0.76200000 0.01085355 -0.07114645
v 0.76200000 0.01079389 -0.07109549
v 0.76200000 0.01065451 -0.07102447
v 0.76200000 0.01072699 -0.07105450
v 0.76200000 0.01045000 -0.07320000
v 0.76200000 0.01100000 -0.07150000
v 0.76200000 0.01099384 -0.07142178
v 0.76200000 0.00002502 -0.07148587
v 0.76200000 0.00009945 -0.07179592
v 0.76200000 0.00022147 -0.07209051
v 0.76200000 0.00038808 -0.07236238
v 0.76200000 0.00059516 -0.07260484
v 0.76200000 0.00083762 -0.07281192
v 0.76200000 0.00110949 -0.07297852
v 0.76200000 0.00064750 -0.06220000
v 0.76200000 0.00055000 -0.06220000
v 0.76200000 -0.00000000 -0.07116800
v 0.76200000 0.00220000 -0.06595000
v 0.76200000 0.00220000 -0.06519992
v 0.76200000 0.00220000 -0.06270000
v 0.76200000 0.00170000 -0.06220000
v 0.76200000 0.00219384 -0.06262178
v 0.76200000 0.00217553 -0.06254549
v 0.76200000 0.00214550 -0.06247300
v 0.76200000 0.00210451 -0.06240611
v 0.76200000 0.00205355 -0.06234645
v 0.76200000 0.00199389 -0.06229549
v 0.76200000 0.00192699 -0.06225450
v 0.76200000 0.00185451 -0.06222447
v 0.76200000 0.00177822 -0.06220616
v 0.76200000 0.00170000 -0.05420000
v 0.76200000 0.00177822 -0.05419384
v 0.76200000 0.00185451 -0.05417553
v 0.76200000 0.00205355 -0.05405355
v 0.76200000 0.00210451 -0.05399389
v 0.76200000 0.00214550 -0.05392699
v 0.76200000 0.00217553 -0.05385451
v 0.76200000 0.00192699 -0.05414550
v 0.76200000 0.00199389 -0.05410451
v 0.76200000 -0.00000000 -0.05120008
v 0.76200000 -0.00000000 -0.05365000
v 0.76200000 0.00219384 -0.05377822
v 0.76200000 -0.00000000 -0.04523200
v 0.76200000 0.00002502 -0.04491413
v 0.76200000 0.00038808 -0.04403762
v 0.76200000 0.00022147 -0.04430949
v 0.76200000 0.00009945 -0.04460408
v 0.76200000 0.00171413 -0.04322502
v 0.76200000 0.00140408 -0.04329945
v 0.76200000 0.00184101 -0.04460399
v 0.76200000 0.00110949 -0.04342147
v 0.76200000 0.00083762 -0.04358808
v 0.76200000 0.00059516 -0.04379516
v 0.76200000 0.01045000 -0.04320000
v 0.76200000 0.01045000 -0.04375000
v 0.76200000 0.01100000 -0.04375000
v 0.76200000 0.01094550 -0.04512699
v 0.76200000 0.01097553 -0.04505451
v 0.76200000 0.01050000 -0.04540000
v 0.76200000 0.00725000 -0.04540000
v 0.76200000 0.00800008 -0.04540000
v 0.76200000 0.01099384 -0.04497822
v 0.76200000 0.01090451 -0.04519389
v 0.76200000 0.01057822 -0.04539384
v 0.76200000 0.01065451 -0.04537553
v 0.76200000 0.01072699 -0.04534550
v 0.76200000 0.01079389 -0.04530451
v 0.76200000 0.01085355 -0.04525355
v 0.76200000 0.02571901 -0.04501349
v 0.76200000 0.02593647 -0.04492342
v 0.76200000 0.02319550 -0.04567300
v 0.76200000 0.02491847 -0.04611535
v 0.76200000 0.02497341 -0.04588647
v 0.76200000 0.02324384 -0.04582178
v 0.76200000 0.02168934 -0.05207634
v 0.76200000 0.02446066 -0.04930503
v 0.76200000 0.02315451 -0.04826902
v 0.76200000 0.02461353 -0.04912604
v 0.76200000 0.02319550 -0.04820212
v 0.76200000 0.02473651 -0.04892535
v 0.76200000 0.02322553 -0.04812963
v 0.76200000 0.03383465 -0.04486847
v 0.76200000 0.03702300 -0.04545450
v 0.76200000 0.03709549 -0.04542447
v 0.76200000 0.02275000 -0.04540000
v 0.76200000 0.02282822 -0.04540616
v 0.76200000 0.02616535 -0.04486847
v 0.76200000 0.02290451 -0.04542447
v 0.76200000 0.02297699 -0.04545450
v 0.76200000 0.02304389 -0.04549549
v 0.76200000 0.02310355 -0.04554645
v 0.76200000 0.02315451 -0.04560611
v 0.76200000 0.02490000 -0.04824436
v 0.76200000 0.02324384 -0.04805334
v 0.76200000 0.02488153 -0.04847902
v 0.76200000 0.02482658 -0.04870789
v 0.76200000 0.01950000 -0.04540000
v 0.76200000 0.02037692 -0.04540000
v 0.76200000 0.02037692 -0.04467250
v 0.76200000 0.03675000 -0.04590000
v 0.76200000 0.03675616 -0.04582178
v 0.76200000 0.03406353 -0.04492342
v 0.76200000 0.03677447 -0.04574549
v 0.76200000 0.03680450 -0.04567300
v 0.76200000 0.03684549 -0.04560611
v 0.76200000 0.03689645 -0.04554645
v 0.76200000 0.03695611 -0.04549549
v 0.76200000 0.02506349 -0.04566901
v 0.76200000 0.02518647 -0.04546832
v 0.76200000 0.02322553 -0.04574549
v 0.76200000 0.02533934 -0.04528934
v 0.76200000 0.02551832 -0.04513647
v 0.76200000 0.02490000 -0.04635000
v 0.76200000 0.02325000 -0.04590000
v 0.76200000 0.02325000 -0.04797513
v 0.76200000 0.03428099 -0.04501349
v 0.76200000 0.03448168 -0.04513647
v 0.76200000 0.03466066 -0.04528934
v 0.76200000 0.03553934 -0.04930503
v 0.76200000 0.03831066 -0.05207634
v 0.76200000 0.03481353 -0.04546832
v 0.76200000 0.03493651 -0.04566901
v 0.76200000 0.03502658 -0.04588647
v 0.76200000 0.02640000 -0.04485000
v 0.76200000 0.03962308 -0.04467250
v 0.76200000 0.03360000 -0.04485000
v 0.76200000 0.03976785 -0.05120008
v 0.76200000 0.03689645 -0.04832868
v 0.76200000 0.03684549 -0.04826902
v 0.76200000 0.03538647 -0.04912604
v 0.76200000 0.03680450 -0.04820212
v 0.76200000 0.03508153 -0.04611535
v 0.76200000 0.03510000 -0.04635000
v 0.76200000 0.03675000 -0.04797513
v 0.76200000 0.03510000 -0.04824436
v 0.76200000 0.03675616 -0.04805334
v 0.76200000 0.03511847 -0.04847902
v 0.76200000 0.03677447 -0.04812963
v 0.76200000 0.03517342 -0.04870789
v 0.76200000 0.03526349 -0.04892535
v 0.76200000 0.01900000 -0.04467250
v 0.76200000 0.01900000 -0.04490000
v 0.76200000 0.01900616 -0.04497822
v 0.76200000 0.01902447 -0.04505451
v 0.76200000 0.01905449 -0.04512699
v 0.76200000 0.01909549 -0.04519389
v 0.76200000 0.01942178 -0.04539384
v 0.76200000 0.01934549 -0.04537553
v 0.76200000 0.01914645 -0.04525355
v 0.76200000 0.01920611 -0.04530451
v 0.76200000 0.01927300 -0.04534550
v 0.76200000 0.01955000 -0.04375000
v 0.76200000 0.01900000 -0.04375000
v 0.76200000 0.04100000 -0.04490000
v 0.76200000 0.04100000 -0.04467250
v 0.76200000 0.04100000 -0.04375000
v 0.76200000 0.04099384 -0.04497822
v 0.76200000 0.04065451 -0.04537553
v 0.76200000 0.04057822 -0.04539384
v 0.76200000 0.03717178 -0.04540616
v 0.76200000 0.03725000 -0.04540000
v 0.76200000 0.03962308 -0.04540000
v 0.76200000 0.04050000 -0.04540000
v 0.76200000 0.04085355 -0.04525355
v 0.76200000 0.04090451 -0.04519389
v 0.76200000 0.04079389 -0.04530451
v 0.76200000 0.04094550 -0.04512699
v 0.76200000 0.04072699 -0.04534550
v 0.76200000 0.04097553 -0.04505451
v 0.76200000 0.02168934 -0.06432365
v 0.76200000 0.02153647 -0.06414467
v 0.76200000 0.02132341 -0.05267348
v 0.76200000 0.02141349 -0.05245602
v 0.76200000 0.02153647 -0.05225533
v 0.76200000 0.02141349 -0.06394398
v 0.76200000 0.02132341 -0.06372652
v 0.76200000 0.02126847 -0.06349765
v 0.76200000 0.02125000 -0.06326299
v 0.76200000 0.02125000 -0.05313701
v 0.76200000 0.02126847 -0.05290235
v 0.76200000 0.03846352 -0.05225533
v 0.76200000 0.03858651 -0.05245602
v 0.76200000 0.03867658 -0.05267348
v 0.76200000 0.03873153 -0.06349765
v 0.76200000 0.03867658 -0.06372652
v 0.76200000 0.03858651 -0.06394398
v 0.76200000 0.03873153 -0.05290235
v 0.76200000 0.03875000 -0.05313701
v 0.76200000 0.03875000 -0.06326299
v 0.76200000 0.02037692 -0.04320000
v 0.76200000 0.01955000 -0.04320000
v 0.76200000 0.03962308 -0.07320000
v 0.76200000 0.02037692 -0.07320000
v 0.76200000 0.01955000 -0.07320000
v -0.76200000 0.03846352 -0.05225533
v -0.76200000 0.03831066 -0.05207634
v -0.76200000 0.03962308 -0.05120008
v -0.76200000 0.04900000 -0.04490000
v -0.76200000 0.04900000 -0.04467250
v -0.76200000 0.05199992 -0.04467250
v -0.76200000 0.05945000 -0.06275000
v -0.76200000 0.06000000 -0.06275000
v -0.76200000 0.06000000 -0.06519992
v -0.76200000 0.04955000 -0.07265000
v -0.76200000 0.04900000 -0.07265000
v -0.76200000 0.04900000 -0.07172750
v -0.76200000 0.04045000 -0.07265000
v -0.76200000 0.04045000 -0.07320000
v -0.76200000 0.03962308 -0.07320000
v -0.76200000 0.01955000 -0.07265000
v -0.76200000 0.01900000 -0.07265000
v -0.76200000 0.01900000 -0.07172750
v -0.76200000 0.02023215 -0.06519992
v -0.76200000 0.02037692 -0.06519992
v -0.76200000 0.02310355 -0.06807132
v -0.76200000 0.01100000 -0.07150000
v -0.76200000 0.01100000 -0.07172750
v -0.76200000 0.00800008 -0.07172750
v -0.76200000 0.00055000 -0.06275000
v -0.76200000 0.00055000 -0.06220000
v -0.76200000 0.00064750 -0.06220000
v -0.76200000 0.00170000 -0.05420000
v -0.76200000 0.00064750 -0.05420000
v -0.76200000 0.00064750 -0.05120008
v -0.76200000 0.00055000 -0.05365000
v -0.76200000 -0.00000000 -0.05365000
v -0.76200000 -0.00000000 -0.05120008
v -0.76200000 0.01045000 -0.04375000
v -0.76200000 0.01100000 -0.04375000
v -0.76200000 0.01100000 -0.04467250
v -0.76200000 0.01955000 -0.04375000
v -0.76200000 0.01955000 -0.04320000
v -0.76200000 0.02037692 -0.04320000
v -0.76200000 0.04045000 -0.04375000
v -0.76200000 0.04100000 -0.04375000
v -0.76200000 0.04100000 -0.04467250
v -0.76200000 0.01050000 -0.04540000
v -0.76200000 0.00800008 -0.04540000
v -0.76200000 0.00800008 -0.04467250
v -0.76200000 0.00725000 -0.04540000
v -0.76200000 0.00717178 -0.04540616
v -0.76200000 0.00709549 -0.04542447
v -0.76200000 0.00509178 -0.04468598
v -0.76200000 0.00702301 -0.04545450
v -0.76200000 0.00222447 -0.05029549
v -0.76200000 0.00220616 -0.05037178
v -0.76200000 0.00539501 -0.04504101
v -0.76200000 0.00531302 -0.04490721
v -0.76200000 0.00689645 -0.04554645
v -0.76200000 0.00677447 -0.04812963
v -0.76200000 0.00481302 -0.04865506
v -0.76200000 0.00495799 -0.04859501
v -0.76200000 0.00545506 -0.04518598
v -0.76200000 0.00695611 -0.04549549
v -0.76200000 0.00521111 -0.04478789
v -0.76200000 0.00509178 -0.04851302
v -0.76200000 0.00521111 -0.04841111
v -0.76200000 0.00531302 -0.04829178
v -0.76200000 0.00170721 -0.04468598
v -0.76200000 0.00158789 -0.04478789
v -0.76200000 0.00064750 -0.04467250
v -0.76200000 0.00148598 -0.04490721
v -0.76200000 0.00140399 -0.04504101
v -0.76200000 0.00134394 -0.04518598
v -0.76200000 0.00130731 -0.04533857
v -0.76200000 0.00550400 -0.04549500
v -0.76200000 0.00675000 -0.04590000
v -0.76200000 0.00550400 -0.04770400
v -0.76200000 0.00675000 -0.04797513
v -0.76200000 0.00549169 -0.04786043
v -0.76200000 0.00675616 -0.04805334
v -0.76200000 0.00545506 -0.04801302
v -0.76200000 0.00539501 -0.04815799
v -0.76200000 0.00684549 -0.04560611
v -0.76200000 0.00680450 -0.04567300
v -0.76200000 0.00549169 -0.04533857
v -0.76200000 0.00677447 -0.04574549
v -0.76200000 0.00675616 -0.04582178
v -0.76200000 0.00680450 -0.04820212
v -0.76200000 0.00684549 -0.04826902
v -0.76200000 0.00506902 -0.05004549
v -0.76200000 0.00689645 -0.04832868
v -0.76200000 0.00512868 -0.05009645
v -0.76200000 0.00184101 -0.04859501
v -0.76200000 0.00198598 -0.04865506
v -0.76200000 0.00270000 -0.04995000
v -0.76200000 0.00129500 -0.04549500
v -0.76200000 0.00129500 -0.04770400
v -0.76200000 0.00130731 -0.04786043
v -0.76200000 0.00148598 -0.04829178
v -0.76200000 0.00262178 -0.04995616
v -0.76200000 0.00254549 -0.04997447
v -0.76200000 0.00170721 -0.04851302
v -0.76200000 0.00140399 -0.04815799
v -0.76200000 0.00229549 -0.05015611
v -0.76200000 0.00225450 -0.05022301
v -0.76200000 0.00247300 -0.05000450
v -0.76200000 0.00240611 -0.05004549
v -0.76200000 0.00234645 -0.05009645
v -0.76200000 0.00158789 -0.04841111
v -0.76200000 0.00500212 -0.05000450
v -0.76200000 0.00492963 -0.04997447
v -0.76200000 0.00466043 -0.04869169
v -0.76200000 0.00485334 -0.04995616
v -0.76200000 0.00477513 -0.04995000
v -0.76200000 0.00134394 -0.04801302
v -0.76200000 0.00213856 -0.04869169
v -0.76200000 0.00229500 -0.04870400
v -0.76200000 0.00450400 -0.04870400
v -0.76200000 0.00495799 -0.04460399
v -0.76200000 0.00800008 -0.04320000
v -0.76200000 0.00184101 -0.04460399
v -0.76200000 0.00140408 -0.04329945
v -0.76200000 0.00198598 -0.04454394
v -0.76200000 0.00171413 -0.04322502
v -0.76200000 0.00213856 -0.04450731
v -0.76200000 0.00203200 -0.04320000
v -0.76200000 0.00229500 -0.04449500
v -0.76200000 0.00481302 -0.04454394
v -0.76200000 0.00466043 -0.04450731
v -0.76200000 0.00450400 -0.04449500
v -0.76200000 0.00198598 -0.07185606
v -0.76200000 0.00213856 -0.07189269
v -0.76200000 0.00203200 -0.07320000
v -0.76200000 0.00466043 -0.07189269
v -0.76200000 0.00800008 -0.07320000
v -0.76200000 0.00450400 -0.07190500
v -0.76200000 0.00229500 -0.07190500
v -0.76200000 0.00709549 -0.07097553
v -0.76200000 0.00717178 -0.07099384
v -0.76200000 0.00680450 -0.06819788
v -0.76200000 0.00677447 -0.06827036
v -0.76200000 0.00506902 -0.06635451
v -0.76200000 0.00549169 -0.06853957
v -0.76200000 0.00545506 -0.06838698
v -0.76200000 0.00702301 -0.07094550
v -0.76200000 0.00509178 -0.07171402
v -0.76200000 0.00495799 -0.07179601
v -0.76200000 0.00481302 -0.07185606
v -0.76200000 0.00539501 -0.06824201
v -0.76200000 0.00531302 -0.06810821
v -0.76200000 0.00521111 -0.06798889
v -0.76200000 0.00509178 -0.06788698
v -0.76200000 0.00495799 -0.06780499
v -0.76200000 0.00481302 -0.06774494
v -0.76200000 0.00695611 -0.07090451
v -0.76200000 0.00521111 -0.07161211
v -0.76200000 0.00531302 -0.07149278
v -0.76200000 0.00220000 -0.06270000
v -0.76200000 0.00220000 -0.06519992
v -0.76200000 0.00064750 -0.06519992
v -0.76200000 0.00220000 -0.06595000
v -0.76200000 0.00684549 -0.07079389
v -0.76200000 0.00689645 -0.07085355
v -0.76200000 0.00545506 -0.07121402
v -0.76200000 0.00539501 -0.07135899
v -0.76200000 0.00148598 -0.06810821
v -0.76200000 0.00140399 -0.06824201
v -0.76200000 0.00234645 -0.06630355
v -0.76200000 0.00130731 -0.07106143
v -0.76200000 0.00134394 -0.07121402
v -0.76200000 0.00064750 -0.07172750
v -0.76200000 0.00140399 -0.07135899
v -0.76200000 0.00148598 -0.07149278
v -0.76200000 0.00158789 -0.07161211
v -0.76200000 0.00170721 -0.07171402
v -0.76200000 0.00684549 -0.06813098
v -0.76200000 0.00512868 -0.06630355
v -0.76200000 0.00689645 -0.06807132
v -0.76200000 0.00675616 -0.06834666
v -0.76200000 0.00675000 -0.06842487
v -0.76200000 0.00550400 -0.06869600
v -0.76200000 0.00550400 -0.07090500
v -0.76200000 0.00675000 -0.07050000
v -0.76200000 0.00675616 -0.07057822
v -0.76200000 0.00549169 -0.07106143
v -0.76200000 0.00677447 -0.07065451
v -0.76200000 0.00680450 -0.07072699
v -0.76200000 0.00134394 -0.06838698
v -0.76200000 0.00130731 -0.06853957
v -0.76200000 0.00129500 -0.06869600
v -0.76200000 0.00129500 -0.07090500
v -0.76200000 0.00220616 -0.06602822
v -0.76200000 0.00222447 -0.06610451
v -0.76200000 0.00225450 -0.06617699
v -0.76200000 0.00229549 -0.06624389
v -0.76200000 0.00240611 -0.06635451
v -0.76200000 0.00213856 -0.06770831
v -0.76200000 0.00198598 -0.06774494
v -0.76200000 0.00184101 -0.06780499
v -0.76200000 0.00247300 -0.06639550
v -0.76200000 0.00254549 -0.06642553
v -0.76200000 0.00229500 -0.06769600
v -0.76200000 0.00170721 -0.06788698
v -0.76200000 0.00158789 -0.06798889
v -0.76200000 0.00262178 -0.06644384
v -0.76200000 0.00270000 -0.06645000
v -0.76200000 0.00450400 -0.06769600
v -0.76200000 0.00477513 -0.06645000
v -0.76200000 0.00466043 -0.06770831
v -0.76200000 0.00485334 -0.06644384
v -0.76200000 0.00492963 -0.06642553
v -0.76200000 0.00500212 -0.06639550
v -0.76200000 0.05478889 -0.07161211
v -0.76200000 0.05490821 -0.07171402
v -0.76200000 0.05304389 -0.07090451
v -0.76200000 0.05777553 -0.06610451
v -0.76200000 0.05779384 -0.06602822
v -0.76200000 0.05282822 -0.07099384
v -0.76200000 0.05290451 -0.07097553
v -0.76200000 0.05297699 -0.07094550
v -0.76200000 0.05324384 -0.07057822
v -0.76200000 0.05460499 -0.06824201
v -0.76200000 0.05454494 -0.06838698
v -0.76200000 0.05730000 -0.06645000
v -0.76200000 0.05319550 -0.06819788
v -0.76200000 0.05522487 -0.06645000
v -0.76200000 0.05514666 -0.06644384
v -0.76200000 0.04950000 -0.07100000
v -0.76200000 0.05199992 -0.07100000
v -0.76200000 0.05199992 -0.07172750
v -0.76200000 0.05275000 -0.07100000
v -0.76200000 0.05310355 -0.07085355
v -0.76200000 0.05315451 -0.07079389
v -0.76200000 0.05468698 -0.07149278
v -0.76200000 0.05319550 -0.07072699
v -0.76200000 0.05460499 -0.07135899
v -0.76200000 0.05759389 -0.06635451
v -0.76200000 0.05859600 -0.06824201
v -0.76200000 0.05851402 -0.06810821
v -0.76200000 0.05841211 -0.07161211
v -0.76200000 0.05851402 -0.07149278
v -0.76200000 0.05990055 -0.07179592
v -0.76200000 0.05859600 -0.07135899
v -0.76200000 0.05997498 -0.07148587
v -0.76200000 0.05865606 -0.07121402
v -0.76200000 0.06000000 -0.07116800
v -0.76200000 0.05869269 -0.07106143
v -0.76200000 0.05493098 -0.06635451
v -0.76200000 0.05499788 -0.06639550
v -0.76200000 0.05507037 -0.06642553
v -0.76200000 0.05841211 -0.06798889
v -0.76200000 0.05829279 -0.06788698
v -0.76200000 0.05815899 -0.06780499
v -0.76200000 0.05801402 -0.06774494
v -0.76200000 0.05786143 -0.06770831
v -0.76200000 0.05752699 -0.06639550
v -0.76200000 0.05765355 -0.06630355
v -0.76200000 0.05770451 -0.06624389
v -0.76200000 0.05774550 -0.06617699
v -0.76200000 0.05315451 -0.06813098
v -0.76200000 0.05310355 -0.06807132
v -0.76200000 0.05487132 -0.06630355
v -0.76200000 0.05322553 -0.07065451
v -0.76200000 0.05450831 -0.07106143
v -0.76200000 0.05454494 -0.07121402
v -0.76200000 0.05549600 -0.06769600
v -0.76200000 0.05770500 -0.06769600
v -0.76200000 0.05737822 -0.06644384
v -0.76200000 0.05745451 -0.06642553
v -0.76200000 0.05490821 -0.06788698
v -0.76200000 0.05478889 -0.06798889
v -0.76200000 0.05468698 -0.06810821
v -0.76200000 0.05322553 -0.06827036
v -0.76200000 0.05869269 -0.06853957
v -0.76200000 0.05870500 -0.06869600
v -0.76200000 0.05870500 -0.07090500
v -0.76200000 0.05865606 -0.06838698
v -0.76200000 0.05450831 -0.06853957
v -0.76200000 0.05449600 -0.06869600
v -0.76200000 0.05449600 -0.07090500
v -0.76200000 0.05533957 -0.06770831
v -0.76200000 0.05518699 -0.06774494
v -0.76200000 0.05504201 -0.06780499
v -0.76200000 0.05325000 -0.07050000
v -0.76200000 0.05325000 -0.06842487
v -0.76200000 0.05324384 -0.06834666
v -0.76200000 0.05504201 -0.07179601
v -0.76200000 0.05199992 -0.07320000
v -0.76200000 0.05815899 -0.07179601
v -0.76200000 0.05859592 -0.07310055
v -0.76200000 0.05801402 -0.07185606
v -0.76200000 0.05828587 -0.07317498
v -0.76200000 0.05786143 -0.07189269
v -0.76200000 0.05796800 -0.07320000
v -0.76200000 0.05770500 -0.07190500
v -0.76200000 0.05961192 -0.07236238
v -0.76200000 0.05940484 -0.07260484
v -0.76200000 0.05829279 -0.07171402
v -0.76200000 0.05916238 -0.07281192
v -0.76200000 0.05889051 -0.07297852
v -0.76200000 0.05977853 -0.07209051
v -0.76200000 0.05518699 -0.07185606
v -0.76200000 0.05533957 -0.07189269
v -0.76200000 0.05549600 -0.07190500
v -0.76200000 0.05801402 -0.04454394
v -0.76200000 0.05786143 -0.04450731
v -0.76200000 0.05796800 -0.04320000
v -0.76200000 0.05533957 -0.04450731
v -0.76200000 0.05199992 -0.04320000
v -0.76200000 0.05549600 -0.04449500
v -0.76200000 0.05770500 -0.04449500
v -0.76200000 0.05940484 -0.04379516
v -0.76200000 0.05961192 -0.04403762
v -0.76200000 0.05829279 -0.04468598
v -0.76200000 0.05977853 -0.04430949
v -0.76200000 0.05990055 -0.04460408
v -0.76200000 0.05828587 -0.04322502
v -0.76200000 0.05859592 -0.04329945
v -0.76200000 0.05815899 -0.04460399
v -0.76200000 0.05889051 -0.04342147
v -0.76200000 0.05916238 -0.04358808
v -0.76200000 0.05780000 -0.05120008
v -0.76200000 0.05780000 -0.05045000
v -0.76200000 0.06000000 -0.05120008
v -0.76200000 0.05779384 -0.05037178
v -0.76200000 0.05777553 -0.05029549
v -0.76200000 0.05518699 -0.04454394
v -0.76200000 0.05504201 -0.04460399
v -0.76200000 0.05490821 -0.04468598
v -0.76200000 0.05478889 -0.04478789
v -0.76200000 0.05859600 -0.04504101
v -0.76200000 0.05851402 -0.04490721
v -0.76200000 0.05841211 -0.04478789
v -0.76200000 0.05851402 -0.04829178
v -0.76200000 0.05859600 -0.04815799
v -0.76200000 0.05449600 -0.04770400
v -0.76200000 0.05450831 -0.04786043
v -0.76200000 0.05325000 -0.04797513
v -0.76200000 0.05315451 -0.04826902
v -0.76200000 0.05454494 -0.04801302
v -0.76200000 0.05310355 -0.04832868
v -0.76200000 0.05460499 -0.04815799
v -0.76200000 0.05199992 -0.05120008
v -0.76200000 0.05468698 -0.04829178
v -0.76200000 0.05478889 -0.04841111
v -0.76200000 0.05765355 -0.05009645
v -0.76200000 0.05759389 -0.05004549
v -0.76200000 0.05786143 -0.04869169
v -0.76200000 0.05865606 -0.04518598
v -0.76200000 0.05997498 -0.04491413
v -0.76200000 0.05869269 -0.04533857
v -0.76200000 0.06000000 -0.04523200
v -0.76200000 0.05870500 -0.04549500
v -0.76200000 0.05304389 -0.04549549
v -0.76200000 0.05310355 -0.04554645
v -0.76200000 0.05468698 -0.04490721
v -0.76200000 0.05460499 -0.04504101
v -0.76200000 0.05282822 -0.04540616
v -0.76200000 0.05290451 -0.04542447
v -0.76200000 0.05297699 -0.04545450
v -0.76200000 0.05319550 -0.04820212
v -0.76200000 0.05322553 -0.04812963
v -0.76200000 0.05324384 -0.04805334
v -0.76200000 0.05507037 -0.04997447
v -0.76200000 0.05499788 -0.05000450
v -0.76200000 0.05493098 -0.05004549
v -0.76200000 0.05514666 -0.04995616
v -0.76200000 0.05490821 -0.04851302
v -0.76200000 0.05504201 -0.04859501
v -0.76200000 0.05815899 -0.04859501
v -0.76200000 0.05829279 -0.04851302
v -0.76200000 0.05841211 -0.04841111
v -0.76200000 0.05865606 -0.04801302
v -0.76200000 0.05869269 -0.04786043
v -0.76200000 0.05870500 -0.04770400
v -0.76200000 0.05325000 -0.04590000
v -0.76200000 0.05324384 -0.04582178
v -0.76200000 0.05449600 -0.04549500
v -0.76200000 0.05322553 -0.04574549
v -0.76200000 0.05450831 -0.04533857
v -0.76200000 0.05774550 -0.05022301
v -0.76200000 0.05770451 -0.05015611
v -0.76200000 0.05801402 -0.04865506
v -0.76200000 0.05454494 -0.04518598
v -0.76200000 0.05319550 -0.04567300
v -0.76200000 0.05315451 -0.04560611
v -0.76200000 0.05752699 -0.05000450
v -0.76200000 0.05745451 -0.04997447
v -0.76200000 0.05770500 -0.04870400
v -0.76200000 0.05737822 -0.04995616
v -0.76200000 0.05730000 -0.04995000
v -0.76200000 0.05549600 -0.04870400
v -0.76200000 0.05522487 -0.04995000
v -0.76200000 0.05533957 -0.04869169
v -0.76200000 0.05518699 -0.04865506
v -0.76200000 0.04950384 -0.06135680
v -0.76200000 0.04814773 -0.05973030
v -0.76200000 0.04834194 -0.05923992
v -0.76200000 0.05109549 -0.05388098
v -0.76200000 0.05105450 -0.05394788
v -0.76200000 0.04888909 -0.05431091
v -0.76200000 0.04917963 -0.05217553
v -0.76200000 0.04925212 -0.05214550
v -0.76200000 0.04346970 -0.05505227
v -0.76200000 0.04184320 -0.05369616
v -0.76200000 0.04396008 -0.05485806
v -0.76200000 0.04413398 -0.05220000
v -0.76200000 0.04447406 -0.05473974
v -0.76200000 0.04586602 -0.05220000
v -0.76200000 0.04902513 -0.05220000
v -0.76200000 0.04815680 -0.05369616
v -0.76200000 0.03689645 -0.04832868
v -0.76200000 0.03976785 -0.05120008
v -0.76200000 0.04111091 -0.05431091
v -0.76200000 0.04049616 -0.05504320
v -0.76200000 0.03962308 -0.06519992
v -0.76200000 0.04049616 -0.06135680
v -0.76200000 0.04111091 -0.06208909
v -0.76200000 0.04814773 -0.05666970
v -0.76200000 0.04950384 -0.05504320
v -0.76200000 0.04834194 -0.05716008
v -0.76200000 0.05100000 -0.05733397
v -0.76200000 0.04846026 -0.05767407
v -0.76200000 0.04850000 -0.05820000
v -0.76200000 0.05050000 -0.05820000
v -0.76200000 0.04846026 -0.05872593
v -0.76200000 0.05100000 -0.05906602
v -0.76200000 0.04910334 -0.05219384
v -0.76200000 0.04500000 -0.05470000
v -0.76200000 0.04500000 -0.05270000
v -0.76200000 0.04552593 -0.05473974
v -0.76200000 0.04603992 -0.05485806
v -0.76200000 0.04653030 -0.05505227
v -0.76200000 0.04062132 -0.05205355
v -0.76200000 0.04068098 -0.05210451
v -0.76200000 0.04074788 -0.05214550
v -0.76200000 0.04150000 -0.05820000
v -0.76200000 0.04153974 -0.05872593
v -0.76200000 0.04165806 -0.05923992
v -0.76200000 0.04185227 -0.05973030
v -0.76200000 0.04184320 -0.06270384
v -0.76200000 0.04097487 -0.06420000
v -0.76200000 0.04931902 -0.06429549
v -0.76200000 0.04925212 -0.06425450
v -0.76200000 0.04888909 -0.06208909
v -0.76200000 0.05487132 -0.05009645
v -0.76200000 0.05199992 -0.05296785
v -0.76200000 0.05114645 -0.05382132
v -0.76200000 0.05102447 -0.05402036
v -0.76200000 0.05100616 -0.05409666
v -0.76200000 0.05100000 -0.05417487
v -0.76200000 0.04082037 -0.05217553
v -0.76200000 0.04089666 -0.05219384
v -0.76200000 0.04097487 -0.05220000
v -0.76200000 0.04413398 -0.06420000
v -0.76200000 0.04917963 -0.06422447
v -0.76200000 0.04910334 -0.06420616
v -0.76200000 0.04815680 -0.06270384
v -0.76200000 0.05102447 -0.06237963
v -0.76200000 0.05105450 -0.06245212
v -0.76200000 0.05109549 -0.06251902
v -0.76200000 0.05114645 -0.06257868
v -0.76200000 0.05199992 -0.06519992
v -0.76200000 0.05199992 -0.06343215
v -0.76200000 0.04931902 -0.05210451
v -0.76200000 0.04937868 -0.05205355
v -0.76200000 0.05023215 -0.05120008
v -0.76200000 0.04603992 -0.06154194
v -0.76200000 0.04653030 -0.06134773
v -0.76200000 0.04552593 -0.06166026
v -0.76200000 0.04586602 -0.06420000
v -0.76200000 0.04902513 -0.06420000
v -0.76200000 0.04500000 -0.06170000
v -0.76200000 0.04500000 -0.06370000
v -0.76200000 0.04447406 -0.06166026
v -0.76200000 0.04396008 -0.06154194
v -0.76200000 0.04346970 -0.06134773
v -0.76200000 0.05100000 -0.06222513
v -0.76200000 0.05100616 -0.06230334
v -0.76200000 0.04185227 -0.05666970
v -0.76200000 0.04165806 -0.05716008
v -0.76200000 0.04153974 -0.05767407
v -0.76200000 0.04089666 -0.06420616
v -0.76200000 0.04082037 -0.06422447
v -0.76200000 0.04074788 -0.06425450
v -0.76200000 0.04068098 -0.06429549
v -0.76200000 0.04062132 -0.06434645
v -0.76200000 0.05023215 -0.06519992
v -0.76200000 0.04937868 -0.06434645
v -0.76200000 0.02593647 -0.04492342
v -0.76200000 0.02571901 -0.04501349
v -0.76200000 0.02319550 -0.04567300
v -0.76200000 0.02551832 -0.04513647
v -0.76200000 0.02533934 -0.04528934
v -0.76200000 0.03702300 -0.04545450
v -0.76200000 0.03695611 -0.04549549
v -0.76200000 0.03383465 -0.04486847
v -0.76200000 0.03689645 -0.04554645
v -0.76200000 0.03406353 -0.04492342
v -0.76200000 0.03508153 -0.04611535
v -0.76200000 0.03502658 -0.04588647
v -0.76200000 0.03675616 -0.04582178
v -0.76200000 0.03553934 -0.04930503
v -0.76200000 0.03684549 -0.04826902
v -0.76200000 0.03538647 -0.04912604
v -0.76200000 0.03680450 -0.04820212
v -0.76200000 0.03526349 -0.04892535
v -0.76200000 0.03677447 -0.04812963
v -0.76200000 0.03510000 -0.04824436
v -0.76200000 0.03675616 -0.04805334
v -0.76200000 0.03511847 -0.04847902
v -0.76200000 0.03517342 -0.04870789
v -0.76200000 0.02518647 -0.04546832
v -0.76200000 0.02506349 -0.04566901
v -0.76200000 0.02497341 -0.04588647
v -0.76200000 0.02315451 -0.04560611
v -0.76200000 0.02310355 -0.04554645
v -0.76200000 0.02616535 -0.04486847
v -0.76200000 0.02304389 -0.04549549
v -0.76200000 0.02297699 -0.04545450
v -0.76200000 0.02290451 -0.04542447
v -0.76200000 0.03725000 -0.04540000
v -0.76200000 0.03717178 -0.04540616
v -0.76200000 0.03709549 -0.04542447
v -0.76200000 0.03684549 -0.04560611
v -0.76200000 0.03680450 -0.04567300
v -0.76200000 0.03448168 -0.04513647
v -0.76200000 0.03677447 -0.04574549
v -0.76200000 0.03428099 -0.04501349
v -0.76200000 0.02310355 -0.04832868
v -0.76200000 0.02315451 -0.04826902
v -0.76200000 0.02446066 -0.04930503
v -0.76200000 0.04050000 -0.04540000
v -0.76200000 0.03962308 -0.04540000
v -0.76200000 0.03962308 -0.04467250
v -0.76200000 0.03360000 -0.04485000
v -0.76200000 0.02037692 -0.04467250
v -0.76200000 0.02640000 -0.04485000
v -0.76200000 0.03493651 -0.04566901
v -0.76200000 0.03481353 -0.04546832
v -0.76200000 0.03466066 -0.04528934
v -0.76200000 0.03510000 -0.04635000
v -0.76200000 0.03675000 -0.04590000
v -0.76200000 0.03675000 -0.04797513
v -0.76200000 0.02461353 -0.04912604
v -0.76200000 0.02319550 -0.04820212
v -0.76200000 0.02473651 -0.04892535
v -0.76200000 0.02482658 -0.04870789
v -0.76200000 0.02322553 -0.04812963
v -0.76200000 0.02488153 -0.04847902
v -0.76200000 0.02324384 -0.04805334
v -0.76200000 0.02490000 -0.04824436
v -0.76200000 0.02325000 -0.04797513
v -0.76200000 0.02490000 -0.04635000
v -0.76200000 0.02325000 -0.04590000
v -0.76200000 0.02491847 -0.04611535
v -0.76200000 0.02324384 -0.04582178
v -0.76200000 0.02322553 -0.04574549
v -0.76200000 0.04065451 -0.04537553
v -0.76200000 0.04100000 -0.04490000
v -0.76200000 0.04099384 -0.04497822
v -0.76200000 0.04085355 -0.04525355
v -0.76200000 0.04079389 -0.04530451
v -0.76200000 0.04090451 -0.04519389
v -0.76200000 0.04094550 -0.04512699
v -0.76200000 0.04097553 -0.04505451
v -0.76200000 0.04072699 -0.04534550
v -0.76200000 0.04045000 -0.04320000
v -0.76200000 0.04057822 -0.04539384
v -0.76200000 0.01900000 -0.04490000
v -0.76200000 0.01900000 -0.04467250
v -0.76200000 0.01900000 -0.04375000
v -0.76200000 0.02282822 -0.04540616
v -0.76200000 0.02275000 -0.04540000
v -0.76200000 0.02037692 -0.04540000
v -0.76200000 0.01950000 -0.04540000
v -0.76200000 0.01942178 -0.04539384
v -0.76200000 0.01934549 -0.04537553
v -0.76200000 0.01927300 -0.04534550
v -0.76200000 0.01920611 -0.04530451
v -0.76200000 0.01905449 -0.04512699
v -0.76200000 0.01902447 -0.04505451
v -0.76200000 0.01900616 -0.04497822
v -0.76200000 0.01914645 -0.04525355
v -0.76200000 0.01909549 -0.04519389
v -0.76200000 0.01888909 -0.06208909
v -0.76200000 0.01950384 -0.06135680
v -0.76200000 0.01815680 -0.05369616
v -0.76200000 0.01653030 -0.05505227
v -0.76200000 0.01603992 -0.05485806
v -0.76200000 0.01346970 -0.05505227
v -0.76200000 0.01184319 -0.05369616
v -0.76200000 0.01396007 -0.05485806
v -0.76200000 0.01413397 -0.05220000
v -0.76200000 0.01447407 -0.05473974
v -0.76200000 0.02037692 -0.05120008
v -0.76200000 0.01950384 -0.05504320
v -0.76200000 0.01888909 -0.05431091
v -0.76200000 0.01500000 -0.05470000
v -0.76200000 0.01500000 -0.05270000
v -0.76200000 0.01552593 -0.05473974
v -0.76200000 0.01586602 -0.05220000
v -0.76200000 0.01068098 -0.05210451
v -0.76200000 0.01074788 -0.05214550
v -0.76200000 0.01111091 -0.05431091
v -0.76200000 0.01082036 -0.05217553
v -0.76200000 0.01089666 -0.05219384
v -0.76200000 0.01097487 -0.05220000
v -0.76200000 0.00899384 -0.05409666
v -0.76200000 0.00897553 -0.05402036
v -0.76200000 0.00894550 -0.05394788
v -0.76200000 0.00900000 -0.05417487
v -0.76200000 0.01049616 -0.05504320
v -0.76200000 0.00900000 -0.05733397
v -0.76200000 0.01850000 -0.05820000
v -0.76200000 0.01846026 -0.05767407
v -0.76200000 0.01834194 -0.05716008
v -0.76200000 0.01814773 -0.05666970
v -0.76200000 0.01917963 -0.05217553
v -0.76200000 0.01925212 -0.05214550
v -0.76200000 0.01931902 -0.05210451
v -0.76200000 0.01937868 -0.05205355
v -0.76200000 0.02023215 -0.05120008
v -0.76200000 0.00890451 -0.05388098
v -0.76200000 0.00885355 -0.05382132
v -0.76200000 0.00800008 -0.05120008
v -0.76200000 0.00800008 -0.05296785
v -0.76200000 0.01185227 -0.05973030
v -0.76200000 0.01049616 -0.06135680
v -0.76200000 0.01165806 -0.05923992
v -0.76200000 0.00900000 -0.05906602
v -0.76200000 0.01153974 -0.05872593
v -0.76200000 0.01150000 -0.05820000
v -0.76200000 0.00950000 -0.05820000
v -0.76200000 0.01153974 -0.05767407
v -0.76200000 0.01165806 -0.05716008
v -0.76200000 0.01185227 -0.05666970
v -0.76200000 0.01814773 -0.05973030
v -0.76200000 0.01834194 -0.05923992
v -0.76200000 0.01846026 -0.05872593
v -0.76200000 0.01902513 -0.05220000
v -0.76200000 0.01910334 -0.05219384
v -0.76200000 0.00976785 -0.05120008
v -0.76200000 0.01062132 -0.05205355
v -0.76200000 0.01111091 -0.06208909
v -0.76200000 0.00890451 -0.06251902
v -0.76200000 0.00894550 -0.06245212
v -0.76200000 0.00897553 -0.06237963
v -0.76200000 0.00899384 -0.06230334
v -0.76200000 0.00900000 -0.06222513
v -0.76200000 0.01074788 -0.06425450
v -0.76200000 0.01082036 -0.06422447
v -0.76200000 0.01089666 -0.06420616
v -0.76200000 0.01931902 -0.06429549
v -0.76200000 0.01925212 -0.06425450
v -0.76200000 0.00800008 -0.06519992
v -0.76200000 0.00800008 -0.06343215
v -0.76200000 0.00885355 -0.06257868
v -0.76200000 0.01653030 -0.06134773
v -0.76200000 0.01815680 -0.06270384
v -0.76200000 0.01603992 -0.06154194
v -0.76200000 0.01586602 -0.06420000
v -0.76200000 0.01552593 -0.06166026
v -0.76200000 0.01097487 -0.06420000
v -0.76200000 0.01184319 -0.06270384
v -0.76200000 0.01413397 -0.06420000
v -0.76200000 0.01937868 -0.06434645
v -0.76200000 0.01068098 -0.06429549
v -0.76200000 0.01062132 -0.06434645
v -0.76200000 0.00976785 -0.06519992
v -0.76200000 0.01500000 -0.06170000
v -0.76200000 0.01500000 -0.06370000
v -0.76200000 0.01447407 -0.06166026
v -0.76200000 0.01396007 -0.06154194
v -0.76200000 0.01346970 -0.06134773
v -0.76200000 0.01917963 -0.06422447
v -0.76200000 0.01910334 -0.06420616
v -0.76200000 0.01902513 -0.06420000
v -0.76200000 0.01099384 -0.04497822
v -0.76200000 0.01097553 -0.04505451
v -0.76200000 0.01094550 -0.04512699
v -0.76200000 0.01090451 -0.04519389
v -0.76200000 0.01072699 -0.04534550
v -0.76200000 0.01079389 -0.04530451
v -0.76200000 0.01085355 -0.04525355
v -0.76200000 0.01065451 -0.04537553
v -0.76200000 0.01057822 -0.04539384
v -0.76200000 0.01045000 -0.04320000
v -0.76200000 0.01100000 -0.04490000
v -0.76200000 0.00002502 -0.04491413
v -0.76200000 0.00009945 -0.04460408
v -0.76200000 0.00022147 -0.04430949
v -0.76200000 0.00038808 -0.04403762
v -0.76200000 0.00059516 -0.04379516
v -0.76200000 0.00083762 -0.04358808
v -0.76200000 0.00110949 -0.04342147
v -0.76200000 0.00055000 -0.05420000
v -0.76200000 -0.00000000 -0.04523200
v -0.76200000 0.00219384 -0.05377822
v -0.76200000 0.00217553 -0.05385451
v -0.76200000 0.00220000 -0.05045000
v -0.76200000 0.00220000 -0.05120008
v -0.76200000 0.00220000 -0.05370000
v -0.76200000 0.00205355 -0.05405355
v -0.76200000 0.00199389 -0.05410451
v -0.76200000 0.00214550 -0.05392699
v -0.76200000 0.00210451 -0.05399389
v -0.76200000 0.00192699 -0.05414550
v -0.76200000 0.00185451 -0.05417553
v -0.76200000 0.00177822 -0.05419384
v -0.76200000 0.00217553 -0.06254549
v -0.76200000 0.00205355 -0.06234645
v -0.76200000 0.00214550 -0.06247300
v -0.76200000 0.00210451 -0.06240611
v -0.76200000 0.00219384 -0.06262178
v -0.76200000 0.00199389 -0.06229549
v -0.76200000 0.00177822 -0.06220616
v -0.76200000 0.00185451 -0.06222447
v -0.76200000 0.00192699 -0.06225450
v -0.76200000 -0.00000000 -0.06519992
v -0.76200000 -0.00000000 -0.06275000
v -0.76200000 0.00170000 -0.06220000
v -0.76200000 -0.00000000 -0.07116800
v -0.76200000 0.00002502 -0.07148587
v -0.76200000 0.00171413 -0.07317498
v -0.76200000 0.00140408 -0.07310055
v -0.76200000 0.00184101 -0.07179601
v -0.76200000 0.00110949 -0.07297852
v -0.76200000 0.00083762 -0.07281192
v -0.76200000 0.00059516 -0.07260484
v -0.76200000 0.00038808 -0.07236238
v -0.76200000 0.00022147 -0.07209051
v -0.76200000 0.00009945 -0.07179592
v -0.76200000 0.01045000 -0.07320000
v -0.76200000 0.01045000 -0.07265000
v -0.76200000 0.01100000 -0.07265000
v -0.76200000 0.01099384 -0.07142178
v -0.76200000 0.01057822 -0.07100616
v -0.76200000 0.00725000 -0.07100000
v -0.76200000 0.00800008 -0.07100000
v -0.76200000 0.01050000 -0.07100000
v -0.76200000 0.01085355 -0.07114645
v -0.76200000 0.01090451 -0.07120611
v -0.76200000 0.01094550 -0.07127300
v -0.76200000 0.01097553 -0.07134549
v -0.76200000 0.01079389 -0.07109549
v -0.76200000 0.01065451 -0.07102447
v -0.76200000 0.01072699 -0.07105450
v -0.76200000 0.03702300 -0.07094550
v -0.76200000 0.03709549 -0.07097553
v -0.76200000 0.03383465 -0.07153153
v -0.76200000 0.02593647 -0.07147658
v -0.76200000 0.02616535 -0.07153153
v -0.76200000 0.02310355 -0.07085355
v -0.76200000 0.02324384 -0.07057822
v -0.76200000 0.02518647 -0.07093168
v -0.76200000 0.02322553 -0.07065451
v -0.76200000 0.02533934 -0.07111066
v -0.76200000 0.02319550 -0.07072699
v -0.76200000 0.02551832 -0.07126353
v -0.76200000 0.02491847 -0.07028465
v -0.76200000 0.02497341 -0.07051352
v -0.76200000 0.02506349 -0.07073098
v -0.76200000 0.02168934 -0.06432365
v -0.76200000 0.02446066 -0.06709497
v -0.76200000 0.02315451 -0.06813098
v -0.76200000 0.02461353 -0.06727396
v -0.76200000 0.02319550 -0.06819788
v -0.76200000 0.02473651 -0.06747465
v -0.76200000 0.02322553 -0.06827036
v -0.76200000 0.02571901 -0.07138651
v -0.76200000 0.02315451 -0.07079389
v -0.76200000 0.03976785 -0.06519992
v -0.76200000 0.03689645 -0.06807132
v -0.76200000 0.03553934 -0.06709497
v -0.76200000 0.03684549 -0.06813098
v -0.76200000 0.03538647 -0.06727396
v -0.76200000 0.03680450 -0.06819788
v -0.76200000 0.02282822 -0.07099384
v -0.76200000 0.02290451 -0.07097553
v -0.76200000 0.03675000 -0.07050000
v -0.76200000 0.03675616 -0.07057822
v -0.76200000 0.03406353 -0.07147658
v -0.76200000 0.03677447 -0.07065451
v -0.76200000 0.03680450 -0.07072699
v -0.76200000 0.03684549 -0.07079389
v -0.76200000 0.03689645 -0.07085355
v -0.76200000 0.03695611 -0.07090451
v -0.76200000 0.03428099 -0.07138651
v -0.76200000 0.03448168 -0.07126353
v -0.76200000 0.03466066 -0.07111066
v -0.76200000 0.02275000 -0.07100000
v -0.76200000 0.02490000 -0.07005000
v -0.76200000 0.02325000 -0.07050000
v -0.76200000 0.02490000 -0.06815564
v -0.76200000 0.02325000 -0.06842487
v -0.76200000 0.02324384 -0.06834666
v -0.76200000 0.02488153 -0.06792098
v -0.76200000 0.02482658 -0.06769211
v -0.76200000 0.03481353 -0.07093168
v -0.76200000 0.03493651 -0.07073098
v -0.76200000 0.03502658 -0.07051352
v -0.76200000 0.01950000 -0.07100000
v -0.76200000 0.02037692 -0.07100000
v -0.76200000 0.02037692 -0.07172750
v -0.76200000 0.02297699 -0.07094550
v -0.76200000 0.02304389 -0.07090451
v -0.76200000 0.02640000 -0.07155000
v -0.76200000 0.03962308 -0.07172750
v -0.76200000 0.03360000 -0.07155000
v -0.76200000 0.03508153 -0.07028465
v -0.76200000 0.03510000 -0.07005000
v -0.76200000 0.03675000 -0.06842487
v -0.76200000 0.03510000 -0.06815564
v -0.76200000 0.03675616 -0.06834666
v -0.76200000 0.03511847 -0.06792098
v -0.76200000 0.03677447 -0.06827036
v -0.76200000 0.03517342 -0.06769211
v -0.76200000 0.03526349 -0.06747465
v -0.76200000 0.01914645 -0.07114645
v -0.76200000 0.01920611 -0.07109549
v -0.76200000 0.01900616 -0.07142178
v -0.76200000 0.01902447 -0.07134549
v -0.76200000 0.01905449 -0.07127300
v -0.76200000 0.01909549 -0.07120611
v -0.76200000 0.01927300 -0.07105450
v -0.76200000 0.01934549 -0.07102447
v -0.76200000 0.01942178 -0.07100616
v -0.76200000 0.01955000 -0.07320000
v -0.76200000 0.01900000 -0.07150000
v -0.76200000 0.04100000 -0.07150000
v -0.76200000 0.04100000 -0.07172750
v -0.76200000 0.04100000 -0.07265000
v -0.76200000 0.03717178 -0.07099384
v -0.76200000 0.03725000 -0.07100000
v -0.76200000 0.03962308 -0.07100000
v -0.76200000 0.04085355 -0.07114645
v -0.76200000 0.04090451 -0.07120611
v -0.76200000 0.04050000 -0.07100000
v -0.76200000 0.04057822 -0.07100616
v -0.76200000 0.04065451 -0.07102447
v -0.76200000 0.04072699 -0.07105450
v -0.76200000 0.04079389 -0.07109549
v -0.76200000 0.04094550 -0.07127300
v -0.76200000 0.04097553 -0.07134549
v -0.76200000 0.04099384 -0.07142178
v -0.76200000 0.04900000 -0.07150000
v -0.76200000 0.04900615 -0.07142178
v -0.76200000 0.04934549 -0.07102447
v -0.76200000 0.04902447 -0.07134549
v -0.76200000 0.04927301 -0.07105450
v -0.76200000 0.04909549 -0.07120611
v -0.76200000 0.04914645 -0.07114645
v -0.76200000 0.04920610 -0.07109549
v -0.76200000 0.04905450 -0.07127300
v -0.76200000 0.04955000 -0.07320000
v -0.76200000 0.04942178 -0.07100616
v -0.76200000 0.05830000 -0.06220000
v -0.76200000 0.05780000 -0.06519992
v -0.76200000 0.05780000 -0.06270000
v -0.76200000 0.05780000 -0.06595000
v -0.76200000 0.05945000 -0.06220000
v -0.76200000 0.05780616 -0.06262178
v -0.76200000 0.05782447 -0.06254549
v -0.76200000 0.05785450 -0.06247300
v -0.76200000 0.05807301 -0.06225450
v -0.76200000 0.05814549 -0.06222447
v -0.76200000 0.05800611 -0.06229549
v -0.76200000 0.05794645 -0.06234645
v -0.76200000 0.05822178 -0.06220616
v -0.76200000 0.05789549 -0.06240611
v -0.76200000 0.06000000 -0.05365000
v -0.76200000 0.05945000 -0.05365000
v -0.76200000 0.05780000 -0.05370000
v -0.76200000 0.05945000 -0.05420000
v -0.76200000 0.05830000 -0.05420000
v -0.76200000 0.05822178 -0.05419384
v -0.76200000 0.05814549 -0.05417553
v -0.76200000 0.05807301 -0.05414550
v -0.76200000 0.05800611 -0.05410451
v -0.76200000 0.05794645 -0.05405355
v -0.76200000 0.05789549 -0.05399389
v -0.76200000 0.05785450 -0.05392699
v -0.76200000 0.05782447 -0.05385451
v -0.76200000 0.05780616 -0.05377822
v -0.76200000 0.04955000 -0.04320000
v -0.76200000 0.04955000 -0.04375000
v -0.76200000 0.04900000 -0.04375000
v -0.76200000 0.05275000 -0.04540000
v -0.76200000 0.05199992 -0.04540000
v -0.76200000 0.04950000 -0.04540000
v -0.76200000 0.04942178 -0.04539384
v -0.76200000 0.04909549 -0.04519389
v -0.76200000 0.04914645 -0.04525355
v -0.76200000 0.04920610 -0.04530451
v -0.76200000 0.04934549 -0.04537553
v -0.76200000 0.04927301 -0.04534550
v -0.76200000 0.04905450 -0.04512699
v -0.76200000 0.04902447 -0.04505451
v -0.76200000 0.04900615 -0.04497822
v -0.76200000 0.03831066 -0.06432365
v -0.76200000 0.03846352 -0.06414467
v -0.76200000 0.03858651 -0.06394398
v -0.76200000 0.03875000 -0.05313701
v -0.76200000 0.03873153 -0.05290235
v -0.76200000 0.03867658 -0.05267348
v -0.76200000 0.03858651 -0.05245602
v -0.76200000 0.03867658 -0.06372652
v -0.76200000 0.03873153 -0.06349765
v -0.76200000 0.03875000 -0.06326299
v -0.76200000 0.02153647 -0.05225533
v -0.76200000 0.02141349 -0.05245602
v -0.76200000 0.02168934 -0.05207634
v -0.76200000 0.02126847 -0.06349765
v -0.76200000 0.02132341 -0.06372652
v -0.76200000 0.02125000 -0.06326299
v -0.76200000 0.02141349 -0.06394398
v -0.76200000 0.02153647 -0.06414467
v -0.76200000 0.02132341 -0.05267348
v -0.76200000 0.02126847 -0.05290235
v -0.76200000 0.02125000 -0.05313701
v -0.76200000 0.03962308 -0.04320000
v -0.76200000 0.02037692 -0.07320000
v 0.76200000 -0.02153648 -0.06414467
v 0.76200000 -0.02168934 -0.06432365
v 0.76200000 -0.02037692 -0.06519992
v 0.76200000 -0.01955000 -0.04375000
v 0.76200000 -0.01955000 -0.04320000
v 0.76200000 -0.02037692 -0.04320000
v 0.76200000 -0.03976785 -0.05120008
v 0.76200000 -0.03962308 -0.05120008
v 0.76200000 -0.03689645 -0.04832868
v 0.76200000 -0.04900000 -0.04490000
v 0.76200000 -0.04900000 -0.04467250
v 0.76200000 -0.05199992 -0.04467250
v 0.76200000 -0.05945000 -0.05365000
v 0.76200000 -0.05945000 -0.05420000
v 0.76200000 -0.05935250 -0.05420000
v 0.76200000 -0.05945000 -0.06275000
v 0.76200000 -0.06000000 -0.06275000
v 0.76200000 -0.06000000 -0.06519992
v 0.76200000 -0.04955000 -0.07265000
v 0.76200000 -0.04900000 -0.07265000
v 0.76200000 -0.04900000 -0.07172750
v 0.76200000 -0.04950000 -0.07100000
v 0.76200000 -0.05199992 -0.07100000
v 0.76200000 -0.05199992 -0.07172750
v 0.76200000 -0.01955000 -0.07265000
v 0.76200000 -0.01900000 -0.07265000
v 0.76200000 -0.01900000 -0.07172750
v 0.76200000 -0.02023215 -0.06519992
v 0.76200000 -0.02310355 -0.06807132
v 0.76200000 -0.01100000 -0.07150000
v 0.76200000 -0.01100000 -0.07172750
v 0.76200000 -0.00800008 -0.07172750
v 0.76200000 -0.00055000 -0.05365000
v 0.76200000 0.00000000 -0.05365000
v 0.76200000 0.00000000 -0.05120008
v 0.76200000 -0.01045000 -0.04375000
v 0.76200000 -0.01100000 -0.04375000
v 0.76200000 -0.01100000 -0.04467250
v 0.76200000 -0.01050000 -0.04540000
v 0.76200000 -0.00800008 -0.04540000
v 0.76200000 -0.00800008 -0.04467250
v 0.76200000 -0.05801402 -0.04454394
v 0.76200000 -0.05786144 -0.04450731
v 0.76200000 -0.05796800 -0.04320000
v 0.76200000 -0.05533957 -0.04450731
v 0.76200000 -0.05199992 -0.04320000
v 0.76200000 -0.05549600 -0.04449500
v 0.76200000 -0.05770500 -0.04449500
v 0.76200000 -0.05290451 -0.04542447
v 0.76200000 -0.05282822 -0.04540616
v 0.76200000 -0.05780000 -0.05370000
v 0.76200000 -0.05780000 -0.05120008
v 0.76200000 -0.05935250 -0.05120008
v 0.76200000 -0.05780000 -0.05045000
v 0.76200000 -0.05319550 -0.04820212
v 0.76200000 -0.05322553 -0.04812963
v 0.76200000 -0.05493098 -0.05004549
v 0.76200000 -0.05518698 -0.04454394
v 0.76200000 -0.05504201 -0.04460399
v 0.76200000 -0.05490822 -0.04468598
v 0.76200000 -0.05478889 -0.04478789
v 0.76200000 -0.05315451 -0.04560611
v 0.76200000 -0.05310355 -0.04554645
v 0.76200000 -0.05454494 -0.04518598
v 0.76200000 -0.05454494 -0.04801302
v 0.76200000 -0.05460499 -0.04815799
v 0.76200000 -0.05319550 -0.04567300
v 0.76200000 -0.05841211 -0.04841111
v 0.76200000 -0.05851402 -0.04829178
v 0.76200000 -0.05859601 -0.04815799
v 0.76200000 -0.05865606 -0.04801302
v 0.76200000 -0.05468698 -0.04490721
v 0.76200000 -0.05460499 -0.04504101
v 0.76200000 -0.05304389 -0.04549549
v 0.76200000 -0.05297699 -0.04545450
v 0.76200000 -0.05770451 -0.05015611
v 0.76200000 -0.05765355 -0.05009645
v 0.76200000 -0.05759389 -0.05004549
v 0.76200000 -0.05829279 -0.04851302
v 0.76200000 -0.05518698 -0.04865506
v 0.76200000 -0.05504201 -0.04859501
v 0.76200000 -0.05490822 -0.04851302
v 0.76200000 -0.05829279 -0.04468598
v 0.76200000 -0.05935250 -0.04467250
v 0.76200000 -0.05841211 -0.04478789
v 0.76200000 -0.05851402 -0.04490721
v 0.76200000 -0.05770500 -0.04870400
v 0.76200000 -0.05786144 -0.04869169
v 0.76200000 -0.05745451 -0.04997447
v 0.76200000 -0.05468698 -0.04829178
v 0.76200000 -0.05478889 -0.04841111
v 0.76200000 -0.05869269 -0.04533857
v 0.76200000 -0.05865606 -0.04518598
v 0.76200000 -0.05859601 -0.04504101
v 0.76200000 -0.05450831 -0.04786043
v 0.76200000 -0.05324384 -0.04805334
v 0.76200000 -0.05325000 -0.04797513
v 0.76200000 -0.05322553 -0.04574549
v 0.76200000 -0.05450831 -0.04533857
v 0.76200000 -0.05324384 -0.04582178
v 0.76200000 -0.05449600 -0.04549500
v 0.76200000 -0.05325000 -0.04590000
v 0.76200000 -0.05779384 -0.05037178
v 0.76200000 -0.05777553 -0.05029549
v 0.76200000 -0.05774550 -0.05022301
v 0.76200000 -0.05752700 -0.05000450
v 0.76200000 -0.05801402 -0.04865506
v 0.76200000 -0.05815899 -0.04859501
v 0.76200000 -0.05737822 -0.04995616
v 0.76200000 -0.05730000 -0.04995000
v 0.76200000 -0.05549600 -0.04870400
v 0.76200000 -0.05522487 -0.04995000
v 0.76200000 -0.05533957 -0.04869169
v 0.76200000 -0.05514666 -0.04995616
v 0.76200000 -0.05507037 -0.04997447
v 0.76200000 -0.05499788 -0.05000450
v 0.76200000 -0.05199992 -0.05120008
v 0.76200000 -0.05310355 -0.04832868
v 0.76200000 -0.05315451 -0.04826902
v 0.76200000 -0.05449600 -0.04770400
v 0.76200000 -0.05869269 -0.04786043
v 0.76200000 -0.05870500 -0.04770400
v 0.76200000 -0.05870500 -0.04549500
v 0.76200000 -0.05478889 -0.07161211
v 0.76200000 -0.05490822 -0.07171402
v 0.76200000 -0.05454494 -0.07121402
v 0.76200000 -0.05460499 -0.07135899
v 0.76200000 -0.05468698 -0.07149278
v 0.76200000 -0.05865606 -0.06838698
v 0.76200000 -0.05859601 -0.06824201
v 0.76200000 -0.05935250 -0.06519992
v 0.76200000 -0.05851402 -0.06810821
v 0.76200000 -0.05841211 -0.06798889
v 0.76200000 -0.05315451 -0.06813098
v 0.76200000 -0.05310355 -0.06807132
v 0.76200000 -0.05460499 -0.06824201
v 0.76200000 -0.05829279 -0.07171402
v 0.76200000 -0.05841211 -0.07161211
v 0.76200000 -0.05935250 -0.07172750
v 0.76200000 -0.05851402 -0.07149278
v 0.76200000 -0.05859601 -0.07135899
v 0.76200000 -0.05865606 -0.07121402
v 0.76200000 -0.05869269 -0.07106143
v 0.76200000 -0.05290451 -0.07097553
v 0.76200000 -0.05282822 -0.07099384
v 0.76200000 -0.05275000 -0.07100000
v 0.76200000 -0.05468698 -0.06810821
v 0.76200000 -0.05297699 -0.07094550
v 0.76200000 -0.05304389 -0.07090451
v 0.76200000 -0.05310355 -0.07085355
v 0.76200000 -0.05870500 -0.07090500
v 0.76200000 -0.05870500 -0.06869600
v 0.76200000 -0.05869269 -0.06853957
v 0.76200000 -0.05199992 -0.06519992
v 0.76200000 -0.05478889 -0.06798889
v 0.76200000 -0.05490822 -0.06788698
v 0.76200000 -0.05487132 -0.06630355
v 0.76200000 -0.05493098 -0.06635451
v 0.76200000 -0.05499788 -0.06639550
v 0.76200000 -0.05507037 -0.06642553
v 0.76200000 -0.05514666 -0.06644384
v 0.76200000 -0.05533957 -0.06770831
v 0.76200000 -0.05518698 -0.06774494
v 0.76200000 -0.05504201 -0.06780499
v 0.76200000 -0.05829279 -0.06788698
v 0.76200000 -0.05765355 -0.06630355
v 0.76200000 -0.05815899 -0.06780499
v 0.76200000 -0.05759389 -0.06635451
v 0.76200000 -0.05801402 -0.06774494
v 0.76200000 -0.05770451 -0.06624389
v 0.76200000 -0.05774550 -0.06617699
v 0.76200000 -0.05777553 -0.06610451
v 0.76200000 -0.05779384 -0.06602822
v 0.76200000 -0.05315451 -0.07079389
v 0.76200000 -0.05319550 -0.07072699
v 0.76200000 -0.05450831 -0.07106143
v 0.76200000 -0.05322553 -0.07065451
v 0.76200000 -0.05449600 -0.07090500
v 0.76200000 -0.05549600 -0.06769600
v 0.76200000 -0.05522487 -0.06645000
v 0.76200000 -0.05770500 -0.06769600
v 0.76200000 -0.05730000 -0.06645000
v 0.76200000 -0.05737822 -0.06644384
v 0.76200000 -0.05786144 -0.06770831
v 0.76200000 -0.05745451 -0.06642553
v 0.76200000 -0.05752700 -0.06639550
v 0.76200000 -0.05324384 -0.07057822
v 0.76200000 -0.05325000 -0.07050000
v 0.76200000 -0.05449600 -0.06869600
v 0.76200000 -0.05325000 -0.06842487
v 0.76200000 -0.05450831 -0.06853957
v 0.76200000 -0.05324384 -0.06834666
v 0.76200000 -0.05454494 -0.06838698
v 0.76200000 -0.05322553 -0.06827036
v 0.76200000 -0.05319550 -0.06819788
v 0.76200000 -0.05815899 -0.07179601
v 0.76200000 -0.05859592 -0.07310055
v 0.76200000 -0.05801402 -0.07185606
v 0.76200000 -0.05828587 -0.07317498
v 0.76200000 -0.05786144 -0.07189269
v 0.76200000 -0.05796800 -0.07320000
v 0.76200000 -0.05770500 -0.07190500
v 0.76200000 -0.05504201 -0.07179601
v 0.76200000 -0.05518698 -0.07185606
v 0.76200000 -0.05199992 -0.07320000
v 0.76200000 -0.05533957 -0.07189269
v 0.76200000 -0.05549600 -0.07190500
v 0.76200000 -0.00198598 -0.07185606
v 0.76200000 -0.00140408 -0.07310055
v 0.76200000 -0.00184101 -0.07179601
v 0.76200000 -0.00110949 -0.07297852
v 0.76200000 -0.00170721 -0.07171402
v 0.76200000 -0.00083762 -0.07281192
v 0.76200000 -0.00059516 -0.07260484
v 0.76200000 -0.00213857 -0.07189269
v 0.76200000 -0.00203200 -0.07320000
v 0.76200000 -0.00171413 -0.07317498
v 0.76200000 -0.00038808 -0.07236238
v 0.76200000 -0.00022147 -0.07209051
v 0.76200000 -0.00009945 -0.07179592
v 0.76200000 -0.00466043 -0.07189269
v 0.76200000 -0.00800008 -0.07320000
v 0.76200000 -0.00450400 -0.07190500
v 0.76200000 -0.00229500 -0.07190500
v 0.76200000 -0.00709549 -0.07097553
v 0.76200000 -0.00717178 -0.07099384
v 0.76200000 -0.00220000 -0.06519992
v 0.76200000 -0.00220000 -0.06595000
v 0.76200000 0.00000000 -0.06519992
v 0.76200000 -0.00220616 -0.06602822
v 0.76200000 -0.00222447 -0.06610451
v 0.76200000 -0.00148598 -0.06810821
v 0.76200000 -0.00140400 -0.06824201
v 0.76200000 -0.00240611 -0.06635451
v 0.76200000 -0.00702301 -0.07094550
v 0.76200000 -0.00509179 -0.07171402
v 0.76200000 -0.00695611 -0.07090451
v 0.76200000 -0.00521111 -0.07161211
v 0.76200000 -0.00689645 -0.07085355
v 0.76200000 -0.00234645 -0.06630355
v 0.76200000 -0.00140400 -0.07135899
v 0.76200000 -0.00148598 -0.07149278
v 0.76200000 -0.00158789 -0.07161211
v 0.76200000 -0.00495799 -0.07179601
v 0.76200000 -0.00481301 -0.07185606
v 0.76200000 -0.00680450 -0.06819788
v 0.76200000 -0.00254549 -0.06642553
v 0.76200000 -0.00262178 -0.06644384
v 0.76200000 -0.00270000 -0.06645000
v 0.76200000 -0.00477513 -0.06645000
v 0.76200000 -0.00485334 -0.06644384
v 0.76200000 -0.00531302 -0.07149278
v 0.76200000 -0.00539501 -0.07135899
v 0.76200000 -0.00680450 -0.07072699
v 0.76200000 -0.00545506 -0.07121402
v 0.76200000 -0.00677447 -0.07065451
v 0.76200000 -0.00492963 -0.06642553
v 0.76200000 -0.00500212 -0.06639550
v 0.76200000 -0.00506902 -0.06635451
v 0.76200000 -0.00134394 -0.07121402
v 0.76200000 -0.00002502 -0.07148587
v 0.76200000 -0.00130731 -0.07106143
v 0.76200000 0.00000000 -0.07116800
v 0.76200000 -0.00129500 -0.07090500
v 0.76200000 -0.00198598 -0.06774494
v 0.76200000 -0.00184101 -0.06780499
v 0.76200000 -0.00684549 -0.07079389
v 0.76200000 -0.00800008 -0.06519992
v 0.76200000 -0.00689645 -0.06807132
v 0.76200000 -0.00684549 -0.06813098
v 0.76200000 -0.00170721 -0.06788698
v 0.76200000 -0.00158789 -0.06798889
v 0.76200000 -0.00225450 -0.06617699
v 0.76200000 -0.00134394 -0.06838698
v 0.76200000 -0.00229549 -0.06624389
v 0.76200000 -0.00130731 -0.06853957
v 0.76200000 -0.00129500 -0.06869600
v 0.76200000 -0.00531302 -0.06810821
v 0.76200000 -0.00521111 -0.06798889
v 0.76200000 -0.00509179 -0.06788698
v 0.76200000 -0.00549169 -0.06853957
v 0.76200000 -0.00675616 -0.06834666
v 0.76200000 -0.00675000 -0.06842487
v 0.76200000 -0.00213857 -0.06770831
v 0.76200000 -0.00247301 -0.06639550
v 0.76200000 -0.00229500 -0.06769600
v 0.76200000 -0.00450400 -0.06769600
v 0.76200000 -0.00550400 -0.06869600
v 0.76200000 -0.00677447 -0.06827036
v 0.76200000 -0.00545506 -0.06838698
v 0.76200000 -0.00539501 -0.06824201
v 0.76200000 -0.00495799 -0.06780499
v 0.76200000 -0.00481301 -0.06774494
v 0.76200000 -0.00466043 -0.06770831
v 0.76200000 -0.00549169 -0.07106143
v 0.76200000 -0.00550400 -0.07090500
v 0.76200000 -0.00675616 -0.07057822
v 0.76200000 -0.00675000 -0.07050000
v 0.76200000 -0.00222447 -0.05029549
v 0.76200000 -0.00220616 -0.05037178
v 0.76200000 -0.00521111 -0.04478789
v 0.76200000 -0.00509179 -0.04468598
v 0.76200000 -0.00134394 -0.04801302
v 0.76200000 -0.00140400 -0.04815799
v 0.76200000 -0.00677447 -0.04812963
v 0.76200000 -0.00680450 -0.04820212
v 0.76200000 -0.00531302 -0.04829178
v 0.76200000 -0.00675616 -0.04582178
v 0.76200000 -0.00539501 -0.04815799
v 0.76200000 -0.00677447 -0.04574549
v 0.76200000 -0.00545506 -0.04801302
v 0.76200000 -0.00680450 -0.04567300
v 0.76200000 -0.00549169 -0.04786043
v 0.76200000 -0.00158789 -0.04478789
v 0.76200000 -0.00148598 -0.04490721
v 0.76200000 -0.00009945 -0.04460408
v 0.76200000 -0.00140400 -0.04504101
v 0.76200000 -0.00002502 -0.04491413
v 0.76200000 -0.00134394 -0.04518598
v 0.76200000 0.00000000 -0.04523200
v 0.76200000 -0.00130731 -0.04533857
v 0.76200000 -0.00684549 -0.04826902
v 0.76200000 -0.00800008 -0.05120008
v 0.76200000 -0.00521111 -0.04841111
v 0.76200000 -0.00512868 -0.05009645
v 0.76200000 -0.00506902 -0.05004549
v 0.76200000 -0.00725000 -0.04540000
v 0.76200000 -0.00717178 -0.04540616
v 0.76200000 -0.00709549 -0.04542447
v 0.76200000 -0.00702301 -0.04545450
v 0.76200000 -0.00500212 -0.05000450
v 0.76200000 -0.00492963 -0.04997447
v 0.76200000 -0.00509179 -0.04851302
v 0.76200000 -0.00485334 -0.04995616
v 0.76200000 -0.00495799 -0.04859501
v 0.76200000 -0.00695611 -0.04549549
v 0.76200000 -0.00689645 -0.04554645
v 0.76200000 -0.00531302 -0.04490721
v 0.76200000 -0.00539501 -0.04504101
v 0.76200000 -0.00129500 -0.04549500
v 0.76200000 -0.00129500 -0.04770400
v 0.76200000 -0.00130731 -0.04786043
v 0.76200000 -0.00675000 -0.04590000
v 0.76200000 -0.00675000 -0.04797513
v 0.76200000 -0.00675616 -0.04805334
v 0.76200000 -0.00148598 -0.04829178
v 0.76200000 -0.00158789 -0.04841111
v 0.76200000 -0.00170721 -0.04851302
v 0.76200000 -0.00247301 -0.05000450
v 0.76200000 -0.00240611 -0.05004549
v 0.76200000 -0.00213857 -0.04869169
v 0.76200000 -0.00234645 -0.05009645
v 0.76200000 -0.00229549 -0.05015611
v 0.76200000 -0.00229500 -0.04870400
v 0.76200000 -0.00450400 -0.04870400
v 0.76200000 -0.00477513 -0.04995000
v 0.76200000 -0.00466043 -0.04869169
v 0.76200000 -0.00481301 -0.04865506
v 0.76200000 -0.00184101 -0.04859501
v 0.76200000 -0.00198598 -0.04865506
v 0.76200000 -0.00225450 -0.05022301
v 0.76200000 -0.00270000 -0.04995000
v 0.76200000 -0.00262178 -0.04995616
v 0.76200000 -0.00254549 -0.04997447
v 0.76200000 -0.00550400 -0.04770400
v 0.76200000 -0.00550400 -0.04549500
v 0.76200000 -0.00684549 -0.04560611
v 0.76200000 -0.00549169 -0.04533857
v 0.76200000 -0.00545506 -0.04518598
v 0.76200000 -0.00495799 -0.04460399
v 0.76200000 -0.00481301 -0.04454394
v 0.76200000 -0.00800008 -0.04320000
v 0.76200000 -0.00466043 -0.04450731
v 0.76200000 -0.00203200 -0.04320000
v 0.76200000 -0.00450400 -0.04449500
v 0.76200000 -0.00229500 -0.04449500
v 0.76200000 -0.00213857 -0.04450731
v 0.76200000 -0.00171413 -0.04322502
v 0.76200000 -0.00198598 -0.04454394
v 0.76200000 -0.00140408 -0.04329945
v 0.76200000 -0.00184101 -0.04460399
v 0.76200000 -0.00170721 -0.04468598
v 0.76200000 -0.00022147 -0.04430949
v 0.76200000 -0.00038808 -0.04403762
v 0.76200000 -0.00059516 -0.04379516
v 0.76200000 -0.00083762 -0.04358808
v 0.76200000 -0.00110949 -0.04342147
v 0.76200000 -0.01834194 -0.05716008
v 0.76200000 -0.01814773 -0.05666970
v 0.76200000 -0.01950384 -0.05504320
v 0.76200000 -0.00900000 -0.05906602
v 0.76200000 -0.00950000 -0.05820000
v 0.76200000 -0.01150000 -0.05820000
v 0.76200000 -0.00897553 -0.05402036
v 0.76200000 -0.00894550 -0.05394788
v 0.76200000 -0.01111091 -0.05431091
v 0.76200000 -0.01049616 -0.05504320
v 0.76200000 -0.01185227 -0.05666970
v 0.76200000 -0.01165806 -0.05716008
v 0.76200000 -0.01153974 -0.05767407
v 0.76200000 -0.00900000 -0.05733397
v 0.76200000 -0.00512868 -0.06630355
v 0.76200000 -0.00800008 -0.06343215
v 0.76200000 -0.01111091 -0.06208909
v 0.76200000 -0.01950384 -0.06135680
v 0.76200000 -0.01814773 -0.05973030
v 0.76200000 -0.01834194 -0.05923992
v 0.76200000 -0.01068098 -0.05210451
v 0.76200000 -0.01074788 -0.05214550
v 0.76200000 -0.01185227 -0.05973030
v 0.76200000 -0.01049616 -0.06135680
v 0.76200000 -0.01165806 -0.05923992
v 0.76200000 -0.01153974 -0.05872593
v 0.76200000 -0.00885355 -0.06257868
v 0.76200000 -0.00890451 -0.06251902
v 0.76200000 -0.00894550 -0.06245212
v 0.76200000 -0.01074788 -0.06425450
v 0.76200000 -0.01082037 -0.06422447
v 0.76200000 -0.01089666 -0.06420616
v 0.76200000 -0.01653030 -0.06134773
v 0.76200000 -0.01815680 -0.06270384
v 0.76200000 -0.01603992 -0.06154194
v 0.76200000 -0.01586602 -0.06420000
v 0.76200000 -0.01552594 -0.06166026
v 0.76200000 -0.01888909 -0.06208909
v 0.76200000 -0.01346970 -0.05505227
v 0.76200000 -0.01184320 -0.05369616
v 0.76200000 -0.01396008 -0.05485806
v 0.76200000 -0.01413398 -0.05220000
v 0.76200000 -0.01447407 -0.05473974
v 0.76200000 -0.01082037 -0.05217553
v 0.76200000 -0.01089666 -0.05219384
v 0.76200000 -0.01097487 -0.05220000
v 0.76200000 -0.00897553 -0.06237963
v 0.76200000 -0.00899384 -0.06230334
v 0.76200000 -0.00900000 -0.06222513
v 0.76200000 -0.01068098 -0.06429549
v 0.76200000 -0.01062132 -0.06434645
v 0.76200000 -0.00976785 -0.06519992
v 0.76200000 -0.01097487 -0.06420000
v 0.76200000 -0.01184320 -0.06270384
v 0.76200000 -0.01413398 -0.06420000
v 0.76200000 -0.01937868 -0.06434645
v 0.76200000 -0.01931902 -0.06429549
v 0.76200000 -0.01925212 -0.06425450
v 0.76200000 -0.01931902 -0.05210451
v 0.76200000 -0.01888909 -0.05431091
v 0.76200000 -0.01925212 -0.05214550
v 0.76200000 -0.01917963 -0.05217553
v 0.76200000 -0.01937868 -0.05205355
v 0.76200000 -0.02037692 -0.05120008
v 0.76200000 -0.01586602 -0.05220000
v 0.76200000 -0.01902513 -0.05220000
v 0.76200000 -0.01815680 -0.05369616
v 0.76200000 -0.00900000 -0.05417487
v 0.76200000 -0.00899384 -0.05409666
v 0.76200000 -0.00890451 -0.05388098
v 0.76200000 -0.00885355 -0.05382132
v 0.76200000 -0.00800008 -0.05296785
v 0.76200000 -0.01500000 -0.06170000
v 0.76200000 -0.01500000 -0.06370000
v 0.76200000 -0.01447407 -0.06166026
v 0.76200000 -0.01396008 -0.06154194
v 0.76200000 -0.01346970 -0.06134773
v 0.76200000 -0.01917963 -0.06422447
v 0.76200000 -0.01910334 -0.06420616
v 0.76200000 -0.01902513 -0.06420000
v 0.76200000 -0.01910334 -0.05219384
v 0.76200000 -0.01500000 -0.05470000
v 0.76200000 -0.01500000 -0.05270000
v 0.76200000 -0.01552594 -0.05473974
v 0.76200000 -0.01603992 -0.05485806
v 0.76200000 -0.01653030 -0.05505227
v 0.76200000 -0.00689645 -0.04832868
v 0.76200000 -0.00976785 -0.05120008
v 0.76200000 -0.01062132 -0.05205355
v 0.76200000 -0.01846026 -0.05872593
v 0.76200000 -0.01850000 -0.05820000
v 0.76200000 -0.01846026 -0.05767407
v 0.76200000 -0.01099385 -0.04497822
v 0.76200000 -0.01097553 -0.04505451
v 0.76200000 -0.01079390 -0.04530451
v 0.76200000 -0.01094550 -0.04512699
v 0.76200000 -0.01090451 -0.04519389
v 0.76200000 -0.01085355 -0.04525355
v 0.76200000 -0.01100000 -0.04490000
v 0.76200000 -0.01072699 -0.04534550
v 0.76200000 -0.01065451 -0.04537553
v 0.76200000 -0.01045000 -0.04320000
v 0.76200000 -0.01057822 -0.04539384
v 0.76200000 -0.00220000 -0.05045000
v 0.76200000 -0.00220000 -0.05120008
v 0.76200000 -0.00170000 -0.05420000
v 0.76200000 -0.00055000 -0.05420000
v 0.76200000 -0.00192699 -0.05414550
v 0.76200000 -0.00185451 -0.05417553
v 0.76200000 -0.00219384 -0.05377822
v 0.76200000 -0.00214550 -0.05392699
v 0.76200000 -0.00210451 -0.05399389
v 0.76200000 -0.00205355 -0.05405355
v 0.76200000 -0.00220000 -0.05370000
v 0.76200000 -0.00177822 -0.05419384
v 0.76200000 -0.00217553 -0.05385451
v 0.76200000 -0.00199389 -0.05410451
v 0.76200000 0.00000000 -0.06275000
v 0.76200000 -0.00055000 -0.06275000
v 0.76200000 -0.00220000 -0.06270000
v 0.76200000 -0.00055000 -0.06220000
v 0.76200000 -0.00170000 -0.06220000
v 0.76200000 -0.00177822 -0.06220616
v 0.76200000 -0.00185451 -0.06222447
v 0.76200000 -0.00205355 -0.06234645
v 0.76200000 -0.00210451 -0.06240611
v 0.76200000 -0.00214550 -0.06247300
v 0.76200000 -0.00217553 -0.06254549
v 0.76200000 -0.00219384 -0.06262178
v 0.76200000 -0.00192699 -0.06225450
v 0.76200000 -0.00199389 -0.06229549
v 0.76200000 -0.01045000 -0.07320000
v 0.76200000 -0.01045000 -0.07265000
v 0.76200000 -0.01100000 -0.07265000
v 0.76200000 -0.00725000 -0.07100000
v 0.76200000 -0.00800008 -0.07100000
v 0.76200000 -0.01050000 -0.07100000
v 0.76200000 -0.01057822 -0.07100616
v 0.76200000 -0.01065451 -0.07102447
v 0.76200000 -0.01099385 -0.07142178
v 0.76200000 -0.01097553 -0.07134549
v 0.76200000 -0.01079390 -0.07109549
v 0.76200000 -0.01085355 -0.07114645
v 0.76200000 -0.01090451 -0.07120611
v 0.76200000 -0.01072699 -0.07105450
v 0.76200000 -0.01094550 -0.07127300
v 0.76200000 -0.02571901 -0.07138651
v 0.76200000 -0.02593647 -0.07147658
v 0.76200000 -0.02319550 -0.07072699
v 0.76200000 -0.03675616 -0.07057822
v 0.76200000 -0.03481353 -0.07093168
v 0.76200000 -0.03493651 -0.07073098
v 0.76200000 -0.03406353 -0.07147658
v 0.76200000 -0.03428099 -0.07138651
v 0.76200000 -0.03689645 -0.07085355
v 0.76200000 -0.02491847 -0.07028465
v 0.76200000 -0.02497342 -0.07051352
v 0.76200000 -0.02324384 -0.07057822
v 0.76200000 -0.02446066 -0.06709497
v 0.76200000 -0.02315451 -0.06813098
v 0.76200000 -0.02461353 -0.06727396
v 0.76200000 -0.02319550 -0.06819788
v 0.76200000 -0.02473651 -0.06747465
v 0.76200000 -0.02322553 -0.06827036
v 0.76200000 -0.03448168 -0.07126353
v 0.76200000 -0.03466066 -0.07111066
v 0.76200000 -0.03684549 -0.07079389
v 0.76200000 -0.03680450 -0.07072699
v 0.76200000 -0.03702301 -0.07094550
v 0.76200000 -0.03709549 -0.07097553
v 0.76200000 -0.03383465 -0.07153153
v 0.76200000 -0.02297700 -0.07094550
v 0.76200000 -0.02304389 -0.07090451
v 0.76200000 -0.02616535 -0.07153153
v 0.76200000 -0.02310355 -0.07085355
v 0.76200000 -0.02315451 -0.07079389
v 0.76200000 -0.03677447 -0.07065451
v 0.76200000 -0.02275000 -0.07100000
v 0.76200000 -0.02282822 -0.07099384
v 0.76200000 -0.02290451 -0.07097553
v 0.76200000 -0.03695611 -0.07090451
v 0.76200000 -0.01950000 -0.07100000
v 0.76200000 -0.02037692 -0.07100000
v 0.76200000 -0.02037692 -0.07172750
v 0.76200000 -0.02490000 -0.06815564
v 0.76200000 -0.02324384 -0.06834666
v 0.76200000 -0.02488153 -0.06792098
v 0.76200000 -0.02482658 -0.06769211
v 0.76200000 -0.03680450 -0.06819788
v 0.76200000 -0.03538647 -0.06727396
v 0.76200000 -0.03684549 -0.06813098
v 0.76200000 -0.03553934 -0.06709497
v 0.76200000 -0.03689645 -0.06807132
v 0.76200000 -0.02506349 -0.07073098
v 0.76200000 -0.02518647 -0.07093168
v 0.76200000 -0.02322553 -0.07065451
v 0.76200000 -0.02533934 -0.07111066
v 0.76200000 -0.02551832 -0.07126353
v 0.76200000 -0.02490000 -0.07005000
v 0.76200000 -0.02325000 -0.07050000
v 0.76200000 -0.02325000 -0.06842487
v 0.76200000 -0.03502659 -0.07051352
v 0.76200000 -0.03508153 -0.07028465
v 0.76200000 -0.03675000 -0.07050000
v 0.76200000 -0.03510000 -0.07005000
v 0.76200000 -0.03675000 -0.06842487
v 0.76200000 -0.03510000 -0.06815564
v 0.76200000 -0.03675616 -0.06834666
v 0.76200000 -0.03511847 -0.06792098
v 0.76200000 -0.03677447 -0.06827036
v 0.76200000 -0.03517342 -0.06769211
v 0.76200000 -0.03526349 -0.06747465
v 0.76200000 -0.02640000 -0.07155000
v 0.76200000 -0.03962308 -0.07172750
v 0.76200000 -0.03360000 -0.07155000
v 0.76200000 -0.01900000 -0.07150000
v 0.76200000 -0.01900616 -0.07142178
v 0.76200000 -0.01902447 -0.07134549
v 0.76200000 -0.01914645 -0.07114645
v 0.76200000 -0.01920611 -0.07109549
v 0.76200000 -0.01927301 -0.07105450
v 0.76200000 -0.01934549 -0.07102447
v 0.76200000 -0.01905450 -0.07127300
v 0.76200000 -0.01909549 -0.07120611
v 0.76200000 -0.01955000 -0.07320000
v 0.76200000 -0.01942178 -0.07100616
v 0.76200000 -0.04100000 -0.07150000
v 0.76200000 -0.04100000 -0.07172750
v 0.76200000 -0.04100000 -0.07265000
v 0.76200000 -0.04045000 -0.07265000
v 0.76200000 -0.03717178 -0.07099384
v 0.76200000 -0.03725000 -0.07100000
v 0.76200000 -0.03962308 -0.07100000
v 0.76200000 -0.04050000 -0.07100000
v 0.76200000 -0.04099384 -0.07142178
v 0.76200000 -0.04085355 -0.07114645
v 0.76200000 -0.04090451 -0.07120611
v 0.76200000 -0.04065451 -0.07102447
v 0.76200000 -0.04072700 -0.07105450
v 0.76200000 -0.04079389 -0.07109549
v 0.76200000 -0.04094551 -0.07127300
v 0.76200000 -0.04097553 -0.07134549
v 0.76200000 -0.04057822 -0.07100616
v 0.76200000 -0.03962308 -0.06519992
v 0.76200000 -0.04049616 -0.06135680
v 0.76200000 -0.04111091 -0.06208909
v 0.76200000 -0.04111091 -0.05431091
v 0.76200000 -0.04049616 -0.05504320
v 0.76200000 -0.05102447 -0.06237963
v 0.76200000 -0.05105450 -0.06245212
v 0.76200000 -0.04888909 -0.06208909
v 0.76200000 -0.04814773 -0.05666970
v 0.76200000 -0.04950384 -0.05504320
v 0.76200000 -0.04834194 -0.05716008
v 0.76200000 -0.05100000 -0.05733397
v 0.76200000 -0.04846026 -0.05767407
v 0.76200000 -0.04089666 -0.06420616
v 0.76200000 -0.04082037 -0.06422447
v 0.76200000 -0.04074788 -0.06425450
v 0.76200000 -0.04653030 -0.06134773
v 0.76200000 -0.04815681 -0.06270384
v 0.76200000 -0.04603993 -0.06154194
v 0.76200000 -0.04586603 -0.06420000
v 0.76200000 -0.04552593 -0.06166026
v 0.76200000 -0.04097487 -0.06420000
v 0.76200000 -0.04184320 -0.06270384
v 0.76200000 -0.04413398 -0.06420000
v 0.76200000 -0.04931902 -0.06429549
v 0.76200000 -0.04925212 -0.06425450
v 0.76200000 -0.05100000 -0.05906602
v 0.76200000 -0.05100000 -0.06222513
v 0.76200000 -0.04950384 -0.06135680
v 0.76200000 -0.05109549 -0.05388098
v 0.76200000 -0.05105450 -0.05394788
v 0.76200000 -0.04888909 -0.05431091
v 0.76200000 -0.04150000 -0.05820000
v 0.76200000 -0.04153974 -0.05872593
v 0.76200000 -0.04165806 -0.05923992
v 0.76200000 -0.04185227 -0.05973030
v 0.76200000 -0.04068098 -0.06429549
v 0.76200000 -0.04062132 -0.06434645
v 0.76200000 -0.03976785 -0.06519992
v 0.76200000 -0.04500000 -0.06170000
v 0.76200000 -0.04500000 -0.06370000
v 0.76200000 -0.04447407 -0.06166026
v 0.76200000 -0.04396008 -0.06154194
v 0.76200000 -0.04346970 -0.06134773
v 0.76200000 -0.04917964 -0.06422447
v 0.76200000 -0.04910334 -0.06420616
v 0.76200000 -0.04902513 -0.06420000
v 0.76200000 -0.05100616 -0.06230334
v 0.76200000 -0.04850000 -0.05820000
v 0.76200000 -0.05050000 -0.05820000
v 0.76200000 -0.04846026 -0.05872593
v 0.76200000 -0.04834194 -0.05923992
v 0.76200000 -0.04814773 -0.05973030
v 0.76200000 -0.04917964 -0.05217553
v 0.76200000 -0.04925212 -0.05214550
v 0.76200000 -0.04346970 -0.05505227
v 0.76200000 -0.04184320 -0.05369616
v 0.76200000 -0.04396008 -0.05485806
v 0.76200000 -0.04413398 -0.05220000
v 0.76200000 -0.04447407 -0.05473974
v 0.76200000 -0.04586603 -0.05220000
v 0.76200000 -0.04902513 -0.05220000
v 0.76200000 -0.04815681 -0.05369616
v 0.76200000 -0.04068098 -0.05210451
v 0.76200000 -0.04074788 -0.05214550
v 0.76200000 -0.04082037 -0.05217553
v 0.76200000 -0.04089666 -0.05219384
v 0.76200000 -0.04097487 -0.05220000
v 0.76200000 -0.04185227 -0.05666970
v 0.76200000 -0.04165806 -0.05716008
v 0.76200000 -0.04153974 -0.05767407
v 0.76200000 -0.05109549 -0.06251902
v 0.76200000 -0.05114645 -0.06257868
v 0.76200000 -0.05199992 -0.06343215
v 0.76200000 -0.04910334 -0.05219384
v 0.76200000 -0.04500000 -0.05470000
v 0.76200000 -0.04500000 -0.05270000
v 0.76200000 -0.04552593 -0.05473974
v 0.76200000 -0.04603993 -0.05485806
v 0.76200000 -0.04653030 -0.05505227
v 0.76200000 -0.04062132 -0.05205355
v 0.76200000 -0.05023215 -0.06519992
v 0.76200000 -0.04937868 -0.06434645
v 0.76200000 -0.05487132 -0.05009645
v 0.76200000 -0.05199992 -0.05296785
v 0.76200000 -0.05114645 -0.05382132
v 0.76200000 -0.05102447 -0.05402036
v 0.76200000 -0.05100616 -0.05409666
v 0.76200000 -0.05100000 -0.05417487
v 0.76200000 -0.04931902 -0.05210451
v 0.76200000 -0.04937868 -0.05205355
v 0.76200000 -0.05023215 -0.05120008
v 0.76200000 -0.04909549 -0.07120611
v 0.76200000 -0.04942178 -0.07100616
v 0.76200000 -0.04905450 -0.07127300
v 0.76200000 -0.04902447 -0.07134549
v 0.76200000 -0.04914645 -0.07114645
v 0.76200000 -0.04920611 -0.07109549
v 0.76200000 -0.04934549 -0.07102447
v 0.76200000 -0.04927301 -0.07105450
v 0.76200000 -0.04955000 -0.07320000
v 0.76200000 -0.04900000 -0.07150000
v 0.76200000 -0.04900616 -0.07142178
v 0.76200000 -0.05997498 -0.07148587
v 0.76200000 -0.05990055 -0.07179592
v 0.76200000 -0.05977853 -0.07209051
v 0.76200000 -0.05961192 -0.07236238
v 0.76200000 -0.05940484 -0.07260484
v 0.76200000 -0.05916238 -0.07281192
v 0.76200000 -0.05889051 -0.07297852
v 0.76200000 -0.05935250 -0.06220000
v 0.76200000 -0.05945000 -0.06220000
v 0.76200000 -0.06000000 -0.07116800
v 0.76200000 -0.05780000 -0.06595000
v 0.76200000 -0.05780000 -0.06519992
v 0.76200000 -0.05780000 -0.06270000
v 0.76200000 -0.05830000 -0.06220000
v 0.76200000 -0.05780616 -0.06262178
v 0.76200000 -0.05782447 -0.06254549
v 0.76200000 -0.05785450 -0.06247300
v 0.76200000 -0.05789549 -0.06240611
v 0.76200000 -0.05794645 -0.06234645
v 0.76200000 -0.05800611 -0.06229549
v 0.76200000 -0.05807301 -0.06225450
v 0.76200000 -0.05814549 -0.06222447
v 0.76200000 -0.05822178 -0.06220616
v 0.76200000 -0.05830000 -0.05420000
v 0.76200000 -0.05822178 -0.05419384
v 0.76200000 -0.05814549 -0.05417553
v 0.76200000 -0.05794645 -0.05405355
v 0.76200000 -0.05789549 -0.05399389
v 0.76200000 -0.05785450 -0.05392699
v 0.76200000 -0.05782447 -0.05385451
v 0.76200000 -0.05807301 -0.05414550
v 0.76200000 -0.05800611 -0.05410451
v 0.76200000 -0.06000000 -0.05120008
v 0.76200000 -0.06000000 -0.05365000
v 0.76200000 -0.05780616 -0.05377822
v 0.76200000 -0.06000000 -0.04523200
v 0.76200000 -0.05997498 -0.04491413
v 0.76200000 -0.05961192 -0.04403762
v 0.76200000 -0.05977853 -0.04430949
v 0.76200000 -0.05990055 -0.04460408
v 0.76200000 -0.05828587 -0.04322502
v 0.76200000 -0.05859592 -0.04329945
v 0.76200000 -0.05815899 -0.04460399
v 0.76200000 -0.05889051 -0.04342147
v 0.76200000 -0.05916238 -0.04358808
v 0.76200000 -0.05940484 -0.04379516
v 0.76200000 -0.04955000 -0.04320000
v 0.76200000 -0.04955000 -0.04375000
v 0.76200000 -0.04900000 -0.04375000
v 0.76200000 -0.04905450 -0.04512699
v 0.76200000 -0.04902447 -0.04505451
v 0.76200000 -0.04950000 -0.04540000
v 0.76200000 -0.05275000 -0.04540000
v 0.76200000 -0.05199992 -0.04540000
v 0.76200000 -0.04900616 -0.04497822
v 0.76200000 -0.04909549 -0.04519389
v 0.76200000 -0.04942178 -0.04539384
v 0.76200000 -0.04934549 -0.04537553
v 0.76200000 -0.04927301 -0.04534550
v 0.76200000 -0.04920611 -0.04530451
v 0.76200000 -0.04914645 -0.04525355
v 0.76200000 -0.03428099 -0.04501349
v 0.76200000 -0.03406353 -0.04492342
v 0.76200000 -0.03680450 -0.04567300
v 0.76200000 -0.03508153 -0.04611535
v 0.76200000 -0.03502659 -0.04588647
v 0.76200000 -0.03675616 -0.04582178
v 0.76200000 -0.03831066 -0.05207634
v 0.76200000 -0.03553934 -0.04930503
v 0.76200000 -0.03684549 -0.04826902
v 0.76200000 -0.03538647 -0.04912604
v 0.76200000 -0.03680450 -0.04820212
v 0.76200000 -0.03526349 -0.04892535
v 0.76200000 -0.03677447 -0.04812963
v 0.76200000 -0.02616535 -0.04486847
v 0.76200000 -0.02297700 -0.04545450
v 0.76200000 -0.02290451 -0.04542447
v 0.76200000 -0.03725000 -0.04540000
v 0.76200000 -0.03717178 -0.04540616
v 0.76200000 -0.03383465 -0.04486847
v 0.76200000 -0.03709549 -0.04542447
v 0.76200000 -0.03702301 -0.04545450
v 0.76200000 -0.03695611 -0.04549549
v 0.76200000 -0.03689645 -0.04554645
v 0.76200000 -0.03684549 -0.04560611
v 0.76200000 -0.03510000 -0.04824436
v 0.76200000 -0.03675616 -0.04805334
v 0.76200000 -0.03511847 -0.04847902
v 0.76200000 -0.03517342 -0.04870789
v 0.76200000 -0.04050000 -0.04540000
v 0.76200000 -0.03962308 -0.04540000
v 0.76200000 -0.03962308 -0.04467250
v 0.76200000 -0.02325000 -0.04590000
v 0.76200000 -0.02324384 -0.04582178
v 0.76200000 -0.02593647 -0.04492342
v 0.76200000 -0.02322553 -0.04574549
v 0.76200000 -0.02319550 -0.04567300
v 0.76200000 -0.02315451 -0.04560611
v 0.76200000 -0.02310355 -0.04554645
v 0.76200000 -0.02304389 -0.04549549
v 0.76200000 -0.03493651 -0.04566901
v 0.76200000 -0.03481353 -0.04546832
v 0.76200000 -0.03677447 -0.04574549
v 0.76200000 -0.03466066 -0.04528934
v 0.76200000 -0.03448168 -0.04513647
v 0.76200000 -0.03510000 -0.04635000
v 0.76200000 -0.03675000 -0.04590000
v 0.76200000 -0.03675000 -0.04797513
v 0.76200000 -0.02571901 -0.04501349
v 0.76200000 -0.02551832 -0.04513647
v 0.76200000 -0.02533934 -0.04528934
v 0.76200000 -0.02446066 -0.04930503
v 0.76200000 -0.02168934 -0.05207634
v 0.76200000 -0.02518647 -0.04546832
v 0.76200000 -0.02506349 -0.04566901
v 0.76200000 -0.02497342 -0.04588647
v 0.76200000 -0.03360000 -0.04485000
v 0.76200000 -0.02037692 -0.04467250
v 0.76200000 -0.02640000 -0.04485000
v 0.76200000 -0.02023215 -0.05120008
v 0.76200000 -0.02310355 -0.04832868
v 0.76200000 -0.02315451 -0.04826902
v 0.76200000 -0.02461353 -0.04912604
v 0.76200000 -0.02319550 -0.04820212
v 0.76200000 -0.02491847 -0.04611535
v 0.76200000 -0.02490000 -0.04635000
v 0.76200000 -0.02325000 -0.04797513
v 0.76200000 -0.02490000 -0.04824436
v 0.76200000 -0.02324384 -0.04805334
v 0.76200000 -0.02488153 -0.04847902
v 0.76200000 -0.02322553 -0.04812963
v 0.76200000 -0.02482658 -0.04870789
v 0.76200000 -0.02473651 -0.04892535
v 0.76200000 -0.04100000 -0.04467250
v 0.76200000 -0.04100000 -0.04490000
v 0.76200000 -0.04099384 -0.04497822
v 0.76200000 -0.04097553 -0.04505451
v 0.76200000 -0.04094551 -0.04512699
v 0.76200000 -0.04090451 -0.04519389
v 0.76200000 -0.04057822 -0.04539384
v 0.76200000 -0.04065451 -0.04537553
v 0.76200000 -0.04085355 -0.04525355
v 0.76200000 -0.04079389 -0.04530451
v 0.76200000 -0.04072700 -0.04534550
v 0.76200000 -0.04045000 -0.04375000
v 0.76200000 -0.04100000 -0.04375000
v 0.76200000 -0.01900000 -0.04490000
v 0.76200000 -0.01900000 -0.04467250
v 0.76200000 -0.01900000 -0.04375000
v 0.76200000 -0.01900616 -0.04497822
v 0.76200000 -0.01934549 -0.04537553
v 0.76200000 -0.01942178 -0.04539384
v 0.76200000 -0.02282822 -0.04540616
v 0.76200000 -0.02275000 -0.04540000
v 0.76200000 -0.02037692 -0.04540000
v 0.76200000 -0.01950000 -0.04540000
v 0.76200000 -0.01914645 -0.04525355
v 0.76200000 -0.01909549 -0.04519389
v 0.76200000 -0.01920611 -0.04530451
v 0.76200000 -0.01905450 -0.04512699
v 0.76200000 -0.01927301 -0.04534550
v 0.76200000 -0.01902447 -0.04505451
v 0.76200000 -0.03831066 -0.06432365
v 0.76200000 -0.03846353 -0.06414467
v 0.76200000 -0.03867659 -0.05267348
v 0.76200000 -0.03858651 -0.05245602
v 0.76200000 -0.03846353 -0.05225533
v 0.76200000 -0.03858651 -0.06394398
v 0.76200000 -0.03867659 -0.06372652
v 0.76200000 -0.03873153 -0.06349765
v 0.76200000 -0.03875000 -0.06326299
v 0.76200000 -0.03875000 -0.05313701
v 0.76200000 -0.03873153 -0.05290235
v 0.76200000 -0.02153648 -0.05225533
v 0.76200000 -0.02141349 -0.05245602
v 0.76200000 -0.02132342 -0.05267348
v 0.76200000 -0.02126847 -0.06349765
v 0.76200000 -0.02132342 -0.06372652
v 0.76200000 -0.02141349 -0.06394398
v 0.76200000 -0.02126847 -0.05290235
v 0.76200000 -0.02125000 -0.05313701
v 0.76200000 -0.02125000 -0.06326299
v 0.76200000 -0.03962308 -0.04320000
v 0.76200000 -0.04045000 -0.04320000
v 0.76200000 -0.02037692 -0.07320000
v 0.76200000 -0.03962308 -0.07320000
v 0.76200000 -0.04045000 -0.07320000
v -0.76200000 -0.02153648 -0.05225533
v -0.76200000 -0.02168934 -0.05207634
v -0.76200000 -0.02037692 -0.05120008
v -0.76200000 -0.01100000 -0.04490000
v -0.76200000 -0.01100000 -0.04467250
v -0.76200000 -0.00800008 -0.04467250
v -0.76200000 -0.00055000 -0.06275000
v -0.76200000 0.00000000 -0.06275000
v -0.76200000 0.00000000 -0.06519992
v -0.76200000 -0.01045000 -0.07265000
v -0.76200000 -0.01100000 -0.07265000
v -0.76200000 -0.01100000 -0.07172750
v -0.76200000 -0.01955000 -0.07265000
v -0.76200000 -0.01955000 -0.07320000
v -0.76200000 -0.02037692 -0.07320000
v -0.76200000 -0.04045000 -0.07265000
v -0.76200000 -0.04100000 -0.07265000
v -0.76200000 -0.04100000 -0.07172750
v -0.76200000 -0.03976785 -0.06519992
v -0.76200000 -0.03962308 -0.06519992
v -0.76200000 -0.03689645 -0.06807132
v -0.76200000 -0.04900000 -0.07150000
v -0.76200000 -0.04900000 -0.07172750
v -0.76200000 -0.05199992 -0.07172750
v -0.76200000 -0.05945000 -0.06275000
v -0.76200000 -0.05945000 -0.06220000
v -0.76200000 -0.05935250 -0.06220000
v -0.76200000 -0.05830000 -0.05420000
v -0.76200000 -0.05935250 -0.05420000
v -0.76200000 -0.05935250 -0.05120008
v -0.76200000 -0.05945000 -0.05365000
v -0.76200000 -0.06000000 -0.05365000
v -0.76200000 -0.06000000 -0.05120008
v -0.76200000 -0.04955000 -0.04375000
v -0.76200000 -0.04900000 -0.04375000
v -0.76200000 -0.04900000 -0.04467250
v -0.76200000 -0.04045000 -0.04375000
v -0.76200000 -0.04045000 -0.04320000
v -0.76200000 -0.03962308 -0.04320000
v -0.76200000 -0.01955000 -0.04375000
v -0.76200000 -0.01900000 -0.04375000
v -0.76200000 -0.01900000 -0.04467250
v -0.76200000 -0.04950000 -0.04540000
v -0.76200000 -0.05199992 -0.04540000
v -0.76200000 -0.05199992 -0.04467250
v -0.76200000 -0.05275000 -0.04540000
v -0.76200000 -0.05282822 -0.04540616
v -0.76200000 -0.05290451 -0.04542447
v -0.76200000 -0.05490822 -0.04468598
v -0.76200000 -0.05297699 -0.04545450
v -0.76200000 -0.05777553 -0.05029549
v -0.76200000 -0.05779384 -0.05037178
v -0.76200000 -0.05460499 -0.04504101
v -0.76200000 -0.05468698 -0.04490721
v -0.76200000 -0.05310355 -0.04554645
v -0.76200000 -0.05322553 -0.04812963
v -0.76200000 -0.05518698 -0.04865506
v -0.76200000 -0.05504201 -0.04859501
v -0.76200000 -0.05454494 -0.04518598
v -0.76200000 -0.05304389 -0.04549549
v -0.76200000 -0.05478889 -0.04478789
v -0.76200000 -0.05490822 -0.04851302
v -0.76200000 -0.05478889 -0.04841111
v -0.76200000 -0.05468698 -0.04829178
v -0.76200000 -0.05829279 -0.04468598
v -0.76200000 -0.05841211 -0.04478789
v -0.76200000 -0.05935250 -0.04467250
v -0.76200000 -0.05851402 -0.04490721
v -0.76200000 -0.05859601 -0.04504101
v -0.76200000 -0.05865606 -0.04518598
v -0.76200000 -0.05869269 -0.04533857
v -0.76200000 -0.05449600 -0.04549500
v -0.76200000 -0.05325000 -0.04590000
v -0.76200000 -0.05449600 -0.04770400
v -0.76200000 -0.05325000 -0.04797513
v -0.76200000 -0.05450831 -0.04786043
v -0.76200000 -0.05324384 -0.04805334
v -0.76200000 -0.05454494 -0.04801302
v -0.76200000 -0.05460499 -0.04815799
v -0.76200000 -0.05315451 -0.04560611
v -0.76200000 -0.05319550 -0.04567300
v -0.76200000 -0.05450831 -0.04533857
v -0.76200000 -0.05322553 -0.04574549
v -0.76200000 -0.05324384 -0.04582178
v -0.76200000 -0.05319550 -0.04820212
v -0.76200000 -0.05315451 -0.04826902
v -0.76200000 -0.05493098 -0.05004549
v -0.76200000 -0.05310355 -0.04832868
v -0.76200000 -0.05487132 -0.05009645
v -0.76200000 -0.05815899 -0.04859501
v -0.76200000 -0.05801402 -0.04865506
v -0.76200000 -0.05730000 -0.04995000
v -0.76200000 -0.05870500 -0.04549500
v -0.76200000 -0.05870500 -0.04770400
v -0.76200000 -0.05869269 -0.04786043
v -0.76200000 -0.05851402 -0.04829178
v -0.76200000 -0.05737822 -0.04995616
v -0.76200000 -0.05745451 -0.04997447
v -0.76200000 -0.05829279 -0.04851302
v -0.76200000 -0.05859601 -0.04815799
v -0.76200000 -0.05770451 -0.05015611
v -0.76200000 -0.05774550 -0.05022301
v -0.76200000 -0.05752700 -0.05000450
v -0.76200000 -0.05759389 -0.05004549
v -0.76200000 -0.05765355 -0.05009645
v -0.76200000 -0.05841211 -0.04841111
v -0.76200000 -0.05499788 -0.05000450
v -0.76200000 -0.05507037 -0.04997447
v -0.76200000 -0.05533957 -0.04869169
v -0.76200000 -0.05514666 -0.04995616
v -0.76200000 -0.05522487 -0.04995000
v -0.76200000 -0.05865606 -0.04801302
v -0.76200000 -0.05786144 -0.04869169
v -0.76200000 -0.05770500 -0.04870400
v -0.76200000 -0.05549600 -0.04870400
v -0.76200000 -0.05504201 -0.04460399
v -0.76200000 -0.05199992 -0.04320000
v -0.76200000 -0.05815899 -0.04460399
v -0.76200000 -0.05859592 -0.04329945
v -0.76200000 -0.05801402 -0.04454394
v -0.76200000 -0.05828587 -0.04322502
v -0.76200000 -0.05786144 -0.04450731
v -0.76200000 -0.05796800 -0.04320000
v -0.76200000 -0.05770500 -0.04449500
v -0.76200000 -0.05518698 -0.04454394
v -0.76200000 -0.05533957 -0.04450731
v -0.76200000 -0.05549600 -0.04449500
v -0.76200000 -0.05801402 -0.07185606
v -0.76200000 -0.05786144 -0.07189269
v -0.76200000 -0.05796800 -0.07320000
v -0.76200000 -0.05533957 -0.07189269
v -0.76200000 -0.05199992 -0.07320000
v -0.76200000 -0.05549600 -0.07190500
v -0.76200000 -0.05770500 -0.07190500
v -0.76200000 -0.05290451 -0.07097553
v -0.76200000 -0.05282822 -0.07099384
v -0.76200000 -0.05319550 -0.06819788
v -0.76200000 -0.05322553 -0.06827036
v -0.76200000 -0.05493098 -0.06635451
v -0.76200000 -0.05450831 -0.06853957
v -0.76200000 -0.05454494 -0.06838698
v -0.76200000 -0.05297699 -0.07094550
v -0.76200000 -0.05490822 -0.07171402
v -0.76200000 -0.05504201 -0.07179601
v -0.76200000 -0.05518698 -0.07185606
v -0.76200000 -0.05460499 -0.06824201
v -0.76200000 -0.05468698 -0.06810821
v -0.76200000 -0.05478889 -0.06798889
v -0.76200000 -0.05490822 -0.06788698
v -0.76200000 -0.05504201 -0.06780499
v -0.76200000 -0.05518698 -0.06774494
v -0.76200000 -0.05304389 -0.07090451
v -0.76200000 -0.05478889 -0.07161211
v -0.76200000 -0.05468698 -0.07149278
v -0.76200000 -0.05780000 -0.06270000
v -0.76200000 -0.05780000 -0.06519992
v -0.76200000 -0.05935250 -0.06519992
v -0.76200000 -0.05780000 -0.06595000
v -0.76200000 -0.05315451 -0.07079389
v -0.76200000 -0.05310355 -0.07085355
v -0.76200000 -0.05454494 -0.07121402
v -0.76200000 -0.05460499 -0.07135899
v -0.76200000 -0.05851402 -0.06810821
v -0.76200000 -0.05859601 -0.06824201
v -0.76200000 -0.05765355 -0.06630355
v -0.76200000 -0.05869269 -0.07106143
v -0.76200000 -0.05865606 -0.07121402
v -0.76200000 -0.05935250 -0.07172750
v -0.76200000 -0.05859601 -0.07135899
v -0.76200000 -0.05851402 -0.07149278
v -0.76200000 -0.05841211 -0.07161211
v -0.76200000 -0.05829279 -0.07171402
v -0.76200000 -0.05315451 -0.06813098
v -0.76200000 -0.05487132 -0.06630355
v -0.76200000 -0.05310355 -0.06807132
v -0.76200000 -0.05324384 -0.06834666
v -0.76200000 -0.05325000 -0.06842487
v -0.76200000 -0.05449600 -0.06869600
v -0.76200000 -0.05449600 -0.07090500
v -0.76200000 -0.05325000 -0.07050000
v -0.76200000 -0.05324384 -0.07057822
v -0.76200000 -0.05450831 -0.07106143
v -0.76200000 -0.05322553 -0.07065451
v -0.76200000 -0.05319550 -0.07072699
v -0.76200000 -0.05865606 -0.06838698
v -0.76200000 -0.05869269 -0.06853957
v -0.76200000 -0.05870500 -0.06869600
v -0.76200000 -0.05870500 -0.07090500
v -0.76200000 -0.05779384 -0.06602822
v -0.76200000 -0.05777553 -0.06610451
v -0.76200000 -0.05774550 -0.06617699
v -0.76200000 -0.05770451 -0.06624389
v -0.76200000 -0.05759389 -0.06635451
v -0.76200000 -0.05786144 -0.06770831
v -0.76200000 -0.05801402 -0.06774494
v -0.76200000 -0.05815899 -0.06780499
v -0.76200000 -0.05752700 -0.06639550
v -0.76200000 -0.05745451 -0.06642553
v -0.76200000 -0.05770500 -0.06769600
v -0.76200000 -0.05829279 -0.06788698
v -0.76200000 -0.05841211 -0.06798889
v -0.76200000 -0.05737822 -0.06644384
v -0.76200000 -0.05730000 -0.06645000
v -0.76200000 -0.05549600 -0.06769600
v -0.76200000 -0.05522487 -0.06645000
v -0.76200000 -0.05533957 -0.06770831
v -0.76200000 -0.05514666 -0.06644384
v -0.76200000 -0.05507037 -0.06642553
v -0.76200000 -0.05499788 -0.06639550
v -0.76200000 -0.00521111 -0.07161211
v -0.76200000 -0.00509179 -0.07171402
v -0.76200000 -0.00695611 -0.07090451
v -0.76200000 -0.00222447 -0.06610451
v -0.76200000 -0.00220616 -0.06602822
v -0.76200000 -0.00717178 -0.07099384
v -0.76200000 -0.00709549 -0.07097553
v -0.76200000 -0.00702301 -0.07094550
v -0.76200000 -0.00675616 -0.07057822
v -0.76200000 -0.00539501 -0.06824201
v -0.76200000 -0.00545506 -0.06838698
v -0.76200000 -0.00270000 -0.06645000
v -0.76200000 -0.00680450 -0.06819788
v -0.76200000 -0.00477513 -0.06645000
v -0.76200000 -0.00485334 -0.06644384
v -0.76200000 -0.01050000 -0.07100000
v -0.76200000 -0.00800008 -0.07100000
v -0.76200000 -0.00800008 -0.07172750
v -0.76200000 -0.00725000 -0.07100000
v -0.76200000 -0.00689645 -0.07085355
v -0.76200000 -0.00684549 -0.07079389
v -0.76200000 -0.00531302 -0.07149278
v -0.76200000 -0.00680450 -0.07072699
v -0.76200000 -0.00539501 -0.07135899
v -0.76200000 -0.00240611 -0.06635451
v -0.76200000 -0.00140400 -0.06824201
v -0.76200000 -0.00148598 -0.06810821
v -0.76200000 -0.00158789 -0.07161211
v -0.76200000 -0.00148598 -0.07149278
v -0.76200000 -0.00009945 -0.07179592
v -0.76200000 -0.00140400 -0.07135899
v -0.76200000 -0.00002502 -0.07148587
v -0.76200000 -0.00134394 -0.07121402
v -0.76200000 0.00000000 -0.07116800
v -0.76200000 -0.00130731 -0.07106143
v -0.76200000 -0.00506902 -0.06635451
v -0.76200000 -0.00500212 -0.06639550
v -0.76200000 -0.00492963 -0.06642553
v -0.76200000 -0.00158789 -0.06798889
v -0.76200000 -0.00170721 -0.06788698
v -0.76200000 -0.00184101 -0.06780499
v -0.76200000 -0.00198598 -0.06774494
v -0.76200000 -0.00213857 -0.06770831
v -0.76200000 -0.00247301 -0.06639550
v -0.76200000 -0.00234645 -0.06630355
v -0.76200000 -0.00229549 -0.06624389
v -0.76200000 -0.00225450 -0.06617699
v -0.76200000 -0.00684549 -0.06813098
v -0.76200000 -0.00689645 -0.06807132
v -0.76200000 -0.00512868 -0.06630355
v -0.76200000 -0.00677447 -0.07065451
v -0.76200000 -0.00549169 -0.07106143
v -0.76200000 -0.00545506 -0.07121402
v -0.76200000 -0.00450400 -0.06769600
v -0.76200000 -0.00229500 -0.06769600
v -0.76200000 -0.00262178 -0.06644384
v -0.76200000 -0.00254549 -0.06642553
v -0.76200000 -0.00509179 -0.06788698
v -0.76200000 -0.00521111 -0.06798889
v -0.76200000 -0.00531302 -0.06810821
v -0.76200000 -0.00677447 -0.06827036
v -0.76200000 -0.00130731 -0.06853957
v -0.76200000 -0.00129500 -0.06869600
v -0.76200000 -0.00129500 -0.07090500
v -0.76200000 -0.00134394 -0.06838698
v -0.76200000 -0.00549169 -0.06853957
v -0.76200000 -0.00550400 -0.06869600
v -0.76200000 -0.00550400 -0.07090500
v -0.76200000 -0.00466043 -0.06770831
v -0.76200000 -0.00481301 -0.06774494
v -0.76200000 -0.00495799 -0.06780499
v -0.76200000 -0.00675000 -0.07050000
v -0.76200000 -0.00675000 -0.06842487
v -0.76200000 -0.00675616 -0.06834666
v -0.76200000 -0.00495799 -0.07179601
v -0.76200000 -0.00800008 -0.07320000
v -0.76200000 -0.00184101 -0.07179601
v -0.76200000 -0.00140408 -0.07310055
v -0.76200000 -0.00198598 -0.07185606
v -0.76200000 -0.00171413 -0.07317498
v -0.76200000 -0.00213857 -0.07189269
v -0.76200000 -0.00203200 -0.07320000
v -0.76200000 -0.00229500 -0.07190500
v -0.76200000 -0.00038808 -0.07236238
v -0.76200000 -0.00059516 -0.07260484
v -0.76200000 -0.00170721 -0.07171402
v -0.76200000 -0.00083762 -0.07281192
v -0.76200000 -0.00110949 -0.07297852
v -0.76200000 -0.00022147 -0.07209051
v -0.76200000 -0.00481301 -0.07185606
v -0.76200000 -0.00466043 -0.07189269
v -0.76200000 -0.00450400 -0.07190500
v -0.76200000 -0.00198598 -0.04454394
v -0.76200000 -0.00213857 -0.04450731
v -0.76200000 -0.00203200 -0.04320000
v -0.76200000 -0.00466043 -0.04450731
v -0.76200000 -0.00800008 -0.04320000
v -0.76200000 -0.00450400 -0.04449500
v -0.76200000 -0.00229500 -0.04449500
v -0.76200000 -0.00059516 -0.04379516
v -0.76200000 -0.00038808 -0.04403762
v -0.76200000 -0.00170721 -0.04468598
v -0.76200000 -0.00022147 -0.04430949
v -0.76200000 -0.00009945 -0.04460408
v -0.76200000 -0.00171413 -0.04322502
v -0.76200000 -0.00140408 -0.04329945
v -0.76200000 -0.00184101 -0.04460399
v -0.76200000 -0.00110949 -0.04342147
v -0.76200000 -0.00083762 -0.04358808
v -0.76200000 -0.00220000 -0.05120008
v -0.76200000 -0.00220000 -0.05045000
v -0.76200000 0.00000000 -0.05120008
v -0.76200000 -0.00220616 -0.05037178
v -0.76200000 -0.00222447 -0.05029549
v -0.76200000 -0.00481301 -0.04454394
v -0.76200000 -0.00495799 -0.04460399
v -0.76200000 -0.00509179 -0.04468598
v -0.76200000 -0.00521111 -0.04478789
v -0.76200000 -0.00140400 -0.04504101
v -0.76200000 -0.00148598 -0.04490721
v -0.76200000 -0.00158789 -0.04478789
v -0.76200000 -0.00148598 -0.04829178
v -0.76200000 -0.00140400 -0.04815799
v -0.76200000 -0.00550400 -0.04770400
v -0.76200000 -0.00549169 -0.04786043
v -0.76200000 -0.00675000 -0.04797513
v -0.76200000 -0.00684549 -0.04826902
v -0.76200000 -0.00545506 -0.04801302
v -0.76200000 -0.00689645 -0.04832868
v -0.76200000 -0.00539501 -0.04815799
v -0.76200000 -0.00800008 -0.05120008
v -0.76200000 -0.00531302 -0.04829178
v -0.76200000 -0.00521111 -0.04841111
v -0.76200000 -0.00234645 -0.05009645
v -0.76200000 -0.00240611 -0.05004549
v -0.76200000 -0.00213857 -0.04869169
v -0.76200000 -0.00134394 -0.04518598
v -0.76200000 -0.00002502 -0.04491413
v -0.76200000 -0.00130731 -0.04533857
v -0.76200000 0.00000000 -0.04523200
v -0.76200000 -0.00129500 -0.04549500
v -0.76200000 -0.00695611 -0.04549549
v -0.76200000 -0.00689645 -0.04554645
v -0.76200000 -0.00531302 -0.04490721
v -0.76200000 -0.00539501 -0.04504101
v -0.76200000 -0.00717178 -0.04540616
v -0.76200000 -0.00709549 -0.04542447
v -0.76200000 -0.00702301 -0.04545450
v -0.76200000 -0.00680450 -0.04820212
v -0.76200000 -0.00677447 -0.04812963
v -0.76200000 -0.00675616 -0.04805334
v -0.76200000 -0.00492963 -0.04997447
v -0.76200000 -0.00500212 -0.05000450
v -0.76200000 -0.00506902 -0.05004549
v -0.76200000 -0.00485334 -0.04995616
v -0.76200000 -0.00509179 -0.04851302
v -0.76200000 -0.00495799 -0.04859501
v -0.76200000 -0.00184101 -0.04859501
v -0.76200000 -0.00170721 -0.04851302
v -0.76200000 -0.00158789 -0.04841111
v -0.76200000 -0.00134394 -0.04801302
v -0.76200000 -0.00130731 -0.04786043
v -0.76200000 -0.00129500 -0.04770400
v -0.76200000 -0.00675000 -0.04590000
v -0.76200000 -0.00675616 -0.04582178
v -0.76200000 -0.00550400 -0.04549500
v -0.76200000 -0.00677447 -0.04574549
v -0.76200000 -0.00549169 -0.04533857
v -0.76200000 -0.00225450 -0.05022301
v -0.76200000 -0.00229549 -0.05015611
v -0.76200000 -0.00198598 -0.04865506
v -0.76200000 -0.00545506 -0.04518598
v -0.76200000 -0.00680450 -0.04567300
v -0.76200000 -0.00684549 -0.04560611
v -0.76200000 -0.00247301 -0.05000450
v -0.76200000 -0.00254549 -0.04997447
v -0.76200000 -0.00229500 -0.04870400
v -0.76200000 -0.00262178 -0.04995616
v -0.76200000 -0.00270000 -0.04995000
v -0.76200000 -0.00450400 -0.04870400
v -0.76200000 -0.00477513 -0.04995000
v -0.76200000 -0.00466043 -0.04869169
v -0.76200000 -0.00481301 -0.04865506
v -0.76200000 -0.01049616 -0.06135680
v -0.76200000 -0.01185227 -0.05973030
v -0.76200000 -0.01165806 -0.05923992
v -0.76200000 -0.00890451 -0.05388098
v -0.76200000 -0.00894550 -0.05394788
v -0.76200000 -0.01111091 -0.05431091
v -0.76200000 -0.01082037 -0.05217553
v -0.76200000 -0.01074788 -0.05214550
v -0.76200000 -0.01653030 -0.05505227
v -0.76200000 -0.01815680 -0.05369616
v -0.76200000 -0.01603992 -0.05485806
v -0.76200000 -0.01586602 -0.05220000
v -0.76200000 -0.01552594 -0.05473974
v -0.76200000 -0.01413398 -0.05220000
v -0.76200000 -0.01097487 -0.05220000
v -0.76200000 -0.01184320 -0.05369616
v -0.76200000 -0.02310355 -0.04832868
v -0.76200000 -0.02023215 -0.05120008
v -0.76200000 -0.01888909 -0.05431091
v -0.76200000 -0.01950384 -0.05504320
v -0.76200000 -0.02037692 -0.06519992
v -0.76200000 -0.01950384 -0.06135680
v -0.76200000 -0.01888909 -0.06208909
v -0.76200000 -0.01185227 -0.05666970
v -0.76200000 -0.01049616 -0.05504320
v -0.76200000 -0.01165806 -0.05716008
v -0.76200000 -0.00900000 -0.05733397
v -0.76200000 -0.01153974 -0.05767407
v -0.76200000 -0.01150000 -0.05820000
v -0.76200000 -0.00950000 -0.05820000
v -0.76200000 -0.01153974 -0.05872593
v -0.76200000 -0.00900000 -0.05906602
v -0.76200000 -0.01089666 -0.05219384
v -0.76200000 -0.01500000 -0.05470000
v -0.76200000 -0.01500000 -0.05270000
v -0.76200000 -0.01447407 -0.05473974
v -0.76200000 -0.01396008 -0.05485806
v -0.76200000 -0.01346970 -0.05505227
v -0.76200000 -0.01937868 -0.05205355
v -0.76200000 -0.01931902 -0.05210451
v -0.76200000 -0.01925212 -0.05214550
v -0.76200000 -0.01850000 -0.05820000
v -0.76200000 -0.01846026 -0.05872593
v -0.76200000 -0.01834194 -0.05923992
v -0.76200000 -0.01814773 -0.05973030
v -0.76200000 -0.01815680 -0.06270384
v -0.76200000 -0.01902513 -0.06420000
v -0.76200000 -0.01068098 -0.06429549
v -0.76200000 -0.01074788 -0.06425450
v -0.76200000 -0.01111091 -0.06208909
v -0.76200000 -0.00512868 -0.05009645
v -0.76200000 -0.00800008 -0.05296785
v -0.76200000 -0.00885355 -0.05382132
v -0.76200000 -0.00897553 -0.05402036
v -0.76200000 -0.00899384 -0.05409666
v -0.76200000 -0.00900000 -0.05417487
v -0.76200000 -0.01917963 -0.05217553
v -0.76200000 -0.01910334 -0.05219384
v -0.76200000 -0.01902513 -0.05220000
v -0.76200000 -0.01586602 -0.06420000
v -0.76200000 -0.01082037 -0.06422447
v -0.76200000 -0.01089666 -0.06420616
v -0.76200000 -0.01184320 -0.06270384
v -0.76200000 -0.00897553 -0.06237963
v -0.76200000 -0.00894550 -0.06245212
v -0.76200000 -0.00890451 -0.06251902
v -0.76200000 -0.00885355 -0.06257868
v -0.76200000 -0.00800008 -0.06519992
v -0.76200000 -0.00800008 -0.06343215
v -0.76200000 -0.01068098 -0.05210451
v -0.76200000 -0.01062132 -0.05205355
v -0.76200000 -0.00976785 -0.05120008
v -0.76200000 -0.01396008 -0.06154194
v -0.76200000 -0.01346970 -0.06134773
v -0.76200000 -0.01447407 -0.06166026
v -0.76200000 -0.01413398 -0.06420000
v -0.76200000 -0.01097487 -0.06420000
v -0.76200000 -0.01500000 -0.06170000
v -0.76200000 -0.01500000 -0.06370000
v -0.76200000 -0.01552594 -0.06166026
v -0.76200000 -0.01603992 -0.06154194
v -0.76200000 -0.01653030 -0.06134773
v -0.76200000 -0.00900000 -0.06222513
v -0.76200000 -0.00899384 -0.06230334
v -0.76200000 -0.01814773 -0.05666970
v -0.76200000 -0.01834194 -0.05716008
v -0.76200000 -0.01846026 -0.05767407
v -0.76200000 -0.01910334 -0.06420616
v -0.76200000 -0.01917963 -0.06422447
v -0.76200000 -0.01925212 -0.06425450
v -0.76200000 -0.01931902 -0.06429549
v -0.76200000 -0.01937868 -0.06434645
v -0.76200000 -0.00976785 -0.06519992
v -0.76200000 -0.01062132 -0.06434645
v -0.76200000 -0.03406353 -0.04492342
v -0.76200000 -0.03428099 -0.04501349
v -0.76200000 -0.03680450 -0.04567300
v -0.76200000 -0.03448168 -0.04513647
v -0.76200000 -0.03466066 -0.04528934
v -0.76200000 -0.02297700 -0.04545450
v -0.76200000 -0.02304389 -0.04549549
v -0.76200000 -0.02616535 -0.04486847
v -0.76200000 -0.02310355 -0.04554645
v -0.76200000 -0.02593647 -0.04492342
v -0.76200000 -0.02491847 -0.04611535
v -0.76200000 -0.02497342 -0.04588647
v -0.76200000 -0.02324384 -0.04582178
v -0.76200000 -0.02446066 -0.04930503
v -0.76200000 -0.02315451 -0.04826902
v -0.76200000 -0.02461353 -0.04912604
v -0.76200000 -0.02319550 -0.04820212
v -0.76200000 -0.02473651 -0.04892535
v -0.76200000 -0.02322553 -0.04812963
v -0.76200000 -0.02490000 -0.04824436
v -0.76200000 -0.02324384 -0.04805334
v -0.76200000 -0.02488153 -0.04847902
v -0.76200000 -0.02482658 -0.04870789
v -0.76200000 -0.03481353 -0.04546832
v -0.76200000 -0.03493651 -0.04566901
v -0.76200000 -0.03502659 -0.04588647
v -0.76200000 -0.03684549 -0.04560611
v -0.76200000 -0.03689645 -0.04554645
v -0.76200000 -0.03383465 -0.04486847
v -0.76200000 -0.03695611 -0.04549549
v -0.76200000 -0.03702301 -0.04545450
v -0.76200000 -0.03709549 -0.04542447
v -0.76200000 -0.02275000 -0.04540000
v -0.76200000 -0.02282822 -0.04540616
v -0.76200000 -0.02290451 -0.04542447
v -0.76200000 -0.02315451 -0.04560611
v -0.76200000 -0.02319550 -0.04567300
v -0.76200000 -0.02551832 -0.04513647
v -0.76200000 -0.02322553 -0.04574549
v -0.76200000 -0.02571901 -0.04501349
v -0.76200000 -0.03689645 -0.04832868
v -0.76200000 -0.03684549 -0.04826902
v -0.76200000 -0.03553934 -0.04930503
v -0.76200000 -0.01950000 -0.04540000
v -0.76200000 -0.02037692 -0.04540000
v -0.76200000 -0.02037692 -0.04467250
v -0.76200000 -0.02640000 -0.04485000
v -0.76200000 -0.03962308 -0.04467250
v -0.76200000 -0.03360000 -0.04485000
v -0.76200000 -0.02506349 -0.04566901
v -0.76200000 -0.02518647 -0.04546832
v -0.76200000 -0.02533934 -0.04528934
v -0.76200000 -0.02490000 -0.04635000
v -0.76200000 -0.02325000 -0.04590000
v -0.76200000 -0.02325000 -0.04797513
v -0.76200000 -0.03538647 -0.04912604
v -0.76200000 -0.03680450 -0.04820212
v -0.76200000 -0.03526349 -0.04892535
v -0.76200000 -0.03517342 -0.04870789
v -0.76200000 -0.03677447 -0.04812963
v -0.76200000 -0.03511847 -0.04847902
v -0.76200000 -0.03675616 -0.04805334
v -0.76200000 -0.03510000 -0.04824436
v -0.76200000 -0.03675000 -0.04797513
v -0.76200000 -0.03510000 -0.04635000
v -0.76200000 -0.03675000 -0.04590000
v -0.76200000 -0.03508153 -0.04611535
v -0.76200000 -0.03675616 -0.04582178
v -0.76200000 -0.03677447 -0.04574549
v -0.76200000 -0.01934549 -0.04537553
v -0.76200000 -0.01900000 -0.04490000
v -0.76200000 -0.01900616 -0.04497822
v -0.76200000 -0.01914645 -0.04525355
v -0.76200000 -0.01920611 -0.04530451
v -0.76200000 -0.01909549 -0.04519389
v -0.76200000 -0.01905450 -0.04512699
v -0.76200000 -0.01902447 -0.04505451
v -0.76200000 -0.01927301 -0.04534550
v -0.76200000 -0.01955000 -0.04320000
v -0.76200000 -0.01942178 -0.04539384
v -0.76200000 -0.04100000 -0.04490000
v -0.76200000 -0.04100000 -0.04467250
v -0.76200000 -0.04100000 -0.04375000
v -0.76200000 -0.03717178 -0.04540616
v -0.76200000 -0.03725000 -0.04540000
v -0.76200000 -0.03962308 -0.04540000
v -0.76200000 -0.04050000 -0.04540000
v -0.76200000 -0.04057822 -0.04539384
v -0.76200000 -0.04065451 -0.04537553
v -0.76200000 -0.04072700 -0.04534550
v -0.76200000 -0.04079389 -0.04530451
v -0.76200000 -0.04094551 -0.04512699
v -0.76200000 -0.04097553 -0.04505451
v -0.76200000 -0.04099384 -0.04497822
v -0.76200000 -0.04085355 -0.04525355
v -0.76200000 -0.04090451 -0.04519389
v -0.76200000 -0.04111091 -0.06208909
v -0.76200000 -0.04049616 -0.06135680
v -0.76200000 -0.04184320 -0.05369616
v -0.76200000 -0.04346970 -0.05505227
v -0.76200000 -0.04396008 -0.05485806
v -0.76200000 -0.04653030 -0.05505227
v -0.76200000 -0.04815681 -0.05369616
v -0.76200000 -0.04603993 -0.05485806
v -0.76200000 -0.04586603 -0.05220000
v -0.76200000 -0.04552593 -0.05473974
v -0.76200000 -0.03962308 -0.05120008
v -0.76200000 -0.04049616 -0.05504320
v -0.76200000 -0.04111091 -0.05431091
v -0.76200000 -0.04500000 -0.05470000
v -0.76200000 -0.04500000 -0.05270000
v -0.76200000 -0.04447407 -0.05473974
v -0.76200000 -0.04413398 -0.05220000
v -0.76200000 -0.04931902 -0.05210451
v -0.76200000 -0.04925212 -0.05214550
v -0.76200000 -0.04888909 -0.05431091
v -0.76200000 -0.04917964 -0.05217553
v -0.76200000 -0.04910334 -0.05219384
v -0.76200000 -0.04902513 -0.05220000
v -0.76200000 -0.05100616 -0.05409666
v -0.76200000 -0.05102447 -0.05402036
v -0.76200000 -0.05105450 -0.05394788
v -0.76200000 -0.05100000 -0.05417487
v -0.76200000 -0.04950384 -0.05504320
v -0.76200000 -0.05100000 -0.05733397
v -0.76200000 -0.04150000 -0.05820000
v -0.76200000 -0.04153974 -0.05767407
v -0.76200000 -0.04165806 -0.05716008
v -0.76200000 -0.04185227 -0.05666970
v -0.76200000 -0.04082037 -0.05217553
v -0.76200000 -0.04074788 -0.05214550
v -0.76200000 -0.04068098 -0.05210451
v -0.76200000 -0.04062132 -0.05205355
v -0.76200000 -0.03976785 -0.05120008
v -0.76200000 -0.05109549 -0.05388098
v -0.76200000 -0.05114645 -0.05382132
v -0.76200000 -0.05199992 -0.05120008
v -0.76200000 -0.05199992 -0.05296785
v -0.76200000 -0.04814773 -0.05973030
v -0.76200000 -0.04950384 -0.06135680
v -0.76200000 -0.04834194 -0.05923992
v -0.76200000 -0.05100000 -0.05906602
v -0.76200000 -0.04846026 -0.05872593
v -0.76200000 -0.04850000 -0.05820000
v -0.76200000 -0.05050000 -0.05820000
v -0.76200000 -0.04846026 -0.05767407
v -0.76200000 -0.04834194 -0.05716008
v -0.76200000 -0.04814773 -0.05666970
v -0.76200000 -0.04185227 -0.05973030
v -0.76200000 -0.04165806 -0.05923992
v -0.76200000 -0.04153974 -0.05872593
v -0.76200000 -0.04097487 -0.05220000
v -0.76200000 -0.04089666 -0.05219384
v -0.76200000 -0.05023215 -0.05120008
v -0.76200000 -0.04937868 -0.05205355
v -0.76200000 -0.04888909 -0.06208909
v -0.76200000 -0.05109549 -0.06251902
v -0.76200000 -0.05105450 -0.06245212
v -0.76200000 -0.05102447 -0.06237963
v -0.76200000 -0.05100616 -0.06230334
v -0.76200000 -0.05100000 -0.06222513
v -0.76200000 -0.04925212 -0.06425450
v -0.76200000 -0.04917964 -0.06422447
v -0.76200000 -0.04910334 -0.06420616
v -0.76200000 -0.04068098 -0.06429549
v -0.76200000 -0.04074788 -0.06425450
v -0.76200000 -0.05199992 -0.06519992
v -0.76200000 -0.05199992 -0.06343215
v -0.76200000 -0.05114645 -0.06257868
v -0.76200000 -0.04346970 -0.06134773
v -0.76200000 -0.04184320 -0.06270384
v -0.76200000 -0.04396008 -0.06154194
v -0.76200000 -0.04413398 -0.06420000
v -0.76200000 -0.04447407 -0.06166026
v -0.76200000 -0.04902513 -0.06420000
v -0.76200000 -0.04815681 -0.06270384
v -0.76200000 -0.04586603 -0.06420000
v -0.76200000 -0.04062132 -0.06434645
v -0.76200000 -0.04931902 -0.06429549
v -0.76200000 -0.04937868 -0.06434645
v -0.76200000 -0.05023215 -0.06519992
v -0.76200000 -0.04500000 -0.06170000
v -0.76200000 -0.04500000 -0.06370000
v -0.76200000 -0.04552593 -0.06166026
v -0.76200000 -0.04603993 -0.06154194
v -0.76200000 -0.04653030 -0.06134773
v -0.76200000 -0.04082037 -0.06422447
v -0.76200000 -0.04089666 -0.06420616
v -0.76200000 -0.04097487 -0.06420000
v -0.76200000 -0.04900616 -0.04497822
v -0.76200000 -0.04902447 -0.04505451
v -0.76200000 -0.04905450 -0.04512699
v -0.76200000 -0.04909549 -0.04519389
v -0.76200000 -0.04927301 -0.04534550
v -0.76200000 -0.04920611 -0.04530451
v -0.76200000 -0.04914645 -0.04525355
v -0.76200000 -0.04934549 -0.04537553
v -0.76200000 -0.04942178 -0.04539384
v -0.76200000 -0.04955000 -0.04320000
v -0.76200000 -0.04900000 -0.04490000
v -0.76200000 -0.05997498 -0.04491413
v -0.76200000 -0.05990055 -0.04460408
v -0.76200000 -0.05977853 -0.04430949
v -0.76200000 -0.05961192 -0.04403762
v -0.76200000 -0.05940484 -0.04379516
v -0.76200000 -0.05916238 -0.04358808
v -0.76200000 -0.05889051 -0.04342147
v -0.76200000 -0.05945000 -0.05420000
v -0.76200000 -0.06000000 -0.04523200
v -0.76200000 -0.05780616 -0.05377822
v -0.76200000 -0.05782447 -0.05385451
v -0.76200000 -0.05780000 -0.05045000
v -0.76200000 -0.05780000 -0.05120008
v -0.76200000 -0.05780000 -0.05370000
v -0.76200000 -0.05794645 -0.05405355
v -0.76200000 -0.05800611 -0.05410451
v -0.76200000 -0.05785450 -0.05392699
v -0.76200000 -0.05789549 -0.05399389
v -0.76200000 -0.05807301 -0.05414550
v -0.76200000 -0.05814549 -0.05417553
v -0.76200000 -0.05822178 -0.05419384
v -0.76200000 -0.05782447 -0.06254549
v -0.76200000 -0.05794645 -0.06234645
v -0.76200000 -0.05785450 -0.06247300
v -0.76200000 -0.05789549 -0.06240611
v -0.76200000 -0.05780616 -0.06262178
v -0.76200000 -0.05800611 -0.06229549
v -0.76200000 -0.05822178 -0.06220616
v -0.76200000 -0.05814549 -0.06222447
v -0.76200000 -0.05807301 -0.06225450
v -0.76200000 -0.06000000 -0.06519992
v -0.76200000 -0.06000000 -0.06275000
v -0.76200000 -0.05830000 -0.06220000
v -0.76200000 -0.06000000 -0.07116800
v -0.76200000 -0.05997498 -0.07148587
v -0.76200000 -0.05828587 -0.07317498
v -0.76200000 -0.05859592 -0.07310055
v -0.76200000 -0.05815899 -0.07179601
v -0.76200000 -0.05889051 -0.07297852
v -0.76200000 -0.05916238 -0.07281192
v -0.76200000 -0.05940484 -0.07260484
v -0.76200000 -0.05961192 -0.07236238
v -0.76200000 -0.05977853 -0.07209051
v -0.76200000 -0.05990055 -0.07179592
v -0.76200000 -0.04955000 -0.07320000
v -0.76200000 -0.04955000 -0.07265000
v -0.76200000 -0.04900000 -0.07265000
v -0.76200000 -0.04900616 -0.07142178
v -0.76200000 -0.04942178 -0.07100616
v -0.76200000 -0.05275000 -0.07100000
v -0.76200000 -0.05199992 -0.07100000
v -0.76200000 -0.04950000 -0.07100000
v -0.76200000 -0.04914645 -0.07114645
v -0.76200000 -0.04909549 -0.07120611
v -0.76200000 -0.04905450 -0.07127300
v -0.76200000 -0.04902447 -0.07134549
v -0.76200000 -0.04920611 -0.07109549
v -0.76200000 -0.04934549 -0.07102447
v -0.76200000 -0.04927301 -0.07105450
v -0.76200000 -0.02297700 -0.07094550
v -0.76200000 -0.02290451 -0.07097553
v -0.76200000 -0.02616535 -0.07153153
v -0.76200000 -0.03406353 -0.07147658
v -0.76200000 -0.03383465 -0.07153153
v -0.76200000 -0.03689645 -0.07085355
v -0.76200000 -0.03675616 -0.07057822
v -0.76200000 -0.03481353 -0.07093168
v -0.76200000 -0.03677447 -0.07065451
v -0.76200000 -0.03466066 -0.07111066
v -0.76200000 -0.03680450 -0.07072699
v -0.76200000 -0.03448168 -0.07126353
v -0.76200000 -0.03508153 -0.07028465
v -0.76200000 -0.03502659 -0.07051352
v -0.76200000 -0.03493651 -0.07073098
v -0.76200000 -0.03831066 -0.06432365
v -0.76200000 -0.03553934 -0.06709497
v -0.76200000 -0.03684549 -0.06813098
v -0.76200000 -0.03538647 -0.06727396
v -0.76200000 -0.03680450 -0.06819788
v -0.76200000 -0.03526349 -0.06747465
v -0.76200000 -0.03677447 -0.06827036
v -0.76200000 -0.03428099 -0.07138651
v -0.76200000 -0.03684549 -0.07079389
v -0.76200000 -0.02023215 -0.06519992
v -0.76200000 -0.02310355 -0.06807132
v -0.76200000 -0.02446066 -0.06709497
v -0.76200000 -0.02315451 -0.06813098
v -0.76200000 -0.02461353 -0.06727396
v -0.76200000 -0.02319550 -0.06819788
v -0.76200000 -0.03717178 -0.07099384
v -0.76200000 -0.03709549 -0.07097553
v -0.76200000 -0.02325000 -0.07050000
v -0.76200000 -0.02324384 -0.07057822
v -0.76200000 -0.02593647 -0.07147658
v -0.76200000 -0.02322553 -0.07065451
v -0.76200000 -0.02319550 -0.07072699
v -0.76200000 -0.02315451 -0.07079389
v -0.76200000 -0.02310355 -0.07085355
v -0.76200000 -0.02304389 -0.07090451
v -0.76200000 -0.02571901 -0.07138651
v -0.76200000 -0.02551832 -0.07126353
v -0.76200000 -0.02533934 -0.07111066
v -0.76200000 -0.03725000 -0.07100000
v -0.76200000 -0.03510000 -0.07005000
v -0.76200000 -0.03675000 -0.07050000
v -0.76200000 -0.03510000 -0.06815564
v -0.76200000 -0.03675000 -0.06842487
v -0.76200000 -0.03675616 -0.06834666
v -0.76200000 -0.03511847 -0.06792098
v -0.76200000 -0.03517342 -0.06769211
v -0.76200000 -0.02518647 -0.07093168
v -0.76200000 -0.02506349 -0.07073098
v -0.76200000 -0.02497342 -0.07051352
v -0.76200000 -0.04050000 -0.07100000
v -0.76200000 -0.03962308 -0.07100000
v -0.76200000 -0.03962308 -0.07172750
v -0.76200000 -0.03702301 -0.07094550
v -0.76200000 -0.03695611 -0.07090451
v -0.76200000 -0.03360000 -0.07155000
v -0.76200000 -0.02037692 -0.07172750
v -0.76200000 -0.02640000 -0.07155000
v -0.76200000 -0.02491847 -0.07028465
v -0.76200000 -0.02490000 -0.07005000
v -0.76200000 -0.02325000 -0.06842487
v -0.76200000 -0.02490000 -0.06815564
v -0.76200000 -0.02324384 -0.06834666
v -0.76200000 -0.02488153 -0.06792098
v -0.76200000 -0.02322553 -0.06827036
v -0.76200000 -0.02482658 -0.06769211
v -0.76200000 -0.02473651 -0.06747465
v -0.76200000 -0.04085355 -0.07114645
v -0.76200000 -0.04079389 -0.07109549
v -0.76200000 -0.04099384 -0.07142178
v -0.76200000 -0.04097553 -0.07134549
v -0.76200000 -0.04094551 -0.07127300
v -0.76200000 -0.04090451 -0.07120611
v -0.76200000 -0.04072700 -0.07105450
v -0.76200000 -0.04065451 -0.07102447
v -0.76200000 -0.04057822 -0.07100616
v -0.76200000 -0.04045000 -0.07320000
v -0.76200000 -0.04100000 -0.07150000
v -0.76200000 -0.01900000 -0.07150000
v -0.76200000 -0.01900000 -0.07172750
v -0.76200000 -0.01900000 -0.07265000
v -0.76200000 -0.02282822 -0.07099384
v -0.76200000 -0.02275000 -0.07100000
v -0.76200000 -0.02037692 -0.07100000
v -0.76200000 -0.01914645 -0.07114645
v -0.76200000 -0.01909549 -0.07120611
v -0.76200000 -0.01950000 -0.07100000
v -0.76200000 -0.01942178 -0.07100616
v -0.76200000 -0.01934549 -0.07102447
v -0.76200000 -0.01927301 -0.07105450
v -0.76200000 -0.01920611 -0.07109549
v -0.76200000 -0.01905450 -0.07127300
v -0.76200000 -0.01902447 -0.07134549
v -0.76200000 -0.01900616 -0.07142178
v -0.76200000 -0.01100000 -0.07150000
v -0.76200000 -0.01099385 -0.07142178
v -0.76200000 -0.01065451 -0.07102447
v -0.76200000 -0.01097553 -0.07134549
v -0.76200000 -0.01072699 -0.07105450
v -0.76200000 -0.01090451 -0.07120611
v -0.76200000 -0.01085355 -0.07114645
v -0.76200000 -0.01079390 -0.07109549
v -0.76200000 -0.01094550 -0.07127300
v -0.76200000 -0.01045000 -0.07320000
v -0.76200000 -0.01057822 -0.07100616
v -0.76200000 -0.00170000 -0.06220000
v -0.76200000 -0.00220000 -0.06519992
v -0.76200000 -0.00220000 -0.06270000
v -0.76200000 -0.00220000 -0.06595000
v -0.76200000 -0.00055000 -0.06220000
v -0.76200000 -0.00219384 -0.06262178
v -0.76200000 -0.00217553 -0.06254549
v -0.76200000 -0.00214550 -0.06247300
v -0.76200000 -0.00192699 -0.06225450
v -0.76200000 -0.00185451 -0.06222447
v -0.76200000 -0.00199389 -0.06229549
v -0.76200000 -0.00205355 -0.06234645
v -0.76200000 -0.00177822 -0.06220616
v -0.76200000 -0.00210451 -0.06240611
v -0.76200000 0.00000000 -0.05365000
v -0.76200000 -0.00055000 -0.05365000
v -0.76200000 -0.00220000 -0.05370000
v -0.76200000 -0.00055000 -0.05420000
v -0.76200000 -0.00170000 -0.05420000
v -0.76200000 -0.00177822 -0.05419384
v -0.76200000 -0.00185451 -0.05417553
v -0.76200000 -0.00192699 -0.05414550
v -0.76200000 -0.00199389 -0.05410451
v -0.76200000 -0.00205355 -0.05405355
v -0.76200000 -0.00210451 -0.05399389
v -0.76200000 -0.00214550 -0.05392699
v -0.76200000 -0.00217553 -0.05385451
v -0.76200000 -0.00219384 -0.05377822
v -0.76200000 -0.01045000 -0.04320000
v -0.76200000 -0.01045000 -0.04375000
v -0.76200000 -0.01100000 -0.04375000
v -0.76200000 -0.00725000 -0.04540000
v -0.76200000 -0.00800008 -0.04540000
v -0.76200000 -0.01050000 -0.04540000
v -0.76200000 -0.01057822 -0.04539384
v -0.76200000 -0.01090451 -0.04519389
v -0.76200000 -0.01085355 -0.04525355
v -0.76200000 -0.01079390 -0.04530451
v -0.76200000 -0.01065451 -0.04537553
v -0.76200000 -0.01072699 -0.04534550
v -0.76200000 -0.01094550 -0.04512699
v -0.76200000 -0.01097553 -0.04505451
v -0.76200000 -0.01099385 -0.04497822
v -0.76200000 -0.02168934 -0.06432365
v -0.76200000 -0.02153648 -0.06414467
v -0.76200000 -0.02141349 -0.06394398
v -0.76200000 -0.02125000 -0.05313701
v -0.76200000 -0.02126847 -0.05290235
v -0.76200000 -0.02132342 -0.05267348
v -0.76200000 -0.02141349 -0.05245602
v -0.76200000 -0.02132342 -0.06372652
v -0.76200000 -0.02126847 -0.06349765
v -0.76200000 -0.02125000 -0.06326299
v -0.76200000 -0.03846353 -0.05225533
v -0.76200000 -0.03858651 -0.05245602
v -0.76200000 -0.03831066 -0.05207634
v -0.76200000 -0.03873153 -0.06349765
v -0.76200000 -0.03867659 -0.06372652
v -0.76200000 -0.03875000 -0.06326299
v -0.76200000 -0.03858651 -0.06394398
v -0.76200000 -0.03846353 -0.06414467
v -0.76200000 -0.03867659 -0.05267348
v -0.76200000 -0.03873153 -0.05290235
v -0.76200000 -0.03875000 -0.05313701
v -0.76200000 -0.02037692 -0.04320000
v -0.76200000 -0.03962308 -0.07320000
v 0.60000000 -0.02000000 0.00000451
v -0.60000000 -0.02014384 0.00169451
v 0.60000000 -0.02014384 0.00169451
v -0.60000000 -0.02057122 0.00333590
v 0.60000000 -0.02057122 0.00333590
v -0.60000000 -0.02126986 0.00488145
v 0.60000000 -0.02126986 0.00488145
v -0.60000000 -0.02221964 0.00628671
v 0.60000000 -0.02221964 0.00628671
v -0.60000000 -0.02339325 0.00751123
v 0.60000000 -0.02339325 0.00751123
v -0.60000000 -0.02475693 0.00851980
v 0.60000000 -0.02475693 0.00851980
v -0.60000000 -0.02627143 0.00928340
v 0.60000000 -0.02627143 0.00928340
v -0.60000000 -0.02789321 0.00978006
v 0.60000000 -0.02789321 0.00978006
v -0.60000000 -0.02957559 0.00999549
v 0.60000000 -0.02957559 0.00999549
v -0.60000000 -0.03127018 0.00992351
v 0.60000000 -0.03127018 0.00992351
v -0.60000000 -0.03292823 0.00956617
v 0.60000000 -0.03292823 0.00956617
v -0.60000000 -0.03450204 0.00893377
v 0.60000000 -0.03450204 0.00893377
v -0.60000000 -0.03594633 0.00804448
v 0.60000000 -0.03594633 0.00804448
v -0.60000000 -0.03721956 0.00692389
v 0.60000000 -0.03721956 0.00692389
v -0.60000000 -0.03828510 0.00560425
v 0.60000000 -0.03828510 0.00560425
v -0.60000000 -0.03911228 0.00412352
v 0.60000000 -0.03911228 0.00412352
v -0.60000000 -0.03967733 0.00252429
v 0.60000000 -0.03967733 0.00252429
v -0.60000000 -0.03996397 0.00085257
v 0.60000000 -0.03996397 0.00085257
v -0.60000000 -0.03996397 -0.00084355
v 0.60000000 -0.03996397 -0.00084355
v -0.60000000 -0.03967733 -0.00251527
v 0.60000000 -0.03967733 -0.00251527
v -0.60000000 -0.03911228 -0.00411451
v 0.60000000 -0.03911228 -0.00411451
v -0.60000000 -0.03828510 -0.00559524
v 0.60000000 -0.03828510 -0.00559524
v -0.60000000 -0.03721956 -0.00691488
v 0.60000000 -0.03721956 -0.00691488
v -0.60000000 -0.03594633 -0.00803547
v 0.60000000 -0.03594633 -0.00803547
v -0.60000000 -0.03450204 -0.00892475
v 0.60000000 -0.03450204 -0.00892475
v -0.60000000 -0.03292823 -0.00955716
v 0.60000000 -0.03292823 -0.00955716
v -0.60000000 -0.03127018 -0.00991450
v 0.60000000 -0.03127018 -0.00991450
v -0.60000000 -0.02957559 -0.00998648
v 0.60000000 -0.02957559 -0.00998648
v -0.60000000 -0.02789321 -0.00977105
v 0.60000000 -0.02789321 -0.00977105
v -0.60000000 -0.02627143 -0.00927439
v 0.60000000 -0.02627143 -0.00927439
v -0.60000000 -0.02475693 -0.00851078
v 0.60000000 -0.02475693 -0.00851078
v -0.60000000 -0.02339325 -0.00750222
v 0.60000000 -0.02339325 -0.00750222
v -0.60000000 -0.02221964 -0.00627769
v 0.60000000 -0.02221964 -0.00627769
v -0.60000000 -0.02126986 -0.00487244
v 0.60000000 -0.02126986 -0.00487244
v -0.60000000 -0.02057122 -0.00332689
v 0.60000000 -0.02057122 -0.00332689
v -0.60000000 -0.02014384 -0.00168550
v 0.60000000 -0.02014384 -0.00168550
v -0.60000000 -0.02000000 0.00000451
v -0.60000000 -0.03000000 0.00000451
v 0.60000000 -0.03000000 0.00000451
v -0.60000000 -0.05250000 -0.02699549
v -0.60000000 -0.05075000 -0.02699549
v -0.42849991 -0.05075000 -0.02699549
v 0.55002429 -0.04561895 -0.02699549
v 0.55000000 -0.04600000 -0.02699549
v 0.47750000 -0.03900000 -0.02699549
v 0.09702435 -0.04561895 -0.02699549
v 0.09700000 -0.04600000 -0.02699549
v 0.02450006 -0.03900000 -0.02699549
v -0.05397571 -0.04561895 -0.02699549
v -0.05399994 -0.04600000 -0.02699549
v -0.12649994 -0.03900000 -0.02699549
v -0.20497565 -0.04561895 -0.02699549
v -0.20499997 -0.04600000 -0.02699549
v -0.27749994 -0.03900000 -0.02699549
v -0.35597566 -0.04561895 -0.02699549
v -0.35599992 -0.04600000 -0.02699549
v -0.42849991 -0.03900000 -0.02699549
v -0.50102422 -0.04561895 -0.02699549
v -0.50100265 -0.04612732 -0.02699549
v -0.50113151 -0.04512153 -0.02699549
v -0.50132117 -0.04464939 -0.02699549
v -0.50158797 -0.04421610 -0.02699549
v -0.50686845 -0.04512153 -0.02699549
v -0.50697562 -0.04561895 -0.02699549
v -0.60000000 -0.03900000 -0.02699549
v -0.50699995 -0.04600000 -0.02699549
v -0.50699721 -0.04612732 -0.02699549
v -0.50693259 -0.04663204 -0.02699549
v -0.50144539 -0.04757292 -0.02699549
v -0.50121627 -0.04711857 -0.02699549
v -0.50106726 -0.04663204 -0.02699549
v -0.50607571 -0.04383413 -0.02699549
v -0.50641189 -0.04421610 -0.02699549
v -0.50667868 -0.04464939 -0.02699549
v -0.50678358 -0.04711857 -0.02699549
v -0.50655458 -0.04757292 -0.02699549
v -0.50625203 -0.04798202 -0.02699549
v -0.50192413 -0.04383413 -0.02699549
v -0.50232003 -0.04351447 -0.02699549
v -0.50276420 -0.04326631 -0.02699549
v -0.50588462 -0.04833411 -0.02699549
v -0.50546298 -0.04861904 -0.02699549
v -0.50499937 -0.04882863 -0.02699549
v -0.50300047 -0.04882863 -0.02699549
v -0.50253687 -0.04861904 -0.02699549
v -0.50324402 -0.04309680 -0.02699549
v -0.50374553 -0.04301081 -0.02699549
v -0.50425432 -0.04301081 -0.02699549
v -0.50475583 -0.04309680 -0.02699549
v -0.50523565 -0.04326631 -0.02699549
v -0.50567982 -0.04351447 -0.02699549
v -0.50211534 -0.04833411 -0.02699549
v -0.50174794 -0.04798202 -0.02699549
v -0.50450692 -0.04895685 -0.02699549
v -0.50399992 -0.04900000 -0.02699549
v -0.50349293 -0.04895685 -0.02699549
v -0.35074792 -0.04798202 -0.02699549
v -0.35044537 -0.04757292 -0.02699549
v -0.27749994 -0.05075000 -0.02699549
v -0.35000269 -0.04612732 -0.02699549
v -0.35002426 -0.04561895 -0.02699549
v -0.35013142 -0.04512153 -0.02699549
v -0.35032115 -0.04464939 -0.02699549
v -0.35058794 -0.04421610 -0.02699549
v -0.35507576 -0.04383413 -0.02699549
v -0.35541193 -0.04421610 -0.02699549
v -0.35599724 -0.04612732 -0.02699549
v -0.35593263 -0.04663204 -0.02699549
v -0.35021631 -0.04711857 -0.02699549
v -0.35006729 -0.04663204 -0.02699549
v -0.35567871 -0.04464939 -0.02699549
v -0.35586844 -0.04512153 -0.02699549
v -0.35200050 -0.04882863 -0.02699549
v -0.35153685 -0.04861904 -0.02699549
v -0.35111533 -0.04833411 -0.02699549
v -0.35092410 -0.04383413 -0.02699549
v -0.35132001 -0.04351447 -0.02699549
v -0.35176424 -0.04326631 -0.02699549
v -0.35578362 -0.04711857 -0.02699549
v -0.35555455 -0.04757292 -0.02699549
v -0.35525194 -0.04798202 -0.02699549
v -0.35224399 -0.04309680 -0.02699549
v -0.35274551 -0.04301081 -0.02699549
v -0.35325435 -0.04301081 -0.02699549
v -0.35375587 -0.04309680 -0.02699549
v -0.35423569 -0.04326631 -0.02699549
v -0.35467986 -0.04351447 -0.02699549
v -0.35488460 -0.04833411 -0.02699549
v -0.35446301 -0.04861904 -0.02699549
v -0.35399936 -0.04882863 -0.02699549
v -0.35350696 -0.04895685 -0.02699549
v -0.35299995 -0.04900000 -0.02699549
v -0.35249297 -0.04895685 -0.02699549
v -0.19974796 -0.04798202 -0.02699549
v -0.19944534 -0.04757292 -0.02699549
v -0.12649994 -0.05075000 -0.02699549
v -0.19900266 -0.04612732 -0.02699549
v -0.19902423 -0.04561895 -0.02699549
v -0.19913147 -0.04512153 -0.02699549
v -0.19932120 -0.04464939 -0.02699549
v -0.19958798 -0.04421610 -0.02699549
v -0.20407578 -0.04383413 -0.02699549
v -0.20441196 -0.04421610 -0.02699549
v -0.20499728 -0.04612732 -0.02699549
v -0.20493262 -0.04663204 -0.02699549
v -0.19921628 -0.04711857 -0.02699549
v -0.19906726 -0.04663204 -0.02699549
v -0.20467874 -0.04464939 -0.02699549
v -0.20486847 -0.04512153 -0.02699549
v -0.19992413 -0.04383413 -0.02699549
v -0.20032004 -0.04351447 -0.02699549
v -0.20076428 -0.04326631 -0.02699549
v -0.20478360 -0.04711857 -0.02699549
v -0.20455453 -0.04757292 -0.02699549
v -0.20425198 -0.04798202 -0.02699549
v -0.20100055 -0.04882863 -0.02699549
v -0.20053690 -0.04861904 -0.02699549
v -0.20011530 -0.04833411 -0.02699549
v -0.20124402 -0.04309680 -0.02699549
v -0.20174554 -0.04301081 -0.02699549
v -0.20225439 -0.04301081 -0.02699549
v -0.20275589 -0.04309680 -0.02699549
v -0.20323566 -0.04326631 -0.02699549
v -0.20367990 -0.04351447 -0.02699549
v -0.20388464 -0.04833411 -0.02699549
v -0.20346304 -0.04861904 -0.02699549
v -0.20299939 -0.04882863 -0.02699549
v -0.20250693 -0.04895685 -0.02699549
v -0.20199994 -0.04900000 -0.02699549
v -0.20149295 -0.04895685 -0.02699549
v -0.04874792 -0.04798202 -0.02699549
v -0.04844537 -0.04757292 -0.02699549
v 0.02450006 -0.05075000 -0.02699549
v -0.04800262 -0.04612732 -0.02699549
v -0.04802429 -0.04561895 -0.02699549
v -0.04813147 -0.04512153 -0.02699549
v -0.04832117 -0.04464939 -0.02699549
v -0.04858795 -0.04421610 -0.02699549
v -0.05307574 -0.04383413 -0.02699549
v -0.05341193 -0.04421610 -0.02699549
v -0.05399725 -0.04612732 -0.02699549
v -0.05393262 -0.04663204 -0.02699549
v -0.04821625 -0.04711857 -0.02699549
v -0.04806732 -0.04663204 -0.02699549
v -0.05367871 -0.04464939 -0.02699549
v -0.05386847 -0.04512153 -0.02699549
v -0.04892413 -0.04383413 -0.02699549
v -0.04932001 -0.04351447 -0.02699549
v -0.04976428 -0.04326631 -0.02699549
v -0.05378363 -0.04711857 -0.02699549
v -0.05355450 -0.04757292 -0.02699549
v -0.05325195 -0.04798202 -0.02699549
v -0.05000055 -0.04882863 -0.02699549
v -0.04953687 -0.04861904 -0.02699549
v -0.04911530 -0.04833411 -0.02699549
v -0.05024402 -0.04309680 -0.02699549
v -0.05074554 -0.04301081 -0.02699549
v -0.05125439 -0.04301081 -0.02699549
v -0.05175586 -0.04309680 -0.02699549
v -0.05223566 -0.04326631 -0.02699549
v -0.05267987 -0.04351447 -0.02699549
v -0.05288464 -0.04833411 -0.02699549
v -0.05246301 -0.04861904 -0.02699549
v -0.05199939 -0.04882863 -0.02699549
v -0.05150696 -0.04895685 -0.02699549
v -0.05100000 -0.04900000 -0.02699549
v -0.05049298 -0.04895685 -0.02699549
v 0.10146313 -0.04861904 -0.02699549
v 0.10188470 -0.04833411 -0.02699549
v 0.17550006 -0.05075000 -0.02699549
v 0.10099945 -0.04882863 -0.02699549
v 0.09706738 -0.04663204 -0.02699549
v 0.09721637 -0.04711857 -0.02699549
v 0.09744543 -0.04757292 -0.02699549
v 0.09774799 -0.04798202 -0.02699549
v 0.10225208 -0.04798202 -0.02699549
v 0.10255463 -0.04757292 -0.02699549
v 0.10278369 -0.04711857 -0.02699549
v 0.10293274 -0.04663204 -0.02699549
v 0.10299738 -0.04612732 -0.02699549
v 0.17550006 -0.03900000 -0.02699549
v 0.10297577 -0.04561895 -0.02699549
v 0.09700275 -0.04612732 -0.02699549
v 0.09811542 -0.04833411 -0.02699549
v 0.09853699 -0.04861904 -0.02699549
v 0.09900067 -0.04882863 -0.02699549
v 0.10286853 -0.04512153 -0.02699549
v 0.10267883 -0.04464939 -0.02699549
v 0.10241205 -0.04421610 -0.02699549
v 0.10207587 -0.04383413 -0.02699549
v 0.10167999 -0.04351447 -0.02699549
v 0.10123572 -0.04326631 -0.02699549
v 0.09792426 -0.04383413 -0.02699549
v 0.09758801 -0.04421610 -0.02699549
v 0.09949304 -0.04895685 -0.02699549
v 0.10000006 -0.04900000 -0.02699549
v 0.10050702 -0.04895685 -0.02699549
v 0.09732129 -0.04464939 -0.02699549
v 0.09713159 -0.04512153 -0.02699549
v 0.10075598 -0.04309680 -0.02699549
v 0.10025446 -0.04301081 -0.02699549
v 0.09974567 -0.04301081 -0.02699549
v 0.09924414 -0.04309680 -0.02699549
v 0.09876434 -0.04326631 -0.02699549
v 0.09832013 -0.04351447 -0.02699549
v 0.25199945 -0.04882863 -0.02699549
v 0.25246313 -0.04861904 -0.02699549
v 0.32650006 -0.05075000 -0.02699549
v 0.25341205 -0.04421610 -0.02699549
v 0.25307587 -0.04383413 -0.02699549
v 0.32650006 -0.03900000 -0.02699549
v 0.25267999 -0.04351447 -0.02699549
v 0.25223578 -0.04326631 -0.02699549
v 0.25399738 -0.04612732 -0.02699549
v 0.25397577 -0.04561895 -0.02699549
v 0.25024408 -0.04309680 -0.02699549
v 0.24976434 -0.04326631 -0.02699549
v 0.24932013 -0.04351447 -0.02699549
v 0.24892419 -0.04383413 -0.02699549
v 0.24858807 -0.04421610 -0.02699549
v 0.24832129 -0.04464939 -0.02699549
v 0.24813153 -0.04512153 -0.02699549
v 0.25386853 -0.04512153 -0.02699549
v 0.25367883 -0.04464939 -0.02699549
v 0.25175598 -0.04309680 -0.02699549
v 0.25125446 -0.04301081 -0.02699549
v 0.25074561 -0.04301081 -0.02699549
v 0.25288470 -0.04833411 -0.02699549
v 0.25325208 -0.04798202 -0.02699549
v 0.25355463 -0.04757292 -0.02699549
v 0.25378375 -0.04711857 -0.02699549
v 0.25393268 -0.04663204 -0.02699549
v 0.24806738 -0.04663204 -0.02699549
v 0.24821637 -0.04711857 -0.02699549
v 0.24844550 -0.04757292 -0.02699549
v 0.24874805 -0.04798202 -0.02699549
v 0.24911542 -0.04833411 -0.02699549
v 0.24953693 -0.04861904 -0.02699549
v 0.25000061 -0.04882863 -0.02699549
v 0.24802435 -0.04561895 -0.02699549
v 0.24800006 -0.04600000 -0.02699549
v 0.24800275 -0.04612732 -0.02699549
v 0.25049304 -0.04895685 -0.02699549
v 0.25100006 -0.04900000 -0.02699549
v 0.25150702 -0.04895685 -0.02699549
v 0.40346313 -0.04861904 -0.02699549
v 0.40388470 -0.04833411 -0.02699549
v 0.47750000 -0.05075000 -0.02699549
v 0.40499731 -0.04612732 -0.02699549
v 0.40493274 -0.04663204 -0.02699549
v 0.40478369 -0.04711857 -0.02699549
v 0.40425208 -0.04798202 -0.02699549
v 0.40455463 -0.04757292 -0.02699549
v 0.40497577 -0.04561895 -0.02699549
v 0.39992426 -0.04383413 -0.02699549
v 0.39958807 -0.04421610 -0.02699549
v 0.39932129 -0.04464939 -0.02699549
v 0.39913153 -0.04512153 -0.02699549
v 0.40486853 -0.04512153 -0.02699549
v 0.40467883 -0.04464939 -0.02699549
v 0.40441205 -0.04421610 -0.02699549
v 0.40053699 -0.04861904 -0.02699549
v 0.40011542 -0.04833411 -0.02699549
v 0.39974805 -0.04798202 -0.02699549
v 0.40200006 -0.04900000 -0.02699549
v 0.40407587 -0.04383413 -0.02699549
v 0.40367999 -0.04351447 -0.02699549
v 0.40323578 -0.04326631 -0.02699549
v 0.40124414 -0.04309680 -0.02699549
v 0.40076434 -0.04326631 -0.02699549
v 0.40032013 -0.04351447 -0.02699549
v 0.39902435 -0.04561895 -0.02699549
v 0.39900006 -0.04600000 -0.02699549
v 0.39900275 -0.04612732 -0.02699549
v 0.39906738 -0.04663204 -0.02699549
v 0.39921637 -0.04711857 -0.02699549
v 0.39944543 -0.04757292 -0.02699549
v 0.40250702 -0.04895685 -0.02699549
v 0.40299945 -0.04882863 -0.02699549
v 0.40275598 -0.04309680 -0.02699549
v 0.40225446 -0.04301081 -0.02699549
v 0.40174561 -0.04301081 -0.02699549
v 0.40100061 -0.04882863 -0.02699549
v 0.40149304 -0.04895685 -0.02699549
v 0.55593274 -0.04663204 -0.02699549
v 0.55599731 -0.04612732 -0.02699549
v 0.57800000 -0.05075000 -0.02699549
v 0.55597571 -0.04561895 -0.02699549
v 0.55586853 -0.04512153 -0.02699549
v 0.57800000 -0.03900000 -0.02699549
v 0.55000281 -0.04612732 -0.02699549
v 0.55446313 -0.04861904 -0.02699549
v 0.55488477 -0.04833411 -0.02699549
v 0.55525208 -0.04798202 -0.02699549
v 0.55006738 -0.04663204 -0.02699549
v 0.55021643 -0.04711857 -0.02699549
v 0.55044543 -0.04757292 -0.02699549
v 0.55555469 -0.04757292 -0.02699549
v 0.55578369 -0.04711857 -0.02699549
v 0.55567883 -0.04464939 -0.02699549
v 0.55541199 -0.04421610 -0.02699549
v 0.55507581 -0.04383413 -0.02699549
v 0.55467993 -0.04351447 -0.02699549
v 0.55423572 -0.04326631 -0.02699549
v 0.55375598 -0.04309680 -0.02699549
v 0.55176440 -0.04326631 -0.02699549
v 0.55132007 -0.04351447 -0.02699549
v 0.55092419 -0.04383413 -0.02699549
v 0.55058801 -0.04421610 -0.02699549
v 0.55325452 -0.04301081 -0.02699549
v 0.55274561 -0.04301081 -0.02699549
v 0.55224414 -0.04309680 -0.02699549
v 0.55032129 -0.04464939 -0.02699549
v 0.55013159 -0.04512153 -0.02699549
v 0.55074805 -0.04798202 -0.02699549
v 0.55111536 -0.04833411 -0.02699549
v 0.55153699 -0.04861904 -0.02699549
v 0.55300000 -0.04900000 -0.02699549
v 0.55350708 -0.04895685 -0.02699549
v 0.55399951 -0.04882863 -0.02699549
v 0.55200061 -0.04882863 -0.02699549
v 0.55249304 -0.04895685 -0.02699549
v 0.60000000 -0.03900000 -0.02699549
v 0.60000000 -0.05075000 -0.02699549
v -0.42849991 -0.05250000 -0.02699549
v -0.27749994 -0.05250000 -0.02699549
v -0.12649994 -0.05250000 -0.02699549
v 0.02450006 -0.05250000 -0.02699549
v 0.17550006 -0.05250000 -0.02699549
v 0.32650006 -0.05250000 -0.02699549
v 0.47750000 -0.05250000 -0.02699549
v 0.57800000 -0.05250000 -0.02699549
v 0.60000000 -0.05250000 -0.02699549
v -0.60000000 -0.05075000 -0.02199549
v -0.60000000 -0.05250000 -0.02199549
v -0.55349991 -0.05250000 -0.02199549
v -0.55349991 -0.05075000 -0.02199549
v -0.60000000 -0.03950000 -0.02199549
v -0.55349991 -0.03950000 -0.02199549
v -0.50113151 -0.04512153 -0.02199549
v -0.50102422 -0.04561895 -0.02199549
v -0.42849991 -0.03950000 -0.02199549
v -0.50100265 -0.04612732 -0.02199549
v -0.50106726 -0.04663204 -0.02199549
v -0.42849991 -0.05075000 -0.02199549
v -0.50655458 -0.04757292 -0.02199549
v -0.50678358 -0.04711857 -0.02199549
v -0.50693259 -0.04663204 -0.02199549
v -0.50699721 -0.04612732 -0.02199549
v -0.50697562 -0.04561895 -0.02199549
v -0.50686845 -0.04512153 -0.02199549
v -0.50499937 -0.04882863 -0.02199549
v -0.50546298 -0.04861904 -0.02199549
v -0.50121627 -0.04711857 -0.02199549
v -0.50144539 -0.04757292 -0.02199549
v -0.50174794 -0.04798202 -0.02199549
v -0.50588462 -0.04833411 -0.02199549
v -0.50625203 -0.04798202 -0.02199549
v -0.50192413 -0.04383413 -0.02199549
v -0.50158797 -0.04421610 -0.02199549
v -0.50132117 -0.04464939 -0.02199549
v -0.50667868 -0.04464939 -0.02199549
v -0.50641189 -0.04421610 -0.02199549
v -0.50607571 -0.04383413 -0.02199549
v -0.50211534 -0.04833411 -0.02199549
v -0.50253687 -0.04861904 -0.02199549
v -0.50300047 -0.04882863 -0.02199549
v -0.50567982 -0.04351447 -0.02199549
v -0.50523565 -0.04326631 -0.02199549
v -0.50475583 -0.04309680 -0.02199549
v -0.50349293 -0.04895685 -0.02199549
v -0.50399992 -0.04900000 -0.02199549
v -0.50450692 -0.04895685 -0.02199549
v -0.50324402 -0.04309680 -0.02199549
v -0.50276420 -0.04326631 -0.02199549
v -0.50232003 -0.04351447 -0.02199549
v -0.50425432 -0.04301081 -0.02199549
v -0.50399992 -0.04300000 -0.02199549
v -0.50374553 -0.04301081 -0.02199549
v -0.35597566 -0.04561895 -0.02199549
v -0.35586844 -0.04512153 -0.02199549
v -0.35002426 -0.04561895 -0.02199549
v -0.35000269 -0.04612732 -0.02199549
v -0.27749994 -0.05075000 -0.02199549
v -0.35006729 -0.04663204 -0.02199549
v -0.35599724 -0.04612732 -0.02199549
v -0.35567871 -0.04464939 -0.02199549
v -0.35541193 -0.04421610 -0.02199549
v -0.35507576 -0.04383413 -0.02199549
v -0.27749994 -0.03950000 -0.02199549
v -0.35092410 -0.04383413 -0.02199549
v -0.35058794 -0.04421610 -0.02199549
v -0.35021631 -0.04711857 -0.02199549
v -0.35044537 -0.04757292 -0.02199549
v -0.35074792 -0.04798202 -0.02199549
v -0.35399936 -0.04882863 -0.02199549
v -0.35446301 -0.04861904 -0.02199549
v -0.35488460 -0.04833411 -0.02199549
v -0.35525194 -0.04798202 -0.02199549
v -0.35555455 -0.04757292 -0.02199549
v -0.35578362 -0.04711857 -0.02199549
v -0.35593263 -0.04663204 -0.02199549
v -0.35032115 -0.04464939 -0.02199549
v -0.35013142 -0.04512153 -0.02199549
v -0.35467986 -0.04351447 -0.02199549
v -0.35423569 -0.04326631 -0.02199549
v -0.35375587 -0.04309680 -0.02199549
v -0.35111533 -0.04833411 -0.02199549
v -0.35153685 -0.04861904 -0.02199549
v -0.35200050 -0.04882863 -0.02199549
v -0.35249297 -0.04895685 -0.02199549
v -0.35299995 -0.04900000 -0.02199549
v -0.35350696 -0.04895685 -0.02199549
v -0.35224399 -0.04309680 -0.02199549
v -0.35176424 -0.04326631 -0.02199549
v -0.35132001 -0.04351447 -0.02199549
v -0.35325435 -0.04301081 -0.02199549
v -0.35299995 -0.04300000 -0.02199549
v -0.35274551 -0.04301081 -0.02199549
v -0.20497565 -0.04561895 -0.02199549
v -0.20486847 -0.04512153 -0.02199549
v -0.19902423 -0.04561895 -0.02199549
v -0.19900266 -0.04612732 -0.02199549
v -0.12649994 -0.05075000 -0.02199549
v -0.19906726 -0.04663204 -0.02199549
v -0.20499728 -0.04612732 -0.02199549
v -0.20467874 -0.04464939 -0.02199549
v -0.20441196 -0.04421610 -0.02199549
v -0.20407578 -0.04383413 -0.02199549
v -0.12649994 -0.03950000 -0.02199549
v -0.19992413 -0.04383413 -0.02199549
v -0.19958798 -0.04421610 -0.02199549
v -0.19921628 -0.04711857 -0.02199549
v -0.19944534 -0.04757292 -0.02199549
v -0.19974796 -0.04798202 -0.02199549
v -0.20299939 -0.04882863 -0.02199549
v -0.20346304 -0.04861904 -0.02199549
v -0.20388464 -0.04833411 -0.02199549
v -0.20425198 -0.04798202 -0.02199549
v -0.20455453 -0.04757292 -0.02199549
v -0.20478360 -0.04711857 -0.02199549
v -0.20493262 -0.04663204 -0.02199549
v -0.19932120 -0.04464939 -0.02199549
v -0.19913147 -0.04512153 -0.02199549
v -0.20367990 -0.04351447 -0.02199549
v -0.20323566 -0.04326631 -0.02199549
v -0.20275589 -0.04309680 -0.02199549
v -0.20011530 -0.04833411 -0.02199549
v -0.20053690 -0.04861904 -0.02199549
v -0.20100055 -0.04882863 -0.02199549
v -0.20149295 -0.04895685 -0.02199549
v -0.20199994 -0.04900000 -0.02199549
v -0.20250693 -0.04895685 -0.02199549
v -0.20124402 -0.04309680 -0.02199549
v -0.20076428 -0.04326631 -0.02199549
v -0.20032004 -0.04351447 -0.02199549
v -0.20225439 -0.04301081 -0.02199549
v -0.20199994 -0.04300000 -0.02199549
v -0.20174554 -0.04301081 -0.02199549
v -0.05397571 -0.04561895 -0.02199549
v -0.05386847 -0.04512153 -0.02199549
v -0.04802429 -0.04561895 -0.02199549
v -0.04800262 -0.04612732 -0.02199549
v 0.02450006 -0.05075000 -0.02199549
v -0.04806732 -0.04663204 -0.02199549
v -0.05399725 -0.04612732 -0.02199549
v -0.05367871 -0.04464939 -0.02199549
v -0.05341193 -0.04421610 -0.02199549
v -0.05307574 -0.04383413 -0.02199549
v 0.02450006 -0.03950000 -0.02199549
v -0.04892413 -0.04383413 -0.02199549
v -0.04858795 -0.04421610 -0.02199549
v -0.04821625 -0.04711857 -0.02199549
v -0.04844537 -0.04757292 -0.02199549
v -0.04874792 -0.04798202 -0.02199549
v -0.05199939 -0.04882863 -0.02199549
v -0.05246301 -0.04861904 -0.02199549
v -0.05288464 -0.04833411 -0.02199549
v -0.05325195 -0.04798202 -0.02199549
v -0.05355450 -0.04757292 -0.02199549
v -0.05378363 -0.04711857 -0.02199549
v -0.05393262 -0.04663204 -0.02199549
v -0.04832117 -0.04464939 -0.02199549
v -0.04813147 -0.04512153 -0.02199549
v -0.05267987 -0.04351447 -0.02199549
v -0.05223566 -0.04326631 -0.02199549
v -0.05175586 -0.04309680 -0.02199549
v -0.04911530 -0.04833411 -0.02199549
v -0.04953687 -0.04861904 -0.02199549
v -0.05000055 -0.04882863 -0.02199549
v -0.05049298 -0.04895685 -0.02199549
v -0.05100000 -0.04900000 -0.02199549
v -0.05150696 -0.04895685 -0.02199549
v -0.05024402 -0.04309680 -0.02199549
v -0.04976428 -0.04326631 -0.02199549
v -0.04932001 -0.04351447 -0.02199549
v -0.05125439 -0.04301081 -0.02199549
v -0.05100000 -0.04300000 -0.02199549
v -0.05074554 -0.04301081 -0.02199549
v 0.09702435 -0.04561895 -0.02199549
v 0.09713159 -0.04512153 -0.02199549
v 0.10297577 -0.04561895 -0.02199549
v 0.10299738 -0.04612732 -0.02199549
v 0.17550006 -0.05075000 -0.02199549
v 0.10293274 -0.04663204 -0.02199549
v 0.10278369 -0.04711857 -0.02199549
v 0.10255463 -0.04757292 -0.02199549
v 0.10225208 -0.04798202 -0.02199549
v 0.10075598 -0.04309680 -0.02199549
v 0.10123572 -0.04326631 -0.02199549
v 0.17550006 -0.03950000 -0.02199549
v 0.10188470 -0.04833411 -0.02199549
v 0.10146313 -0.04861904 -0.02199549
v 0.10099945 -0.04882863 -0.02199549
v 0.09700275 -0.04612732 -0.02199549
v 0.10167999 -0.04351447 -0.02199549
v 0.10207587 -0.04383413 -0.02199549
v 0.10241205 -0.04421610 -0.02199549
v 0.10267883 -0.04464939 -0.02199549
v 0.10286853 -0.04512153 -0.02199549
v 0.09900067 -0.04882863 -0.02199549
v 0.09853699 -0.04861904 -0.02199549
v 0.09811542 -0.04833411 -0.02199549
v 0.09774799 -0.04798202 -0.02199549
v 0.09744543 -0.04757292 -0.02199549
v 0.09721637 -0.04711857 -0.02199549
v 0.09706738 -0.04663204 -0.02199549
v 0.09732129 -0.04464939 -0.02199549
v 0.09758801 -0.04421610 -0.02199549
v 0.09792426 -0.04383413 -0.02199549
v 0.10050702 -0.04895685 -0.02199549
v 0.10000006 -0.04900000 -0.02199549
v 0.09949304 -0.04895685 -0.02199549
v 0.09832013 -0.04351447 -0.02199549
v 0.09876434 -0.04326631 -0.02199549
v 0.09924414 -0.04309680 -0.02199549
v 0.09974567 -0.04301081 -0.02199549
v 0.10000006 -0.04300000 -0.02199549
v 0.10025446 -0.04301081 -0.02199549
v 0.24858807 -0.04421610 -0.02199549
v 0.24892419 -0.04383413 -0.02199549
v 0.25267999 -0.04351447 -0.02199549
v 0.32650006 -0.03950000 -0.02199549
v 0.25223578 -0.04326631 -0.02199549
v 0.25175598 -0.04309680 -0.02199549
v 0.25000061 -0.04882863 -0.02199549
v 0.24953693 -0.04861904 -0.02199549
v 0.24932013 -0.04351447 -0.02199549
v 0.24976434 -0.04326631 -0.02199549
v 0.25024408 -0.04309680 -0.02199549
v 0.25307587 -0.04383413 -0.02199549
v 0.25341205 -0.04421610 -0.02199549
v 0.25367883 -0.04464939 -0.02199549
v 0.24800275 -0.04612732 -0.02199549
v 0.24802435 -0.04561895 -0.02199549
v 0.25386853 -0.04512153 -0.02199549
v 0.25397577 -0.04561895 -0.02199549
v 0.32650006 -0.05075000 -0.02199549
v 0.25399738 -0.04612732 -0.02199549
v 0.25393268 -0.04663204 -0.02199549
v 0.24813153 -0.04512153 -0.02199549
v 0.24832129 -0.04464939 -0.02199549
v 0.25074561 -0.04301081 -0.02199549
v 0.25100006 -0.04300000 -0.02199549
v 0.25125446 -0.04301081 -0.02199549
v 0.25378375 -0.04711857 -0.02199549
v 0.25355463 -0.04757292 -0.02199549
v 0.25325208 -0.04798202 -0.02199549
v 0.25288470 -0.04833411 -0.02199549
v 0.25246313 -0.04861904 -0.02199549
v 0.25199945 -0.04882863 -0.02199549
v 0.25150702 -0.04895685 -0.02199549
v 0.25100006 -0.04900000 -0.02199549
v 0.25049304 -0.04895685 -0.02199549
v 0.24911542 -0.04833411 -0.02199549
v 0.24874805 -0.04798202 -0.02199549
v 0.24844550 -0.04757292 -0.02199549
v 0.24821637 -0.04711857 -0.02199549
v 0.24806738 -0.04663204 -0.02199549
v 0.39913153 -0.04512153 -0.02199549
v 0.39932129 -0.04464939 -0.02199549
v 0.39958807 -0.04421610 -0.02199549
v 0.39992426 -0.04383413 -0.02199549
v 0.47750000 -0.03950000 -0.02199549
v 0.40407587 -0.04383413 -0.02199549
v 0.40441205 -0.04421610 -0.02199549
v 0.40497577 -0.04561895 -0.02199549
v 0.47750000 -0.05075000 -0.02199549
v 0.40499731 -0.04612732 -0.02199549
v 0.40493274 -0.04663204 -0.02199549
v 0.40478369 -0.04711857 -0.02199549
v 0.40455463 -0.04757292 -0.02199549
v 0.40425208 -0.04798202 -0.02199549
v 0.40388470 -0.04833411 -0.02199549
v 0.40346313 -0.04861904 -0.02199549
v 0.40299945 -0.04882863 -0.02199549
v 0.40100061 -0.04882863 -0.02199549
v 0.40053699 -0.04861904 -0.02199549
v 0.40011542 -0.04833411 -0.02199549
v 0.40467883 -0.04464939 -0.02199549
v 0.40486853 -0.04512153 -0.02199549
v 0.40250702 -0.04895685 -0.02199549
v 0.40200006 -0.04900000 -0.02199549
v 0.40149304 -0.04895685 -0.02199549
v 0.39974805 -0.04798202 -0.02199549
v 0.39944543 -0.04757292 -0.02199549
v 0.39921637 -0.04711857 -0.02199549
v 0.39906738 -0.04663204 -0.02199549
v 0.39900275 -0.04612732 -0.02199549
v 0.39902435 -0.04561895 -0.02199549
v 0.40032013 -0.04351447 -0.02199549
v 0.40076434 -0.04326631 -0.02199549
v 0.40124414 -0.04309680 -0.02199549
v 0.40275598 -0.04309680 -0.02199549
v 0.40323578 -0.04326631 -0.02199549
v 0.40367999 -0.04351447 -0.02199549
v 0.40174561 -0.04301081 -0.02199549
v 0.40200006 -0.04300000 -0.02199549
v 0.40225446 -0.04301081 -0.02199549
v 0.55044543 -0.04757292 -0.02199549
v 0.55021643 -0.04711857 -0.02199549
v 0.55200061 -0.04882863 -0.02199549
v 0.55153699 -0.04861904 -0.02199549
v 0.55593274 -0.04663204 -0.02199549
v 0.55578369 -0.04711857 -0.02199549
v 0.60000000 -0.05075000 -0.02199549
v 0.55555469 -0.04757292 -0.02199549
v 0.55525208 -0.04798202 -0.02199549
v 0.55488477 -0.04833411 -0.02199549
v 0.55446313 -0.04861904 -0.02199549
v 0.55399951 -0.04882863 -0.02199549
v 0.55111536 -0.04833411 -0.02199549
v 0.55074805 -0.04798202 -0.02199549
v 0.55006738 -0.04663204 -0.02199549
v 0.55000281 -0.04612732 -0.02199549
v 0.55002429 -0.04561895 -0.02199549
v 0.55013159 -0.04512153 -0.02199549
v 0.60000000 -0.03950000 -0.02199549
v 0.55597571 -0.04561895 -0.02199549
v 0.55599731 -0.04612732 -0.02199549
v 0.55350708 -0.04895685 -0.02199549
v 0.55300000 -0.04900000 -0.02199549
v 0.55249304 -0.04895685 -0.02199549
v 0.55467993 -0.04351447 -0.02199549
v 0.55507581 -0.04383413 -0.02199549
v 0.55541199 -0.04421610 -0.02199549
v 0.55176440 -0.04326631 -0.02199549
v 0.55132007 -0.04351447 -0.02199549
v 0.55092419 -0.04383413 -0.02199549
v 0.55325452 -0.04301081 -0.02199549
v 0.55375598 -0.04309680 -0.02199549
v 0.55423572 -0.04326631 -0.02199549
v 0.55567883 -0.04464939 -0.02199549
v 0.55586853 -0.04512153 -0.02199549
v 0.55032129 -0.04464939 -0.02199549
v 0.55058801 -0.04421610 -0.02199549
v 0.55224414 -0.04309680 -0.02199549
v 0.55274561 -0.04301081 -0.02199549
v 0.55300000 -0.04300000 -0.02199549
v -0.42849991 -0.05250000 -0.02199549
v -0.27749994 -0.05250000 -0.02199549
v -0.12649994 -0.05250000 -0.02199549
v 0.02450006 -0.05250000 -0.02199549
v 0.17550006 -0.05250000 -0.02199549
v 0.32650006 -0.05250000 -0.02199549
v 0.47750000 -0.05250000 -0.02199549
v 0.60000000 -0.05250000 -0.02199549
v -0.60000000 -0.02600000 -0.00916064
v -0.60000000 -0.03000000 -0.01099549
v 0.60000000 -0.02600000 -0.00916064
v 0.60000000 -0.03000000 -0.01099549
v -0.60000000 -0.02200000 -0.01699549
v 0.60000000 -0.02200000 -0.01699549
v -0.60000000 -0.02050000 -0.01699549
v 0.60000000 -0.02050000 -0.01699549
v 0.60000000 -0.02050000 -0.02199549
v 0.47750000 -0.02050000 -0.02199549
v 0.32650006 -0.02050000 -0.02199549
v 0.17550006 -0.02050000 -0.02199549
v 0.02450006 -0.02050000 -0.02199549
v -0.12649994 -0.02050000 -0.02199549
v -0.27749994 -0.02050000 -0.02199549
v -0.42849991 -0.02050000 -0.02199549
v -0.55349991 -0.02050000 -0.02199549
v -0.60000000 -0.02050000 -0.02199549
v -0.60000000 -0.01875000 -0.02199549
v -0.55349991 -0.01875000 -0.02199549
v -0.60000000 -0.00750000 -0.02199549
v -0.55349991 -0.00750000 -0.02199549
v -0.50100265 -0.01412732 -0.02199549
v -0.50106726 -0.01463204 -0.02199549
v -0.42849991 -0.01875000 -0.02199549
v -0.50158797 -0.01221610 -0.02199549
v -0.50132117 -0.01264939 -0.02199549
v -0.42849991 -0.00750000 -0.02199549
v -0.50113151 -0.01312153 -0.02199549
v -0.50102422 -0.01361895 -0.02199549
v -0.50121627 -0.01511857 -0.02199549
v -0.50144539 -0.01557292 -0.02199549
v -0.50174794 -0.01598202 -0.02199549
v -0.50655458 -0.01557292 -0.02199549
v -0.50678358 -0.01511857 -0.02199549
v -0.50693259 -0.01463204 -0.02199549
v -0.50699721 -0.01412732 -0.02199549
v -0.50697562 -0.01361895 -0.02199549
v -0.50686845 -0.01312153 -0.02199549
v -0.50499937 -0.01682863 -0.02199549
v -0.50546298 -0.01661904 -0.02199549
v -0.50588462 -0.01633411 -0.02199549
v -0.50625203 -0.01598202 -0.02199549
v -0.50667868 -0.01264939 -0.02199549
v -0.50641189 -0.01221610 -0.02199549
v -0.50607571 -0.01183413 -0.02199549
v -0.50211534 -0.01633411 -0.02199549
v -0.50253687 -0.01661904 -0.02199549
v -0.50300047 -0.01682863 -0.02199549
v -0.50349293 -0.01695685 -0.02199549
v -0.50399992 -0.01700000 -0.02199549
v -0.50450692 -0.01695685 -0.02199549
v -0.50276420 -0.01126631 -0.02199549
v -0.50232003 -0.01151447 -0.02199549
v -0.50192413 -0.01183413 -0.02199549
v -0.50567982 -0.01151447 -0.02199549
v -0.50523565 -0.01126631 -0.02199549
v -0.50475583 -0.01109680 -0.02199549
v -0.50425432 -0.01101081 -0.02199549
v -0.50374553 -0.01101081 -0.02199549
v -0.50324402 -0.01109680 -0.02199549
v -0.35525194 -0.01598202 -0.02199549
v -0.35555455 -0.01557292 -0.02199549
v -0.35002426 -0.01361895 -0.02199549
v -0.35000269 -0.01412732 -0.02199549
v -0.27749994 -0.01875000 -0.02199549
v -0.35006729 -0.01463204 -0.02199549
v -0.35599724 -0.01412732 -0.02199549
v -0.35597566 -0.01361895 -0.02199549
v -0.35586844 -0.01312153 -0.02199549
v -0.35567871 -0.01264939 -0.02199549
v -0.35541193 -0.01221610 -0.02199549
v -0.27749994 -0.00750000 -0.02199549
v -0.35092410 -0.01183413 -0.02199549
v -0.35058794 -0.01221610 -0.02199549
v -0.35021631 -0.01511857 -0.02199549
v -0.35044537 -0.01557292 -0.02199549
v -0.35074792 -0.01598202 -0.02199549
v -0.35578362 -0.01511857 -0.02199549
v -0.35593263 -0.01463204 -0.02199549
v -0.35032115 -0.01264939 -0.02199549
v -0.35013142 -0.01312153 -0.02199549
v -0.35111533 -0.01633411 -0.02199549
v -0.35153685 -0.01661904 -0.02199549
v -0.35200050 -0.01682863 -0.02199549
v -0.35399936 -0.01682863 -0.02199549
v -0.35446301 -0.01661904 -0.02199549
v -0.35488460 -0.01633411 -0.02199549
v -0.35507576 -0.01183413 -0.02199549
v -0.35467986 -0.01151447 -0.02199549
v -0.35423569 -0.01126631 -0.02199549
v -0.35249297 -0.01695685 -0.02199549
v -0.35299995 -0.01700000 -0.02199549
v -0.35350696 -0.01695685 -0.02199549
v -0.35375587 -0.01109680 -0.02199549
v -0.35325435 -0.01101081 -0.02199549
v -0.35274551 -0.01101081 -0.02199549
v -0.35224399 -0.01109680 -0.02199549
v -0.35176424 -0.01126631 -0.02199549
v -0.35132001 -0.01151447 -0.02199549
v -0.19902423 -0.01361895 -0.02199549
v -0.19900266 -0.01412732 -0.02199549
v -0.12649994 -0.01875000 -0.02199549
v -0.19906726 -0.01463204 -0.02199549
v -0.20499728 -0.01412732 -0.02199549
v -0.20497565 -0.01361895 -0.02199549
v -0.20486847 -0.01312153 -0.02199549
v -0.20467874 -0.01264939 -0.02199549
v -0.20441196 -0.01221610 -0.02199549
v -0.12649994 -0.00750000 -0.02199549
v -0.19992413 -0.01183413 -0.02199549
v -0.19958798 -0.01221610 -0.02199549
v -0.19921628 -0.01511857 -0.02199549
v -0.19944534 -0.01557292 -0.02199549
v -0.19974796 -0.01598202 -0.02199549
v -0.20299939 -0.01682863 -0.02199549
v -0.20346304 -0.01661904 -0.02199549
v -0.20388464 -0.01633411 -0.02199549
v -0.20425198 -0.01598202 -0.02199549
v -0.20455453 -0.01557292 -0.02199549
v -0.20478360 -0.01511857 -0.02199549
v -0.20493262 -0.01463204 -0.02199549
v -0.19932120 -0.01264939 -0.02199549
v -0.19913147 -0.01312153 -0.02199549
v -0.20011530 -0.01633411 -0.02199549
v -0.20053690 -0.01661904 -0.02199549
v -0.20100055 -0.01682863 -0.02199549
v -0.20407578 -0.01183413 -0.02199549
v -0.20367990 -0.01151447 -0.02199549
v -0.20323566 -0.01126631 -0.02199549
v -0.20149295 -0.01695685 -0.02199549
v -0.20199994 -0.01700000 -0.02199549
v -0.20250693 -0.01695685 -0.02199549
v -0.20275589 -0.01109680 -0.02199549
v -0.20225439 -0.01101081 -0.02199549
v -0.20174554 -0.01101081 -0.02199549
v -0.20124402 -0.01109680 -0.02199549
v -0.20076428 -0.01126631 -0.02199549
v -0.20032004 -0.01151447 -0.02199549
v -0.04802429 -0.01361895 -0.02199549
v -0.04800262 -0.01412732 -0.02199549
v 0.02450006 -0.01875000 -0.02199549
v -0.04806732 -0.01463204 -0.02199549
v -0.05399725 -0.01412732 -0.02199549
v -0.05397571 -0.01361895 -0.02199549
v -0.05386847 -0.01312153 -0.02199549
v -0.05367871 -0.01264939 -0.02199549
v -0.05341193 -0.01221610 -0.02199549
v 0.02450006 -0.00750000 -0.02199549
v -0.04892413 -0.01183413 -0.02199549
v -0.04858795 -0.01221610 -0.02199549
v -0.04821625 -0.01511857 -0.02199549
v -0.04844537 -0.01557292 -0.02199549
v -0.04874792 -0.01598202 -0.02199549
v -0.05199939 -0.01682863 -0.02199549
v -0.05246301 -0.01661904 -0.02199549
v -0.05288464 -0.01633411 -0.02199549
v -0.05325195 -0.01598202 -0.02199549
v -0.05355450 -0.01557292 -0.02199549
v -0.05378363 -0.01511857 -0.02199549
v -0.05393262 -0.01463204 -0.02199549
v -0.04832117 -0.01264939 -0.02199549
v -0.04813147 -0.01312153 -0.02199549
v -0.04911530 -0.01633411 -0.02199549
v -0.04953687 -0.01661904 -0.02199549
v -0.05000055 -0.01682863 -0.02199549
v -0.05307574 -0.01183413 -0.02199549
v -0.05267987 -0.01151447 -0.02199549
v -0.05223566 -0.01126631 -0.02199549
v -0.05049298 -0.01695685 -0.02199549
v -0.05100000 -0.01700000 -0.02199549
v -0.05150696 -0.01695685 -0.02199549
v -0.05175586 -0.01109680 -0.02199549
v -0.05125439 -0.01101081 -0.02199549
v -0.05074554 -0.01101081 -0.02199549
v -0.05024402 -0.01109680 -0.02199549
v -0.04976428 -0.01126631 -0.02199549
v -0.04932001 -0.01151447 -0.02199549
v 0.09702435 -0.01361895 -0.02199549
v 0.09713159 -0.01312153 -0.02199549
v 0.10297577 -0.01361895 -0.02199549
v 0.10299738 -0.01412732 -0.02199549
v 0.17550006 -0.01875000 -0.02199549
v 0.10293274 -0.01463204 -0.02199549
v 0.10278369 -0.01511857 -0.02199549
v 0.10255463 -0.01557292 -0.02199549
v 0.10225208 -0.01598202 -0.02199549
v 0.10188470 -0.01633411 -0.02199549
v 0.10146313 -0.01661904 -0.02199549
v 0.10099945 -0.01682863 -0.02199549
v 0.09700275 -0.01412732 -0.02199549
v 0.10167999 -0.01151447 -0.02199549
v 0.10207587 -0.01183413 -0.02199549
v 0.17550006 -0.00750000 -0.02199549
v 0.10241205 -0.01221610 -0.02199549
v 0.09900067 -0.01682863 -0.02199549
v 0.09853699 -0.01661904 -0.02199549
v 0.09811542 -0.01633411 -0.02199549
v 0.09774799 -0.01598202 -0.02199549
v 0.09744543 -0.01557292 -0.02199549
v 0.09721637 -0.01511857 -0.02199549
v 0.09706738 -0.01463204 -0.02199549
v 0.09732129 -0.01264939 -0.02199549
v 0.09758801 -0.01221610 -0.02199549
v 0.09792426 -0.01183413 -0.02199549
v 0.10025446 -0.01101081 -0.02199549
v 0.10075598 -0.01109680 -0.02199549
v 0.10123572 -0.01126631 -0.02199549
v 0.10267883 -0.01264939 -0.02199549
v 0.10286853 -0.01312153 -0.02199549
v 0.09974567 -0.01101081 -0.02199549
v 0.09924414 -0.01109680 -0.02199549
v 0.10050702 -0.01695685 -0.02199549
v 0.10000006 -0.01700000 -0.02199549
v 0.09949304 -0.01695685 -0.02199549
v 0.09832013 -0.01151447 -0.02199549
v 0.09876434 -0.01126631 -0.02199549
v 0.25000061 -0.01682863 -0.02199549
v 0.24953693 -0.01661904 -0.02199549
v 0.24858807 -0.01221610 -0.02199549
v 0.24892419 -0.01183413 -0.02199549
v 0.24932013 -0.01151447 -0.02199549
v 0.24976434 -0.01126631 -0.02199549
v 0.24800275 -0.01412732 -0.02199549
v 0.24802435 -0.01361895 -0.02199549
v 0.25267999 -0.01151447 -0.02199549
v 0.32650006 -0.00750000 -0.02199549
v 0.25223578 -0.01126631 -0.02199549
v 0.25175598 -0.01109680 -0.02199549
v 0.24813153 -0.01312153 -0.02199549
v 0.24832129 -0.01264939 -0.02199549
v 0.25024408 -0.01109680 -0.02199549
v 0.25074561 -0.01101081 -0.02199549
v 0.25125446 -0.01101081 -0.02199549
v 0.25307587 -0.01183413 -0.02199549
v 0.25341205 -0.01221610 -0.02199549
v 0.25367883 -0.01264939 -0.02199549
v 0.24911542 -0.01633411 -0.02199549
v 0.24874805 -0.01598202 -0.02199549
v 0.24844550 -0.01557292 -0.02199549
v 0.24821637 -0.01511857 -0.02199549
v 0.24806738 -0.01463204 -0.02199549
v 0.25386853 -0.01312153 -0.02199549
v 0.25397577 -0.01361895 -0.02199549
v 0.32650006 -0.01875000 -0.02199549
v 0.25399738 -0.01412732 -0.02199549
v 0.25393268 -0.01463204 -0.02199549
v 0.25378375 -0.01511857 -0.02199549
v 0.25355463 -0.01557292 -0.02199549
v 0.25325208 -0.01598202 -0.02199549
v 0.25288470 -0.01633411 -0.02199549
v 0.25246313 -0.01661904 -0.02199549
v 0.25199945 -0.01682863 -0.02199549
v 0.25150702 -0.01695685 -0.02199549
v 0.25100006 -0.01700000 -0.02199549
v 0.25049304 -0.01695685 -0.02199549
v 0.39932129 -0.01264939 -0.02199549
v 0.39958807 -0.01221610 -0.02199549
v 0.39913153 -0.01312153 -0.02199549
v 0.47750000 -0.00750000 -0.02199549
v 0.40407587 -0.01183413 -0.02199549
v 0.40441205 -0.01221610 -0.02199549
v 0.40497577 -0.01361895 -0.02199549
v 0.47750000 -0.01875000 -0.02199549
v 0.40499731 -0.01412732 -0.02199549
v 0.40493274 -0.01463204 -0.02199549
v 0.40478369 -0.01511857 -0.02199549
v 0.40455463 -0.01557292 -0.02199549
v 0.40425208 -0.01598202 -0.02199549
v 0.40388470 -0.01633411 -0.02199549
v 0.40346313 -0.01661904 -0.02199549
v 0.40299945 -0.01682863 -0.02199549
v 0.40100061 -0.01682863 -0.02199549
v 0.40053699 -0.01661904 -0.02199549
v 0.40011542 -0.01633411 -0.02199549
v 0.39992426 -0.01183413 -0.02199549
v 0.40032013 -0.01151447 -0.02199549
v 0.40076434 -0.01126631 -0.02199549
v 0.40467883 -0.01264939 -0.02199549
v 0.40486853 -0.01312153 -0.02199549
v 0.40250702 -0.01695685 -0.02199549
v 0.40200006 -0.01700000 -0.02199549
v 0.40149304 -0.01695685 -0.02199549
v 0.39974805 -0.01598202 -0.02199549
v 0.39944543 -0.01557292 -0.02199549
v 0.39921637 -0.01511857 -0.02199549
v 0.39906738 -0.01463204 -0.02199549
v 0.39900275 -0.01412732 -0.02199549
v 0.39902435 -0.01361895 -0.02199549
v 0.40124414 -0.01109680 -0.02199549
v 0.40174561 -0.01101081 -0.02199549
v 0.40225446 -0.01101081 -0.02199549
v 0.40275598 -0.01109680 -0.02199549
v 0.40323578 -0.01126631 -0.02199549
v 0.40367999 -0.01151447 -0.02199549
v 0.55044543 -0.01557292 -0.02199549
v 0.55021643 -0.01511857 -0.02199549
v 0.55200061 -0.01682863 -0.02199549
v 0.55153699 -0.01661904 -0.02199549
v 0.60000000 -0.00750000 -0.02199549
v 0.55597571 -0.01361895 -0.02199549
v 0.60000000 -0.01875000 -0.02199549
v 0.55599731 -0.01412732 -0.02199549
v 0.55593274 -0.01463204 -0.02199549
v 0.55578369 -0.01511857 -0.02199549
v 0.55555469 -0.01557292 -0.02199549
v 0.55525208 -0.01598202 -0.02199549
v 0.55488477 -0.01633411 -0.02199549
v 0.55446313 -0.01661904 -0.02199549
v 0.55399951 -0.01682863 -0.02199549
v 0.55111536 -0.01633411 -0.02199549
v 0.55074805 -0.01598202 -0.02199549
v 0.55375598 -0.01109680 -0.02199549
v 0.55423572 -0.01126631 -0.02199549
v 0.55350708 -0.01695685 -0.02199549
v 0.55300000 -0.01700000 -0.02199549
v 0.55249304 -0.01695685 -0.02199549
v 0.55006738 -0.01463204 -0.02199549
v 0.55000281 -0.01412732 -0.02199549
v 0.55002429 -0.01361895 -0.02199549
v 0.55013159 -0.01312153 -0.02199549
v 0.55176440 -0.01126631 -0.02199549
v 0.55132007 -0.01151447 -0.02199549
v 0.55092419 -0.01183413 -0.02199549
v 0.55032129 -0.01264939 -0.02199549
v 0.55058801 -0.01221610 -0.02199549
v 0.55467993 -0.01151447 -0.02199549
v 0.55507581 -0.01183413 -0.02199549
v 0.55541199 -0.01221610 -0.02199549
v 0.55567883 -0.01264939 -0.02199549
v 0.55586853 -0.01312153 -0.02199549
v 0.55224414 -0.01109680 -0.02199549
v 0.55274561 -0.01101081 -0.02199549
v 0.55325452 -0.01101081 -0.02199549
v -0.60000000 -0.00750000 -0.02699549
v -0.55349991 -0.00750000 -0.02699549
v -0.42849991 -0.00750000 -0.02699549
v -0.27749994 -0.00750000 -0.02699549
v -0.12649994 -0.00750000 -0.02699549
v 0.02450006 -0.00750000 -0.02699549
v 0.17550006 -0.00750000 -0.02699549
v 0.32650006 -0.00750000 -0.02699549
v 0.47750000 -0.00750000 -0.02699549
v 0.60000000 -0.00750000 -0.02699549
v 0.55593274 -0.01463204 -0.02699549
v 0.55599731 -0.01412732 -0.02699549
v 0.60000000 -0.01900000 -0.02699549
v 0.55224414 -0.01109680 -0.02699549
v 0.55176440 -0.01126631 -0.02699549
v 0.55597571 -0.01361895 -0.02699549
v 0.55586853 -0.01312153 -0.02699549
v 0.55446313 -0.01661904 -0.02699549
v 0.55488477 -0.01633411 -0.02699549
v 0.55525208 -0.01598202 -0.02699549
v 0.55507581 -0.01183413 -0.02699549
v 0.55467993 -0.01151447 -0.02699549
v 0.55423572 -0.01126631 -0.02699549
v 0.55375598 -0.01109680 -0.02699549
v 0.55132007 -0.01151447 -0.02699549
v 0.55092419 -0.01183413 -0.02699549
v 0.55058801 -0.01221610 -0.02699549
v 0.55002429 -0.01361895 -0.02699549
v 0.47750000 -0.01900000 -0.02699549
v 0.55000281 -0.01412732 -0.02699549
v 0.55006738 -0.01463204 -0.02699549
v 0.55021643 -0.01511857 -0.02699549
v 0.55044543 -0.01557292 -0.02699549
v 0.55555469 -0.01557292 -0.02699549
v 0.55578369 -0.01511857 -0.02699549
v 0.55567883 -0.01264939 -0.02699549
v 0.55541199 -0.01221610 -0.02699549
v 0.55325452 -0.01101081 -0.02699549
v 0.55300000 -0.01100000 -0.02699549
v 0.55274561 -0.01101081 -0.02699549
v 0.55032129 -0.01264939 -0.02699549
v 0.55013159 -0.01312153 -0.02699549
v 0.55074805 -0.01598202 -0.02699549
v 0.55111536 -0.01633411 -0.02699549
v 0.55153699 -0.01661904 -0.02699549
v 0.55300000 -0.01700000 -0.02699549
v 0.55350708 -0.01695685 -0.02699549
v 0.55399951 -0.01682863 -0.02699549
v 0.55200061 -0.01682863 -0.02699549
v 0.55249304 -0.01695685 -0.02699549
v 0.40346313 -0.01661904 -0.02699549
v 0.40388470 -0.01633411 -0.02699549
v 0.40478369 -0.01511857 -0.02699549
v 0.40493274 -0.01463204 -0.02699549
v 0.40499731 -0.01412732 -0.02699549
v 0.40497577 -0.01361895 -0.02699549
v 0.40486853 -0.01312153 -0.02699549
v 0.40425208 -0.01598202 -0.02699549
v 0.40455463 -0.01557292 -0.02699549
v 0.40467883 -0.01264939 -0.02699549
v 0.40441205 -0.01221610 -0.02699549
v 0.40407587 -0.01183413 -0.02699549
v 0.40124414 -0.01109680 -0.02699549
v 0.40076434 -0.01126631 -0.02699549
v 0.40367999 -0.01151447 -0.02699549
v 0.40323578 -0.01126631 -0.02699549
v 0.40275598 -0.01109680 -0.02699549
v 0.40225446 -0.01101081 -0.02699549
v 0.40200006 -0.01100000 -0.02699549
v 0.40174561 -0.01101081 -0.02699549
v 0.40032013 -0.01151447 -0.02699549
v 0.39992426 -0.01183413 -0.02699549
v 0.39958807 -0.01221610 -0.02699549
v 0.39932129 -0.01264939 -0.02699549
v 0.39913153 -0.01312153 -0.02699549
v 0.39902435 -0.01361895 -0.02699549
v 0.39900275 -0.01412732 -0.02699549
v 0.39906738 -0.01463204 -0.02699549
v 0.32650006 -0.01900000 -0.02699549
v 0.40053699 -0.01661904 -0.02699549
v 0.40011542 -0.01633411 -0.02699549
v 0.39974805 -0.01598202 -0.02699549
v 0.40200006 -0.01700000 -0.02699549
v 0.39921637 -0.01511857 -0.02699549
v 0.39944543 -0.01557292 -0.02699549
v 0.40250702 -0.01695685 -0.02699549
v 0.40299945 -0.01682863 -0.02699549
v 0.40100061 -0.01682863 -0.02699549
v 0.40149304 -0.01695685 -0.02699549
v 0.24932013 -0.01151447 -0.02699549
v 0.24976434 -0.01126631 -0.02699549
v 0.25024408 -0.01109680 -0.02699549
v 0.25223578 -0.01126631 -0.02699549
v 0.25175598 -0.01109680 -0.02699549
v 0.25125446 -0.01101081 -0.02699549
v 0.25100006 -0.01100000 -0.02699549
v 0.25074561 -0.01101081 -0.02699549
v 0.25341205 -0.01221610 -0.02699549
v 0.25307587 -0.01183413 -0.02699549
v 0.25267999 -0.01151447 -0.02699549
v 0.24892419 -0.01183413 -0.02699549
v 0.24858807 -0.01221610 -0.02699549
v 0.24832129 -0.01264939 -0.02699549
v 0.25199945 -0.01682863 -0.02699549
v 0.25246313 -0.01661904 -0.02699549
v 0.25399738 -0.01412732 -0.02699549
v 0.25397577 -0.01361895 -0.02699549
v 0.25386853 -0.01312153 -0.02699549
v 0.25367883 -0.01264939 -0.02699549
v 0.24813153 -0.01312153 -0.02699549
v 0.24802435 -0.01361895 -0.02699549
v 0.17550006 -0.01900000 -0.02699549
v 0.24800275 -0.01412732 -0.02699549
v 0.24806738 -0.01463204 -0.02699549
v 0.25288470 -0.01633411 -0.02699549
v 0.25325208 -0.01598202 -0.02699549
v 0.25355463 -0.01557292 -0.02699549
v 0.25378375 -0.01511857 -0.02699549
v 0.25393268 -0.01463204 -0.02699549
v 0.24821637 -0.01511857 -0.02699549
v 0.24844550 -0.01557292 -0.02699549
v 0.24874805 -0.01598202 -0.02699549
v 0.24911542 -0.01633411 -0.02699549
v 0.24953693 -0.01661904 -0.02699549
v 0.25000061 -0.01682863 -0.02699549
v 0.25049304 -0.01695685 -0.02699549
v 0.25100006 -0.01700000 -0.02699549
v 0.25150702 -0.01695685 -0.02699549
v 0.09792426 -0.01183413 -0.02699549
v 0.09758801 -0.01221610 -0.02699549
v 0.09732129 -0.01264939 -0.02699549
v 0.09713159 -0.01312153 -0.02699549
v 0.09702435 -0.01361895 -0.02699549
v 0.10146313 -0.01661904 -0.02699549
v 0.10188470 -0.01633411 -0.02699549
v 0.10278369 -0.01511857 -0.02699549
v 0.10293274 -0.01463204 -0.02699549
v 0.10299738 -0.01412732 -0.02699549
v 0.10297577 -0.01361895 -0.02699549
v 0.10286853 -0.01312153 -0.02699549
v 0.10207587 -0.01183413 -0.02699549
v 0.10167999 -0.01151447 -0.02699549
v 0.10123572 -0.01126631 -0.02699549
v 0.10075598 -0.01109680 -0.02699549
v 0.09924414 -0.01109680 -0.02699549
v 0.09876434 -0.01126631 -0.02699549
v 0.09832013 -0.01151447 -0.02699549
v 0.09700275 -0.01412732 -0.02699549
v 0.02450006 -0.01900000 -0.02699549
v 0.09706738 -0.01463204 -0.02699549
v 0.10099945 -0.01682863 -0.02699549
v 0.10267883 -0.01264939 -0.02699549
v 0.10241205 -0.01221610 -0.02699549
v 0.10025446 -0.01101081 -0.02699549
v 0.10000006 -0.01100000 -0.02699549
v 0.09974567 -0.01101081 -0.02699549
v 0.09721637 -0.01511857 -0.02699549
v 0.09744543 -0.01557292 -0.02699549
v 0.09774799 -0.01598202 -0.02699549
v 0.10225208 -0.01598202 -0.02699549
v 0.10255463 -0.01557292 -0.02699549
v 0.09811542 -0.01633411 -0.02699549
v 0.09853699 -0.01661904 -0.02699549
v 0.09900067 -0.01682863 -0.02699549
v 0.09949304 -0.01695685 -0.02699549
v 0.10000006 -0.01700000 -0.02699549
v 0.10050702 -0.01695685 -0.02699549
v -0.04802429 -0.01361895 -0.02699549
v -0.04813147 -0.01312153 -0.02699549
v -0.05307574 -0.01183413 -0.02699549
v -0.05341193 -0.01221610 -0.02699549
v -0.04832117 -0.01264939 -0.02699549
v -0.04858795 -0.01221610 -0.02699549
v -0.04892413 -0.01183413 -0.02699549
v -0.05367871 -0.01264939 -0.02699549
v -0.05386847 -0.01312153 -0.02699549
v -0.05397571 -0.01361895 -0.02699549
v -0.04932001 -0.01151447 -0.02699549
v -0.04976428 -0.01126631 -0.02699549
v -0.05024402 -0.01109680 -0.02699549
v -0.05074554 -0.01101081 -0.02699549
v -0.05100000 -0.01100000 -0.02699549
v -0.05125439 -0.01101081 -0.02699549
v -0.05175586 -0.01109680 -0.02699549
v -0.05223566 -0.01126631 -0.02699549
v -0.05267987 -0.01151447 -0.02699549
v -0.05399725 -0.01412732 -0.02699549
v -0.12649994 -0.01900000 -0.02699549
v -0.05393262 -0.01463204 -0.02699549
v -0.04874792 -0.01598202 -0.02699549
v -0.04844537 -0.01557292 -0.02699549
v -0.04800262 -0.01412732 -0.02699549
v -0.04821625 -0.01511857 -0.02699549
v -0.04806732 -0.01463204 -0.02699549
v -0.05378363 -0.01511857 -0.02699549
v -0.05355450 -0.01557292 -0.02699549
v -0.05325195 -0.01598202 -0.02699549
v -0.05000055 -0.01682863 -0.02699549
v -0.04953687 -0.01661904 -0.02699549
v -0.04911530 -0.01633411 -0.02699549
v -0.05288464 -0.01633411 -0.02699549
v -0.05246301 -0.01661904 -0.02699549
v -0.05199939 -0.01682863 -0.02699549
v -0.05150696 -0.01695685 -0.02699549
v -0.05100000 -0.01700000 -0.02699549
v -0.05049298 -0.01695685 -0.02699549
v -0.19902423 -0.01361895 -0.02699549
v -0.19913147 -0.01312153 -0.02699549
v -0.20407578 -0.01183413 -0.02699549
v -0.20441196 -0.01221610 -0.02699549
v -0.19932120 -0.01264939 -0.02699549
v -0.19958798 -0.01221610 -0.02699549
v -0.19992413 -0.01183413 -0.02699549
v -0.20467874 -0.01264939 -0.02699549
v -0.20486847 -0.01312153 -0.02699549
v -0.20497565 -0.01361895 -0.02699549
v -0.20032004 -0.01151447 -0.02699549
v -0.20076428 -0.01126631 -0.02699549
v -0.20124402 -0.01109680 -0.02699549
v -0.20174554 -0.01101081 -0.02699549
v -0.20199994 -0.01100000 -0.02699549
v -0.20225439 -0.01101081 -0.02699549
v -0.20275589 -0.01109680 -0.02699549
v -0.20323566 -0.01126631 -0.02699549
v -0.20367990 -0.01151447 -0.02699549
v -0.20499728 -0.01412732 -0.02699549
v -0.27749994 -0.01900000 -0.02699549
v -0.20493262 -0.01463204 -0.02699549
v -0.19974796 -0.01598202 -0.02699549
v -0.19944534 -0.01557292 -0.02699549
v -0.19900266 -0.01412732 -0.02699549
v -0.19921628 -0.01511857 -0.02699549
v -0.19906726 -0.01463204 -0.02699549
v -0.20478360 -0.01511857 -0.02699549
v -0.20455453 -0.01557292 -0.02699549
v -0.20425198 -0.01598202 -0.02699549
v -0.20100055 -0.01682863 -0.02699549
v -0.20053690 -0.01661904 -0.02699549
v -0.20011530 -0.01633411 -0.02699549
v -0.20388464 -0.01633411 -0.02699549
v -0.20346304 -0.01661904 -0.02699549
v -0.20299939 -0.01682863 -0.02699549
v -0.20250693 -0.01695685 -0.02699549
v -0.20199994 -0.01700000 -0.02699549
v -0.20149295 -0.01695685 -0.02699549
v -0.35002426 -0.01361895 -0.02699549
v -0.35013142 -0.01312153 -0.02699549
v -0.35507576 -0.01183413 -0.02699549
v -0.35541193 -0.01221610 -0.02699549
v -0.35032115 -0.01264939 -0.02699549
v -0.35058794 -0.01221610 -0.02699549
v -0.35092410 -0.01183413 -0.02699549
v -0.35567871 -0.01264939 -0.02699549
v -0.35586844 -0.01312153 -0.02699549
v -0.35597566 -0.01361895 -0.02699549
v -0.35132001 -0.01151447 -0.02699549
v -0.35176424 -0.01126631 -0.02699549
v -0.35224399 -0.01109680 -0.02699549
v -0.35274551 -0.01101081 -0.02699549
v -0.35299995 -0.01100000 -0.02699549
v -0.35325435 -0.01101081 -0.02699549
v -0.35375587 -0.01109680 -0.02699549
v -0.35423569 -0.01126631 -0.02699549
v -0.35467986 -0.01151447 -0.02699549
v -0.35599724 -0.01412732 -0.02699549
v -0.42849991 -0.01900000 -0.02699549
v -0.35593263 -0.01463204 -0.02699549
v -0.35074792 -0.01598202 -0.02699549
v -0.35044537 -0.01557292 -0.02699549
v -0.35000269 -0.01412732 -0.02699549
v -0.35021631 -0.01511857 -0.02699549
v -0.35006729 -0.01463204 -0.02699549
v -0.35578362 -0.01511857 -0.02699549
v -0.35555455 -0.01557292 -0.02699549
v -0.35525194 -0.01598202 -0.02699549
v -0.35200050 -0.01682863 -0.02699549
v -0.35153685 -0.01661904 -0.02699549
v -0.35111533 -0.01633411 -0.02699549
v -0.35488460 -0.01633411 -0.02699549
v -0.35446301 -0.01661904 -0.02699549
v -0.35399936 -0.01682863 -0.02699549
v -0.35350696 -0.01695685 -0.02699549
v -0.35299995 -0.01700000 -0.02699549
v -0.35249297 -0.01695685 -0.02699549
v -0.50641189 -0.01221610 -0.02699549
v -0.50667868 -0.01264939 -0.02699549
v -0.50686845 -0.01312153 -0.02699549
v -0.50699721 -0.01412732 -0.02699549
v -0.50693259 -0.01463204 -0.02699549
v -0.55349991 -0.01900000 -0.02699549
v -0.50102422 -0.01361895 -0.02699549
v -0.50113151 -0.01312153 -0.02699549
v -0.50132117 -0.01264939 -0.02699549
v -0.50158797 -0.01221610 -0.02699549
v -0.50475583 -0.01109680 -0.02699549
v -0.50523565 -0.01126631 -0.02699549
v -0.50100265 -0.01412732 -0.02699549
v -0.50425432 -0.01101081 -0.02699549
v -0.50567982 -0.01151447 -0.02699549
v -0.50607571 -0.01183413 -0.02699549
v -0.50697562 -0.01361895 -0.02699549
v -0.50144539 -0.01557292 -0.02699549
v -0.50121627 -0.01511857 -0.02699549
v -0.50106726 -0.01463204 -0.02699549
v -0.50192413 -0.01183413 -0.02699549
v -0.50232003 -0.01151447 -0.02699549
v -0.50276420 -0.01126631 -0.02699549
v -0.50324402 -0.01109680 -0.02699549
v -0.50374553 -0.01101081 -0.02699549
v -0.50399992 -0.01100000 -0.02699549
v -0.50678358 -0.01511857 -0.02699549
v -0.50655458 -0.01557292 -0.02699549
v -0.50625203 -0.01598202 -0.02699549
v -0.50300047 -0.01682863 -0.02699549
v -0.50253687 -0.01661904 -0.02699549
v -0.50211534 -0.01633411 -0.02699549
v -0.50174794 -0.01598202 -0.02699549
v -0.50588462 -0.01633411 -0.02699549
v -0.50546298 -0.01661904 -0.02699549
v -0.50499937 -0.01682863 -0.02699549
v -0.50450692 -0.01695685 -0.02699549
v -0.50399992 -0.01700000 -0.02699549
v -0.50349293 -0.01695685 -0.02699549
v -0.60000000 -0.01900000 -0.02699549
v 0.60000000 -0.02100000 -0.02699549
v 0.47750000 -0.02100000 -0.02699549
v 0.32650006 -0.02100000 -0.02699549
v 0.17550006 -0.02100000 -0.02699549
v 0.02450006 -0.02100000 -0.02699549
v -0.12649994 -0.02100000 -0.02699549
v -0.27749994 -0.02100000 -0.02699549
v -0.42849991 -0.02100000 -0.02699549
v -0.55349991 -0.02100000 -0.02699549
v -0.60000000 -0.02100000 -0.02699549
v -0.60000000 -0.02100000 -0.02499549
v 0.60000000 -0.02100000 -0.02499549
v -0.60000000 -0.03900000 -0.02499549
v 0.60000000 -0.03900000 -0.02499549
v -0.60000000 -0.03950000 -0.01699549
v 0.60000000 -0.03950000 -0.01699549
v -0.60000000 -0.03800000 -0.01699549
v 0.60000000 -0.03800000 -0.01699549
v -0.60000000 -0.03400000 -0.00916064
v 0.60000000 -0.03400000 -0.00916064
v 0.41200000 -0.05250000 -0.02700000
v 0.39200000 -0.05250000 -0.02700000
v 0.41200000 -0.05250000 -0.04320000
v 0.39200000 -0.05250000 -0.04320000
v 0.41200000 -0.00750000 -0.02700000
v 0.41200000 -0.00750000 -0.04320000
v 0.39200000 -0.00750000 -0.02700000
v 0.39200000 -0.00750000 -0.04320000
v 0.40530000 -0.04600000 -0.02700000
v 0.40525253 -0.04655770 -0.02700000
v 0.40214006 -0.01070297 -0.02700000
v 0.40269524 -0.01077407 -0.02700000
v 0.40323043 -0.01093797 -0.02700000
v 0.40511150 -0.04709936 -0.02700000
v 0.40488095 -0.04760939 -0.02700000
v 0.40456752 -0.04807313 -0.02700000
v 0.40418023 -0.04847722 -0.02700000
v 0.40373021 -0.04881005 -0.02700000
v 0.40323043 -0.04906203 -0.02700000
v 0.40373021 -0.01118995 -0.02700000
v 0.40418023 -0.01152278 -0.02700000
v 0.40456752 -0.01192687 -0.02700000
v 0.40456752 -0.04392687 -0.02700000
v 0.40373021 -0.01681005 -0.02700000
v 0.40323043 -0.01706203 -0.02700000
v 0.40103368 -0.04915535 -0.02700000
v 0.40051433 -0.04894665 -0.02700000
v 0.40488095 -0.01560939 -0.02700000
v 0.40456752 -0.01607312 -0.02700000
v 0.40418023 -0.01647722 -0.02700000
v 0.40269524 -0.04922593 -0.02700000
v 0.40214006 -0.04929703 -0.02700000
v 0.40158084 -0.04927327 -0.02700000
v 0.40488095 -0.01239061 -0.02700000
v 0.40511150 -0.01290064 -0.02700000
v 0.40525253 -0.01344230 -0.02700000
v 0.40530000 -0.01400000 -0.02700000
v 0.40525253 -0.01455770 -0.02700000
v 0.40511150 -0.01509936 -0.02700000
v 0.39961754 -0.01171660 -0.02700000
v 0.40003771 -0.01134681 -0.02700000
v 0.40051433 -0.01105334 -0.02700000
v 0.40488095 -0.04439061 -0.02700000
v 0.40511150 -0.04490064 -0.02700000
v 0.40525253 -0.04544230 -0.02700000
v 0.39880648 -0.01316847 -0.02700000
v 0.39899295 -0.01264072 -0.02700000
v 0.39926592 -0.01215208 -0.02700000
v 0.40103368 -0.01084465 -0.02700000
v 0.40158084 -0.01072673 -0.02700000
v 0.40003771 -0.04865319 -0.02700000
v 0.39961754 -0.04828340 -0.02700000
v 0.39926592 -0.04784792 -0.02700000
v 0.40214006 -0.04270297 -0.02700000
v 0.40269524 -0.04277407 -0.02700000
v 0.40214006 -0.01729702 -0.02700000
v 0.40323043 -0.04293796 -0.02700000
v 0.40269524 -0.01722593 -0.02700000
v 0.40373021 -0.04318995 -0.02700000
v 0.40418023 -0.04352278 -0.02700000
v 0.39899295 -0.04735927 -0.02700000
v 0.39880648 -0.04683153 -0.02700000
v 0.39871189 -0.04627986 -0.02700000
v 0.40003771 -0.01665319 -0.02700000
v 0.40158084 -0.04272673 -0.02700000
v 0.40051433 -0.01694666 -0.02700000
v 0.40103368 -0.01715535 -0.02700000
v 0.39926592 -0.04415208 -0.02700000
v 0.39961754 -0.04371660 -0.02700000
v 0.40158084 -0.01727327 -0.02700000
v 0.39961754 -0.01628340 -0.02700000
v 0.39926592 -0.01584792 -0.02700000
v 0.39899295 -0.01535927 -0.02700000
v 0.39871189 -0.04572014 -0.02700000
v 0.39880648 -0.04516847 -0.02700000
v 0.39899295 -0.04464073 -0.02700000
v 0.40103368 -0.04284465 -0.02700000
v 0.40003771 -0.04334681 -0.02700000
v 0.40051433 -0.04305334 -0.02700000
v 0.39880648 -0.01483153 -0.02700000
v 0.39871189 -0.01427986 -0.02700000
v 0.39871189 -0.01372014 -0.02700000
v 0.40051433 -0.01105334 -0.04320000
v 0.40003771 -0.01134681 -0.04320000
v 0.40103368 -0.01084465 -0.04320000
v 0.39961754 -0.01171660 -0.04320000
v 0.39926592 -0.01215208 -0.04320000
v 0.39899295 -0.01264072 -0.04320000
v 0.39880648 -0.04683153 -0.04320000
v 0.39871189 -0.04627986 -0.04320000
v 0.39871189 -0.04572014 -0.04320000
v 0.39899295 -0.04735927 -0.04320000
v 0.39926592 -0.04784792 -0.04320000
v 0.39961754 -0.04828340 -0.04320000
v 0.40003771 -0.04865319 -0.04320000
v 0.40051433 -0.04894665 -0.04320000
v 0.40103368 -0.04915535 -0.04320000
v 0.39880648 -0.01316847 -0.04320000
v 0.39871189 -0.01372014 -0.04320000
v 0.39871189 -0.01427986 -0.04320000
v 0.40003771 -0.04334681 -0.04320000
v 0.39961754 -0.04371660 -0.04320000
v 0.40158084 -0.04927327 -0.04320000
v 0.40214006 -0.04929703 -0.04320000
v 0.39926592 -0.01584792 -0.04320000
v 0.39961754 -0.01628340 -0.04320000
v 0.40323043 -0.04293796 -0.04320000
v 0.40269524 -0.04922593 -0.04320000
v 0.40323043 -0.04906203 -0.04320000
v 0.40373021 -0.04881005 -0.04320000
v 0.40418023 -0.04847722 -0.04320000
v 0.40456752 -0.04807313 -0.04320000
v 0.40488095 -0.04760939 -0.04320000
v 0.40003771 -0.01665319 -0.04320000
v 0.40051433 -0.01694666 -0.04320000
v 0.40103368 -0.01715535 -0.04320000
v 0.40269524 -0.04277407 -0.04320000
v 0.40214006 -0.04270297 -0.04320000
v 0.39880648 -0.01483153 -0.04320000
v 0.40158084 -0.04272673 -0.04320000
v 0.40103368 -0.04284465 -0.04320000
v 0.40051433 -0.04305334 -0.04320000
v 0.40511150 -0.04709936 -0.04320000
v 0.40525253 -0.04655770 -0.04320000
v 0.40530000 -0.04600000 -0.04320000
v 0.40456752 -0.01607312 -0.04320000
v 0.40418023 -0.01647722 -0.04320000
v 0.40373021 -0.01681005 -0.04320000
v 0.39899295 -0.01535927 -0.04320000
v 0.40488095 -0.01239061 -0.04320000
v 0.40456752 -0.01192687 -0.04320000
v 0.40323043 -0.01093797 -0.04320000
v 0.40269524 -0.01077407 -0.04320000
v 0.40214006 -0.01070297 -0.04320000
v 0.40158084 -0.01072673 -0.04320000
v 0.39926592 -0.04415208 -0.04320000
v 0.39899295 -0.04464073 -0.04320000
v 0.39880648 -0.04516847 -0.04320000
v 0.40456752 -0.04392687 -0.04320000
v 0.40323043 -0.01706203 -0.04320000
v 0.40418023 -0.04352278 -0.04320000
v 0.40373021 -0.04318995 -0.04320000
v 0.40488095 -0.01560939 -0.04320000
v 0.40511150 -0.01509936 -0.04320000
v 0.40525253 -0.01455770 -0.04320000
v 0.40530000 -0.01400000 -0.04320000
v 0.40525253 -0.01344230 -0.04320000
v 0.40511150 -0.01290064 -0.04320000
v 0.40418023 -0.01152278 -0.04320000
v 0.40373021 -0.01118995 -0.04320000
v 0.40525253 -0.04544230 -0.04320000
v 0.40511150 -0.04490064 -0.04320000
v 0.40488095 -0.04439061 -0.04320000
v 0.40158084 -0.01727327 -0.04320000
v 0.40214006 -0.01729702 -0.04320000
v 0.40269524 -0.01722593 -0.04320000
v 0.41200000 0.00750000 -0.02700000
v 0.39200000 0.00750000 -0.02700000
v 0.41200000 0.00750000 -0.04320000
v 0.39200000 0.00750000 -0.04320000
v 0.41200000 0.05250000 -0.02700000
v 0.41200000 0.05250000 -0.04320000
v 0.39200000 0.05250000 -0.02700000
v 0.39200000 0.05250000 -0.04320000
v 0.40530000 0.01400000 -0.02700000
v 0.40525253 0.01344230 -0.02700000
v 0.40214006 0.04929703 -0.02700000
v 0.40269524 0.04922593 -0.02700000
v 0.40323043 0.04906203 -0.02700000
v 0.40511150 0.01290064 -0.02700000
v 0.40488095 0.01239061 -0.02700000
v 0.40456752 0.01192687 -0.02700000
v 0.40418023 0.01152278 -0.02700000
v 0.40373021 0.01118995 -0.02700000
v 0.40323043 0.01093797 -0.02700000
v 0.40373021 0.04881005 -0.02700000
v 0.40418023 0.04847722 -0.02700000
v 0.40456752 0.04807313 -0.02700000
v 0.40456752 0.01607313 -0.02700000
v 0.40373021 0.04318995 -0.02700000
v 0.40323043 0.04293797 -0.02700000
v 0.40103368 0.01084465 -0.02700000
v 0.40051433 0.01105335 -0.02700000
v 0.40488095 0.04439061 -0.02700000
v 0.40456752 0.04392688 -0.02700000
v 0.40418023 0.04352278 -0.02700000
v 0.40269524 0.01077407 -0.02700000
v 0.40214006 0.01070297 -0.02700000
v 0.40158084 0.01072673 -0.02700000
v 0.40488095 0.04760939 -0.02700000
v 0.40511150 0.04709936 -0.02700000
v 0.40525253 0.04655770 -0.02700000
v 0.40530000 0.04600000 -0.02700000
v 0.40525253 0.04544230 -0.02700000
v 0.40511150 0.04490064 -0.02700000
v 0.39961754 0.04828340 -0.02700000
v 0.40003771 0.04865319 -0.02700000
v 0.40051433 0.04894666 -0.02700000
v 0.40488095 0.01560939 -0.02700000
v 0.40511150 0.01509936 -0.02700000
v 0.40525253 0.01455770 -0.02700000
v 0.39880648 0.04683153 -0.02700000
v 0.39899295 0.04735928 -0.02700000
v 0.39926592 0.04784792 -0.02700000
v 0.40103368 0.04915535 -0.02700000
v 0.40158084 0.04927327 -0.02700000
v 0.40003771 0.01134681 -0.02700000
v 0.39961754 0.01171660 -0.02700000
v 0.39926592 0.01215208 -0.02700000
v 0.40214006 0.01729703 -0.02700000
v 0.40269524 0.01722593 -0.02700000
v 0.40214006 0.04270298 -0.02700000
v 0.40323043 0.01706204 -0.02700000
v 0.40269524 0.04277407 -0.02700000
v 0.40373021 0.01681005 -0.02700000
v 0.40418023 0.01647722 -0.02700000
v 0.39899295 0.01264073 -0.02700000
v 0.39880648 0.01316847 -0.02700000
v 0.39871189 0.01372014 -0.02700000
v 0.40003771 0.04334681 -0.02700000
v 0.40158084 0.01727327 -0.02700000
v 0.40051433 0.04305334 -0.02700000
v 0.40103368 0.04284465 -0.02700000
v 0.39926592 0.01584792 -0.02700000
v 0.39961754 0.01628340 -0.02700000
v 0.40158084 0.04272673 -0.02700000
v 0.39961754 0.04371660 -0.02700000
v 0.39926592 0.04415208 -0.02700000
v 0.39899295 0.04464073 -0.02700000
v 0.39871189 0.01427986 -0.02700000
v 0.39880648 0.01483153 -0.02700000
v 0.39899295 0.01535927 -0.02700000
v 0.40103368 0.01715535 -0.02700000
v 0.40003771 0.01665319 -0.02700000
v 0.40051433 0.01694666 -0.02700000
v 0.39880648 0.04516847 -0.02700000
v 0.39871189 0.04572014 -0.02700000
v 0.39871189 0.04627986 -0.02700000
v 0.40051433 0.04894666 -0.04320000
v 0.40003771 0.04865319 -0.04320000
v 0.40103368 0.04915535 -0.04320000
v 0.39961754 0.04828340 -0.04320000
v 0.39926592 0.04784792 -0.04320000
v 0.39899295 0.04735928 -0.04320000
v 0.39880648 0.01316847 -0.04320000
v 0.39871189 0.01372014 -0.04320000
v 0.39871189 0.01427986 -0.04320000
v 0.39899295 0.01264073 -0.04320000
v 0.39926592 0.01215208 -0.04320000
v 0.39961754 0.01171660 -0.04320000
v 0.40003771 0.01134681 -0.04320000
v 0.40051433 0.01105335 -0.04320000
v 0.40103368 0.01084465 -0.04320000
v 0.39880648 0.04683153 -0.04320000
v 0.39871189 0.04627986 -0.04320000
v 0.39871189 0.04572014 -0.04320000
v 0.40003771 0.01665319 -0.04320000
v 0.39961754 0.01628340 -0.04320000
v 0.40158084 0.01072673 -0.04320000
v 0.40214006 0.01070297 -0.04320000
v 0.39926592 0.04415208 -0.04320000
v 0.39961754 0.04371660 -0.04320000
v 0.40323043 0.01706204 -0.04320000
v 0.40269524 0.01077407 -0.04320000
v 0.40323043 0.01093797 -0.04320000
v 0.40373021 0.01118995 -0.04320000
v 0.40418023 0.01152278 -0.04320000
v 0.40456752 0.01192687 -0.04320000
v 0.40488095 0.01239061 -0.04320000
v 0.40003771 0.04334681 -0.04320000
v 0.40051433 0.04305334 -0.04320000
v 0.40103368 0.04284465 -0.04320000
v 0.40269524 0.01722593 -0.04320000
v 0.40214006 0.01729703 -0.04320000
v 0.39880648 0.04516847 -0.04320000
v 0.40158084 0.01727327 -0.04320000
v 0.40103368 0.01715535 -0.04320000
v 0.40051433 0.01694666 -0.04320000
v 0.40511150 0.01290064 -0.04320000
v 0.40525253 0.01344230 -0.04320000
v 0.40530000 0.01400000 -0.04320000
v 0.40456752 0.04392688 -0.04320000
v 0.40418023 0.04352278 -0.04320000
v 0.40373021 0.04318995 -0.04320000
v 0.39899295 0.04464073 -0.04320000
v 0.40488095 0.04760939 -0.04320000
v 0.40456752 0.04807313 -0.04320000
v 0.40323043 0.04906203 -0.04320000
v 0.40269524 0.04922593 -0.04320000
v 0.40214006 0.04929703 -0.04320000
v 0.40158084 0.04927327 -0.04320000
v 0.39926592 0.01584792 -0.04320000
v 0.39899295 0.01535927 -0.04320000
v 0.39880648 0.01483153 -0.04320000
v 0.40456752 0.01607313 -0.04320000
v 0.40323043 0.04293797 -0.04320000
v 0.40418023 0.01647722 -0.04320000
v 0.40373021 0.01681005 -0.04320000
v 0.40488095 0.04439061 -0.04320000
v 0.40511150 0.04490064 -0.04320000
v 0.40525253 0.04544230 -0.04320000
v 0.40530000 0.04600000 -0.04320000
v 0.40525253 0.04655770 -0.04320000
v 0.40511150 0.04709936 -0.04320000
v 0.40418023 0.04847722 -0.04320000
v 0.40373021 0.04881005 -0.04320000
v 0.40525253 0.01455770 -0.04320000
v 0.40511150 0.01509936 -0.04320000
v 0.40488095 0.01560939 -0.04320000
v 0.40158084 0.04272673 -0.04320000
v 0.40214006 0.04270298 -0.04320000
v 0.40269524 0.04277407 -0.04320000
v 0.60000000 0.04000000 0.00000451
v -0.60000000 0.03985616 0.00169451
v 0.60000000 0.03985616 0.00169451
v -0.60000000 0.03942878 0.00333590
v 0.60000000 0.03942878 0.00333590
v -0.60000000 0.03873014 0.00488145
v 0.60000000 0.03873014 0.00488145
v -0.60000000 0.03778036 0.00628671
v 0.60000000 0.03778036 0.00628671
v -0.60000000 0.03660675 0.00751123
v 0.60000000 0.03660675 0.00751123
v -0.60000000 0.03524307 0.00851980
v 0.60000000 0.03524307 0.00851980
v -0.60000000 0.03372857 0.00928340
v 0.60000000 0.03372857 0.00928340
v -0.60000000 0.03210679 0.00978006
v 0.60000000 0.03210679 0.00978006
v -0.60000000 0.03042441 0.00999549
v 0.60000000 0.03042441 0.00999549
v -0.60000000 0.02872982 0.00992351
v 0.60000000 0.02872982 0.00992351
v -0.60000000 0.02707177 0.00956617
v 0.60000000 0.02707177 0.00956617
v -0.60000000 0.02549796 0.00893377
v 0.60000000 0.02549796 0.00893377
v -0.60000000 0.02405367 0.00804448
v 0.60000000 0.02405367 0.00804448
v -0.60000000 0.02278044 0.00692389
v 0.60000000 0.02278044 0.00692389
v -0.60000000 0.02171490 0.00560425
v 0.60000000 0.02171490 0.00560425
v -0.60000000 0.02088772 0.00412352
v 0.60000000 0.02088772 0.00412352
v -0.60000000 0.02032267 0.00252429
v 0.60000000 0.02032267 0.00252429
v -0.60000000 0.02003603 0.00085257
v 0.60000000 0.02003603 0.00085257
v -0.60000000 0.02003603 -0.00084355
v 0.60000000 0.02003603 -0.00084355
v -0.60000000 0.02032267 -0.00251527
v 0.60000000 0.02032267 -0.00251527
v -0.60000000 0.02088772 -0.00411451
v 0.60000000 0.02088772 -0.00411451
v -0.60000000 0.02171490 -0.00559524
v 0.60000000 0.02171490 -0.00559524
v -0.60000000 0.02278044 -0.00691488
v 0.60000000 0.02278044 -0.00691488
v -0.60000000 0.02405367 -0.00803547
v 0.60000000 0.02405367 -0.00803547
v -0.60000000 0.02549796 -0.00892475
v 0.60000000 0.02549796 -0.00892475
v -0.60000000 0.02707177 -0.00955716
v 0.60000000 0.02707177 -0.00955716
v -0.60000000 0.02872982 -0.00991450
v 0.60000000 0.02872982 -0.00991450
v -0.60000000 0.03042441 -0.00998648
v 0.60000000 0.03042441 -0.00998648
v -0.60000000 0.03210679 -0.00977105
v 0.60000000 0.03210679 -0.00977105
v -0.60000000 0.03372857 -0.00927439
v 0.60000000 0.03372857 -0.00927439
v -0.60000000 0.03524307 -0.00851078
v 0.60000000 0.03524307 -0.00851078
v -0.60000000 0.03660675 -0.00750222
v 0.60000000 0.03660675 -0.00750222
v -0.60000000 0.03778036 -0.00627769
v 0.60000000 0.03778036 -0.00627769
v -0.60000000 0.03873014 -0.00487244
v 0.60000000 0.03873014 -0.00487244
v -0.60000000 0.03942878 -0.00332689
v 0.60000000 0.03942878 -0.00332689
v -0.60000000 0.03985616 -0.00168550
v 0.60000000 0.03985616 -0.00168550
v -0.60000000 0.04000000 0.00000451
v -0.60000000 0.03000000 0.00000451
v 0.60000000 0.03000000 0.00000451
v -0.60000000 0.00750000 -0.02699549
v -0.60000000 0.00925000 -0.02699549
v -0.42849991 0.00925000 -0.02699549
v 0.55002429 0.01438105 -0.02699549
v 0.55000000 0.01400000 -0.02699549
v 0.47750000 0.02100000 -0.02699549
v 0.09702435 0.01438105 -0.02699549
v 0.09700000 0.01400000 -0.02699549
v 0.02450006 0.02100000 -0.02699549
v -0.05397571 0.01438105 -0.02699549
v -0.05399994 0.01400000 -0.02699549
v -0.12649994 0.02100000 -0.02699549
v -0.20497565 0.01438105 -0.02699549
v -0.20499997 0.01400000 -0.02699549
v -0.27749994 0.02100000 -0.02699549
v -0.35597566 0.01438105 -0.02699549
v -0.35599992 0.01400000 -0.02699549
v -0.42849991 0.02100000 -0.02699549
v -0.50102422 0.01438105 -0.02699549
v -0.50100265 0.01387268 -0.02699549
v -0.50113151 0.01487847 -0.02699549
v -0.50132117 0.01535061 -0.02699549
v -0.50158797 0.01578390 -0.02699549
v -0.50686845 0.01487847 -0.02699549
v -0.50697562 0.01438105 -0.02699549
v -0.60000000 0.02100000 -0.02699549
v -0.50699995 0.01400000 -0.02699549
v -0.50699721 0.01387268 -0.02699549
v -0.50693259 0.01336796 -0.02699549
v -0.50144539 0.01242708 -0.02699549
v -0.50121627 0.01288143 -0.02699549
v -0.50106726 0.01336796 -0.02699549
v -0.50607571 0.01616587 -0.02699549
v -0.50641189 0.01578390 -0.02699549
v -0.50667868 0.01535061 -0.02699549
v -0.50678358 0.01288143 -0.02699549
v -0.50655458 0.01242708 -0.02699549
v -0.50625203 0.01201798 -0.02699549
v -0.50192413 0.01616587 -0.02699549
v -0.50232003 0.01648553 -0.02699549
v -0.50276420 0.01673369 -0.02699549
v -0.50588462 0.01166589 -0.02699549
v -0.50546298 0.01138096 -0.02699549
v -0.50499937 0.01117137 -0.02699549
v -0.50300047 0.01117137 -0.02699549
v -0.50253687 0.01138096 -0.02699549
v -0.50324402 0.01690320 -0.02699549
v -0.50374553 0.01698919 -0.02699549
v -0.50425432 0.01698919 -0.02699549
v -0.50475583 0.01690320 -0.02699549
v -0.50523565 0.01673369 -0.02699549
v -0.50567982 0.01648553 -0.02699549
v -0.50211534 0.01166589 -0.02699549
v -0.50174794 0.01201798 -0.02699549
v -0.50450692 0.01104315 -0.02699549
v -0.50399992 0.01100000 -0.02699549
v -0.50349293 0.01104315 -0.02699549
v -0.35074792 0.01201798 -0.02699549
v -0.35044537 0.01242708 -0.02699549
v -0.27749994 0.00925000 -0.02699549
v -0.35000269 0.01387268 -0.02699549
v -0.35002426 0.01438105 -0.02699549
v -0.35013142 0.01487847 -0.02699549
v -0.35032115 0.01535061 -0.02699549
v -0.35058794 0.01578390 -0.02699549
v -0.35507576 0.01616587 -0.02699549
v -0.35541193 0.01578390 -0.02699549
v -0.35599724 0.01387268 -0.02699549
v -0.35593263 0.01336796 -0.02699549
v -0.35021631 0.01288143 -0.02699549
v -0.35006729 0.01336796 -0.02699549
v -0.35567871 0.01535061 -0.02699549
v -0.35586844 0.01487847 -0.02699549
v -0.35200050 0.01117137 -0.02699549
v -0.35153685 0.01138096 -0.02699549
v -0.35111533 0.01166589 -0.02699549
v -0.35092410 0.01616587 -0.02699549
v -0.35132001 0.01648553 -0.02699549
v -0.35176424 0.01673369 -0.02699549
v -0.35578362 0.01288143 -0.02699549
v -0.35555455 0.01242708 -0.02699549
v -0.35525194 0.01201798 -0.02699549
v -0.35224399 0.01690320 -0.02699549
v -0.35274551 0.01698919 -0.02699549
v -0.35325435 0.01698919 -0.02699549
v -0.35375587 0.01690320 -0.02699549
v -0.35423569 0.01673369 -0.02699549
v -0.35467986 0.01648553 -0.02699549
v -0.35488460 0.01166589 -0.02699549
v -0.35446301 0.01138096 -0.02699549
v -0.35399936 0.01117137 -0.02699549
v -0.35350696 0.01104315 -0.02699549
v -0.35299995 0.01100000 -0.02699549
v -0.35249297 0.01104315 -0.02699549
v -0.19974796 0.01201798 -0.02699549
v -0.19944534 0.01242708 -0.02699549
v -0.12649994 0.00925000 -0.02699549
v -0.19900266 0.01387268 -0.02699549
v -0.19902423 0.01438105 -0.02699549
v -0.19913147 0.01487847 -0.02699549
v -0.19932120 0.01535061 -0.02699549
v -0.19958798 0.01578390 -0.02699549
v -0.20407578 0.01616587 -0.02699549
v -0.20441196 0.01578390 -0.02699549
v -0.20499728 0.01387268 -0.02699549
v -0.20493262 0.01336796 -0.02699549
v -0.19921628 0.01288143 -0.02699549
v -0.19906726 0.01336796 -0.02699549
v -0.20467874 0.01535061 -0.02699549
v -0.20486847 0.01487847 -0.02699549
v -0.19992413 0.01616587 -0.02699549
v -0.20032004 0.01648553 -0.02699549
v -0.20076428 0.01673369 -0.02699549
v -0.20478360 0.01288143 -0.02699549
v -0.20455453 0.01242708 -0.02699549
v -0.20425198 0.01201798 -0.02699549
v -0.20100055 0.01117137 -0.02699549
v -0.20053690 0.01138096 -0.02699549
v -0.20011530 0.01166589 -0.02699549
v -0.20124402 0.01690320 -0.02699549
v -0.20174554 0.01698919 -0.02699549
v -0.20225439 0.01698919 -0.02699549
v -0.20275589 0.01690320 -0.02699549
v -0.20323566 0.01673369 -0.02699549
v -0.20367990 0.01648553 -0.02699549
v -0.20388464 0.01166589 -0.02699549
v -0.20346304 0.01138096 -0.02699549
v -0.20299939 0.01117137 -0.02699549
v -0.20250693 0.01104315 -0.02699549
v -0.20199994 0.01100000 -0.02699549
v -0.20149295 0.01104315 -0.02699549
v -0.04874792 0.01201798 -0.02699549
v -0.04844537 0.01242708 -0.02699549
v 0.02450006 0.00925000 -0.02699549
v -0.04800262 0.01387268 -0.02699549
v -0.04802429 0.01438105 -0.02699549
v -0.04813147 0.01487847 -0.02699549
v -0.04832117 0.01535061 -0.02699549
v -0.04858795 0.01578390 -0.02699549
v -0.05307574 0.01616587 -0.02699549
v -0.05341193 0.01578390 -0.02699549
v -0.05399725 0.01387268 -0.02699549
v -0.05393262 0.01336796 -0.02699549
v -0.04821625 0.01288143 -0.02699549
v -0.04806732 0.01336796 -0.02699549
v -0.05367871 0.01535061 -0.02699549
v -0.05386847 0.01487847 -0.02699549
v -0.04892413 0.01616587 -0.02699549
v -0.04932001 0.01648553 -0.02699549
v -0.04976428 0.01673369 -0.02699549
v -0.05378363 0.01288143 -0.02699549
v -0.05355450 0.01242708 -0.02699549
v -0.05325195 0.01201798 -0.02699549
v -0.05000055 0.01117137 -0.02699549
v -0.04953687 0.01138096 -0.02699549
v -0.04911530 0.01166589 -0.02699549
v -0.05024402 0.01690320 -0.02699549
v -0.05074554 0.01698919 -0.02699549
v -0.05125439 0.01698919 -0.02699549
v -0.05175586 0.01690320 -0.02699549
v -0.05223566 0.01673369 -0.02699549
v -0.05267987 0.01648553 -0.02699549
v -0.05288464 0.01166589 -0.02699549
v -0.05246301 0.01138096 -0.02699549
v -0.05199939 0.01117137 -0.02699549
v -0.05150696 0.01104315 -0.02699549
v -0.05100000 0.01100000 -0.02699549
v -0.05049298 0.01104315 -0.02699549
v 0.10146313 0.01138096 -0.02699549
v 0.10188470 0.01166589 -0.02699549
v 0.17550006 0.00925000 -0.02699549
v 0.10099945 0.01117137 -0.02699549
v 0.09706738 0.01336796 -0.02699549
v 0.09721637 0.01288143 -0.02699549
v 0.09744543 0.01242708 -0.02699549
v 0.09774799 0.01201798 -0.02699549
v 0.10225208 0.01201798 -0.02699549
v 0.10255463 0.01242708 -0.02699549
v 0.10278369 0.01288143 -0.02699549
v 0.10293274 0.01336796 -0.02699549
v 0.10299738 0.01387268 -0.02699549
v 0.17550006 0.02100000 -0.02699549
v 0.10297577 0.01438105 -0.02699549
v 0.09700275 0.01387268 -0.02699549
v 0.09811542 0.01166589 -0.02699549
v 0.09853699 0.01138096 -0.02699549
v 0.09900067 0.01117137 -0.02699549
v 0.10286853 0.01487847 -0.02699549
v 0.10267883 0.01535061 -0.02699549
v 0.10241205 0.01578390 -0.02699549
v 0.10207587 0.01616587 -0.02699549
v 0.10167999 0.01648553 -0.02699549
v 0.10123572 0.01673369 -0.02699549
v 0.09792426 0.01616587 -0.02699549
v 0.09758801 0.01578390 -0.02699549
v 0.09949304 0.01104315 -0.02699549
v 0.10000006 0.01100000 -0.02699549
v 0.10050702 0.01104315 -0.02699549
v 0.09732129 0.01535061 -0.02699549
v 0.09713159 0.01487847 -0.02699549
v 0.10075598 0.01690320 -0.02699549
v 0.10025446 0.01698919 -0.02699549
v 0.09974567 0.01698919 -0.02699549
v 0.09924414 0.01690320 -0.02699549
v 0.09876434 0.01673369 -0.02699549
v 0.09832013 0.01648553 -0.02699549
v 0.25199945 0.01117137 -0.02699549
v 0.25246313 0.01138096 -0.02699549
v 0.32650006 0.00925000 -0.02699549
v 0.25341205 0.01578390 -0.02699549
v 0.25307587 0.01616587 -0.02699549
v 0.32650006 0.02100000 -0.02699549
v 0.25267999 0.01648553 -0.02699549
v 0.25223578 0.01673369 -0.02699549
v 0.25399738 0.01387268 -0.02699549
v 0.25397577 0.01438105 -0.02699549
v 0.25024408 0.01690320 -0.02699549
v 0.24976434 0.01673369 -0.02699549
v 0.24932013 0.01648553 -0.02699549
v 0.24892419 0.01616587 -0.02699549
v 0.24858807 0.01578390 -0.02699549
v 0.24832129 0.01535061 -0.02699549
v 0.24813153 0.01487847 -0.02699549
v 0.25386853 0.01487847 -0.02699549
v 0.25367883 0.01535061 -0.02699549
v 0.25175598 0.01690320 -0.02699549
v 0.25125446 0.01698919 -0.02699549
v 0.25074561 0.01698919 -0.02699549
v 0.25288470 0.01166589 -0.02699549
v 0.25325208 0.01201798 -0.02699549
v 0.25355463 0.01242708 -0.02699549
v 0.25378375 0.01288143 -0.02699549
v 0.25393268 0.01336796 -0.02699549
v 0.24806738 0.01336796 -0.02699549
v 0.24821637 0.01288143 -0.02699549
v 0.24844550 0.01242708 -0.02699549
v 0.24874805 0.01201798 -0.02699549
v 0.24911542 0.01166589 -0.02699549
v 0.24953693 0.01138096 -0.02699549
v 0.25000061 0.01117137 -0.02699549
v 0.24802435 0.01438105 -0.02699549
v 0.24800006 0.01400000 -0.02699549
v 0.24800275 0.01387268 -0.02699549
v 0.25049304 0.01104315 -0.02699549
v 0.25100006 0.01100000 -0.02699549
v 0.25150702 0.01104315 -0.02699549
v 0.40346313 0.01138096 -0.02699549
v 0.40388470 0.01166589 -0.02699549
v 0.47750000 0.00925000 -0.02699549
v 0.40499731 0.01387268 -0.02699549
v 0.40493274 0.01336796 -0.02699549
v 0.40478369 0.01288143 -0.02699549
v 0.40425208 0.01201798 -0.02699549
v 0.40455463 0.01242708 -0.02699549
v 0.40497577 0.01438105 -0.02699549
v 0.39992426 0.01616587 -0.02699549
v 0.39958807 0.01578390 -0.02699549
v 0.39932129 0.01535061 -0.02699549
v 0.39913153 0.01487847 -0.02699549
v 0.40486853 0.01487847 -0.02699549
v 0.40467883 0.01535061 -0.02699549
v 0.40441205 0.01578390 -0.02699549
v 0.40053699 0.01138096 -0.02699549
v 0.40011542 0.01166589 -0.02699549
v 0.39974805 0.01201798 -0.02699549
v 0.40200006 0.01100000 -0.02699549
v 0.40407587 0.01616587 -0.02699549
v 0.40367999 0.01648553 -0.02699549
v 0.40323578 0.01673369 -0.02699549
v 0.40124414 0.01690320 -0.02699549
v 0.40076434 0.01673369 -0.02699549
v 0.40032013 0.01648553 -0.02699549
v 0.39902435 0.01438105 -0.02699549
v 0.39900006 0.01400000 -0.02699549
v 0.39900275 0.01387268 -0.02699549
v 0.39906738 0.01336796 -0.02699549
v 0.39921637 0.01288143 -0.02699549
v 0.39944543 0.01242708 -0.02699549
v 0.40250702 0.01104315 -0.02699549
v 0.40299945 0.01117137 -0.02699549
v 0.40275598 0.01690320 -0.02699549
v 0.40225446 0.01698919 -0.02699549
v 0.40174561 0.01698919 -0.02699549
v 0.40100061 0.01117137 -0.02699549
v 0.40149304 0.01104315 -0.02699549
v 0.55593274 0.01336796 -0.02699549
v 0.55599731 0.01387268 -0.02699549
v 0.57800000 0.00925000 -0.02699549
v 0.55597571 0.01438105 -0.02699549
v 0.55586853 0.01487847 -0.02699549
v 0.57800000 0.02100000 -0.02699549
v 0.55000281 0.01387268 -0.02699549
v 0.55446313 0.01138096 -0.02699549
v 0.55488477 0.01166589 -0.02699549
v 0.55525208 0.01201798 -0.02699549
v 0.55006738 0.01336796 -0.02699549
v 0.55021643 0.01288143 -0.02699549
v 0.55044543 0.01242708 -0.02699549
v 0.55555469 0.01242708 -0.02699549
v 0.55578369 0.01288143 -0.02699549
v 0.55567883 0.01535061 -0.02699549
v 0.55541199 0.01578390 -0.02699549
v 0.55507581 0.01616587 -0.02699549
v 0.55467993 0.01648553 -0.02699549
v 0.55423572 0.01673369 -0.02699549
v 0.55375598 0.01690320 -0.02699549
v 0.55176440 0.01673369 -0.02699549
v 0.55132007 0.01648553 -0.02699549
v 0.55092419 0.01616587 -0.02699549
v 0.55058801 0.01578390 -0.02699549
v 0.55325452 0.01698919 -0.02699549
v 0.55274561 0.01698919 -0.02699549
v 0.55224414 0.01690320 -0.02699549
v 0.55032129 0.01535061 -0.02699549
v 0.55013159 0.01487847 -0.02699549
v 0.55074805 0.01201798 -0.02699549
v 0.55111536 0.01166589 -0.02699549
v 0.55153699 0.01138096 -0.02699549
v 0.55300000 0.01100000 -0.02699549
v 0.55350708 0.01104315 -0.02699549
v 0.55399951 0.01117137 -0.02699549
v 0.55200061 0.01117137 -0.02699549
v 0.55249304 0.01104315 -0.02699549
v 0.60000000 0.02100000 -0.02699549
v 0.60000000 0.00925000 -0.02699549
v -0.42849991 0.00750000 -0.02699549
v -0.27749994 0.00750000 -0.02699549
v -0.12649994 0.00750000 -0.02699549
v 0.02450006 0.00750000 -0.02699549
v 0.17550006 0.00750000 -0.02699549
v 0.32650006 0.00750000 -0.02699549
v 0.47750000 0.00750000 -0.02699549
v 0.57800000 0.00750000 -0.02699549
v 0.60000000 0.00750000 -0.02699549
v -0.60000000 0.00925000 -0.02199549
v -0.60000000 0.00750000 -0.02199549
v -0.55349991 0.00750000 -0.02199549
v -0.55349991 0.00925000 -0.02199549
v -0.60000000 0.02050000 -0.02199549
v -0.55349991 0.02050000 -0.02199549
v -0.50113151 0.01487847 -0.02199549
v -0.50102422 0.01438105 -0.02199549
v -0.42849991 0.02050000 -0.02199549
v -0.50100265 0.01387268 -0.02199549
v -0.50106726 0.01336796 -0.02199549
v -0.42849991 0.00925000 -0.02199549
v -0.50655458 0.01242708 -0.02199549
v -0.50678358 0.01288143 -0.02199549
v -0.50693259 0.01336796 -0.02199549
v -0.50699721 0.01387268 -0.02199549
v -0.50697562 0.01438105 -0.02199549
v -0.50686845 0.01487847 -0.02199549
v -0.50499937 0.01117137 -0.02199549
v -0.50546298 0.01138096 -0.02199549
v -0.50121627 0.01288143 -0.02199549
v -0.50144539 0.01242708 -0.02199549
v -0.50174794 0.01201798 -0.02199549
v -0.50588462 0.01166589 -0.02199549
v -0.50625203 0.01201798 -0.02199549
v -0.50192413 0.01616587 -0.02199549
v -0.50158797 0.01578390 -0.02199549
v -0.50132117 0.01535061 -0.02199549
v -0.50667868 0.01535061 -0.02199549
v -0.50641189 0.01578390 -0.02199549
v -0.50607571 0.01616587 -0.02199549
v -0.50211534 0.01166589 -0.02199549
v -0.50253687 0.01138096 -0.02199549
v -0.50300047 0.01117137 -0.02199549
v -0.50567982 0.01648553 -0.02199549
v -0.50523565 0.01673369 -0.02199549
v -0.50475583 0.01690320 -0.02199549
v -0.50349293 0.01104315 -0.02199549
v -0.50399992 0.01100000 -0.02199549
v -0.50450692 0.01104315 -0.02199549
v -0.50324402 0.01690320 -0.02199549
v -0.50276420 0.01673369 -0.02199549
v -0.50232003 0.01648553 -0.02199549
v -0.50425432 0.01698919 -0.02199549
v -0.50399992 0.01700000 -0.02199549
v -0.50374553 0.01698919 -0.02199549
v -0.35597566 0.01438105 -0.02199549
v -0.35586844 0.01487847 -0.02199549
v -0.35002426 0.01438105 -0.02199549
v -0.35000269 0.01387268 -0.02199549
v -0.27749994 0.00925000 -0.02199549
v -0.35006729 0.01336796 -0.02199549
v -0.35599724 0.01387268 -0.02199549
v -0.35567871 0.01535061 -0.02199549
v -0.35541193 0.01578390 -0.02199549
v -0.35507576 0.01616587 -0.02199549
v -0.27749994 0.02050000 -0.02199549
v -0.35092410 0.01616587 -0.02199549
v -0.35058794 0.01578390 -0.02199549
v -0.35021631 0.01288143 -0.02199549
v -0.35044537 0.01242708 -0.02199549
v -0.35074792 0.01201798 -0.02199549
v -0.35399936 0.01117137 -0.02199549
v -0.35446301 0.01138096 -0.02199549
v -0.35488460 0.01166589 -0.02199549
v -0.35525194 0.01201798 -0.02199549
v -0.35555455 0.01242708 -0.02199549
v -0.35578362 0.01288143 -0.02199549
v -0.35593263 0.01336796 -0.02199549
v -0.35032115 0.01535061 -0.02199549
v -0.35013142 0.01487847 -0.02199549
v -0.35467986 0.01648553 -0.02199549
v -0.35423569 0.01673369 -0.02199549
v -0.35375587 0.01690320 -0.02199549
v -0.35111533 0.01166589 -0.02199549
v -0.35153685 0.01138096 -0.02199549
v -0.35200050 0.01117137 -0.02199549
v -0.35249297 0.01104315 -0.02199549
v -0.35299995 0.01100000 -0.02199549
v -0.35350696 0.01104315 -0.02199549
v -0.35224399 0.01690320 -0.02199549
v -0.35176424 0.01673369 -0.02199549
v -0.35132001 0.01648553 -0.02199549
v -0.35325435 0.01698919 -0.02199549
v -0.35299995 0.01700000 -0.02199549
v -0.35274551 0.01698919 -0.02199549
v -0.20497565 0.01438105 -0.02199549
v -0.20486847 0.01487847 -0.02199549
v -0.19902423 0.01438105 -0.02199549
v -0.19900266 0.01387268 -0.02199549
v -0.12649994 0.00925000 -0.02199549
v -0.19906726 0.01336796 -0.02199549
v -0.20499728 0.01387268 -0.02199549
v -0.20467874 0.01535061 -0.02199549
v -0.20441196 0.01578390 -0.02199549
v -0.20407578 0.01616587 -0.02199549
v -0.12649994 0.02050000 -0.02199549
v -0.19992413 0.01616587 -0.02199549
v -0.19958798 0.01578390 -0.02199549
v -0.19921628 0.01288143 -0.02199549
v -0.19944534 0.01242708 -0.02199549
v -0.19974796 0.01201798 -0.02199549
v -0.20299939 0.01117137 -0.02199549
v -0.20346304 0.01138096 -0.02199549
v -0.20388464 0.01166589 -0.02199549
v -0.20425198 0.01201798 -0.02199549
v -0.20455453 0.01242708 -0.02199549
v -0.20478360 0.01288143 -0.02199549
v -0.20493262 0.01336796 -0.02199549
v -0.19932120 0.01535061 -0.02199549
v -0.19913147 0.01487847 -0.02199549
v -0.20367990 0.01648553 -0.02199549
v -0.20323566 0.01673369 -0.02199549
v -0.20275589 0.01690320 -0.02199549
v -0.20011530 0.01166589 -0.02199549
v -0.20053690 0.01138096 -0.02199549
v -0.20100055 0.01117137 -0.02199549
v -0.20149295 0.01104315 -0.02199549
v -0.20199994 0.01100000 -0.02199549
v -0.20250693 0.01104315 -0.02199549
v -0.20124402 0.01690320 -0.02199549
v -0.20076428 0.01673369 -0.02199549
v -0.20032004 0.01648553 -0.02199549
v -0.20225439 0.01698919 -0.02199549
v -0.20199994 0.01700000 -0.02199549
v -0.20174554 0.01698919 -0.02199549
v -0.05397571 0.01438105 -0.02199549
v -0.05386847 0.01487847 -0.02199549
v -0.04802429 0.01438105 -0.02199549
v -0.04800262 0.01387268 -0.02199549
v 0.02450006 0.00925000 -0.02199549
v -0.04806732 0.01336796 -0.02199549
v -0.05399725 0.01387268 -0.02199549
v -0.05367871 0.01535061 -0.02199549
v -0.05341193 0.01578390 -0.02199549
v -0.05307574 0.01616587 -0.02199549
v 0.02450006 0.02050000 -0.02199549
v -0.04892413 0.01616587 -0.02199549
v -0.04858795 0.01578390 -0.02199549
v -0.04821625 0.01288143 -0.02199549
v -0.04844537 0.01242708 -0.02199549
v -0.04874792 0.01201798 -0.02199549
v -0.05199939 0.01117137 -0.02199549
v -0.05246301 0.01138096 -0.02199549
v -0.05288464 0.01166589 -0.02199549
v -0.05325195 0.01201798 -0.02199549
v -0.05355450 0.01242708 -0.02199549
v -0.05378363 0.01288143 -0.02199549
v -0.05393262 0.01336796 -0.02199549
v -0.04832117 0.01535061 -0.02199549
v -0.04813147 0.01487847 -0.02199549
v -0.05267987 0.01648553 -0.02199549
v -0.05223566 0.01673369 -0.02199549
v -0.05175586 0.01690320 -0.02199549
v -0.04911530 0.01166589 -0.02199549
v -0.04953687 0.01138096 -0.02199549
v -0.05000055 0.01117137 -0.02199549
v -0.05049298 0.01104315 -0.02199549
v -0.05100000 0.01100000 -0.02199549
v -0.05150696 0.01104315 -0.02199549
v -0.05024402 0.01690320 -0.02199549
v -0.04976428 0.01673369 -0.02199549
v -0.04932001 0.01648553 -0.02199549
v -0.05125439 0.01698919 -0.02199549
v -0.05100000 0.01700000 -0.02199549
v -0.05074554 0.01698919 -0.02199549
v 0.09702435 0.01438105 -0.02199549
v 0.09713159 0.01487847 -0.02199549
v 0.10297577 0.01438105 -0.02199549
v 0.10299738 0.01387268 -0.02199549
v 0.17550006 0.00925000 -0.02199549
v 0.10293274 0.01336796 -0.02199549
v 0.10278369 0.01288143 -0.02199549
v 0.10255463 0.01242708 -0.02199549
v 0.10225208 0.01201798 -0.02199549
v 0.10075598 0.01690320 -0.02199549
v 0.10123572 0.01673369 -0.02199549
v 0.17550006 0.02050000 -0.02199549
v 0.10188470 0.01166589 -0.02199549
v 0.10146313 0.01138096 -0.02199549
v 0.10099945 0.01117137 -0.02199549
v 0.09700275 0.01387268 -0.02199549
v 0.10167999 0.01648553 -0.02199549
v 0.10207587 0.01616587 -0.02199549
v 0.10241205 0.01578390 -0.02199549
v 0.10267883 0.01535061 -0.02199549
v 0.10286853 0.01487847 -0.02199549
v 0.09900067 0.01117137 -0.02199549
v 0.09853699 0.01138096 -0.02199549
v 0.09811542 0.01166589 -0.02199549
v 0.09774799 0.01201798 -0.02199549
v 0.09744543 0.01242708 -0.02199549
v 0.09721637 0.01288143 -0.02199549
v 0.09706738 0.01336796 -0.02199549
v 0.09732129 0.01535061 -0.02199549
v 0.09758801 0.01578390 -0.02199549
v 0.09792426 0.01616587 -0.02199549
v 0.10050702 0.01104315 -0.02199549
v 0.10000006 0.01100000 -0.02199549
v 0.09949304 0.01104315 -0.02199549
v 0.09832013 0.01648553 -0.02199549
v 0.09876434 0.01673369 -0.02199549
v 0.09924414 0.01690320 -0.02199549
v 0.09974567 0.01698919 -0.02199549
v 0.10000006 0.01700000 -0.02199549
v 0.10025446 0.01698919 -0.02199549
v 0.24858807 0.01578390 -0.02199549
v 0.24892419 0.01616587 -0.02199549
v 0.25267999 0.01648553 -0.02199549
v 0.32650006 0.02050000 -0.02199549
v 0.25223578 0.01673369 -0.02199549
v 0.25175598 0.01690320 -0.02199549
v 0.25000061 0.01117137 -0.02199549
v 0.24953693 0.01138096 -0.02199549
v 0.24932013 0.01648553 -0.02199549
v 0.24976434 0.01673369 -0.02199549
v 0.25024408 0.01690320 -0.02199549
v 0.25307587 0.01616587 -0.02199549
v 0.25341205 0.01578390 -0.02199549
v 0.25367883 0.01535061 -0.02199549
v 0.24800275 0.01387268 -0.02199549
v 0.24802435 0.01438105 -0.02199549
v 0.25386853 0.01487847 -0.02199549
v 0.25397577 0.01438105 -0.02199549
v 0.32650006 0.00925000 -0.02199549
v 0.25399738 0.01387268 -0.02199549
v 0.25393268 0.01336796 -0.02199549
v 0.24813153 0.01487847 -0.02199549
v 0.24832129 0.01535061 -0.02199549
v 0.25074561 0.01698919 -0.02199549
v 0.25100006 0.01700000 -0.02199549
v 0.25125446 0.01698919 -0.02199549
v 0.25378375 0.01288143 -0.02199549
v 0.25355463 0.01242708 -0.02199549
v 0.25325208 0.01201798 -0.02199549
v 0.25288470 0.01166589 -0.02199549
v 0.25246313 0.01138096 -0.02199549
v 0.25199945 0.01117137 -0.02199549
v 0.25150702 0.01104315 -0.02199549
v 0.25100006 0.01100000 -0.02199549
v 0.25049304 0.01104315 -0.02199549
v 0.24911542 0.01166589 -0.02199549
v 0.24874805 0.01201798 -0.02199549
v 0.24844550 0.01242708 -0.02199549
v 0.24821637 0.01288143 -0.02199549
v 0.24806738 0.01336796 -0.02199549
v 0.39913153 0.01487847 -0.02199549
v 0.39932129 0.01535061 -0.02199549
v 0.39958807 0.01578390 -0.02199549
v 0.39992426 0.01616587 -0.02199549
v 0.47750000 0.02050000 -0.02199549
v 0.40407587 0.01616587 -0.02199549
v 0.40441205 0.01578390 -0.02199549
v 0.40497577 0.01438105 -0.02199549
v 0.47750000 0.00925000 -0.02199549
v 0.40499731 0.01387268 -0.02199549
v 0.40493274 0.01336796 -0.02199549
v 0.40478369 0.01288143 -0.02199549
v 0.40455463 0.01242708 -0.02199549
v 0.40425208 0.01201798 -0.02199549
v 0.40388470 0.01166589 -0.02199549
v 0.40346313 0.01138096 -0.02199549
v 0.40299945 0.01117137 -0.02199549
v 0.40100061 0.01117137 -0.02199549
v 0.40053699 0.01138096 -0.02199549
v 0.40011542 0.01166589 -0.02199549
v 0.40467883 0.01535061 -0.02199549
v 0.40486853 0.01487847 -0.02199549
v 0.40250702 0.01104315 -0.02199549
v 0.40200006 0.01100000 -0.02199549
v 0.40149304 0.01104315 -0.02199549
v 0.39974805 0.01201798 -0.02199549
v 0.39944543 0.01242708 -0.02199549
v 0.39921637 0.01288143 -0.02199549
v 0.39906738 0.01336796 -0.02199549
v 0.39900275 0.01387268 -0.02199549
v 0.39902435 0.01438105 -0.02199549
v 0.40032013 0.01648553 -0.02199549
v 0.40076434 0.01673369 -0.02199549
v 0.40124414 0.01690320 -0.02199549
v 0.40275598 0.01690320 -0.02199549
v 0.40323578 0.01673369 -0.02199549
v 0.40367999 0.01648553 -0.02199549
v 0.40174561 0.01698919 -0.02199549
v 0.40200006 0.01700000 -0.02199549
v 0.40225446 0.01698919 -0.02199549
v 0.55044543 0.01242708 -0.02199549
v 0.55021643 0.01288143 -0.02199549
v 0.55200061 0.01117137 -0.02199549
v 0.55153699 0.01138096 -0.02199549
v 0.55593274 0.01336796 -0.02199549
v 0.55578369 0.01288143 -0.02199549
v 0.60000000 0.00925000 -0.02199549
v 0.55555469 0.01242708 -0.02199549
v 0.55525208 0.01201798 -0.02199549
v 0.55488477 0.01166589 -0.02199549
v 0.55446313 0.01138096 -0.02199549
v 0.55399951 0.01117137 -0.02199549
v 0.55111536 0.01166589 -0.02199549
v 0.55074805 0.01201798 -0.02199549
v 0.55006738 0.01336796 -0.02199549
v 0.55000281 0.01387268 -0.02199549
v 0.55002429 0.01438105 -0.02199549
v 0.55013159 0.01487847 -0.02199549
v 0.60000000 0.02050000 -0.02199549
v 0.55597571 0.01438105 -0.02199549
v 0.55599731 0.01387268 -0.02199549
v 0.55350708 0.01104315 -0.02199549
v 0.55300000 0.01100000 -0.02199549
v 0.55249304 0.01104315 -0.02199549
v 0.55467993 0.01648553 -0.02199549
v 0.55507581 0.01616587 -0.02199549
v 0.55541199 0.01578390 -0.02199549
v 0.55176440 0.01673369 -0.02199549
v 0.55132007 0.01648553 -0.02199549
v 0.55092419 0.01616587 -0.02199549
v 0.55325452 0.01698919 -0.02199549
v 0.55375598 0.01690320 -0.02199549
v 0.55423572 0.01673369 -0.02199549
v 0.55567883 0.01535061 -0.02199549
v 0.55586853 0.01487847 -0.02199549
v 0.55032129 0.01535061 -0.02199549
v 0.55058801 0.01578390 -0.02199549
v 0.55224414 0.01690320 -0.02199549
v 0.55274561 0.01698919 -0.02199549
v 0.55300000 0.01700000 -0.02199549
v -0.42849991 0.00750000 -0.02199549
v -0.27749994 0.00750000 -0.02199549
v -0.12649994 0.00750000 -0.02199549
v 0.02450006 0.00750000 -0.02199549
v 0.17550006 0.00750000 -0.02199549
v 0.32650006 0.00750000 -0.02199549
v 0.47750000 0.00750000 -0.02199549
v 0.60000000 0.00750000 -0.02199549
v -0.60000000 0.03400000 -0.00916064
v -0.60000000 0.03000000 -0.01099549
v 0.60000000 0.03400000 -0.00916064
v 0.60000000 0.03000000 -0.01099549
v -0.60000000 0.03800000 -0.01699549
v 0.60000000 0.03800000 -0.01699549
v -0.60000000 0.03950000 -0.01699549
v 0.60000000 0.03950000 -0.01699549
v 0.60000000 0.03950000 -0.02199549
v 0.47750000 0.03950000 -0.02199549
v 0.32650006 0.03950000 -0.02199549
v 0.17550006 0.03950000 -0.02199549
v 0.02450006 0.03950000 -0.02199549
v -0.12649994 0.03950000 -0.02199549
v -0.27749994 0.03950000 -0.02199549
v -0.42849991 0.03950000 -0.02199549
v -0.55349991 0.03950000 -0.02199549
v -0.60000000 0.03950000 -0.02199549
v -0.60000000 0.04125000 -0.02199549
v -0.55349991 0.04125000 -0.02199549
v -0.60000000 0.05250000 -0.02199549
v -0.55349991 0.05250000 -0.02199549
v -0.50100265 0.04587268 -0.02199549
v -0.50106726 0.04536796 -0.02199549
v -0.42849991 0.04125000 -0.02199549
v -0.50158797 0.04778390 -0.02199549
v -0.50132117 0.04735061 -0.02199549
v -0.42849991 0.05250000 -0.02199549
v -0.50113151 0.04687847 -0.02199549
v -0.50102422 0.04638105 -0.02199549
v -0.50121627 0.04488143 -0.02199549
v -0.50144539 0.04442708 -0.02199549
v -0.50174794 0.04401798 -0.02199549
v -0.50655458 0.04442708 -0.02199549
v -0.50678358 0.04488143 -0.02199549
v -0.50693259 0.04536796 -0.02199549
v -0.50699721 0.04587268 -0.02199549
v -0.50697562 0.04638105 -0.02199549
v -0.50686845 0.04687847 -0.02199549
v -0.50499937 0.04317137 -0.02199549
v -0.50546298 0.04338096 -0.02199549
v -0.50588462 0.04366589 -0.02199549
v -0.50625203 0.04401798 -0.02199549
v -0.50667868 0.04735061 -0.02199549
v -0.50641189 0.04778390 -0.02199549
v -0.50607571 0.04816587 -0.02199549
v -0.50211534 0.04366589 -0.02199549
v -0.50253687 0.04338096 -0.02199549
v -0.50300047 0.04317137 -0.02199549
v -0.50349293 0.04304315 -0.02199549
v -0.50399992 0.04300000 -0.02199549
v -0.50450692 0.04304315 -0.02199549
v -0.50276420 0.04873369 -0.02199549
v -0.50232003 0.04848553 -0.02199549
v -0.50192413 0.04816587 -0.02199549
v -0.50567982 0.04848553 -0.02199549
v -0.50523565 0.04873369 -0.02199549
v -0.50475583 0.04890320 -0.02199549
v -0.50425432 0.04898919 -0.02199549
v -0.50374553 0.04898919 -0.02199549
v -0.50324402 0.04890320 -0.02199549
v -0.35525194 0.04401798 -0.02199549
v -0.35555455 0.04442708 -0.02199549
v -0.35002426 0.04638105 -0.02199549
v -0.35000269 0.04587268 -0.02199549
v -0.27749994 0.04125000 -0.02199549
v -0.35006729 0.04536796 -0.02199549
v -0.35599724 0.04587268 -0.02199549
v -0.35597566 0.04638105 -0.02199549
v -0.35586844 0.04687847 -0.02199549
v -0.35567871 0.04735061 -0.02199549
v -0.35541193 0.04778390 -0.02199549
v -0.27749994 0.05250000 -0.02199549
v -0.35092410 0.04816587 -0.02199549
v -0.35058794 0.04778390 -0.02199549
v -0.35021631 0.04488143 -0.02199549
v -0.35044537 0.04442708 -0.02199549
v -0.35074792 0.04401798 -0.02199549
v -0.35578362 0.04488143 -0.02199549
v -0.35593263 0.04536796 -0.02199549
v -0.35032115 0.04735061 -0.02199549
v -0.35013142 0.04687847 -0.02199549
v -0.35111533 0.04366589 -0.02199549
v -0.35153685 0.04338096 -0.02199549
v -0.35200050 0.04317137 -0.02199549
v -0.35399936 0.04317137 -0.02199549
v -0.35446301 0.04338096 -0.02199549
v -0.35488460 0.04366589 -0.02199549
v -0.35507576 0.04816587 -0.02199549
v -0.35467986 0.04848553 -0.02199549
v -0.35423569 0.04873369 -0.02199549
v -0.35249297 0.04304315 -0.02199549
v -0.35299995 0.04300000 -0.02199549
v -0.35350696 0.04304315 -0.02199549
v -0.35375587 0.04890320 -0.02199549
v -0.35325435 0.04898919 -0.02199549
v -0.35274551 0.04898919 -0.02199549
v -0.35224399 0.04890320 -0.02199549
v -0.35176424 0.04873369 -0.02199549
v -0.35132001 0.04848553 -0.02199549
v -0.19902423 0.04638105 -0.02199549
v -0.19900266 0.04587268 -0.02199549
v -0.12649994 0.04125000 -0.02199549
v -0.19906726 0.04536796 -0.02199549
v -0.20499728 0.04587268 -0.02199549
v -0.20497565 0.04638105 -0.02199549
v -0.20486847 0.04687847 -0.02199549
v -0.20467874 0.04735061 -0.02199549
v -0.20441196 0.04778390 -0.02199549
v -0.12649994 0.05250000 -0.02199549
v -0.19992413 0.04816587 -0.02199549
v -0.19958798 0.04778390 -0.02199549
v -0.19921628 0.04488143 -0.02199549
v -0.19944534 0.04442708 -0.02199549
v -0.19974796 0.04401798 -0.02199549
v -0.20299939 0.04317137 -0.02199549
v -0.20346304 0.04338096 -0.02199549
v -0.20388464 0.04366589 -0.02199549
v -0.20425198 0.04401798 -0.02199549
v -0.20455453 0.04442708 -0.02199549
v -0.20478360 0.04488143 -0.02199549
v -0.20493262 0.04536796 -0.02199549
v -0.19932120 0.04735061 -0.02199549
v -0.19913147 0.04687847 -0.02199549
v -0.20011530 0.04366589 -0.02199549
v -0.20053690 0.04338096 -0.02199549
v -0.20100055 0.04317137 -0.02199549
v -0.20407578 0.04816587 -0.02199549
v -0.20367990 0.04848553 -0.02199549
v -0.20323566 0.04873369 -0.02199549
v -0.20149295 0.04304315 -0.02199549
v -0.20199994 0.04300000 -0.02199549
v -0.20250693 0.04304315 -0.02199549
v -0.20275589 0.04890320 -0.02199549
v -0.20225439 0.04898919 -0.02199549
v -0.20174554 0.04898919 -0.02199549
v -0.20124402 0.04890320 -0.02199549
v -0.20076428 0.04873369 -0.02199549
v -0.20032004 0.04848553 -0.02199549
v -0.04802429 0.04638105 -0.02199549
v -0.04800262 0.04587268 -0.02199549
v 0.02450006 0.04125000 -0.02199549
v -0.04806732 0.04536796 -0.02199549
v -0.05399725 0.04587268 -0.02199549
v -0.05397571 0.04638105 -0.02199549
v -0.05386847 0.04687847 -0.02199549
v -0.05367871 0.04735061 -0.02199549
v -0.05341193 0.04778390 -0.02199549
v 0.02450006 0.05250000 -0.02199549
v -0.04892413 0.04816587 -0.02199549
v -0.04858795 0.04778390 -0.02199549
v -0.04821625 0.04488143 -0.02199549
v -0.04844537 0.04442708 -0.02199549
v -0.04874792 0.04401798 -0.02199549
v -0.05199939 0.04317137 -0.02199549
v -0.05246301 0.04338096 -0.02199549
v -0.05288464 0.04366589 -0.02199549
v -0.05325195 0.04401798 -0.02199549
v -0.05355450 0.04442708 -0.02199549
v -0.05378363 0.04488143 -0.02199549
v -0.05393262 0.04536796 -0.02199549
v -0.04832117 0.04735061 -0.02199549
v -0.04813147 0.04687847 -0.02199549
v -0.04911530 0.04366589 -0.02199549
v -0.04953687 0.04338096 -0.02199549
v -0.05000055 0.04317137 -0.02199549
v -0.05307574 0.04816587 -0.02199549
v -0.05267987 0.04848553 -0.02199549
v -0.05223566 0.04873369 -0.02199549
v -0.05049298 0.04304315 -0.02199549
v -0.05100000 0.04300000 -0.02199549
v -0.05150696 0.04304315 -0.02199549
v -0.05175586 0.04890320 -0.02199549
v -0.05125439 0.04898919 -0.02199549
v -0.05074554 0.04898919 -0.02199549
v -0.05024402 0.04890320 -0.02199549
v -0.04976428 0.04873369 -0.02199549
v -0.04932001 0.04848553 -0.02199549
v 0.09702435 0.04638105 -0.02199549
v 0.09713159 0.04687847 -0.02199549
v 0.10297577 0.04638105 -0.02199549
v 0.10299738 0.04587268 -0.02199549
v 0.17550006 0.04125000 -0.02199549
v 0.10293274 0.04536796 -0.02199549
v 0.10278369 0.04488143 -0.02199549
v 0.10255463 0.04442708 -0.02199549
v 0.10225208 0.04401798 -0.02199549
v 0.10188470 0.04366589 -0.02199549
v 0.10146313 0.04338096 -0.02199549
v 0.10099945 0.04317137 -0.02199549
v 0.09700275 0.04587268 -0.02199549
v 0.10167999 0.04848553 -0.02199549
v 0.10207587 0.04816587 -0.02199549
v 0.17550006 0.05250000 -0.02199549
v 0.10241205 0.04778390 -0.02199549
v 0.09900067 0.04317137 -0.02199549
v 0.09853699 0.04338096 -0.02199549
v 0.09811542 0.04366589 -0.02199549
v 0.09774799 0.04401798 -0.02199549
v 0.09744543 0.04442708 -0.02199549
v 0.09721637 0.04488143 -0.02199549
v 0.09706738 0.04536796 -0.02199549
v 0.09732129 0.04735061 -0.02199549
v 0.09758801 0.04778390 -0.02199549
v 0.09792426 0.04816587 -0.02199549
v 0.10025446 0.04898919 -0.02199549
v 0.10075598 0.04890320 -0.02199549
v 0.10123572 0.04873369 -0.02199549
v 0.10267883 0.04735061 -0.02199549
v 0.10286853 0.04687847 -0.02199549
v 0.09974567 0.04898919 -0.02199549
v 0.09924414 0.04890320 -0.02199549
v 0.10050702 0.04304315 -0.02199549
v 0.10000006 0.04300000 -0.02199549
v 0.09949304 0.04304315 -0.02199549
v 0.09832013 0.04848553 -0.02199549
v 0.09876434 0.04873369 -0.02199549
v 0.25000061 0.04317137 -0.02199549
v 0.24953693 0.04338096 -0.02199549
v 0.24858807 0.04778390 -0.02199549
v 0.24892419 0.04816587 -0.02199549
v 0.24932013 0.04848553 -0.02199549
v 0.24976434 0.04873369 -0.02199549
v 0.24800275 0.04587268 -0.02199549
v 0.24802435 0.04638105 -0.02199549
v 0.25267999 0.04848553 -0.02199549
v 0.32650006 0.05250000 -0.02199549
v 0.25223578 0.04873369 -0.02199549
v 0.25175598 0.04890320 -0.02199549
v 0.24813153 0.04687847 -0.02199549
v 0.24832129 0.04735061 -0.02199549
v 0.25024408 0.04890320 -0.02199549
v 0.25074561 0.04898919 -0.02199549
v 0.25125446 0.04898919 -0.02199549
v 0.25307587 0.04816587 -0.02199549
v 0.25341205 0.04778390 -0.02199549
v 0.25367883 0.04735061 -0.02199549
v 0.24911542 0.04366589 -0.02199549
v 0.24874805 0.04401798 -0.02199549
v 0.24844550 0.04442708 -0.02199549
v 0.24821637 0.04488143 -0.02199549
v 0.24806738 0.04536796 -0.02199549
v 0.25386853 0.04687847 -0.02199549
v 0.25397577 0.04638105 -0.02199549
v 0.32650006 0.04125000 -0.02199549
v 0.25399738 0.04587268 -0.02199549
v 0.25393268 0.04536796 -0.02199549
v 0.25378375 0.04488143 -0.02199549
v 0.25355463 0.04442708 -0.02199549
v 0.25325208 0.04401798 -0.02199549
v 0.25288470 0.04366589 -0.02199549
v 0.25246313 0.04338096 -0.02199549
v 0.25199945 0.04317137 -0.02199549
v 0.25150702 0.04304315 -0.02199549
v 0.25100006 0.04300000 -0.02199549
v 0.25049304 0.04304315 -0.02199549
v 0.39932129 0.04735061 -0.02199549
v 0.39958807 0.04778390 -0.02199549
v 0.39913153 0.04687847 -0.02199549
v 0.47750000 0.05250000 -0.02199549
v 0.40407587 0.04816587 -0.02199549
v 0.40441205 0.04778390 -0.02199549
v 0.40497577 0.04638105 -0.02199549
v 0.47750000 0.04125000 -0.02199549
v 0.40499731 0.04587268 -0.02199549
v 0.40493274 0.04536796 -0.02199549
v 0.40478369 0.04488143 -0.02199549
v 0.40455463 0.04442708 -0.02199549
v 0.40425208 0.04401798 -0.02199549
v 0.40388470 0.04366589 -0.02199549
v 0.40346313 0.04338096 -0.02199549
v 0.40299945 0.04317137 -0.02199549
v 0.40100061 0.04317137 -0.02199549
v 0.40053699 0.04338096 -0.02199549
v 0.40011542 0.04366589 -0.02199549
v 0.39992426 0.04816587 -0.02199549
v 0.40032013 0.04848553 -0.02199549
v 0.40076434 0.04873369 -0.02199549
v 0.40467883 0.04735061 -0.02199549
v 0.40486853 0.04687847 -0.02199549
v 0.40250702 0.04304315 -0.02199549
v 0.40200006 0.04300000 -0.02199549
v 0.40149304 0.04304315 -0.02199549
v 0.39974805 0.04401798 -0.02199549
v 0.39944543 0.04442708 -0.02199549
v 0.39921637 0.04488143 -0.02199549
v 0.39906738 0.04536796 -0.02199549
v 0.39900275 0.04587268 -0.02199549
v 0.39902435 0.04638105 -0.02199549
v 0.40124414 0.04890320 -0.02199549
v 0.40174561 0.04898919 -0.02199549
v 0.40225446 0.04898919 -0.02199549
v 0.40275598 0.04890320 -0.02199549
v 0.40323578 0.04873369 -0.02199549
v 0.40367999 0.04848553 -0.02199549
v 0.55044543 0.04442708 -0.02199549
v 0.55021643 0.04488143 -0.02199549
v 0.55200061 0.04317137 -0.02199549
v 0.55153699 0.04338096 -0.02199549
v 0.60000000 0.05250000 -0.02199549
v 0.55597571 0.04638105 -0.02199549
v 0.60000000 0.04125000 -0.02199549
v 0.55599731 0.04587268 -0.02199549
v 0.55593274 0.04536796 -0.02199549
v 0.55578369 0.04488143 -0.02199549
v 0.55555469 0.04442708 -0.02199549
v 0.55525208 0.04401798 -0.02199549
v 0.55488477 0.04366589 -0.02199549
v 0.55446313 0.04338096 -0.02199549
v 0.55399951 0.04317137 -0.02199549
v 0.55111536 0.04366589 -0.02199549
v 0.55074805 0.04401798 -0.02199549
v 0.55375598 0.04890320 -0.02199549
v 0.55423572 0.04873369 -0.02199549
v 0.55350708 0.04304315 -0.02199549
v 0.55300000 0.04300000 -0.02199549
v 0.55249304 0.04304315 -0.02199549
v 0.55006738 0.04536796 -0.02199549
v 0.55000281 0.04587268 -0.02199549
v 0.55002429 0.04638105 -0.02199549
v 0.55013159 0.04687847 -0.02199549
v 0.55176440 0.04873369 -0.02199549
v 0.55132007 0.04848553 -0.02199549
v 0.55092419 0.04816587 -0.02199549
v 0.55032129 0.04735061 -0.02199549
v 0.55058801 0.04778390 -0.02199549
v 0.55467993 0.04848553 -0.02199549
v 0.55507581 0.04816587 -0.02199549
v 0.55541199 0.04778390 -0.02199549
v 0.55567883 0.04735061 -0.02199549
v 0.55586853 0.04687847 -0.02199549
v 0.55224414 0.04890320 -0.02199549
v 0.55274561 0.04898919 -0.02199549
v 0.55325452 0.04898919 -0.02199549
v -0.60000000 0.05250000 -0.02699549
v -0.55349991 0.05250000 -0.02699549
v -0.42849991 0.05250000 -0.02699549
v -0.27749994 0.05250000 -0.02699549
v -0.12649994 0.05250000 -0.02699549
v 0.02450006 0.05250000 -0.02699549
v 0.17550006 0.05250000 -0.02699549
v 0.32650006 0.05250000 -0.02699549
v 0.47750000 0.05250000 -0.02699549
v 0.60000000 0.05250000 -0.02699549
v 0.55593274 0.04536796 -0.02699549
v 0.55599731 0.04587268 -0.02699549
v 0.60000000 0.04100000 -0.02699549
v 0.55224414 0.04890320 -0.02699549
v 0.55176440 0.04873369 -0.02699549
v 0.55597571 0.04638105 -0.02699549
v 0.55586853 0.04687847 -0.02699549
v 0.55446313 0.04338096 -0.02699549
v 0.55488477 0.04366589 -0.02699549
v 0.55525208 0.04401798 -0.02699549
v 0.55507581 0.04816587 -0.02699549
v 0.55467993 0.04848553 -0.02699549
v 0.55423572 0.04873369 -0.02699549
v 0.55375598 0.04890320 -0.02699549
v 0.55132007 0.04848553 -0.02699549
v 0.55092419 0.04816587 -0.02699549
v 0.55058801 0.04778390 -0.02699549
v 0.55002429 0.04638105 -0.02699549
v 0.47750000 0.04100000 -0.02699549
v 0.55000281 0.04587268 -0.02699549
v 0.55006738 0.04536796 -0.02699549
v 0.55021643 0.04488143 -0.02699549
v 0.55044543 0.04442708 -0.02699549
v 0.55555469 0.04442708 -0.02699549
v 0.55578369 0.04488143 -0.02699549
v 0.55567883 0.04735061 -0.02699549
v 0.55541199 0.04778390 -0.02699549
v 0.55325452 0.04898919 -0.02699549
v 0.55300000 0.04900000 -0.02699549
v 0.55274561 0.04898919 -0.02699549
v 0.55032129 0.04735061 -0.02699549
v 0.55013159 0.04687847 -0.02699549
v 0.55074805 0.04401798 -0.02699549
v 0.55111536 0.04366589 -0.02699549
v 0.55153699 0.04338096 -0.02699549
v 0.55300000 0.04300000 -0.02699549
v 0.55350708 0.04304315 -0.02699549
v 0.55399951 0.04317137 -0.02699549
v 0.55200061 0.04317137 -0.02699549
v 0.55249304 0.04304315 -0.02699549
v 0.40346313 0.04338096 -0.02699549
v 0.40388470 0.04366589 -0.02699549
v 0.40478369 0.04488143 -0.02699549
v 0.40493274 0.04536796 -0.02699549
v 0.40499731 0.04587268 -0.02699549
v 0.40497577 0.04638105 -0.02699549
v 0.40486853 0.04687847 -0.02699549
v 0.40425208 0.04401798 -0.02699549
v 0.40455463 0.04442708 -0.02699549
v 0.40467883 0.04735061 -0.02699549
v 0.40441205 0.04778390 -0.02699549
v 0.40407587 0.04816587 -0.02699549
v 0.40124414 0.04890320 -0.02699549
v 0.40076434 0.04873369 -0.02699549
v 0.40367999 0.04848553 -0.02699549
v 0.40323578 0.04873369 -0.02699549
v 0.40275598 0.04890320 -0.02699549
v 0.40225446 0.04898919 -0.02699549
v 0.40200006 0.04900000 -0.02699549
v 0.40174561 0.04898919 -0.02699549
v 0.40032013 0.04848553 -0.02699549
v 0.39992426 0.04816587 -0.02699549
v 0.39958807 0.04778390 -0.02699549
v 0.39932129 0.04735061 -0.02699549
v 0.39913153 0.04687847 -0.02699549
v 0.39902435 0.04638105 -0.02699549
v 0.39900275 0.04587268 -0.02699549
v 0.39906738 0.04536796 -0.02699549
v 0.32650006 0.04100000 -0.02699549
v 0.40053699 0.04338096 -0.02699549
v 0.40011542 0.04366589 -0.02699549
v 0.39974805 0.04401798 -0.02699549
v 0.40200006 0.04300000 -0.02699549
v 0.39921637 0.04488143 -0.02699549
v 0.39944543 0.04442708 -0.02699549
v 0.40250702 0.04304315 -0.02699549
v 0.40299945 0.04317137 -0.02699549
v 0.40100061 0.04317137 -0.02699549
v 0.40149304 0.04304315 -0.02699549
v 0.24932013 0.04848553 -0.02699549
v 0.24976434 0.04873369 -0.02699549
v 0.25024408 0.04890320 -0.02699549
v 0.25223578 0.04873369 -0.02699549
v 0.25175598 0.04890320 -0.02699549
v 0.25125446 0.04898919 -0.02699549
v 0.25100006 0.04900000 -0.02699549
v 0.25074561 0.04898919 -0.02699549
v 0.25341205 0.04778390 -0.02699549
v 0.25307587 0.04816587 -0.02699549
v 0.25267999 0.04848553 -0.02699549
v 0.24892419 0.04816587 -0.02699549
v 0.24858807 0.04778390 -0.02699549
v 0.24832129 0.04735061 -0.02699549
v 0.25199945 0.04317137 -0.02699549
v 0.25246313 0.04338096 -0.02699549
v 0.25399738 0.04587268 -0.02699549
v 0.25397577 0.04638105 -0.02699549
v 0.25386853 0.04687847 -0.02699549
v 0.25367883 0.04735061 -0.02699549
v 0.24813153 0.04687847 -0.02699549
v 0.24802435 0.04638105 -0.02699549
v 0.17550006 0.04100000 -0.02699549
v 0.24800275 0.04587268 -0.02699549
v 0.24806738 0.04536796 -0.02699549
v 0.25288470 0.04366589 -0.02699549
v 0.25325208 0.04401798 -0.02699549
v 0.25355463 0.04442708 -0.02699549
v 0.25378375 0.04488143 -0.02699549
v 0.25393268 0.04536796 -0.02699549
v 0.24821637 0.04488143 -0.02699549
v 0.24844550 0.04442708 -0.02699549
v 0.24874805 0.04401798 -0.02699549
v 0.24911542 0.04366589 -0.02699549
v 0.24953693 0.04338096 -0.02699549
v 0.25000061 0.04317137 -0.02699549
v 0.25049304 0.04304315 -0.02699549
v 0.25100006 0.04300000 -0.02699549
v 0.25150702 0.04304315 -0.02699549
v 0.09792426 0.04816587 -0.02699549
v 0.09758801 0.04778390 -0.02699549
v 0.09732129 0.04735061 -0.02699549
v 0.09713159 0.04687847 -0.02699549
v 0.09702435 0.04638105 -0.02699549
v 0.10146313 0.04338096 -0.02699549
v 0.10188470 0.04366589 -0.02699549
v 0.10278369 0.04488143 -0.02699549
v 0.10293274 0.04536796 -0.02699549
v 0.10299738 0.04587268 -0.02699549
v 0.10297577 0.04638105 -0.02699549
v 0.10286853 0.04687847 -0.02699549
v 0.10207587 0.04816587 -0.02699549
v 0.10167999 0.04848553 -0.02699549
v 0.10123572 0.04873369 -0.02699549
v 0.10075598 0.04890320 -0.02699549
v 0.09924414 0.04890320 -0.02699549
v 0.09876434 0.04873369 -0.02699549
v 0.09832013 0.04848553 -0.02699549
v 0.09700275 0.04587268 -0.02699549
v 0.02450006 0.04100000 -0.02699549
v 0.09706738 0.04536796 -0.02699549
v 0.10099945 0.04317137 -0.02699549
v 0.10267883 0.04735061 -0.02699549
v 0.10241205 0.04778390 -0.02699549
v 0.10025446 0.04898919 -0.02699549
v 0.10000006 0.04900000 -0.02699549
v 0.09974567 0.04898919 -0.02699549
v 0.09721637 0.04488143 -0.02699549
v 0.09744543 0.04442708 -0.02699549
v 0.09774799 0.04401798 -0.02699549
v 0.10225208 0.04401798 -0.02699549
v 0.10255463 0.04442708 -0.02699549
v 0.09811542 0.04366589 -0.02699549
v 0.09853699 0.04338096 -0.02699549
v 0.09900067 0.04317137 -0.02699549
v 0.09949304 0.04304315 -0.02699549
v 0.10000006 0.04300000 -0.02699549
v 0.10050702 0.04304315 -0.02699549
v -0.04802429 0.04638105 -0.02699549
v -0.04813147 0.04687847 -0.02699549
v -0.05307574 0.04816587 -0.02699549
v -0.05341193 0.04778390 -0.02699549
v -0.04832117 0.04735061 -0.02699549
v -0.04858795 0.04778390 -0.02699549
v -0.04892413 0.04816587 -0.02699549
v -0.05367871 0.04735061 -0.02699549
v -0.05386847 0.04687847 -0.02699549
v -0.05397571 0.04638105 -0.02699549
v -0.04932001 0.04848553 -0.02699549
v -0.04976428 0.04873369 -0.02699549
v -0.05024402 0.04890320 -0.02699549
v -0.05074554 0.04898919 -0.02699549
v -0.05100000 0.04900000 -0.02699549
v -0.05125439 0.04898919 -0.02699549
v -0.05175586 0.04890320 -0.02699549
v -0.05223566 0.04873369 -0.02699549
v -0.05267987 0.04848553 -0.02699549
v -0.05399725 0.04587268 -0.02699549
v -0.12649994 0.04100000 -0.02699549
v -0.05393262 0.04536796 -0.02699549
v -0.04874792 0.04401798 -0.02699549
v -0.04844537 0.04442708 -0.02699549
v -0.04800262 0.04587268 -0.02699549
v -0.04821625 0.04488143 -0.02699549
v -0.04806732 0.04536796 -0.02699549
v -0.05378363 0.04488143 -0.02699549
v -0.05355450 0.04442708 -0.02699549
v -0.05325195 0.04401798 -0.02699549
v -0.05000055 0.04317137 -0.02699549
v -0.04953687 0.04338096 -0.02699549
v -0.04911530 0.04366589 -0.02699549
v -0.05288464 0.04366589 -0.02699549
v -0.05246301 0.04338096 -0.02699549
v -0.05199939 0.04317137 -0.02699549
v -0.05150696 0.04304315 -0.02699549
v -0.05100000 0.04300000 -0.02699549
v -0.05049298 0.04304315 -0.02699549
v -0.19902423 0.04638105 -0.02699549
v -0.19913147 0.04687847 -0.02699549
v -0.20407578 0.04816587 -0.02699549
v -0.20441196 0.04778390 -0.02699549
v -0.19932120 0.04735061 -0.02699549
v -0.19958798 0.04778390 -0.02699549
v -0.19992413 0.04816587 -0.02699549
v -0.20467874 0.04735061 -0.02699549
v -0.20486847 0.04687847 -0.02699549
v -0.20497565 0.04638105 -0.02699549
v -0.20032004 0.04848553 -0.02699549
v -0.20076428 0.04873369 -0.02699549
v -0.20124402 0.04890320 -0.02699549
v -0.20174554 0.04898919 -0.02699549
v -0.20199994 0.04900000 -0.02699549
v -0.20225439 0.04898919 -0.02699549
v -0.20275589 0.04890320 -0.02699549
v -0.20323566 0.04873369 -0.02699549
v -0.20367990 0.04848553 -0.02699549
v -0.20499728 0.04587268 -0.02699549
v -0.27749994 0.04100000 -0.02699549
v -0.20493262 0.04536796 -0.02699549
v -0.19974796 0.04401798 -0.02699549
v -0.19944534 0.04442708 -0.02699549
v -0.19900266 0.04587268 -0.02699549
v -0.19921628 0.04488143 -0.02699549
v -0.19906726 0.04536796 -0.02699549
v -0.20478360 0.04488143 -0.02699549
v -0.20455453 0.04442708 -0.02699549
v -0.20425198 0.04401798 -0.02699549
v -0.20100055 0.04317137 -0.02699549
v -0.20053690 0.04338096 -0.02699549
v -0.20011530 0.04366589 -0.02699549
v -0.20388464 0.04366589 -0.02699549
v -0.20346304 0.04338096 -0.02699549
v -0.20299939 0.04317137 -0.02699549
v -0.20250693 0.04304315 -0.02699549
v -0.20199994 0.04300000 -0.02699549
v -0.20149295 0.04304315 -0.02699549
v -0.35002426 0.04638105 -0.02699549
v -0.35013142 0.04687847 -0.02699549
v -0.35507576 0.04816587 -0.02699549
v -0.35541193 0.04778390 -0.02699549
v -0.35032115 0.04735061 -0.02699549
v -0.35058794 0.04778390 -0.02699549
v -0.35092410 0.04816587 -0.02699549
v -0.35567871 0.04735061 -0.02699549
v -0.35586844 0.04687847 -0.02699549
v -0.35597566 0.04638105 -0.02699549
v -0.35132001 0.04848553 -0.02699549
v -0.35176424 0.04873369 -0.02699549
v -0.35224399 0.04890320 -0.02699549
v -0.35274551 0.04898919 -0.02699549
v -0.35299995 0.04900000 -0.02699549
v -0.35325435 0.04898919 -0.02699549
v -0.35375587 0.04890320 -0.02699549
v -0.35423569 0.04873369 -0.02699549
v -0.35467986 0.04848553 -0.02699549
v -0.35599724 0.04587268 -0.02699549
v -0.42849991 0.04100000 -0.02699549
v -0.35593263 0.04536796 -0.02699549
v -0.35074792 0.04401798 -0.02699549
v -0.35044537 0.04442708 -0.02699549
v -0.35000269 0.04587268 -0.02699549
v -0.35021631 0.04488143 -0.02699549
v -0.35006729 0.04536796 -0.02699549
v -0.35578362 0.04488143 -0.02699549
v -0.35555455 0.04442708 -0.02699549
v -0.35525194 0.04401798 -0.02699549
v -0.35200050 0.04317137 -0.02699549
v -0.35153685 0.04338096 -0.02699549
v -0.35111533 0.04366589 -0.02699549
v -0.35488460 0.04366589 -0.02699549
v -0.35446301 0.04338096 -0.02699549
v -0.35399936 0.04317137 -0.02699549
v -0.35350696 0.04304315 -0.02699549
v -0.35299995 0.04300000 -0.02699549
v -0.35249297 0.04304315 -0.02699549
v -0.50641189 0.04778390 -0.02699549
v -0.50667868 0.04735061 -0.02699549
v -0.50686845 0.04687847 -0.02699549
v -0.50699721 0.04587268 -0.02699549
v -0.50693259 0.04536796 -0.02699549
v -0.55349991 0.04100000 -0.02699549
v -0.50102422 0.04638105 -0.02699549
v -0.50113151 0.04687847 -0.02699549
v -0.50132117 0.04735061 -0.02699549
v -0.50158797 0.04778390 -0.02699549
v -0.50475583 0.04890320 -0.02699549
v -0.50523565 0.04873369 -0.02699549
v -0.50100265 0.04587268 -0.02699549
v -0.50425432 0.04898919 -0.02699549
v -0.50567982 0.04848553 -0.02699549
v -0.50607571 0.04816587 -0.02699549
v -0.50697562 0.04638105 -0.02699549
v -0.50144539 0.04442708 -0.02699549
v -0.50121627 0.04488143 -0.02699549
v -0.50106726 0.04536796 -0.02699549
v -0.50192413 0.04816587 -0.02699549
v -0.50232003 0.04848553 -0.02699549
v -0.50276420 0.04873369 -0.02699549
v -0.50324402 0.04890320 -0.02699549
v -0.50374553 0.04898919 -0.02699549
v -0.50399992 0.04900000 -0.02699549
v -0.50678358 0.04488143 -0.02699549
v -0.50655458 0.04442708 -0.02699549
v -0.50625203 0.04401798 -0.02699549
v -0.50300047 0.04317137 -0.02699549
v -0.50253687 0.04338096 -0.02699549
v -0.50211534 0.04366589 -0.02699549
v -0.50174794 0.04401798 -0.02699549
v -0.50588462 0.04366589 -0.02699549
v -0.50546298 0.04338096 -0.02699549
v -0.50499937 0.04317137 -0.02699549
v -0.50450692 0.04304315 -0.02699549
v -0.50399992 0.04300000 -0.02699549
v -0.50349293 0.04304315 -0.02699549
v -0.60000000 0.04100000 -0.02699549
v 0.60000000 0.03900000 -0.02699549
v 0.47750000 0.03900000 -0.02699549
v 0.32650006 0.03900000 -0.02699549
v 0.17550006 0.03900000 -0.02699549
v 0.02450006 0.03900000 -0.02699549
v -0.12649994 0.03900000 -0.02699549
v -0.27749994 0.03900000 -0.02699549
v -0.42849991 0.03900000 -0.02699549
v -0.55349991 0.03900000 -0.02699549
v -0.60000000 0.03900000 -0.02699549
v -0.60000000 0.03900000 -0.02499549
v 0.60000000 0.03900000 -0.02499549
v -0.60000000 0.02100000 -0.02499549
v 0.60000000 0.02100000 -0.02499549
v -0.60000000 0.02050000 -0.01699549
v 0.60000000 0.02050000 -0.01699549
v -0.60000000 0.02200000 -0.01699549
v 0.60000000 0.02200000 -0.01699549
v -0.60000000 0.02600000 -0.00916064
v 0.60000000 0.02600000 -0.00916064
v 0.63271600 0.06000000 -0.02604974
v 0.63271600 0.01000000 -0.02604974
v 0.63271600 0.01000000 -0.02459450
v 0.63271600 0.05473471 -0.00547295
v 0.63271600 0.05583941 -0.00593053
v 0.63271600 0.06000000 -0.01272000
v 0.63271600 0.01000000 -0.00510000
v 0.63271600 0.05238000 -0.00510000
v 0.63271600 0.05357203 -0.00519381
v 0.63271600 0.05685892 -0.00655529
v 0.63271600 0.05776815 -0.00733184
v 0.63271600 0.05854471 -0.00824108
v 0.63271600 0.05916947 -0.00926059
v 0.63271600 0.05962705 -0.01036529
v 0.63271600 0.05990619 -0.01152797
v 0.72098000 0.01000000 0.02944400
v 0.72098000 0.01000000 -0.00002000
v 0.72098000 0.02000000 0.02944400
v 0.72098000 0.02000000 -0.00002000
v 0.71089537 0.02000000 -0.03131615
v 0.71030841 0.02000000 -0.03167755
v 0.70237450 0.02000000 -0.02459450
v 0.70867564 0.02000000 -0.03528965
v 0.70879213 0.02000000 -0.03596904
v 0.70237450 0.02000000 -0.04320000
v 0.70902177 0.02000000 -0.03661897
v 0.70935794 0.02000000 -0.03722074
v 0.71358120 0.02000000 -0.03891778
v 0.71424029 0.02000000 -0.03871594
v 0.72098000 0.02000000 -0.04320000
v 0.71485579 0.02000000 -0.03840561
v 0.71540998 0.02000000 -0.03799573
v 0.71655685 0.02000000 -0.03359112
v 0.71627293 0.02000000 -0.03296301
v 0.72098000 0.02000000 -0.02459450
v 0.71588694 0.02000000 -0.03239191
v 0.71424029 0.02000000 -0.03117406
v 0.71358120 0.02000000 -0.03097221
v 0.70979097 0.02000000 -0.03213296
v 0.70935794 0.02000000 -0.03266926
v 0.70902177 0.02000000 -0.03327103
v 0.70979097 0.02000000 -0.03775704
v 0.71030841 0.02000000 -0.03821244
v 0.71089537 0.02000000 -0.03857385
v 0.71540998 0.02000000 -0.03189427
v 0.71485579 0.02000000 -0.03148438
v 0.70879213 0.02000000 -0.03392096
v 0.70867564 0.02000000 -0.03460035
v 0.70866100 0.02000000 -0.03494500
v 0.71588694 0.02000000 -0.03749809
v 0.71627293 0.02000000 -0.03692699
v 0.71655685 0.02000000 -0.03629888
v 0.71673055 0.02000000 -0.03563182
v 0.71678900 0.02000000 -0.03494500
v 0.71673055 0.02000000 -0.03425818
v 0.71289748 0.02000000 -0.03088466
v 0.71220880 0.02000000 -0.03091392
v 0.71153497 0.02000000 -0.03105914
v 0.71153497 0.02000000 -0.03883086
v 0.71220880 0.02000000 -0.03897608
v 0.71289748 0.02000000 -0.03900534
v 0.70867564 0.02000000 0.02846434
v 0.70879213 0.02000000 0.02778496
v 0.70237450 0.02000000 0.03706400
v 0.72098000 0.02000000 -0.00510000
v 0.71030841 0.02000000 0.02554155
v 0.71089537 0.02000000 0.02518015
v 0.72153369 0.02000000 -0.00232627
v 0.72195020 0.02000000 -0.00300595
v 0.71678900 0.02000000 0.02880900
v 0.72088619 0.02000000 0.03063603
v 0.71673055 0.02000000 0.02949582
v 0.72060705 0.02000000 0.03179871
v 0.71655685 0.02000000 0.03016288
v 0.72014947 0.02000000 0.03290341
v 0.71627293 0.02000000 0.03079099
v 0.71952471 0.02000000 0.03392292
v 0.71588694 0.02000000 0.03136209
v 0.71874815 0.02000000 0.03483216
v 0.71540998 0.02000000 0.03185973
v 0.71783892 0.02000000 0.03560871
v 0.71485579 0.02000000 0.03226962
v 0.71681941 0.02000000 0.03623347
v 0.71220880 0.02000000 0.03284008
v 0.71153497 0.02000000 0.03269486
v 0.71336000 0.02000000 0.03706400
v 0.71030841 0.02000000 0.03207644
v 0.70979097 0.02000000 0.03162104
v 0.70879213 0.02000000 0.02983304
v 0.70867564 0.02000000 0.02915365
v 0.70866100 0.02000000 0.02880900
v 0.70902177 0.02000000 0.02713504
v 0.70935794 0.02000000 0.02653326
v 0.70979097 0.02000000 0.02599696
v 0.71153497 0.02000000 0.02492314
v 0.71220880 0.02000000 0.02477792
v 0.71289748 0.02000000 0.02474866
v 0.71358120 0.02000000 0.02483622
v 0.71424029 0.02000000 0.02503806
v 0.71485579 0.02000000 0.02534839
v 0.70935794 0.02000000 0.03108474
v 0.70902177 0.02000000 0.03048297
v 0.71540998 0.02000000 0.02575827
v 0.71588694 0.02000000 0.02625592
v 0.71627293 0.02000000 0.02682701
v 0.71089537 0.02000000 0.03243785
v 0.71655685 0.02000000 0.02745512
v 0.71673055 0.02000000 0.02812218
v 0.72246790 0.02000000 -0.00361210
v 0.72307405 0.02000000 -0.00412981
v 0.72375373 0.02000000 -0.00454631
v 0.72449019 0.02000000 -0.00485137
v 0.72526532 0.02000000 -0.00503746
v 0.72606000 0.02000000 -0.00510000
v 0.71571471 0.02000000 0.03669105
v 0.71424029 0.02000000 0.03257994
v 0.71455203 0.02000000 0.03697018
v 0.71358120 0.02000000 0.03278178
v 0.71289748 0.02000000 0.03286934
v 0.72104255 0.02000000 -0.00081469
v 0.72122863 0.02000000 -0.00158980
v 0.64071600 0.02000000 0.02944400
v 0.64490700 0.02000000 0.02880900
v 0.64492164 0.02000000 0.02846434
v 0.63794227 0.02000000 -0.00454631
v 0.63862195 0.02000000 -0.00412981
v 0.64071600 0.02000000 -0.00510000
v 0.63922810 0.02000000 -0.00361210
v 0.66560800 0.02000000 -0.00306800
v 0.66696088 0.02000000 0.00320937
v 0.66609975 0.02000000 0.00077215
v 0.65110178 0.02000000 0.02534839
v 0.64526777 0.02000000 0.03048297
v 0.64503813 0.02000000 0.02983304
v 0.64080981 0.02000000 0.03063603
v 0.63563600 0.02000000 -0.00510000
v 0.63643069 0.02000000 -0.00503746
v 0.63720581 0.02000000 -0.00485137
v 0.64492164 0.02000000 0.02915365
v 0.64108895 0.02000000 0.03179871
v 0.64154653 0.02000000 0.03290341
v 0.64560394 0.02000000 0.03108474
v 0.64217130 0.02000000 0.03392292
v 0.64603697 0.02000000 0.03162104
v 0.64294785 0.02000000 0.03483216
v 0.64655441 0.02000000 0.03207644
v 0.64385708 0.02000000 0.03560871
v 0.64714137 0.02000000 0.03243785
v 0.64487659 0.02000000 0.03623347
v 0.64778097 0.02000000 0.03269486
v 0.68405875 0.02000000 0.01182994
v 0.65213293 0.02000000 0.02625592
v 0.68653033 0.02000000 0.01107303
v 0.65251893 0.02000000 0.02682701
v 0.65280286 0.02000000 0.02745512
v 0.68149480 0.02000000 0.01215827
v 0.67891225 0.02000000 0.01204857
v 0.67638538 0.02000000 0.01150398
v 0.65280286 0.02000000 0.03016288
v 0.65251893 0.02000000 0.03079099
v 0.65213293 0.02000000 0.03136209
v 0.64503813 0.02000000 0.02778496
v 0.64526777 0.02000000 0.02713504
v 0.64071600 0.02000000 -0.00002000
v 0.64560394 0.02000000 0.02653326
v 0.64065346 0.02000000 -0.00081469
v 0.64603697 0.02000000 0.02599696
v 0.64655441 0.02000000 0.02554155
v 0.65165598 0.02000000 0.03185973
v 0.65110178 0.02000000 0.03226962
v 0.64833600 0.02000000 0.03706400
v 0.65048629 0.02000000 0.03257994
v 0.64982720 0.02000000 0.03278178
v 0.64845480 0.02000000 0.02477792
v 0.64046737 0.02000000 -0.00158980
v 0.64778097 0.02000000 0.02492314
v 0.64714137 0.02000000 0.02518015
v 0.66566290 0.02000000 -0.00436044
v 0.66609975 0.02000000 -0.00690815
v 0.64071600 0.02000000 -0.02459450
v 0.66696088 0.02000000 -0.00934537
v 0.66822151 0.02000000 -0.01160202
v 0.66984539 0.02000000 -0.01361315
v 0.67178579 0.02000000 -0.01532092
v 0.67398689 0.02000000 -0.01667619
v 0.64914348 0.02000000 0.03286934
v 0.64845480 0.02000000 0.03284008
v 0.64714397 0.02000000 0.03697018
v 0.64598129 0.02000000 0.03669105
v 0.65048629 0.02000000 0.02503806
v 0.67398689 0.02000000 0.01054019
v 0.67178579 0.02000000 0.00918492
v 0.65165598 0.02000000 0.02575827
v 0.66984539 0.02000000 0.00747715
v 0.66822151 0.02000000 0.00546602
v 0.67638538 0.02000000 -0.01763998
v 0.67891225 0.02000000 -0.01818456
v 0.68149480 0.02000000 -0.01829427
v 0.68405875 0.02000000 -0.01796594
v 0.63974580 0.02000000 -0.00300595
v 0.64016232 0.02000000 -0.00232627
v 0.66566290 0.02000000 -0.00177556
v 0.64982720 0.02000000 0.02483622
v 0.64914348 0.02000000 0.02474866
v 0.68653033 0.02000000 -0.01720903
v 0.68883844 0.02000000 -0.01604530
v 0.69091669 0.02000000 -0.01450824
v 0.69270527 0.02000000 -0.01264207
v 0.69415273 0.02000000 -0.01050047
v 0.69521745 0.02000000 -0.00814505
v 0.69270527 0.02000000 0.00650607
v 0.69415273 0.02000000 0.00436447
v 0.69521745 0.02000000 0.00200905
v 0.69586879 0.02000000 -0.00564357
v 0.69608800 0.02000000 -0.00306800
v 0.69586879 0.02000000 -0.00049243
v 0.69091669 0.02000000 0.00837225
v 0.68883844 0.02000000 0.00990931
v 0.65297654 0.02000000 0.02812218
v 0.65303500 0.02000000 0.02880900
v 0.65297654 0.02000000 0.02949582
v 0.64503813 0.02000000 -0.03596904
v 0.64526777 0.02000000 -0.03661897
v 0.64071600 0.02000000 -0.04320000
v 0.64492164 0.02000000 -0.03528965
v 0.64560394 0.02000000 -0.03722074
v 0.64603697 0.02000000 -0.03775704
v 0.64655441 0.02000000 -0.03821244
v 0.64714137 0.02000000 -0.03857385
v 0.64778097 0.02000000 -0.03883086
v 0.64845480 0.02000000 -0.03897608
v 0.65110178 0.02000000 -0.03840561
v 0.65165598 0.02000000 -0.03799573
v 0.64982720 0.02000000 -0.03097221
v 0.64914348 0.02000000 -0.03088466
v 0.64845480 0.02000000 -0.03091392
v 0.64778097 0.02000000 -0.03105914
v 0.64714137 0.02000000 -0.03131615
v 0.64655441 0.02000000 -0.03167755
v 0.64914348 0.02000000 -0.03900534
v 0.64982720 0.02000000 -0.03891778
v 0.65048629 0.02000000 -0.03871594
v 0.65213293 0.02000000 -0.03749809
v 0.65251893 0.02000000 -0.03692699
v 0.65280286 0.02000000 -0.03629888
v 0.64603697 0.02000000 -0.03213296
v 0.64560394 0.02000000 -0.03266926
v 0.64526777 0.02000000 -0.03327103
v 0.64503813 0.02000000 -0.03392096
v 0.64492164 0.02000000 -0.03460035
v 0.64490700 0.02000000 -0.03494500
v 0.65297654 0.02000000 -0.03563182
v 0.65303500 0.02000000 -0.03494500
v 0.65297654 0.02000000 -0.03425818
v 0.65280286 0.02000000 -0.03359112
v 0.65251893 0.02000000 -0.03296301
v 0.65213293 0.02000000 -0.03239191
v 0.65165598 0.02000000 -0.03189427
v 0.65110178 0.02000000 -0.03148438
v 0.65048629 0.02000000 -0.03117406
v 0.70237450 0.01000000 -0.04320000
v 0.65303500 0.01000000 -0.03494500
v 0.65297654 0.01000000 -0.03563182
v 0.65280286 0.01000000 -0.03629888
v 0.65251893 0.01000000 -0.03692699
v 0.65213293 0.01000000 -0.03749809
v 0.65165598 0.01000000 -0.03799573
v 0.65110178 0.01000000 -0.03840561
v 0.65048629 0.01000000 -0.03871594
v 0.64982720 0.01000000 -0.03891778
v 0.64914348 0.01000000 -0.03900534
v 0.60731599 0.01000000 -0.04320000
v 0.64845480 0.01000000 -0.03897608
v 0.64778097 0.01000000 -0.03883086
v 0.64714137 0.01000000 -0.03857385
v 0.64655441 0.01000000 -0.03821244
v 0.64603697 0.01000000 -0.03775704
v 0.65297654 0.01000000 -0.03425818
v 0.70237450 0.01000000 -0.02459450
v 0.65280286 0.01000000 -0.03359112
v 0.64560394 0.01000000 -0.03722074
v 0.64526777 0.01000000 -0.03661897
v 0.64503813 0.01000000 -0.03596904
v 0.64982720 0.01000000 -0.03097221
v 0.64914348 0.01000000 -0.03088466
v 0.64845480 0.01000000 -0.03091392
v 0.64526777 0.01000000 -0.03327103
v 0.64560394 0.01000000 -0.03266926
v 0.64603697 0.01000000 -0.03213296
v 0.64655441 0.01000000 -0.03167755
v 0.64714137 0.01000000 -0.03131615
v 0.64778097 0.01000000 -0.03105914
v 0.65048629 0.01000000 -0.03117406
v 0.65110178 0.01000000 -0.03148438
v 0.65165598 0.01000000 -0.03189427
v 0.65213293 0.01000000 -0.03239191
v 0.65251893 0.01000000 -0.03296301
v 0.63262218 0.01000000 -0.02724177
v 0.63234305 0.01000000 -0.02840445
v 0.64503813 0.01000000 -0.03392096
v 0.64492164 0.01000000 -0.03528965
v 0.63048416 0.01000000 -0.03143789
v 0.62957492 0.01000000 -0.03221445
v 0.62855541 0.01000000 -0.03283921
v 0.62745071 0.01000000 -0.03329679
v 0.62628803 0.01000000 -0.03357593
v 0.62509599 0.01000000 -0.03366974
v 0.60731599 0.01000000 -0.03366974
v 0.63188547 0.01000000 -0.02950915
v 0.63126071 0.01000000 -0.03052866
v 0.64492164 0.01000000 -0.03460035
v 0.64490700 0.01000000 -0.03494500
v 0.64982720 0.01000000 0.03278178
v 0.65048629 0.01000000 0.03257994
v 0.64833600 0.01000000 0.03706400
v 0.65165598 0.01000000 0.03185973
v 0.65213293 0.01000000 0.03136209
v 0.70237450 0.01000000 0.03706400
v 0.65251893 0.01000000 0.03079099
v 0.65280286 0.01000000 0.03016288
v 0.64071600 0.01000000 0.02944400
v 0.64503813 0.01000000 0.02778496
v 0.64492164 0.01000000 0.02846434
v 0.65110178 0.01000000 0.03226962
v 0.68883844 0.01000000 0.00990931
v 0.69091669 0.01000000 0.00837225
v 0.65251893 0.01000000 0.02682701
v 0.65213293 0.01000000 0.02625592
v 0.66609975 0.01000000 -0.00690815
v 0.66696088 0.01000000 -0.00934537
v 0.64490700 0.01000000 0.02880900
v 0.64492164 0.01000000 0.02915365
v 0.64080981 0.01000000 0.03063603
v 0.64503813 0.01000000 0.02983304
v 0.64108895 0.01000000 0.03179871
v 0.64526777 0.01000000 0.03048297
v 0.64154653 0.01000000 0.03290341
v 0.64560394 0.01000000 0.03108474
v 0.64217130 0.01000000 0.03392292
v 0.64294785 0.01000000 0.03483216
v 0.64603697 0.01000000 0.03162104
v 0.64385708 0.01000000 0.03560871
v 0.64655441 0.01000000 0.03207644
v 0.64487659 0.01000000 0.03623347
v 0.64714137 0.01000000 0.03243785
v 0.64598129 0.01000000 0.03669105
v 0.64778097 0.01000000 0.03269486
v 0.64714397 0.01000000 0.03697018
v 0.64845480 0.01000000 0.03284008
v 0.64914348 0.01000000 0.03286934
v 0.66560800 0.01000000 -0.00306800
v 0.66566290 0.01000000 -0.00177556
v 0.65280286 0.01000000 0.02745512
v 0.64655441 0.01000000 0.02554155
v 0.64603697 0.01000000 0.02599696
v 0.64071600 0.01000000 -0.00002000
v 0.64560394 0.01000000 0.02653326
v 0.64526777 0.01000000 0.02713504
v 0.69270527 0.01000000 0.00650607
v 0.69415273 0.01000000 0.00436447
v 0.69521745 0.01000000 0.00200905
v 0.66609975 0.01000000 0.00077215
v 0.66696088 0.01000000 0.00320937
v 0.66822151 0.01000000 0.00546602
v 0.67398689 0.01000000 0.01054019
v 0.67638538 0.01000000 0.01150398
v 0.67891225 0.01000000 0.01204857
v 0.68149480 0.01000000 0.01215827
v 0.65297654 0.01000000 0.02949582
v 0.65303500 0.01000000 0.02880900
v 0.65297654 0.01000000 0.02812218
v 0.68653033 0.01000000 0.01107303
v 0.68405875 0.01000000 0.01182994
v 0.69586879 0.01000000 -0.00049243
v 0.69608800 0.01000000 -0.00306800
v 0.69586879 0.01000000 -0.00564357
v 0.69521745 0.01000000 -0.00814505
v 0.66566290 0.01000000 -0.00436044
v 0.66984539 0.01000000 0.00747715
v 0.67178579 0.01000000 0.00918492
v 0.69415273 0.01000000 -0.01050047
v 0.69270527 0.01000000 -0.01264207
v 0.69091669 0.01000000 -0.01450824
v 0.68405875 0.01000000 -0.01796594
v 0.68149480 0.01000000 -0.01829427
v 0.67891225 0.01000000 -0.01818456
v 0.67638538 0.01000000 -0.01763998
v 0.67398689 0.01000000 -0.01667619
v 0.68883844 0.01000000 -0.01604530
v 0.68653033 0.01000000 -0.01720903
v 0.65165598 0.01000000 0.02575827
v 0.65110178 0.01000000 0.02534839
v 0.65048629 0.01000000 0.02503806
v 0.64845480 0.01000000 0.02477792
v 0.64778097 0.01000000 0.02492314
v 0.64714137 0.01000000 0.02518015
v 0.67178579 0.01000000 -0.01532092
v 0.66984539 0.01000000 -0.01361315
v 0.66822151 0.01000000 -0.01160202
v 0.64046737 0.01000000 -0.00158980
v 0.64016232 0.01000000 -0.00232627
v 0.63974580 0.01000000 -0.00300595
v 0.63922810 0.01000000 -0.00361210
v 0.63862195 0.01000000 -0.00412981
v 0.63794227 0.01000000 -0.00454631
v 0.63720581 0.01000000 -0.00485137
v 0.64065346 0.01000000 -0.00081469
v 0.64914348 0.01000000 0.02474866
v 0.64982720 0.01000000 0.02483622
v 0.63643069 0.01000000 -0.00503746
v 0.63563600 0.01000000 -0.00510000
v 0.71678900 0.01000000 0.02880900
v 0.71673055 0.01000000 0.02949582
v 0.72088619 0.01000000 0.03063603
v 0.71655685 0.01000000 0.03016288
v 0.72060705 0.01000000 0.03179871
v 0.71627293 0.01000000 0.03079099
v 0.72014947 0.01000000 0.03290341
v 0.71588694 0.01000000 0.03136209
v 0.71952471 0.01000000 0.03392292
v 0.71540998 0.01000000 0.03185973
v 0.71153497 0.01000000 0.02492314
v 0.71089537 0.01000000 0.02518015
v 0.71673055 0.01000000 0.02812218
v 0.71655685 0.01000000 0.02745512
v 0.71627293 0.01000000 0.02682701
v 0.72104255 0.01000000 -0.00081469
v 0.71588694 0.01000000 0.02625592
v 0.71540998 0.01000000 0.02575827
v 0.71485579 0.01000000 0.02534839
v 0.71030841 0.01000000 0.02554155
v 0.70979097 0.01000000 0.02599696
v 0.70935794 0.01000000 0.02653326
v 0.70979097 0.01000000 0.03162104
v 0.70935794 0.01000000 0.03108474
v 0.70902177 0.01000000 0.03048297
v 0.72195020 0.01000000 -0.00300595
v 0.72153369 0.01000000 -0.00232627
v 0.72122863 0.01000000 -0.00158980
v 0.70866100 0.01000000 0.02880900
v 0.70867564 0.01000000 0.02915365
v 0.70879213 0.01000000 0.02983304
v 0.71153497 0.01000000 0.03269486
v 0.71336000 0.01000000 0.03706400
v 0.71089537 0.01000000 0.03243785
v 0.71030841 0.01000000 0.03207644
v 0.72375373 0.01000000 -0.00454631
v 0.72307405 0.01000000 -0.00412981
v 0.72246790 0.01000000 -0.00361210
v 0.71424029 0.01000000 0.02503806
v 0.71358120 0.01000000 0.02483622
v 0.71289748 0.01000000 0.02474866
v 0.71220880 0.01000000 0.02477792
v 0.70902177 0.01000000 0.02713504
v 0.70879213 0.01000000 0.02778496
v 0.70867564 0.01000000 0.02846434
v 0.71874815 0.01000000 0.03483216
v 0.71783892 0.01000000 0.03560871
v 0.71485579 0.01000000 0.03226962
v 0.71681941 0.01000000 0.03623347
v 0.71424029 0.01000000 0.03257994
v 0.71571471 0.01000000 0.03669105
v 0.71358120 0.01000000 0.03278178
v 0.71455203 0.01000000 0.03697018
v 0.71289748 0.01000000 0.03286934
v 0.71220880 0.01000000 0.03284008
v 0.72898000 0.01000000 -0.00510000
v 0.72606000 0.01000000 -0.00510000
v 0.72898000 0.01000000 -0.02459450
v 0.72526532 0.01000000 -0.00503746
v 0.72449019 0.01000000 -0.00485137
v 0.75438000 0.01000000 -0.04320000
v 0.71540998 0.01000000 -0.03799573
v 0.71485579 0.01000000 -0.03840561
v 0.73424529 0.01000000 -0.03329679
v 0.73314059 0.01000000 -0.03283921
v 0.71678900 0.01000000 -0.03494500
v 0.73212108 0.01000000 -0.03221445
v 0.71673055 0.01000000 -0.03425818
v 0.71220880 0.01000000 -0.03897608
v 0.71153497 0.01000000 -0.03883086
v 0.71424029 0.01000000 -0.03117406
v 0.71485579 0.01000000 -0.03148438
v 0.75438000 0.01000000 -0.03366974
v 0.73660000 0.01000000 -0.03366974
v 0.73540797 0.01000000 -0.03357593
v 0.71655685 0.01000000 -0.03629888
v 0.71627293 0.01000000 -0.03692699
v 0.71588694 0.01000000 -0.03749809
v 0.71089537 0.01000000 -0.03857385
v 0.71030841 0.01000000 -0.03821244
v 0.70979097 0.01000000 -0.03775704
v 0.71673055 0.01000000 -0.03563182
v 0.71424029 0.01000000 -0.03871594
v 0.71358120 0.01000000 -0.03891778
v 0.71289748 0.01000000 -0.03900534
v 0.70935794 0.01000000 -0.03722074
v 0.70902177 0.01000000 -0.03661897
v 0.70879213 0.01000000 -0.03596904
v 0.70879213 0.01000000 -0.03392096
v 0.70902177 0.01000000 -0.03327103
v 0.70935794 0.01000000 -0.03266926
v 0.70979097 0.01000000 -0.03213296
v 0.71030841 0.01000000 -0.03167755
v 0.71089537 0.01000000 -0.03131615
v 0.71153497 0.01000000 -0.03105914
v 0.71220880 0.01000000 -0.03091392
v 0.71289748 0.01000000 -0.03088466
v 0.71358120 0.01000000 -0.03097221
v 0.71540998 0.01000000 -0.03189427
v 0.71588694 0.01000000 -0.03239191
v 0.72898000 0.01000000 -0.02604974
v 0.71627293 0.01000000 -0.03296301
v 0.72907382 0.01000000 -0.02724177
v 0.73121185 0.01000000 -0.03143789
v 0.73043529 0.01000000 -0.03052866
v 0.71655685 0.01000000 -0.03359112
v 0.72981053 0.01000000 -0.02950915
v 0.72935295 0.01000000 -0.02840445
v 0.70867564 0.01000000 -0.03528965
v 0.70866100 0.01000000 -0.03494500
v 0.70867564 0.01000000 -0.03460035
v 0.60731599 0.06000000 -0.04320000
v 0.64071600 0.06000000 -0.04320000
v 0.59969600 0.01762000 -0.04320000
v 0.72098000 0.06000000 -0.04320000
v 0.75438000 0.06000000 -0.04320000
v 0.60496129 0.01037295 -0.04320000
v 0.60385660 0.01083053 -0.04320000
v 0.59978983 0.01642797 -0.04320000
v 0.60612396 0.01009381 -0.04320000
v 0.60192784 0.01223185 -0.04320000
v 0.60115129 0.01314108 -0.04320000
v 0.60283708 0.01145529 -0.04320000
v 0.60052654 0.01416059 -0.04320000
v 0.60006895 0.01526529 -0.04320000
v 0.59969600 0.05238000 -0.04320000
v 0.59978983 0.05357203 -0.04320000
v 0.60006895 0.05473471 -0.04320000
v 0.60052654 0.05583941 -0.04320000
v 0.60115129 0.05685892 -0.04320000
v 0.60192784 0.05776815 -0.04320000
v 0.60283708 0.05854471 -0.04320000
v 0.60385660 0.05916947 -0.04320000
v 0.60612396 0.05990619 -0.04320000
v 0.60496129 0.05962705 -0.04320000
v 0.75673471 0.05962705 -0.04320000
v 0.75783941 0.05916947 -0.04320000
v 0.76190618 0.05357203 -0.04320000
v 0.75885893 0.05854471 -0.04320000
v 0.75976816 0.05776815 -0.04320000
v 0.76054471 0.05685892 -0.04320000
v 0.76116947 0.05583941 -0.04320000
v 0.76162705 0.05473471 -0.04320000
v 0.76200000 0.01762000 -0.04320000
v 0.76190618 0.01642797 -0.04320000
v 0.76162705 0.01526529 -0.04320000
v 0.76200000 0.05238000 -0.04320000
v 0.75557203 0.05990619 -0.04320000
v 0.76116947 0.01416059 -0.04320000
v 0.76054471 0.01314108 -0.04320000
v 0.75976816 0.01223185 -0.04320000
v 0.75673471 0.01037295 -0.04320000
v 0.75557203 0.01009381 -0.04320000
v 0.75783941 0.01083053 -0.04320000
v 0.75885893 0.01145529 -0.04320000
v 0.72907382 0.06000000 -0.02724177
v 0.72935295 0.06000000 -0.02840445
v 0.73121185 0.06000000 -0.03143789
v 0.73212108 0.06000000 -0.03221445
v 0.73314059 0.06000000 -0.03283921
v 0.73424529 0.06000000 -0.03329679
v 0.75438000 0.06000000 -0.03366974
v 0.73660000 0.06000000 -0.03366974
v 0.73540797 0.06000000 -0.03357593
v 0.72898000 0.06000000 -0.02604974
v 0.72098000 0.06000000 -0.01272000
v 0.72898000 0.06000000 -0.01272000
v 0.72981053 0.06000000 -0.02950915
v 0.73043529 0.06000000 -0.03052866
v 0.72898000 0.05238000 -0.00510000
v 0.72098000 0.05238000 -0.00510000
v 0.72898000 0.05990619 -0.01152797
v 0.72898000 0.05962705 -0.01036529
v 0.72898000 0.05916947 -0.00926059
v 0.72898000 0.05854471 -0.00824108
v 0.72898000 0.05776815 -0.00733184
v 0.72898000 0.05685892 -0.00655529
v 0.72898000 0.05583941 -0.00593053
v 0.72898000 0.05473471 -0.00547295
v 0.72898000 0.05357203 -0.00519381
v 0.72098000 0.05776815 -0.00733184
v 0.72098000 0.05854471 -0.00824108
v 0.72098000 0.05916947 -0.00926059
v 0.72098000 0.05962705 -0.01036529
v 0.72098000 0.05990619 -0.01152797
v 0.72098000 0.05357203 -0.00519381
v 0.72098000 0.05473471 -0.00547295
v 0.72098000 0.05583941 -0.00593053
v 0.72098000 0.05685892 -0.00655529
v 0.64071600 0.05238000 -0.00510000
v 0.62628803 0.06000000 -0.03357593
v 0.62745071 0.06000000 -0.03329679
v 0.62855541 0.06000000 -0.03283921
v 0.62957492 0.06000000 -0.03221445
v 0.60731599 0.06000000 -0.03366974
v 0.62509599 0.06000000 -0.03366974
v 0.63048416 0.06000000 -0.03143789
v 0.63126071 0.06000000 -0.03052866
v 0.63188547 0.06000000 -0.02950915
v 0.63234305 0.06000000 -0.02840445
v 0.63262218 0.06000000 -0.02724177
v 0.64071600 0.06000000 -0.01272000
v 0.64071600 0.05473471 -0.00547295
v 0.64071600 0.05583941 -0.00593053
v 0.64071600 0.05990619 -0.01152797
v 0.64071600 0.05916947 -0.00926059
v 0.64071600 0.05854471 -0.00824108
v 0.64071600 0.05776815 -0.00733184
v 0.64071600 0.05357203 -0.00519381
v 0.64071600 0.05962705 -0.01036529
v 0.64071600 0.05685892 -0.00655529
v 0.76190618 0.01642797 -0.03366974
v 0.76200000 0.01762000 -0.03366974
v 0.75976816 0.01223185 -0.03366974
v 0.76054471 0.01314108 -0.03366974
v 0.76200000 0.05238000 -0.03366974
v 0.76190618 0.05357203 -0.03366974
v 0.75557203 0.01009381 -0.03366974
v 0.75673471 0.01037295 -0.03366974
v 0.75783941 0.01083053 -0.03366974
v 0.76116947 0.01416059 -0.03366974
v 0.76162705 0.01526529 -0.03366974
v 0.75885893 0.01145529 -0.03366974
v 0.76054471 0.05685892 -0.03366974
v 0.76116947 0.05583941 -0.03366974
v 0.76162705 0.05473471 -0.03366974
v 0.75976816 0.05776815 -0.03366974
v 0.75885893 0.05854471 -0.03366974
v 0.75783941 0.05916947 -0.03366974
v 0.75673471 0.05962705 -0.03366974
v 0.75557203 0.05990619 -0.03366974
v 0.59969600 0.01762000 -0.03366974
v 0.59978983 0.01642797 -0.03366974
v 0.59969600 0.05238000 -0.03366974
v 0.59978983 0.05357203 -0.03366974
v 0.60612396 0.05990619 -0.03366974
v 0.60496129 0.05962705 -0.03366974
v 0.60385660 0.05916947 -0.03366974
v 0.60283708 0.05854471 -0.03366974
v 0.60192784 0.05776815 -0.03366974
v 0.60115129 0.05685892 -0.03366974
v 0.60052654 0.05583941 -0.03366974
v 0.60006895 0.05473471 -0.03366974
v 0.60385660 0.01083053 -0.03366974
v 0.60496129 0.01037295 -0.03366974
v 0.60612396 0.01009381 -0.03366974
v 0.60006895 0.01526529 -0.03366974
v 0.60052654 0.01416059 -0.03366974
v 0.60283708 0.01145529 -0.03366974
v 0.60115129 0.01314108 -0.03366974
v 0.60192784 0.01223185 -0.03366974
f 1 2 3
f 4 5 6
f 3 7 1
f 1 7 8
f 1 8 6
f 6 8 9
f 6 9 4
f 5 10 6
f 6 10 11
f 6 11 12
f 12 13 6
f 6 13 14
f 6 14 15
f 16 17 18
f 18 17 19
f 20 21 22
f 23 24 25
f 25 24 26
f 25 26 27
f 28 29 30
f 30 29 31
f 30 31 32
f 33 34 35
f 35 34 36
f 35 37 38
f 21 39 22
f 22 39 40
f 22 40 41
f 27 42 25
f 25 42 43
f 25 43 44
f 36 45 35
f 35 45 46
f 35 46 37
f 41 47 22
f 22 47 48
f 22 48 25
f 25 48 49
f 25 49 23
f 32 50 30
f 30 50 51
f 30 51 52
f 52 53 30
f 30 53 54
f 30 54 35
f 35 54 55
f 35 55 33
f 56 57 22
f 22 57 58
f 22 58 20
f 44 59 25
f 25 59 60
f 25 60 30
f 30 60 61
f 30 61 28
f 62 63 64
f 65 66 67
f 68 69 65
f 18 70 71
f 71 70 72
f 71 72 73
f 73 72 74
f 73 74 75
f 75 74 76
f 75 76 77
f 77 76 78
f 77 78 79
f 79 78 80
f 79 80 81
f 81 80 82
f 81 82 83
f 84 85 86
f 64 87 88
f 89 90 64
f 64 90 91
f 64 91 62
f 92 93 65
f 65 93 94
f 65 94 66
f 67 95 65
f 65 95 96
f 65 96 97
f 97 98 65
f 65 98 99
f 65 99 100
f 88 101 64
f 64 101 102
f 64 102 89
f 63 92 64
f 64 92 65
f 64 65 22
f 22 65 35
f 22 35 56
f 56 35 38
f 100 103 65
f 65 103 104
f 65 104 105
f 86 85 64
f 64 85 106
f 64 106 87
f 105 107 18
f 18 107 108
f 18 108 70
f 69 109 65
f 65 109 110
f 65 110 111
f 111 112 65
f 65 112 113
f 65 113 114
f 83 82 115
f 115 82 116
f 115 116 117
f 117 116 118
f 117 118 86
f 86 118 119
f 86 119 84
f 18 19 105
f 105 19 120
f 105 120 65
f 65 120 121
f 65 121 68
f 122 123 124
f 125 126 127
f 127 126 128
f 127 128 129
f 130 131 132
f 133 134 135
f 136 137 127
f 127 137 138
f 127 138 125
f 135 134 122
f 122 134 139
f 122 139 123
f 135 140 133
f 133 140 141
f 133 141 142
f 142 141 143
f 142 143 144
f 144 143 145
f 144 145 146
f 146 145 147
f 146 147 148
f 148 147 149
f 148 149 150
f 151 152 153
f 153 152 154
f 153 154 155
f 151 156 152
f 152 156 157
f 152 157 158
f 159 160 64
f 64 160 161
f 124 162 122
f 122 162 163
f 122 163 164
f 164 163 165
f 164 165 166
f 166 165 167
f 166 167 168
f 161 169 64
f 64 169 170
f 64 170 171
f 171 170 172
f 171 172 173
f 174 175 176
f 176 175 166
f 176 166 177
f 177 166 168
f 129 178 127
f 127 178 179
f 127 179 180
f 180 179 181
f 180 181 182
f 182 183 180
f 180 183 184
f 180 184 185
f 173 186 171
f 171 186 187
f 171 187 188
f 188 187 150
f 188 150 189
f 189 150 149
f 132 131 190
f 158 191 152
f 152 191 192
f 152 192 193
f 193 192 194
f 193 194 132
f 132 194 195
f 132 195 130
f 185 196 180
f 180 196 197
f 180 197 22
f 22 197 198
f 22 198 199
f 128 200 129
f 129 200 201
f 129 201 175
f 131 202 190
f 190 202 129
f 190 129 203
f 203 129 175
f 203 175 204
f 204 175 174
f 199 205 22
f 22 205 206
f 22 206 207
f 207 208 22
f 22 208 209
f 22 209 210
f 211 64 212
f 212 64 213
f 210 214 22
f 22 214 215
f 22 215 64
f 64 215 216
f 64 216 213
f 211 217 64
f 64 217 218
f 64 218 153
f 155 219 153
f 153 219 220
f 153 220 64
f 64 220 221
f 64 221 159
f 222 223 224
f 222 224 225
f 223 226 224
f 224 226 227
f 224 227 228
f 228 229 224
f 224 229 230
f 224 230 231
f 232 233 25
f 22 234 180
f 180 234 235
f 180 235 236
f 236 237 180
f 180 237 238
f 180 238 239
f 231 240 224
f 224 240 241
f 224 241 25
f 25 241 242
f 25 242 232
f 233 243 25
f 25 243 244
f 25 244 245
f 239 246 180
f 180 246 247
f 180 247 248
f 248 249 180
f 180 249 250
f 180 250 224
f 224 250 251
f 224 251 225
f 245 252 25
f 25 252 253
f 25 253 22
f 22 253 254
f 22 254 255
f 255 256 22
f 22 256 257
f 22 257 258
f 258 259 22
f 22 259 260
f 22 260 234
f 261 262 263
f 263 264 261
f 261 264 265
f 261 265 266
f 266 267 261
f 261 267 268
f 261 268 269
f 269 270 261
f 261 270 271
f 261 271 272
f 272 271 273
f 272 273 274
f 274 275 272
f 272 275 276
f 272 276 277
f 262 261 278
f 278 261 279
f 278 279 280
f 277 281 272
f 272 281 282
f 272 282 283
f 284 279 285
f 285 279 3
f 285 3 286
f 287 288 2
f 2 288 3
f 3 288 289
f 3 289 290
f 290 291 3
f 3 291 292
f 3 292 286
f 284 293 279
f 279 293 294
f 279 294 295
f 295 296 279
f 279 296 297
f 279 297 280
f 2 298 287
f 287 298 299
f 287 299 300
f 301 302 283
f 283 302 303
f 283 303 304
f 304 305 283
f 283 305 306
f 283 306 272
f 272 306 307
f 272 307 308
f 299 309 300
f 300 309 310
f 300 310 311
f 311 310 302
f 311 302 312
f 312 302 301
f 313 314 315
f 316 317 318
f 318 317 319
f 318 319 320
f 321 322 323
f 315 314 318
f 318 314 324
f 318 324 316
f 318 325 326
f 327 328 329
f 329 328 330
f 323 331 321
f 321 331 332
f 321 332 333
f 333 332 334
f 333 334 335
f 335 334 336
f 335 336 337
f 337 336 338
f 337 338 339
f 339 338 340
f 340 338 341
f 340 341 342
f 342 341 343
f 342 343 344
f 344 343 345
f 344 345 346
f 346 345 347
f 346 347 348
f 348 347 349
f 348 349 315
f 315 349 350
f 315 350 313
f 351 352 353
f 354 355 356
f 356 355 357
f 356 357 321
f 321 357 358
f 321 358 322
f 326 359 318
f 318 359 360
f 318 360 361
f 352 362 353
f 353 362 363
f 353 363 364
f 365 366 353
f 353 366 367
f 353 367 368
f 320 369 318
f 318 369 370
f 318 370 325
f 325 370 371
f 325 371 372
f 372 371 353
f 372 353 373
f 373 353 368
f 361 374 318
f 318 374 375
f 318 375 279
f 279 375 376
f 279 376 377
f 327 329 353
f 353 329 378
f 353 378 351
f 364 379 353
f 353 379 380
f 353 380 365
f 377 381 279
f 279 381 382
f 279 382 383
f 384 385 279
f 279 385 386
f 279 386 3
f 3 386 387
f 3 387 388
f 383 389 279
f 279 389 390
f 279 390 384
f 328 391 330
f 330 391 392
f 330 392 393
f 394 395 356
f 356 395 396
f 356 396 354
f 388 397 3
f 3 397 398
f 3 398 399
f 330 400 399
f 399 400 401
f 399 401 402
f 402 403 399
f 399 403 404
f 399 404 3
f 3 404 405
f 3 405 406
f 356 407 394
f 394 407 400
f 394 400 408
f 408 400 330
f 408 330 409
f 409 330 393
f 406 410 3
f 3 410 411
f 3 411 7
f 412 16 413
f 413 16 414
f 413 414 415
f 415 414 416
f 415 416 417
f 417 416 418
f 417 418 419
f 419 418 420
f 419 420 421
f 279 422 423
f 412 424 16
f 16 424 425
f 16 425 17
f 17 425 426
f 17 426 427
f 426 428 427
f 427 428 429
f 427 429 430
f 423 431 279
f 279 431 432
f 279 432 433
f 434 318 435
f 435 318 436
f 437 438 279
f 279 438 439
f 440 441 318
f 318 441 442
f 318 442 436
f 443 444 445
f 445 444 318
f 445 318 446
f 446 318 434
f 447 448 279
f 279 448 449
f 279 449 437
f 430 450 427
f 427 450 451
f 427 451 439
f 439 451 452
f 439 452 279
f 279 452 453
f 279 453 422
f 433 454 279
f 279 454 455
f 279 455 318
f 318 455 456
f 318 456 440
f 420 457 421
f 421 457 458
f 421 458 459
f 459 458 460
f 459 460 461
f 461 460 462
f 461 462 463
f 463 462 464
f 463 464 465
f 465 464 444
f 465 444 466
f 466 444 443
f 467 468 469
f 469 468 470
f 469 470 279
f 279 470 471
f 279 471 447
f 472 473 474
f 475 476 477
f 477 476 478
f 477 478 479
f 480 481 261
f 482 483 469
f 484 485 477
f 477 485 486
f 477 486 475
f 487 488 472
f 472 488 489
f 472 489 473
f 481 490 261
f 261 490 491
f 261 491 492
f 484 477 472
f 472 477 493
f 472 493 487
f 474 494 472
f 472 494 495
f 472 495 261
f 261 495 496
f 261 496 480
f 492 497 261
f 261 497 498
f 261 498 499
f 500 501 279
f 279 501 502
f 279 502 503
f 503 504 279
f 279 504 505
f 279 505 506
f 506 507 279
f 279 507 508
f 279 508 469
f 469 508 509
f 469 509 482
f 483 510 469
f 469 510 511
f 469 511 512
f 512 511 513
f 512 513 514
f 478 515 479
f 479 515 516
f 479 516 517
f 517 516 518
f 517 518 513
f 513 518 519
f 513 519 514
f 499 520 261
f 261 520 521
f 261 521 279
f 279 521 522
f 279 522 500
f 523 524 224
f 525 523 272
f 272 523 224
f 272 224 261
f 224 25 261
f 261 25 30
f 261 30 472
f 472 30 526
f 472 526 527
f 528 529 530
f 525 272 530
f 530 272 531
f 530 531 528
f 532 533 534
f 534 533 535
f 534 535 529
f 529 535 536
f 529 536 530
f 525 537 523
f 523 537 538
f 523 538 539
f 539 540 523
f 523 540 541
f 523 541 542
f 542 543 523
f 523 543 544
f 523 544 545
f 545 544 546
f 547 548 549
f 549 548 550
f 549 550 551
f 551 552 549
f 549 552 553
f 549 553 554
f 555 556 472
f 472 556 557
f 555 472 558
f 558 472 527
f 558 527 549
f 549 527 559
f 549 559 547
f 557 560 472
f 472 560 561
f 472 561 562
f 563 564 565
f 565 564 472
f 565 472 566
f 566 472 562
f 356 321 164
f 164 321 122
f 171 315 64
f 64 315 318
f 64 318 86
f 86 318 444
f 215 375 216
f 216 375 374
f 216 374 213
f 213 374 361
f 213 361 212
f 212 361 360
f 212 360 211
f 211 360 359
f 211 359 217
f 217 359 326
f 217 326 218
f 218 326 325
f 218 325 153
f 153 325 372
f 153 372 151
f 151 372 373
f 151 373 156
f 156 373 368
f 156 368 157
f 157 368 367
f 157 367 158
f 158 367 366
f 158 366 191
f 191 366 365
f 191 365 192
f 192 365 380
f 192 380 194
f 194 380 379
f 194 379 195
f 195 379 364
f 195 364 130
f 130 364 363
f 130 363 131
f 131 363 362
f 131 362 202
f 202 362 352
f 202 352 129
f 129 352 351
f 129 351 178
f 178 351 378
f 178 378 179
f 179 378 329
f 179 329 181
f 181 329 330
f 181 330 182
f 182 330 399
f 182 399 183
f 183 399 398
f 183 398 184
f 184 398 397
f 184 397 185
f 185 397 388
f 185 388 196
f 196 388 387
f 196 387 197
f 197 387 386
f 197 386 198
f 198 386 385
f 198 385 199
f 199 385 384
f 199 384 205
f 205 384 390
f 205 390 206
f 206 390 389
f 206 389 207
f 207 389 383
f 207 383 208
f 208 383 382
f 208 382 209
f 209 382 381
f 209 381 210
f 210 381 377
f 210 377 214
f 214 377 376
f 214 376 215
f 215 376 375
f 70 412 72
f 72 412 413
f 72 413 74
f 74 413 415
f 74 415 76
f 76 415 417
f 76 417 78
f 78 417 419
f 78 419 80
f 80 419 421
f 80 421 82
f 82 421 459
f 82 459 116
f 116 459 461
f 116 461 118
f 118 461 463
f 118 463 119
f 119 463 465
f 119 465 84
f 84 465 466
f 84 466 85
f 85 466 443
f 85 443 106
f 106 443 445
f 106 445 87
f 87 445 446
f 87 446 88
f 88 446 434
f 88 434 101
f 101 434 435
f 101 435 102
f 102 435 436
f 102 436 89
f 89 436 442
f 89 442 90
f 90 442 441
f 90 441 91
f 91 441 440
f 91 440 62
f 62 440 456
f 62 456 63
f 63 456 455
f 63 455 92
f 92 455 454
f 92 454 93
f 93 454 433
f 93 433 94
f 94 433 432
f 94 432 66
f 66 432 431
f 66 431 67
f 67 431 423
f 67 423 95
f 95 423 422
f 95 422 96
f 96 422 453
f 96 453 97
f 97 453 452
f 97 452 98
f 98 452 451
f 98 451 99
f 99 451 450
f 99 450 100
f 100 450 430
f 100 430 103
f 103 430 429
f 103 429 104
f 104 429 428
f 104 428 105
f 105 428 426
f 105 426 107
f 107 426 425
f 107 425 108
f 108 425 424
f 108 424 70
f 70 424 412
f 220 370 221
f 221 370 369
f 221 369 159
f 159 369 320
f 159 320 160
f 160 320 319
f 160 319 161
f 161 319 317
f 161 317 169
f 169 317 316
f 169 316 170
f 170 316 324
f 170 324 172
f 172 324 314
f 172 314 173
f 173 314 313
f 173 313 186
f 186 313 350
f 186 350 187
f 187 350 349
f 187 349 150
f 150 349 347
f 150 347 148
f 148 347 345
f 148 345 146
f 146 345 343
f 146 343 144
f 144 343 341
f 144 341 142
f 142 341 338
f 142 338 133
f 133 338 336
f 133 336 134
f 134 336 334
f 134 334 139
f 139 334 332
f 139 332 123
f 123 332 331
f 123 331 124
f 124 331 323
f 124 323 162
f 162 323 322
f 162 322 163
f 163 322 358
f 163 358 165
f 165 358 357
f 165 357 167
f 167 357 355
f 167 355 168
f 168 355 354
f 168 354 177
f 177 354 396
f 177 396 176
f 176 396 395
f 176 395 174
f 174 395 394
f 174 394 204
f 204 394 408
f 204 408 203
f 203 408 409
f 203 409 190
f 190 409 393
f 190 393 132
f 132 393 392
f 132 392 193
f 193 392 391
f 193 391 152
f 152 391 328
f 152 328 154
f 154 328 327
f 154 327 155
f 155 327 353
f 155 353 219
f 219 353 371
f 219 371 220
f 220 371 370
f 253 262 254
f 254 262 278
f 254 278 255
f 255 278 280
f 255 280 256
f 256 280 297
f 256 297 257
f 257 297 296
f 257 296 258
f 258 296 295
f 258 295 259
f 259 295 294
f 259 294 260
f 260 294 293
f 260 293 234
f 234 293 284
f 234 284 235
f 235 284 285
f 235 285 236
f 236 285 286
f 236 286 237
f 237 286 292
f 237 292 238
f 238 292 291
f 238 291 239
f 239 291 290
f 239 290 246
f 246 290 289
f 246 289 247
f 247 289 288
f 247 288 248
f 248 288 287
f 248 287 249
f 249 287 300
f 249 300 250
f 250 300 311
f 250 311 251
f 251 311 312
f 251 312 225
f 225 312 301
f 225 301 222
f 222 301 283
f 222 283 223
f 223 283 282
f 223 282 226
f 226 282 281
f 226 281 227
f 227 281 277
f 227 277 228
f 228 277 276
f 228 276 229
f 229 276 275
f 229 275 230
f 230 275 274
f 230 274 231
f 231 274 273
f 231 273 240
f 240 273 271
f 240 271 241
f 241 271 270
f 241 270 242
f 242 270 269
f 242 269 232
f 232 269 268
f 232 268 233
f 233 268 267
f 233 267 243
f 243 267 266
f 243 266 244
f 244 266 265
f 244 265 245
f 245 265 264
f 245 264 252
f 252 264 263
f 252 263 253
f 253 263 262
f 54 477 55
f 55 477 479
f 55 479 33
f 33 479 517
f 33 517 34
f 34 517 513
f 34 513 36
f 36 513 511
f 36 511 45
f 45 511 510
f 45 510 46
f 46 510 483
f 46 483 37
f 37 483 482
f 37 482 38
f 38 482 509
f 38 509 56
f 56 509 508
f 56 508 57
f 57 508 507
f 57 507 58
f 58 507 506
f 58 506 20
f 20 506 505
f 20 505 21
f 21 505 504
f 21 504 39
f 39 504 503
f 39 503 40
f 40 503 502
f 40 502 41
f 41 502 501
f 41 501 47
f 47 501 500
f 47 500 48
f 48 500 522
f 48 522 49
f 49 522 521
f 49 521 23
f 23 521 520
f 23 520 24
f 24 520 499
f 24 499 26
f 26 499 498
f 26 498 27
f 27 498 497
f 27 497 42
f 42 497 492
f 42 492 43
f 43 492 491
f 43 491 44
f 44 491 490
f 44 490 59
f 59 490 481
f 59 481 60
f 60 481 480
f 60 480 61
f 61 480 496
f 61 496 28
f 28 496 495
f 28 495 29
f 29 495 494
f 29 494 31
f 31 494 474
f 31 474 32
f 32 474 473
f 32 473 50
f 50 473 489
f 50 489 51
f 51 489 488
f 51 488 52
f 52 488 487
f 52 487 53
f 53 487 493
f 53 493 54
f 54 493 477
f 526 567 568
f 569 570 526
f 526 570 571
f 526 571 572
f 573 527 574
f 574 527 526
f 574 526 575
f 575 526 572
f 567 526 576
f 576 526 577
f 576 577 578
f 568 579 526
f 526 579 580
f 526 580 569
f 468 467 114
f 114 467 581
f 114 581 65
f 65 581 582
f 578 467 576
f 576 467 469
f 576 469 512
f 583 584 585
f 583 585 578
f 578 585 586
f 578 586 587
f 587 588 578
f 578 588 589
f 578 589 590
f 590 591 578
f 578 591 581
f 578 581 467
f 526 30 577
f 577 30 35
f 577 35 65
f 577 592 593
f 593 594 577
f 577 594 595
f 577 595 596
f 65 582 577
f 577 582 597
f 577 597 598
f 598 599 577
f 577 599 600
f 577 600 592
f 468 114 470
f 470 114 113
f 470 113 471
f 471 113 112
f 471 112 447
f 447 112 111
f 447 111 448
f 448 111 110
f 448 110 449
f 449 110 109
f 449 109 437
f 437 109 69
f 437 69 438
f 438 69 68
f 438 68 439
f 439 68 121
f 439 121 427
f 427 121 120
f 427 120 17
f 17 120 19
f 122 321 333
f 122 333 135
f 135 333 335
f 135 335 140
f 140 335 337
f 140 337 141
f 141 337 339
f 141 339 143
f 143 339 340
f 143 340 145
f 145 340 342
f 145 342 147
f 147 342 344
f 147 344 149
f 149 344 346
f 149 346 189
f 189 346 348
f 189 348 188
f 188 348 315
f 188 315 171
f 86 444 464
f 86 464 117
f 117 464 462
f 117 462 115
f 115 462 460
f 115 460 83
f 83 460 458
f 83 458 81
f 81 458 457
f 81 457 79
f 79 457 420
f 79 420 77
f 77 420 418
f 77 418 75
f 75 418 416
f 75 416 73
f 73 416 414
f 73 414 71
f 71 414 16
f 71 16 18
f 7 411 136
f 127 601 136
f 136 601 8
f 136 8 7
f 602 603 524
f 524 603 604
f 524 604 605
f 523 606 524
f 524 606 607
f 524 607 602
f 605 608 524
f 524 608 609
f 524 609 610
f 610 611 524
f 524 611 612
f 524 612 613
f 613 612 1
f 613 1 6
f 224 524 180
f 180 524 613
f 614 613 615
f 615 613 616
f 617 618 619
f 127 180 601
f 601 180 613
f 601 613 620
f 620 613 614
f 616 621 615
f 615 621 617
f 615 617 622
f 622 617 619
f 136 411 137
f 137 411 410
f 137 410 138
f 138 410 406
f 138 406 125
f 125 406 405
f 125 405 126
f 126 405 404
f 126 404 128
f 128 404 403
f 128 403 200
f 200 403 402
f 200 402 201
f 201 402 401
f 201 401 175
f 175 401 400
f 175 400 166
f 166 400 407
f 166 407 164
f 164 407 356
f 574 485 573
f 573 485 484
f 623 624 484
f 625 626 484
f 484 624 573
f 573 624 627
f 573 627 628
f 629 630 631
f 626 632 484
f 484 632 633
f 484 633 623
f 629 631 484
f 484 631 634
f 484 634 625
f 635 628 636
f 636 628 637
f 635 638 628
f 628 638 639
f 628 639 640
f 640 641 628
f 628 641 642
f 628 642 573
f 555 558 624
f 624 558 627
f 307 607 308
f 308 607 606
f 308 643 644
f 643 308 645
f 645 308 606
f 645 606 646
f 646 606 647
f 646 647 648
f 648 649 646
f 646 649 650
f 646 650 651
f 651 652 646
f 646 652 653
f 646 653 654
f 655 656 644
f 644 656 657
f 644 657 308
f 644 658 655
f 655 658 659
f 655 659 660
f 660 659 661
f 660 661 662
f 643 645 525
f 525 645 537
f 272 308 657
f 272 657 531
f 531 657 656
f 531 656 528
f 528 656 655
f 528 655 529
f 529 655 660
f 529 660 534
f 534 660 662
f 534 662 532
f 532 662 661
f 532 661 533
f 533 661 659
f 533 659 535
f 535 659 658
f 535 658 536
f 536 658 644
f 536 644 530
f 530 644 643
f 530 643 525
f 537 645 646
f 537 646 538
f 538 646 654
f 538 654 539
f 539 654 653
f 539 653 540
f 540 653 652
f 540 652 541
f 541 652 651
f 541 651 542
f 542 651 650
f 542 650 543
f 543 650 649
f 543 649 544
f 544 649 648
f 544 648 546
f 546 648 647
f 546 647 545
f 545 647 606
f 545 606 523
f 2 1 298
f 298 1 612
f 298 612 299
f 299 612 611
f 299 611 309
f 309 611 610
f 309 610 310
f 310 610 609
f 310 609 302
f 302 609 608
f 302 608 303
f 303 608 605
f 303 605 304
f 304 605 604
f 304 604 305
f 305 604 603
f 305 603 306
f 306 603 602
f 306 602 307
f 307 602 607
f 555 624 623
f 555 623 556
f 556 623 633
f 556 633 557
f 557 633 632
f 557 632 560
f 560 632 626
f 560 626 561
f 561 626 625
f 561 625 562
f 562 625 634
f 562 634 566
f 566 634 631
f 566 631 565
f 565 631 630
f 565 630 563
f 563 630 629
f 563 629 564
f 564 629 484
f 564 484 472
f 627 558 549
f 627 549 628
f 628 549 554
f 628 554 637
f 637 554 553
f 637 553 636
f 636 553 552
f 636 552 635
f 635 552 551
f 635 551 638
f 638 551 550
f 638 550 639
f 639 550 548
f 639 548 640
f 640 548 547
f 640 547 641
f 641 547 559
f 641 559 642
f 642 559 527
f 642 527 573
f 576 512 567
f 567 512 514
f 567 514 568
f 568 514 519
f 568 519 579
f 579 519 518
f 579 518 580
f 580 518 516
f 580 516 569
f 569 516 515
f 569 515 570
f 570 515 478
f 570 478 571
f 571 478 476
f 571 476 572
f 572 476 475
f 572 475 575
f 575 475 486
f 575 486 574
f 574 486 485
f 8 601 620
f 8 620 9
f 9 620 614
f 9 614 4
f 4 614 615
f 4 615 5
f 5 615 622
f 5 622 10
f 10 622 619
f 10 619 11
f 11 619 618
f 11 618 12
f 12 618 617
f 12 617 13
f 13 617 621
f 13 621 14
f 14 621 616
f 14 616 15
f 15 616 613
f 15 613 6
f 578 577 596
f 578 596 583
f 583 596 595
f 583 595 584
f 584 595 594
f 584 594 585
f 585 594 593
f 585 593 586
f 586 593 592
f 586 592 587
f 587 592 600
f 587 600 588
f 588 600 599
f 588 599 589
f 589 599 598
f 589 598 590
f 590 598 597
f 590 597 591
f 591 597 582
f 591 582 581
f 663 664 665
f 665 664 666
f 667 663 668
f 668 663 665
f 669 667 670
f 670 667 668
f 664 669 666
f 666 669 670
f 663 671 672
f 669 673 667
f 667 673 674
f 667 674 675
f 672 676 663
f 663 676 677
f 663 677 678
f 678 679 663
f 663 679 680
f 663 680 681
f 675 682 667
f 667 682 683
f 667 683 684
f 685 686 687
f 664 688 689
f 690 691 663
f 663 691 692
f 663 692 686
f 681 693 663
f 663 693 694
f 663 694 664
f 664 694 695
f 664 695 688
f 684 696 667
f 667 696 697
f 667 697 698
f 698 699 667
f 667 699 700
f 667 700 663
f 663 700 701
f 663 701 690
f 702 703 669
f 669 703 704
f 685 705 686
f 686 705 706
f 686 706 663
f 663 706 707
f 663 707 671
f 708 709 669
f 669 709 710
f 669 710 702
f 704 711 669
f 669 711 712
f 669 712 673
f 689 713 664
f 664 713 714
f 664 714 715
f 716 717 718
f 718 717 719
f 718 719 720
f 720 719 721
f 720 721 687
f 687 721 722
f 687 722 685
f 715 723 664
f 664 723 724
f 664 724 725
f 726 727 728
f 728 727 729
f 669 730 731
f 716 718 727
f 727 718 732
f 727 732 729
f 726 733 727
f 727 733 734
f 727 734 735
f 725 736 664
f 664 736 737
f 664 737 669
f 669 737 738
f 669 738 730
f 669 739 727
f 731 740 669
f 669 740 741
f 669 741 739
f 735 742 727
f 727 742 743
f 727 743 669
f 669 743 744
f 669 744 708
f 745 746 670
f 745 670 747
f 746 748 670
f 670 748 749
f 670 749 750
f 751 666 752
f 752 666 753
f 751 754 666
f 666 754 755
f 666 755 756
f 756 757 666
f 666 757 758
f 666 758 759
f 750 760 670
f 670 760 761
f 670 761 762
f 763 764 670
f 759 765 666
f 666 765 766
f 666 766 665
f 767 768 769
f 766 770 665
f 665 770 771
f 665 771 772
f 772 773 665
f 665 773 774
f 665 774 775
f 768 776 769
f 769 776 777
f 769 777 778
f 779 780 781
f 781 780 782
f 781 782 762
f 762 782 783
f 762 783 670
f 670 783 784
f 670 784 763
f 775 785 665
f 665 785 786
f 665 786 787
f 788 665 789
f 789 665 790
f 779 781 769
f 769 781 791
f 769 791 767
f 668 792 793
f 794 795 668
f 668 795 796
f 668 796 670
f 670 796 797
f 670 797 747
f 764 798 670
f 670 798 799
f 670 799 666
f 666 799 800
f 666 800 753
f 790 801 802
f 802 801 803
f 802 803 804
f 788 805 665
f 665 805 806
f 665 806 668
f 668 806 807
f 668 807 808
f 808 809 668
f 668 809 810
f 668 810 792
f 793 811 668
f 668 811 812
f 668 812 794
f 787 813 665
f 665 813 814
f 665 814 790
f 790 814 815
f 790 815 801
f 778 816 769
f 769 816 817
f 769 817 804
f 804 817 818
f 804 818 802
f 808 699 809
f 809 699 698
f 809 698 810
f 810 698 697
f 810 697 792
f 792 697 696
f 792 696 793
f 793 696 684
f 793 684 811
f 811 684 683
f 811 683 812
f 812 683 682
f 812 682 794
f 794 682 675
f 794 675 795
f 795 675 674
f 795 674 796
f 796 674 673
f 796 673 797
f 797 673 712
f 797 712 747
f 747 712 711
f 747 711 745
f 745 711 704
f 745 704 746
f 746 704 703
f 746 703 748
f 748 703 702
f 748 702 749
f 749 702 710
f 749 710 750
f 750 710 709
f 750 709 760
f 760 709 708
f 760 708 761
f 761 708 744
f 761 744 762
f 762 744 743
f 762 743 781
f 781 743 742
f 781 742 791
f 791 742 735
f 791 735 767
f 767 735 734
f 767 734 768
f 768 734 733
f 768 733 776
f 776 733 726
f 776 726 777
f 777 726 728
f 777 728 778
f 778 728 729
f 778 729 816
f 816 729 732
f 816 732 817
f 817 732 718
f 817 718 818
f 818 718 720
f 818 720 802
f 802 720 687
f 802 687 790
f 790 687 686
f 790 686 789
f 789 686 692
f 789 692 788
f 788 692 691
f 788 691 805
f 805 691 690
f 805 690 806
f 806 690 701
f 806 701 807
f 807 701 700
f 807 700 808
f 808 700 699
f 787 671 813
f 813 671 707
f 813 707 814
f 814 707 706
f 814 706 815
f 815 706 705
f 815 705 801
f 801 705 685
f 801 685 803
f 803 685 722
f 803 722 804
f 804 722 721
f 804 721 769
f 769 721 719
f 769 719 779
f 779 719 717
f 779 717 780
f 780 717 716
f 780 716 782
f 782 716 727
f 782 727 783
f 783 727 739
f 783 739 784
f 784 739 741
f 784 741 763
f 763 741 740
f 763 740 764
f 764 740 731
f 764 731 798
f 798 731 730
f 798 730 799
f 799 730 738
f 799 738 800
f 800 738 737
f 800 737 753
f 753 737 736
f 753 736 752
f 752 736 725
f 752 725 751
f 751 725 724
f 751 724 754
f 754 724 723
f 754 723 755
f 755 723 715
f 755 715 756
f 756 715 714
f 756 714 757
f 757 714 713
f 757 713 758
f 758 713 689
f 758 689 759
f 759 689 688
f 759 688 765
f 765 688 695
f 765 695 766
f 766 695 694
f 766 694 770
f 770 694 693
f 770 693 771
f 771 693 681
f 771 681 772
f 772 681 680
f 772 680 773
f 773 680 679
f 773 679 774
f 774 679 678
f 774 678 775
f 775 678 677
f 775 677 785
f 785 677 676
f 785 676 786
f 786 676 672
f 786 672 787
f 787 672 671
f 819 820 821
f 821 820 822
f 823 819 824
f 824 819 821
f 825 823 826
f 826 823 824
f 820 825 822
f 822 825 826
f 819 827 828
f 825 829 823
f 823 829 830
f 823 830 831
f 828 832 819
f 819 832 833
f 819 833 834
f 834 835 819
f 819 835 836
f 819 836 837
f 831 838 823
f 823 838 839
f 823 839 840
f 841 842 843
f 820 844 845
f 846 847 819
f 819 847 848
f 819 848 842
f 837 849 819
f 819 849 850
f 819 850 820
f 820 850 851
f 820 851 844
f 840 852 823
f 823 852 853
f 823 853 854
f 854 855 823
f 823 855 856
f 823 856 819
f 819 856 857
f 819 857 846
f 858 859 825
f 825 859 860
f 841 861 842
f 842 861 862
f 842 862 819
f 819 862 863
f 819 863 827
f 864 865 825
f 825 865 866
f 825 866 858
f 860 867 825
f 825 867 868
f 825 868 829
f 845 869 820
f 820 869 870
f 820 870 871
f 872 873 874
f 874 873 875
f 874 875 876
f 876 875 877
f 876 877 843
f 843 877 878
f 843 878 841
f 871 879 820
f 820 879 880
f 820 880 881
f 882 883 884
f 884 883 885
f 825 886 887
f 872 874 883
f 883 874 888
f 883 888 885
f 882 889 883
f 883 889 890
f 883 890 891
f 881 892 820
f 820 892 893
f 820 893 825
f 825 893 894
f 825 894 886
f 825 895 883
f 887 896 825
f 825 896 897
f 825 897 895
f 891 898 883
f 883 898 899
f 883 899 825
f 825 899 900
f 825 900 864
f 901 902 826
f 901 826 903
f 902 904 826
f 826 904 905
f 826 905 906
f 907 822 908
f 908 822 909
f 907 910 822
f 822 910 911
f 822 911 912
f 912 913 822
f 822 913 914
f 822 914 915
f 906 916 826
f 826 916 917
f 826 917 918
f 919 920 826
f 915 921 822
f 822 921 922
f 822 922 821
f 923 924 925
f 922 926 821
f 821 926 927
f 821 927 928
f 928 929 821
f 821 929 930
f 821 930 931
f 924 932 925
f 925 932 933
f 925 933 934
f 935 936 937
f 937 936 938
f 937 938 918
f 918 938 939
f 918 939 826
f 826 939 940
f 826 940 919
f 931 941 821
f 821 941 942
f 821 942 943
f 944 821 945
f 945 821 946
f 935 937 925
f 925 937 947
f 925 947 923
f 824 948 949
f 950 951 824
f 824 951 952
f 824 952 826
f 826 952 953
f 826 953 903
f 920 954 826
f 826 954 955
f 826 955 822
f 822 955 956
f 822 956 909
f 946 957 958
f 958 957 959
f 958 959 960
f 944 961 821
f 821 961 962
f 821 962 824
f 824 962 963
f 824 963 964
f 964 965 824
f 824 965 966
f 824 966 948
f 949 967 824
f 824 967 968
f 824 968 950
f 943 969 821
f 821 969 970
f 821 970 946
f 946 970 971
f 946 971 957
f 934 972 925
f 925 972 973
f 925 973 960
f 960 973 974
f 960 974 958
f 964 855 965
f 965 855 854
f 965 854 966
f 966 854 853
f 966 853 948
f 948 853 852
f 948 852 949
f 949 852 840
f 949 840 967
f 967 840 839
f 967 839 968
f 968 839 838
f 968 838 950
f 950 838 831
f 950 831 951
f 951 831 830
f 951 830 952
f 952 830 829
f 952 829 953
f 953 829 868
f 953 868 903
f 903 868 867
f 903 867 901
f 901 867 860
f 901 860 902
f 902 860 859
f 902 859 904
f 904 859 858
f 904 858 905
f 905 858 866
f 905 866 906
f 906 866 865
f 906 865 916
f 916 865 864
f 916 864 917
f 917 864 900
f 917 900 918
f 918 900 899
f 918 899 937
f 937 899 898
f 937 898 947
f 947 898 891
f 947 891 923
f 923 891 890
f 923 890 924
f 924 890 889
f 924 889 932
f 932 889 882
f 932 882 933
f 933 882 884
f 933 884 934
f 934 884 885
f 934 885 972
f 972 885 888
f 972 888 973
f 973 888 874
f 973 874 974
f 974 874 876
f 974 876 958
f 958 876 843
f 958 843 946
f 946 843 842
f 946 842 945
f 945 842 848
f 945 848 944
f 944 848 847
f 944 847 961
f 961 847 846
f 961 846 962
f 962 846 857
f 962 857 963
f 963 857 856
f 963 856 964
f 964 856 855
f 943 827 969
f 969 827 863
f 969 863 970
f 970 863 862
f 970 862 971
f 971 862 861
f 971 861 957
f 957 861 841
f 957 841 959
f 959 841 878
f 959 878 960
f 960 878 877
f 960 877 925
f 925 877 875
f 925 875 935
f 935 875 873
f 935 873 936
f 936 873 872
f 936 872 938
f 938 872 883
f 938 883 939
f 939 883 895
f 939 895 940
f 940 895 897
f 940 897 919
f 919 897 896
f 919 896 920
f 920 896 887
f 920 887 954
f 954 887 886
f 954 886 955
f 955 886 894
f 955 894 956
f 956 894 893
f 956 893 909
f 909 893 892
f 909 892 908
f 908 892 881
f 908 881 907
f 907 881 880
f 907 880 910
f 910 880 879
f 910 879 911
f 911 879 871
f 911 871 912
f 912 871 870
f 912 870 913
f 913 870 869
f 913 869 914
f 914 869 845
f 914 845 915
f 915 845 844
f 915 844 921
f 921 844 851
f 921 851 922
f 922 851 850
f 922 850 926
f 926 850 849
f 926 849 927
f 927 849 837
f 927 837 928
f 928 837 836
f 928 836 929
f 929 836 835
f 929 835 930
f 930 835 834
f 930 834 931
f 931 834 833
f 931 833 941
f 941 833 832
f 941 832 942
f 942 832 828
f 942 828 943
f 943 828 827
f 975 976 977
f 977 976 978
f 979 975 980
f 980 975 977
f 981 979 982
f 982 979 980
f 976 981 978
f 978 981 982
f 975 983 984
f 981 985 979
f 979 985 986
f 979 986 987
f 984 988 975
f 975 988 989
f 975 989 990
f 990 991 975
f 975 991 992
f 975 992 993
f 987 994 979
f 979 994 995
f 979 995 996
f 997 998 999
f 976 1000 1001
f 1002 1003 975
f 975 1003 1004
f 975 1004 998
f 993 1005 975
f 975 1005 1006
f 975 1006 976
f 976 1006 1007
f 976 1007 1000
f 996 1008 979
f 979 1008 1009
f 979 1009 1010
f 1010 1011 979
f 979 1011 1012
f 979 1012 975
f 975 1012 1013
f 975 1013 1002
f 1014 1015 981
f 981 1015 1016
f 997 1017 998
f 998 1017 1018
f 998 1018 975
f 975 1018 1019
f 975 1019 983
f 1020 1021 981
f 981 1021 1022
f 981 1022 1014
f 1016 1023 981
f 981 1023 1024
f 981 1024 985
f 1001 1025 976
f 976 1025 1026
f 976 1026 1027
f 1028 1029 1030
f 1030 1029 1031
f 1030 1031 1032
f 1032 1031 1033
f 1032 1033 999
f 999 1033 1034
f 999 1034 997
f 1027 1035 976
f 976 1035 1036
f 976 1036 1037
f 1038 1039 1040
f 1040 1039 1041
f 981 1042 1043
f 1028 1030 1039
f 1039 1030 1044
f 1039 1044 1041
f 1038 1045 1039
f 1039 1045 1046
f 1039 1046 1047
f 1037 1048 976
f 976 1048 1049
f 976 1049 981
f 981 1049 1050
f 981 1050 1042
f 981 1051 1039
f 1043 1052 981
f 981 1052 1053
f 981 1053 1051
f 1047 1054 1039
f 1039 1054 1055
f 1039 1055 981
f 981 1055 1056
f 981 1056 1020
f 1057 1058 982
f 1057 982 1059
f 1058 1060 982
f 982 1060 1061
f 982 1061 1062
f 1063 978 1064
f 1064 978 1065
f 1063 1066 978
f 978 1066 1067
f 978 1067 1068
f 1068 1069 978
f 978 1069 1070
f 978 1070 1071
f 1062 1072 982
f 982 1072 1073
f 982 1073 1074
f 1075 1076 982
f 1071 1077 978
f 978 1077 1078
f 978 1078 977
f 1079 1080 1081
f 1078 1082 977
f 977 1082 1083
f 977 1083 1084
f 1084 1085 977
f 977 1085 1086
f 977 1086 1087
f 1080 1088 1081
f 1081 1088 1089
f 1081 1089 1090
f 1091 1092 1093
f 1093 1092 1094
f 1093 1094 1074
f 1074 1094 1095
f 1074 1095 982
f 982 1095 1096
f 982 1096 1075
f 1087 1097 977
f 977 1097 1098
f 977 1098 1099
f 1100 977 1101
f 1101 977 1102
f 1091 1093 1081
f 1081 1093 1103
f 1081 1103 1079
f 980 1104 1105
f 1106 1107 980
f 980 1107 1108
f 980 1108 982
f 982 1108 1109
f 982 1109 1059
f 1076 1110 982
f 982 1110 1111
f 982 1111 978
f 978 1111 1112
f 978 1112 1065
f 1102 1113 1114
f 1114 1113 1115
f 1114 1115 1116
f 1100 1117 977
f 977 1117 1118
f 977 1118 980
f 980 1118 1119
f 980 1119 1120
f 1120 1121 980
f 980 1121 1122
f 980 1122 1104
f 1105 1123 980
f 980 1123 1124
f 980 1124 1106
f 1099 1125 977
f 977 1125 1126
f 977 1126 1102
f 1102 1126 1127
f 1102 1127 1113
f 1090 1128 1081
f 1081 1128 1129
f 1081 1129 1116
f 1116 1129 1130
f 1116 1130 1114
f 1120 1011 1121
f 1121 1011 1010
f 1121 1010 1122
f 1122 1010 1009
f 1122 1009 1104
f 1104 1009 1008
f 1104 1008 1105
f 1105 1008 996
f 1105 996 1123
f 1123 996 995
f 1123 995 1124
f 1124 995 994
f 1124 994 1106
f 1106 994 987
f 1106 987 1107
f 1107 987 986
f 1107 986 1108
f 1108 986 985
f 1108 985 1109
f 1109 985 1024
f 1109 1024 1059
f 1059 1024 1023
f 1059 1023 1057
f 1057 1023 1016
f 1057 1016 1058
f 1058 1016 1015
f 1058 1015 1060
f 1060 1015 1014
f 1060 1014 1061
f 1061 1014 1022
f 1061 1022 1062
f 1062 1022 1021
f 1062 1021 1072
f 1072 1021 1020
f 1072 1020 1073
f 1073 1020 1056
f 1073 1056 1074
f 1074 1056 1055
f 1074 1055 1093
f 1093 1055 1054
f 1093 1054 1103
f 1103 1054 1047
f 1103 1047 1079
f 1079 1047 1046
f 1079 1046 1080
f 1080 1046 1045
f 1080 1045 1088
f 1088 1045 1038
f 1088 1038 1089
f 1089 1038 1040
f 1089 1040 1090
f 1090 1040 1041
f 1090 1041 1128
f 1128 1041 1044
f 1128 1044 1129
f 1129 1044 1030
f 1129 1030 1130
f 1130 1030 1032
f 1130 1032 1114
f 1114 1032 999
f 1114 999 1102
f 1102 999 998
f 1102 998 1101
f 1101 998 1004
f 1101 1004 1100
f 1100 1004 1003
f 1100 1003 1117
f 1117 1003 1002
f 1117 1002 1118
f 1118 1002 1013
f 1118 1013 1119
f 1119 1013 1012
f 1119 1012 1120
f 1120 1012 1011
f 1099 983 1125
f 1125 983 1019
f 1125 1019 1126
f 1126 1019 1018
f 1126 1018 1127
f 1127 1018 1017
f 1127 1017 1113
f 1113 1017 997
f 1113 997 1115
f 1115 997 1034
f 1115 1034 1116
f 1116 1034 1033
f 1116 1033 1081
f 1081 1033 1031
f 1081 1031 1091
f 1091 1031 1029
f 1091 1029 1092
f 1092 1029 1028
f 1092 1028 1094
f 1094 1028 1039
f 1094 1039 1095
f 1095 1039 1051
f 1095 1051 1096
f 1096 1051 1053
f 1096 1053 1075
f 1075 1053 1052
f 1075 1052 1076
f 1076 1052 1043
f 1076 1043 1110
f 1110 1043 1042
f 1110 1042 1111
f 1111 1042 1050
f 1111 1050 1112
f 1112 1050 1049
f 1112 1049 1065
f 1065 1049 1048
f 1065 1048 1064
f 1064 1048 1037
f 1064 1037 1063
f 1063 1037 1036
f 1063 1036 1066
f 1066 1036 1035
f 1066 1035 1067
f 1067 1035 1027
f 1067 1027 1068
f 1068 1027 1026
f 1068 1026 1069
f 1069 1026 1025
f 1069 1025 1070
f 1070 1025 1001
f 1070 1001 1071
f 1071 1001 1000
f 1071 1000 1077
f 1077 1000 1007
f 1077 1007 1078
f 1078 1007 1006
f 1078 1006 1082
f 1082 1006 1005
f 1082 1005 1083
f 1083 1005 993
f 1083 993 1084
f 1084 993 992
f 1084 992 1085
f 1085 992 991
f 1085 991 1086
f 1086 991 990
f 1086 990 1087
f 1087 990 989
f 1087 989 1097
f 1097 989 988
f 1097 988 1098
f 1098 988 984
f 1098 984 1099
f 1099 984 983
f 1131 1132 1133
f 1133 1132 1134
f 1135 1131 1136
f 1136 1131 1133
f 1137 1135 1138
f 1138 1135 1136
f 1132 1137 1134
f 1134 1137 1138
f 1131 1139 1140
f 1137 1141 1135
f 1135 1141 1142
f 1135 1142 1143
f 1140 1144 1131
f 1131 1144 1145
f 1131 1145 1146
f 1146 1147 1131
f 1131 1147 1148
f 1131 1148 1149
f 1143 1150 1135
f 1135 1150 1151
f 1135 1151 1152
f 1153 1154 1155
f 1132 1156 1157
f 1158 1159 1131
f 1131 1159 1160
f 1131 1160 1154
f 1149 1161 1131
f 1131 1161 1162
f 1131 1162 1132
f 1132 1162 1163
f 1132 1163 1156
f 1152 1164 1135
f 1135 1164 1165
f 1135 1165 1166
f 1166 1167 1135
f 1135 1167 1168
f 1135 1168 1131
f 1131 1168 1169
f 1131 1169 1158
f 1170 1171 1137
f 1137 1171 1172
f 1153 1173 1154
f 1154 1173 1174
f 1154 1174 1131
f 1131 1174 1175
f 1131 1175 1139
f 1176 1177 1137
f 1137 1177 1178
f 1137 1178 1170
f 1172 1179 1137
f 1137 1179 1180
f 1137 1180 1141
f 1157 1181 1132
f 1132 1181 1182
f 1132 1182 1183
f 1184 1185 1186
f 1186 1185 1187
f 1186 1187 1188
f 1188 1187 1189
f 1188 1189 1155
f 1155 1189 1190
f 1155 1190 1153
f 1183 1191 1132
f 1132 1191 1192
f 1132 1192 1193
f 1194 1195 1196
f 1196 1195 1197
f 1137 1198 1199
f 1184 1186 1195
f 1195 1186 1200
f 1195 1200 1197
f 1194 1201 1195
f 1195 1201 1202
f 1195 1202 1203
f 1193 1204 1132
f 1132 1204 1205
f 1132 1205 1137
f 1137 1205 1206
f 1137 1206 1198
f 1137 1207 1195
f 1199 1208 1137
f 1137 1208 1209
f 1137 1209 1207
f 1203 1210 1195
f 1195 1210 1211
f 1195 1211 1137
f 1137 1211 1212
f 1137 1212 1176
f 1213 1214 1138
f 1213 1138 1215
f 1214 1216 1138
f 1138 1216 1217
f 1138 1217 1218
f 1219 1134 1220
f 1220 1134 1221
f 1219 1222 1134
f 1134 1222 1223
f 1134 1223 1224
f 1224 1225 1134
f 1134 1225 1226
f 1134 1226 1227
f 1218 1228 1138
f 1138 1228 1229
f 1138 1229 1230
f 1231 1232 1138
f 1227 1233 1134
f 1134 1233 1234
f 1134 1234 1133
f 1235 1236 1237
f 1234 1238 1133
f 1133 1238 1239
f 1133 1239 1240
f 1240 1241 1133
f 1133 1241 1242
f 1133 1242 1243
f 1236 1244 1237
f 1237 1244 1245
f 1237 1245 1246
f 1247 1248 1249
f 1249 1248 1250
f 1249 1250 1230
f 1230 1250 1251
f 1230 1251 1138
f 1138 1251 1252
f 1138 1252 1231
f 1243 1253 1133
f 1133 1253 1254
f 1133 1254 1255
f 1256 1133 1257
f 1257 1133 1258
f 1247 1249 1237
f 1237 1249 1259
f 1237 1259 1235
f 1136 1260 1261
f 1262 1263 1136
f 1136 1263 1264
f 1136 1264 1138
f 1138 1264 1265
f 1138 1265 1215
f 1232 1266 1138
f 1138 1266 1267
f 1138 1267 1134
f 1134 1267 1268
f 1134 1268 1221
f 1258 1269 1270
f 1270 1269 1271
f 1270 1271 1272
f 1256 1273 1133
f 1133 1273 1274
f 1133 1274 1136
f 1136 1274 1275
f 1136 1275 1276
f 1276 1277 1136
f 1136 1277 1278
f 1136 1278 1260
f 1261 1279 1136
f 1136 1279 1280
f 1136 1280 1262
f 1255 1281 1133
f 1133 1281 1282
f 1133 1282 1258
f 1258 1282 1283
f 1258 1283 1269
f 1246 1284 1237
f 1237 1284 1285
f 1237 1285 1272
f 1272 1285 1286
f 1272 1286 1270
f 1276 1167 1277
f 1277 1167 1166
f 1277 1166 1278
f 1278 1166 1165
f 1278 1165 1260
f 1260 1165 1164
f 1260 1164 1261
f 1261 1164 1152
f 1261 1152 1279
f 1279 1152 1151
f 1279 1151 1280
f 1280 1151 1150
f 1280 1150 1262
f 1262 1150 1143
f 1262 1143 1263
f 1263 1143 1142
f 1263 1142 1264
f 1264 1142 1141
f 1264 1141 1265
f 1265 1141 1180
f 1265 1180 1215
f 1215 1180 1179
f 1215 1179 1213
f 1213 1179 1172
f 1213 1172 1214
f 1214 1172 1171
f 1214 1171 1216
f 1216 1171 1170
f 1216 1170 1217
f 1217 1170 1178
f 1217 1178 1218
f 1218 1178 1177
f 1218 1177 1228
f 1228 1177 1176
f 1228 1176 1229
f 1229 1176 1212
f 1229 1212 1230
f 1230 1212 1211
f 1230 1211 1249
f 1249 1211 1210
f 1249 1210 1259
f 1259 1210 1203
f 1259 1203 1235
f 1235 1203 1202
f 1235 1202 1236
f 1236 1202 1201
f 1236 1201 1244
f 1244 1201 1194
f 1244 1194 1245
f 1245 1194 1196
f 1245 1196 1246
f 1246 1196 1197
f 1246 1197 1284
f 1284 1197 1200
f 1284 1200 1285
f 1285 1200 1186
f 1285 1186 1286
f 1286 1186 1188
f 1286 1188 1270
f 1270 1188 1155
f 1270 1155 1258
f 1258 1155 1154
f 1258 1154 1257
f 1257 1154 1160
f 1257 1160 1256
f 1256 1160 1159
f 1256 1159 1273
f 1273 1159 1158
f 1273 1158 1274
f 1274 1158 1169
f 1274 1169 1275
f 1275 1169 1168
f 1275 1168 1276
f 1276 1168 1167
f 1255 1139 1281
f 1281 1139 1175
f 1281 1175 1282
f 1282 1175 1174
f 1282 1174 1283
f 1283 1174 1173
f 1283 1173 1269
f 1269 1173 1153
f 1269 1153 1271
f 1271 1153 1190
f 1271 1190 1272
f 1272 1190 1189
f 1272 1189 1237
f 1237 1189 1187
f 1237 1187 1247
f 1247 1187 1185
f 1247 1185 1248
f 1248 1185 1184
f 1248 1184 1250
f 1250 1184 1195
f 1250 1195 1251
f 1251 1195 1207
f 1251 1207 1252
f 1252 1207 1209
f 1252 1209 1231
f 1231 1209 1208
f 1231 1208 1232
f 1232 1208 1199
f 1232 1199 1266
f 1266 1199 1198
f 1266 1198 1267
f 1267 1198 1206
f 1267 1206 1268
f 1268 1206 1205
f 1268 1205 1221
f 1221 1205 1204
f 1221 1204 1220
f 1220 1204 1193
f 1220 1193 1219
f 1219 1193 1192
f 1219 1192 1222
f 1222 1192 1191
f 1222 1191 1223
f 1223 1191 1183
f 1223 1183 1224
f 1224 1183 1182
f 1224 1182 1225
f 1225 1182 1181
f 1225 1181 1226
f 1226 1181 1157
f 1226 1157 1227
f 1227 1157 1156
f 1227 1156 1233
f 1233 1156 1163
f 1233 1163 1234
f 1234 1163 1162
f 1234 1162 1238
f 1238 1162 1161
f 1238 1161 1239
f 1239 1161 1149
f 1239 1149 1240
f 1240 1149 1148
f 1240 1148 1241
f 1241 1148 1147
f 1241 1147 1242
f 1242 1147 1146
f 1242 1146 1243
f 1243 1146 1145
f 1243 1145 1253
f 1253 1145 1144
f 1253 1144 1254
f 1254 1144 1140
f 1254 1140 1255
f 1255 1140 1139
f 1287 1288 1289
f 1289 1288 1290
f 1291 1287 1292
f 1292 1287 1289
f 1293 1291 1294
f 1294 1291 1292
f 1288 1293 1290
f 1290 1293 1294
f 1287 1295 1296
f 1293 1297 1291
f 1291 1297 1298
f 1291 1298 1299
f 1296 1300 1287
f 1287 1300 1301
f 1287 1301 1302
f 1302 1303 1287
f 1287 1303 1304
f 1287 1304 1305
f 1299 1306 1291
f 1291 1306 1307
f 1291 1307 1308
f 1309 1310 1311
f 1288 1312 1313
f 1314 1315 1287
f 1287 1315 1316
f 1287 1316 1310
f 1305 1317 1287
f 1287 1317 1318
f 1287 1318 1288
f 1288 1318 1319
f 1288 1319 1312
f 1308 1320 1291
f 1291 1320 1321
f 1291 1321 1322
f 1322 1323 1291
f 1291 1323 1324
f 1291 1324 1287
f 1287 1324 1325
f 1287 1325 1314
f 1326 1327 1293
f 1293 1327 1328
f 1309 1329 1310
f 1310 1329 1330
f 1310 1330 1287
f 1287 1330 1331
f 1287 1331 1295
f 1332 1333 1293
f 1293 1333 1334
f 1293 1334 1326
f 1328 1335 1293
f 1293 1335 1336
f 1293 1336 1297
f 1313 1337 1288
f 1288 1337 1338
f 1288 1338 1339
f 1340 1341 1342
f 1342 1341 1343
f 1342 1343 1344
f 1344 1343 1345
f 1344 1345 1311
f 1311 1345 1346
f 1311 1346 1309
f 1339 1347 1288
f 1288 1347 1348
f 1288 1348 1349
f 1350 1351 1352
f 1352 1351 1353
f 1293 1354 1355
f 1340 1342 1351
f 1351 1342 1356
f 1351 1356 1353
f 1350 1357 1351
f 1351 1357 1358
f 1351 1358 1359
f 1349 1360 1288
f 1288 1360 1361
f 1288 1361 1293
f 1293 1361 1362
f 1293 1362 1354
f 1293 1363 1351
f 1355 1364 1293
f 1293 1364 1365
f 1293 1365 1363
f 1359 1366 1351
f 1351 1366 1367
f 1351 1367 1293
f 1293 1367 1368
f 1293 1368 1332
f 1369 1370 1294
f 1369 1294 1371
f 1370 1372 1294
f 1294 1372 1373
f 1294 1373 1374
f 1375 1290 1376
f 1376 1290 1377
f 1375 1378 1290
f 1290 1378 1379
f 1290 1379 1380
f 1380 1381 1290
f 1290 1381 1382
f 1290 1382 1383
f 1374 1384 1294
f 1294 1384 1385
f 1294 1385 1386
f 1387 1388 1294
f 1383 1389 1290
f 1290 1389 1390
f 1290 1390 1289
f 1391 1392 1393
f 1390 1394 1289
f 1289 1394 1395
f 1289 1395 1396
f 1396 1397 1289
f 1289 1397 1398
f 1289 1398 1399
f 1392 1400 1393
f 1393 1400 1401
f 1393 1401 1402
f 1403 1404 1405
f 1405 1404 1406
f 1405 1406 1386
f 1386 1406 1407
f 1386 1407 1294
f 1294 1407 1408
f 1294 1408 1387
f 1399 1409 1289
f 1289 1409 1410
f 1289 1410 1411
f 1412 1289 1413
f 1413 1289 1414
f 1403 1405 1393
f 1393 1405 1415
f 1393 1415 1391
f 1292 1416 1417
f 1418 1419 1292
f 1292 1419 1420
f 1292 1420 1294
f 1294 1420 1421
f 1294 1421 1371
f 1388 1422 1294
f 1294 1422 1423
f 1294 1423 1290
f 1290 1423 1424
f 1290 1424 1377
f 1414 1425 1426
f 1426 1425 1427
f 1426 1427 1428
f 1412 1429 1289
f 1289 1429 1430
f 1289 1430 1292
f 1292 1430 1431
f 1292 1431 1432
f 1432 1433 1292
f 1292 1433 1434
f 1292 1434 1416
f 1417 1435 1292
f 1292 1435 1436
f 1292 1436 1418
f 1411 1437 1289
f 1289 1437 1438
f 1289 1438 1414
f 1414 1438 1439
f 1414 1439 1425
f 1402 1440 1393
f 1393 1440 1441
f 1393 1441 1428
f 1428 1441 1442
f 1428 1442 1426
f 1432 1323 1433
f 1433 1323 1322
f 1433 1322 1434
f 1434 1322 1321
f 1434 1321 1416
f 1416 1321 1320
f 1416 1320 1417
f 1417 1320 1308
f 1417 1308 1435
f 1435 1308 1307
f 1435 1307 1436
f 1436 1307 1306
f 1436 1306 1418
f 1418 1306 1299
f 1418 1299 1419
f 1419 1299 1298
f 1419 1298 1420
f 1420 1298 1297
f 1420 1297 1421
f 1421 1297 1336
f 1421 1336 1371
f 1371 1336 1335
f 1371 1335 1369
f 1369 1335 1328
f 1369 1328 1370
f 1370 1328 1327
f 1370 1327 1372
f 1372 1327 1326
f 1372 1326 1373
f 1373 1326 1334
f 1373 1334 1374
f 1374 1334 1333
f 1374 1333 1384
f 1384 1333 1332
f 1384 1332 1385
f 1385 1332 1368
f 1385 1368 1386
f 1386 1368 1367
f 1386 1367 1405
f 1405 1367 1366
f 1405 1366 1415
f 1415 1366 1359
f 1415 1359 1391
f 1391 1359 1358
f 1391 1358 1392
f 1392 1358 1357
f 1392 1357 1400
f 1400 1357 1350
f 1400 1350 1401
f 1401 1350 1352
f 1401 1352 1402
f 1402 1352 1353
f 1402 1353 1440
f 1440 1353 1356
f 1440 1356 1441
f 1441 1356 1342
f 1441 1342 1442
f 1442 1342 1344
f 1442 1344 1426
f 1426 1344 1311
f 1426 1311 1414
f 1414 1311 1310
f 1414 1310 1413
f 1413 1310 1316
f 1413 1316 1412
f 1412 1316 1315
f 1412 1315 1429
f 1429 1315 1314
f 1429 1314 1430
f 1430 1314 1325
f 1430 1325 1431
f 1431 1325 1324
f 1431 1324 1432
f 1432 1324 1323
f 1411 1295 1437
f 1437 1295 1331
f 1437 1331 1438
f 1438 1331 1330
f 1438 1330 1439
f 1439 1330 1329
f 1439 1329 1425
f 1425 1329 1309
f 1425 1309 1427
f 1427 1309 1346
f 1427 1346 1428
f 1428 1346 1345
f 1428 1345 1393
f 1393 1345 1343
f 1393 1343 1403
f 1403 1343 1341
f 1403 1341 1404
f 1404 1341 1340
f 1404 1340 1406
f 1406 1340 1351
f 1406 1351 1407
f 1407 1351 1363
f 1407 1363 1408
f 1408 1363 1365
f 1408 1365 1387
f 1387 1365 1364
f 1387 1364 1388
f 1388 1364 1355
f 1388 1355 1422
f 1422 1355 1354
f 1422 1354 1423
f 1423 1354 1362
f 1423 1362 1424
f 1424 1362 1361
f 1424 1361 1377
f 1377 1361 1360
f 1377 1360 1376
f 1376 1360 1349
f 1376 1349 1375
f 1375 1349 1348
f 1375 1348 1378
f 1378 1348 1347
f 1378 1347 1379
f 1379 1347 1339
f 1379 1339 1380
f 1380 1339 1338
f 1380 1338 1381
f 1381 1338 1337
f 1381 1337 1382
f 1382 1337 1313
f 1382 1313 1383
f 1383 1313 1312
f 1383 1312 1389
f 1389 1312 1319
f 1389 1319 1390
f 1390 1319 1318
f 1390 1318 1394
f 1394 1318 1317
f 1394 1317 1395
f 1395 1317 1305
f 1395 1305 1396
f 1396 1305 1304
f 1396 1304 1397
f 1397 1304 1303
f 1397 1303 1398
f 1398 1303 1302
f 1398 1302 1399
f 1399 1302 1301
f 1399 1301 1409
f 1409 1301 1300
f 1409 1300 1410
f 1410 1300 1296
f 1410 1296 1411
f 1411 1296 1295
f 1443 1444 1445
f 1445 1444 1446
f 1447 1443 1448
f 1448 1443 1445
f 1449 1447 1450
f 1450 1447 1448
f 1444 1449 1446
f 1446 1449 1450
f 1443 1451 1452
f 1449 1453 1447
f 1447 1453 1454
f 1447 1454 1455
f 1452 1456 1443
f 1443 1456 1457
f 1443 1457 1458
f 1458 1459 1443
f 1443 1459 1460
f 1443 1460 1461
f 1455 1462 1447
f 1447 1462 1463
f 1447 1463 1464
f 1465 1466 1467
f 1444 1468 1469
f 1470 1471 1443
f 1443 1471 1472
f 1443 1472 1466
f 1461 1473 1443
f 1443 1473 1474
f 1443 1474 1444
f 1444 1474 1475
f 1444 1475 1468
f 1464 1476 1447
f 1447 1476 1477
f 1447 1477 1478
f 1478 1479 1447
f 1447 1479 1480
f 1447 1480 1443
f 1443 1480 1481
f 1443 1481 1470
f 1482 1483 1449
f 1449 1483 1484
f 1465 1485 1466
f 1466 1485 1486
f 1466 1486 1443
f 1443 1486 1487
f 1443 1487 1451
f 1488 1489 1449
f 1449 1489 1490
f 1449 1490 1482
f 1484 1491 1449
f 1449 1491 1492
f 1449 1492 1453
f 1469 1493 1444
f 1444 1493 1494
f 1444 1494 1495
f 1496 1497 1498
f 1498 1497 1499
f 1498 1499 1500
f 1500 1499 1501
f 1500 1501 1467
f 1467 1501 1502
f 1467 1502 1465
f 1495 1503 1444
f 1444 1503 1504
f 1444 1504 1505
f 1506 1507 1508
f 1508 1507 1509
f 1449 1510 1511
f 1496 1498 1507
f 1507 1498 1512
f 1507 1512 1509
f 1506 1513 1507
f 1507 1513 1514
f 1507 1514 1515
f 1505 1516 1444
f 1444 1516 1517
f 1444 1517 1449
f 1449 1517 1518
f 1449 1518 1510
f 1449 1519 1507
f 1511 1520 1449
f 1449 1520 1521
f 1449 1521 1519
f 1515 1522 1507
f 1507 1522 1523
f 1507 1523 1449
f 1449 1523 1524
f 1449 1524 1488
f 1525 1526 1450
f 1525 1450 1527
f 1526 1528 1450
f 1450 1528 1529
f 1450 1529 1530
f 1531 1446 1532
f 1532 1446 1533
f 1531 1534 1446
f 1446 1534 1535
f 1446 1535 1536
f 1536 1537 1446
f 1446 1537 1538
f 1446 1538 1539
f 1530 1540 1450
f 1450 1540 1541
f 1450 1541 1542
f 1543 1544 1450
f 1539 1545 1446
f 1446 1545 1546
f 1446 1546 1445
f 1547 1548 1549
f 1546 1550 1445
f 1445 1550 1551
f 1445 1551 1552
f 1552 1553 1445
f 1445 1553 1554
f 1445 1554 1555
f 1548 1556 1549
f 1549 1556 1557
f 1549 1557 1558
f 1559 1560 1561
f 1561 1560 1562
f 1561 1562 1542
f 1542 1562 1563
f 1542 1563 1450
f 1450 1563 1564
f 1450 1564 1543
f 1555 1565 1445
f 1445 1565 1566
f 1445 1566 1567
f 1568 1445 1569
f 1569 1445 1570
f 1559 1561 1549
f 1549 1561 1571
f 1549 1571 1547
f 1448 1572 1573
f 1574 1575 1448
f 1448 1575 1576
f 1448 1576 1450
f 1450 1576 1577
f 1450 1577 1527
f 1544 1578 1450
f 1450 1578 1579
f 1450 1579 1446
f 1446 1579 1580
f 1446 1580 1533
f 1570 1581 1582
f 1582 1581 1583
f 1582 1583 1584
f 1568 1585 1445
f 1445 1585 1586
f 1445 1586 1448
f 1448 1586 1587
f 1448 1587 1588
f 1588 1589 1448
f 1448 1589 1590
f 1448 1590 1572
f 1573 1591 1448
f 1448 1591 1592
f 1448 1592 1574
f 1567 1593 1445
f 1445 1593 1594
f 1445 1594 1570
f 1570 1594 1595
f 1570 1595 1581
f 1558 1596 1549
f 1549 1596 1597
f 1549 1597 1584
f 1584 1597 1598
f 1584 1598 1582
f 1588 1479 1589
f 1589 1479 1478
f 1589 1478 1590
f 1590 1478 1477
f 1590 1477 1572
f 1572 1477 1476
f 1572 1476 1573
f 1573 1476 1464
f 1573 1464 1591
f 1591 1464 1463
f 1591 1463 1592
f 1592 1463 1462
f 1592 1462 1574
f 1574 1462 1455
f 1574 1455 1575
f 1575 1455 1454
f 1575 1454 1576
f 1576 1454 1453
f 1576 1453 1577
f 1577 1453 1492
f 1577 1492 1527
f 1527 1492 1491
f 1527 1491 1525
f 1525 1491 1484
f 1525 1484 1526
f 1526 1484 1483
f 1526 1483 1528
f 1528 1483 1482
f 1528 1482 1529
f 1529 1482 1490
f 1529 1490 1530
f 1530 1490 1489
f 1530 1489 1540
f 1540 1489 1488
f 1540 1488 1541
f 1541 1488 1524
f 1541 1524 1542
f 1542 1524 1523
f 1542 1523 1561
f 1561 1523 1522
f 1561 1522 1571
f 1571 1522 1515
f 1571 1515 1547
f 1547 1515 1514
f 1547 1514 1548
f 1548 1514 1513
f 1548 1513 1556
f 1556 1513 1506
f 1556 1506 1557
f 1557 1506 1508
f 1557 1508 1558
f 1558 1508 1509
f 1558 1509 1596
f 1596 1509 1512
f 1596 1512 1597
f 1597 1512 1498
f 1597 1498 1598
f 1598 1498 1500
f 1598 1500 1582
f 1582 1500 1467
f 1582 1467 1570
f 1570 1467 1466
f 1570 1466 1569
f 1569 1466 1472
f 1569 1472 1568
f 1568 1472 1471
f 1568 1471 1585
f 1585 1471 1470
f 1585 1470 1586
f 1586 1470 1481
f 1586 1481 1587
f 1587 1481 1480
f 1587 1480 1588
f 1588 1480 1479
f 1567 1451 1593
f 1593 1451 1487
f 1593 1487 1594
f 1594 1487 1486
f 1594 1486 1595
f 1595 1486 1485
f 1595 1485 1581
f 1581 1485 1465
f 1581 1465 1583
f 1583 1465 1502
f 1583 1502 1584
f 1584 1502 1501
f 1584 1501 1549
f 1549 1501 1499
f 1549 1499 1559
f 1559 1499 1497
f 1559 1497 1560
f 1560 1497 1496
f 1560 1496 1562
f 1562 1496 1507
f 1562 1507 1563
f 1563 1507 1519
f 1563 1519 1564
f 1564 1519 1521
f 1564 1521 1543
f 1543 1521 1520
f 1543 1520 1544
f 1544 1520 1511
f 1544 1511 1578
f 1578 1511 1510
f 1578 1510 1579
f 1579 1510 1518
f 1579 1518 1580
f 1580 1518 1517
f 1580 1517 1533
f 1533 1517 1516
f 1533 1516 1532
f 1532 1516 1505
f 1532 1505 1531
f 1531 1505 1504
f 1531 1504 1534
f 1534 1504 1503
f 1534 1503 1535
f 1535 1503 1495
f 1535 1495 1536
f 1536 1495 1494
f 1536 1494 1537
f 1537 1494 1493
f 1537 1493 1538
f 1538 1493 1469
f 1538 1469 1539
f 1539 1469 1468
f 1539 1468 1545
f 1545 1468 1475
f 1545 1475 1546
f 1546 1475 1474
f 1546 1474 1550
f 1550 1474 1473
f 1550 1473 1551
f 1551 1473 1461
f 1551 1461 1552
f 1552 1461 1460
f 1552 1460 1553
f 1553 1460 1459
f 1553 1459 1554
f 1554 1459 1458
f 1554 1458 1555
f 1555 1458 1457
f 1555 1457 1565
f 1565 1457 1456
f 1565 1456 1566
f 1566 1456 1452
f 1566 1452 1567
f 1567 1452 1451
f 1599 1600 1601
f 1602 1603 1604
f 1605 1606 1607
f 1608 1609 1610
f 1611 1612 1613
f 1614 1615 1616
f 1617 1618 1619
f 1620 1621 1622
f 1623 1624 1625
f 1626 1601 1627
f 1628 1629 1630
f 1631 1632 1633
f 1634 1635 1636
f 1637 1638 1639
f 1640 1641 1642
f 1643 1644 1645
f 1645 1644 1642
f 1645 1642 1646
f 1646 1642 1641
f 1647 1648 1610
f 1649 1650 1651
f 1651 1650 1652
f 1653 1654 1655
f 1643 1656 1644
f 1644 1656 1657
f 1644 1657 1610
f 1610 1657 1658
f 1610 1658 1647
f 1647 1658 1659
f 1660 1661 1662
f 1663 1664 1654
f 1660 1662 1665
f 1666 1667 1651
f 1651 1667 1668
f 1651 1668 1669
f 1659 1670 1647
f 1647 1670 1671
f 1647 1671 1662
f 1661 1672 1662
f 1662 1672 1673
f 1662 1673 1647
f 1674 1675 1666
f 1666 1675 1676
f 1666 1676 1677
f 1678 1654 1679
f 1679 1654 1680
f 1681 1682 1683
f 1683 1682 1684
f 1685 1686 1687
f 1664 1688 1654
f 1654 1688 1689
f 1654 1689 1680
f 1690 1691 1682
f 1682 1691 1692
f 1682 1692 1684
f 1663 1654 1693
f 1693 1654 1694
f 1693 1694 1695
f 1665 1662 1696
f 1696 1662 1697
f 1696 1697 1698
f 1698 1697 1699
f 1698 1699 1700
f 1652 1701 1651
f 1651 1701 1702
f 1651 1702 1666
f 1666 1702 1703
f 1666 1703 1674
f 1687 1686 1704
f 1704 1686 1705
f 1704 1705 1676
f 1676 1705 1706
f 1676 1706 1677
f 1687 1707 1685
f 1685 1707 1708
f 1685 1708 1709
f 1709 1708 1710
f 1709 1710 1711
f 1711 1710 1712
f 1711 1712 1678
f 1678 1712 1713
f 1678 1713 1654
f 1654 1713 1714
f 1654 1714 1655
f 1715 1716 1655
f 1655 1716 1717
f 1655 1717 1653
f 1700 1699 1695
f 1695 1699 1718
f 1695 1718 1693
f 1669 1719 1651
f 1651 1719 1720
f 1651 1720 1682
f 1682 1720 1721
f 1682 1721 1690
f 1722 1723 1622
f 1724 1725 1622
f 1622 1725 1726
f 1622 1726 1722
f 1727 1728 1729
f 1729 1728 1730
f 1729 1730 1731
f 1732 1733 1734
f 1735 1736 1737
f 1737 1736 1738
f 1738 1739 1737
f 1737 1739 1740
f 1737 1740 1741
f 1742 1724 1743
f 1743 1724 1622
f 1743 1622 1744
f 1744 1622 1621
f 1734 1733 1745
f 1742 1746 1724
f 1724 1746 1747
f 1724 1747 1748
f 1741 1749 1737
f 1737 1749 1750
f 1737 1750 1729
f 1729 1750 1751
f 1729 1751 1727
f 1752 1753 1745
f 1753 1752 1754
f 1754 1752 1755
f 1754 1755 1756
f 1756 1757 1754
f 1754 1757 1758
f 1754 1758 1759
f 1760 1761 1759
f 1759 1761 1762
f 1759 1762 1754
f 1731 1763 1764
f 1764 1763 1765
f 1764 1765 1766
f 1766 1765 1767
f 1764 1768 1731
f 1731 1768 1769
f 1731 1769 1729
f 1729 1769 1770
f 1729 1770 1771
f 1748 1772 1724
f 1724 1772 1773
f 1724 1773 1774
f 1774 1773 1775
f 1774 1775 1776
f 1760 1759 1777
f 1777 1759 1778
f 1777 1778 1779
f 1778 1780 1779
f 1779 1780 1781
f 1779 1781 1782
f 1782 1781 1783
f 1782 1783 1767
f 1767 1783 1784
f 1767 1784 1766
f 1775 1785 1776
f 1776 1785 1786
f 1776 1786 1787
f 1787 1786 1788
f 1787 1788 1789
f 1789 1788 1790
f 1789 1790 1791
f 1791 1790 1792
f 1791 1792 1734
f 1734 1792 1793
f 1734 1793 1732
f 1794 1795 1796
f 1796 1795 1797
f 1796 1797 1798
f 1798 1797 1799
f 1798 1799 1800
f 1801 1802 1803
f 1803 1802 1804
f 1803 1804 1799
f 1799 1804 1805
f 1799 1805 1800
f 1806 1807 1808
f 1808 1807 1809
f 1808 1809 1810
f 1810 1809 1811
f 1810 1811 1812
f 1813 1814 1806
f 1806 1814 1815
f 1806 1815 1807
f 1812 1816 1810
f 1810 1816 1817
f 1810 1817 1818
f 1819 1820 1821
f 1821 1820 1814
f 1821 1814 1822
f 1822 1814 1813
f 1823 1824 1630
f 1825 1826 1827
f 1827 1826 1828
f 1827 1828 1829
f 1830 1831 1832
f 1833 1834 1835
f 1835 1834 1836
f 1835 1836 1837
f 1832 1831 1838
f 1839 1840 1818
f 1818 1840 1841
f 1818 1841 1810
f 1833 1823 1834
f 1834 1823 1630
f 1834 1630 1842
f 1842 1630 1820
f 1842 1820 1843
f 1843 1820 1819
f 1844 1845 1846
f 1846 1847 1844
f 1844 1847 1848
f 1844 1848 1849
f 1850 1851 1852
f 1852 1851 1853
f 1852 1853 1854
f 1849 1855 1844
f 1844 1855 1856
f 1844 1856 1857
f 1839 1818 1858
f 1858 1818 1859
f 1858 1859 1860
f 1860 1859 1861
f 1860 1861 1862
f 1863 1864 1832
f 1850 1852 1836
f 1836 1852 1865
f 1836 1865 1837
f 1866 1867 1857
f 1857 1867 1868
f 1857 1868 1844
f 1864 1869 1832
f 1832 1869 1870
f 1832 1870 1830
f 1829 1871 1872
f 1872 1871 1831
f 1831 1871 1873
f 1831 1873 1838
f 1829 1872 1827
f 1827 1872 1874
f 1827 1874 1861
f 1861 1874 1875
f 1861 1875 1862
f 1876 1877 1844
f 1844 1877 1878
f 1879 1880 1881
f 1863 1832 1882
f 1882 1832 1883
f 1882 1883 1884
f 1884 1883 1845
f 1884 1845 1885
f 1879 1881 1886
f 1880 1879 1887
f 1887 1879 1888
f 1887 1888 1844
f 1844 1888 1889
f 1844 1889 1876
f 1878 1890 1844
f 1844 1890 1891
f 1844 1891 1845
f 1845 1891 1892
f 1845 1892 1885
f 1853 1893 1854
f 1854 1893 1894
f 1854 1894 1895
f 1895 1894 1886
f 1895 1886 1896
f 1896 1886 1881
f 1633 1897 1898
f 1899 1900 1639
f 1901 1902 1633
f 1903 1904 1905
f 1906 1907 1908
f 1908 1907 1909
f 1908 1909 1910
f 1910 1909 1911
f 1912 1913 1914
f 1914 1913 1915
f 1914 1915 1916
f 1916 1915 1917
f 1916 1917 1918
f 1918 1917 1919
f 1904 1920 1905
f 1905 1920 1921
f 1905 1921 1922
f 1922 1921 1923
f 1922 1923 1924
f 1638 1925 1639
f 1639 1925 1926
f 1639 1926 1899
f 1899 1926 1927
f 1899 1927 1928
f 1924 1929 1922
f 1922 1929 1930
f 1922 1930 1931
f 1931 1930 1932
f 1931 1932 1933
f 1928 1934 1899
f 1899 1934 1935
f 1899 1935 1936
f 1936 1935 1937
f 1919 1938 1918
f 1918 1938 1939
f 1918 1939 1633
f 1633 1939 1940
f 1633 1940 1901
f 1906 1941 1907
f 1907 1941 1942
f 1907 1942 1905
f 1905 1942 1943
f 1905 1943 1903
f 1902 1944 1633
f 1633 1944 1945
f 1633 1945 1946
f 1947 1948 1949
f 1949 1948 1950
f 1949 1950 1951
f 1952 1953 1954
f 1954 1953 1955
f 1954 1955 1932
f 1932 1955 1956
f 1932 1956 1933
f 1946 1957 1633
f 1633 1957 1958
f 1633 1958 1897
f 1897 1958 1949
f 1897 1949 1959
f 1959 1949 1951
f 1954 1960 1952
f 1952 1960 1961
f 1952 1961 1949
f 1949 1961 1962
f 1949 1962 1947
f 1911 1963 1910
f 1910 1963 1964
f 1910 1964 1965
f 1965 1964 1966
f 1965 1966 1935
f 1935 1966 1967
f 1935 1967 1937
f 1968 1969 1970
f 1970 1969 1971
f 1970 1971 1972
f 1972 1971 1973
f 1973 1974 1972
f 1972 1974 1975
f 1972 1975 1976
f 1976 1975 1977
f 1976 1977 1978
f 1978 1977 1979
f 1912 1914 1980
f 1980 1914 1981
f 1980 1981 1982
f 1982 1983 1980
f 1980 1983 1984
f 1980 1984 1979
f 1979 1984 1985
f 1979 1985 1978
f 1986 1987 1988
f 1989 1990 1991
f 1992 1993 1994
f 1995 1996 1997
f 1991 1990 1998
f 1998 1990 1999
f 1998 1999 1997
f 1857 2000 1866
f 1866 2000 2001
f 1866 2001 2002
f 2003 2004 2005
f 2006 2007 1994
f 2008 2009 2010
f 2010 2009 1989
f 2010 1989 2011
f 2011 1989 1991
f 2001 2012 2002
f 2002 2012 2013
f 2002 2013 2014
f 2015 2002 2016
f 2016 2002 2017
f 2018 2019 2020
f 2020 2019 2021
f 2020 2021 2022
f 1601 1626 2023
f 2024 2025 2026
f 2026 2025 2027
f 2026 2027 2028
f 2007 2029 1994
f 1994 2029 2030
f 1994 2030 2025
f 2025 2030 2031
f 2025 2031 2027
f 2014 2032 2002
f 2002 2032 2033
f 2002 2033 2009
f 2009 2033 2034
f 2009 2034 1989
f 2015 2035 2002
f 2002 2035 2036
f 2002 2036 1866
f 1866 2036 2037
f 1866 2037 1867
f 2017 2002 2038
f 2038 2002 2039
f 2038 2039 2040
f 1626 2041 2023
f 2023 2041 2042
f 2023 2042 2043
f 2044 2045 2046
f 2046 2045 2047
f 2044 2048 2045
f 2045 2048 2049
f 2045 2049 1988
f 1988 2049 1601
f 1988 1601 2003
f 2003 1601 2023
f 2050 2051 2052
f 1997 1999 1995
f 1995 1999 2053
f 1995 2053 1994
f 1994 2053 2054
f 1994 2054 1992
f 1993 2055 1994
f 1994 2055 2056
f 1994 2056 1921
f 1921 2056 2057
f 1921 2057 1923
f 2022 2021 2058
f 2058 2021 2059
f 2058 2059 2060
f 2060 2059 2040
f 2060 2040 2061
f 2061 2040 2039
f 2061 2039 2062
f 2043 2063 2023
f 2023 2063 2064
f 2023 2064 2019
f 2019 2064 2065
f 2019 2065 2021
f 2052 2051 2045
f 2045 2051 2066
f 2045 2066 2047
f 2028 2027 2067
f 2067 2027 2068
f 2067 2068 2069
f 2069 2068 2050
f 2069 2050 2070
f 2070 2050 2052
f 2070 2052 2071
f 1920 2072 1921
f 1921 2072 2073
f 1921 2073 1994
f 1994 2073 2074
f 1994 2074 2006
f 2005 2075 2003
f 2003 2075 2076
f 2003 2076 1988
f 1988 2076 2077
f 1988 2077 1986
f 2078 2079 2080
f 2079 2081 2080
f 2080 2081 2082
f 2080 2082 2083
f 2078 2080 2084
f 2084 2080 2085
f 2084 2085 2086
f 2087 1639 1970
f 1970 1639 1900
f 1970 1900 1968
f 2087 1634 1639
f 1639 1634 1636
f 1639 1636 1637
f 1637 1636 2084
f 1637 2084 2088
f 2088 2084 2086
f 1898 2089 1633
f 1633 2089 2090
f 1633 2090 1631
f 1631 2090 2091
f 1631 2091 2092
f 2093 2094 2095
f 2096 2097 2098
f 2090 2099 2091
f 2091 2099 2095
f 2091 2095 2100
f 2100 2095 2094
f 2096 2098 2101
f 2101 2098 2095
f 2095 2098 2102
f 2095 2102 2093
f 1827 2103 1825
f 1825 2103 2104
f 1825 2104 2105
f 2105 2104 2106
f 2106 2107 2105
f 2105 2107 2108
f 2105 2108 2109
f 2110 2111 2112
f 2112 2113 2110
f 2110 2113 2114
f 2110 2114 2105
f 2109 2115 2105
f 2105 2115 2116
f 2105 2116 2110
f 2117 1820 2118
f 2118 1820 1630
f 2118 1630 2119
f 2119 1630 1629
f 1824 2120 1630
f 1630 2120 2121
f 1630 2121 1628
f 1628 2121 2122
f 2122 2123 1628
f 1628 2123 2124
f 1628 2124 2125
f 2125 2124 2126
f 2127 2128 2129
f 2124 2130 2126
f 2126 2130 2127
f 2126 2127 2131
f 2131 2127 2129
f 2132 2133 2134
f 2135 2136 2137
f 2138 2139 2140
f 2141 2142 2143
f 1601 1600 1627
f 1627 1600 2144
f 1627 2144 2145
f 2145 2144 2146
f 2145 2146 2147
f 2147 2146 2148
f 2147 2148 2149
f 2139 2150 2140
f 2140 2150 2151
f 2140 2151 2152
f 2152 2151 2153
f 2154 2155 2156
f 2157 2158 2159
f 2159 2158 2160
f 2159 2160 2133
f 2133 2160 2161
f 2133 2161 2134
f 2136 2135 2151
f 2151 2135 2162
f 2151 2162 2153
f 2163 2164 2159
f 2159 2164 2165
f 2159 2165 2157
f 2138 2140 2156
f 2156 2140 2166
f 2156 2166 2154
f 2167 2168 2169
f 2169 2168 2163
f 2170 2171 2172
f 2172 2171 2149
f 2172 2149 2173
f 2173 2149 2148
f 2174 2175 2176
f 2176 2175 2177
f 2176 2177 2178
f 2142 2179 2143
f 2143 2179 2180
f 2143 2180 2181
f 2181 2180 2182
f 2181 2182 2134
f 2134 2182 2183
f 2134 2183 2132
f 2141 2143 2184
f 2184 2143 2185
f 2184 2185 2170
f 2170 2185 2186
f 2170 2186 2171
f 2137 2187 2135
f 2135 2187 2188
f 2135 2188 2189
f 2189 2188 2190
f 2189 2190 2191
f 2191 2190 2192
f 2191 2192 2193
f 2193 2192 2194
f 2193 2194 2195
f 2195 2194 2196
f 2195 2196 2174
f 2174 2196 2197
f 2174 2197 2175
f 2163 2159 2169
f 2169 2159 2198
f 2169 2198 2199
f 2199 2198 2200
f 2199 2200 2156
f 2201 2202 2203
f 2204 2205 2201
f 2201 2205 2206
f 2201 2206 2207
f 2203 2208 2201
f 2201 2208 2209
f 2201 2209 2204
f 2210 1623 2169
f 2169 1623 1625
f 2169 1625 2167
f 2167 1625 2201
f 2167 2201 2211
f 2211 2201 2207
f 2212 2213 2199
f 2199 2213 2214
f 2199 2214 2215
f 2155 2216 2156
f 2156 2216 2217
f 2156 2217 2199
f 2199 2217 2218
f 2199 2218 2212
f 2212 2218 2219
f 2212 2219 2220
f 2221 2222 2219
f 2223 2224 2225
f 2222 2226 2219
f 2219 2226 2227
f 2219 2227 2220
f 2221 2219 2225
f 2225 2219 2228
f 2225 2228 2223
f 2229 2230 2231
f 2232 2233 1606
f 2234 2235 2236
f 2237 2238 2239
f 2239 2238 2240
f 2239 2240 2241
f 2242 2243 2231
f 2231 2243 2244
f 2245 2246 2247
f 2247 2246 2248
f 2247 2248 2249
f 2242 2231 2250
f 2250 2231 2251
f 2250 2251 2252
f 2253 2254 2236
f 2255 2256 2257
f 2258 2259 2260
f 2261 2262 2230
f 2230 2262 2263
f 2230 2263 2264
f 2244 2265 2231
f 2231 2265 2266
f 2231 2266 2229
f 2229 2266 2267
f 2229 2267 2178
f 2249 2248 2268
f 2268 2248 2269
f 2268 2269 2270
f 2270 2269 2252
f 2270 2252 2271
f 2271 2252 2251
f 2271 2251 2272
f 2254 2273 2236
f 2236 2273 2274
f 2236 2274 2246
f 2246 2274 2275
f 2246 2275 2248
f 2257 2256 2236
f 2236 2256 2276
f 2236 2276 2234
f 2241 2240 2277
f 2277 2240 2278
f 2277 2278 2279
f 2279 2278 2255
f 2279 2255 2280
f 2280 2255 2257
f 2280 2257 2281
f 2260 2282 2283
f 2284 2285 2286
f 2286 2285 2287
f 2286 2287 2288
f 2289 2290 2291
f 2232 2292 2293
f 2293 2294 2232
f 2232 2294 2295
f 2232 2295 2285
f 2285 2295 2296
f 2285 2296 2287
f 2297 2298 2233
f 2233 2298 2299
f 2235 2300 2236
f 2236 2300 2301
f 2236 2301 1752
f 1752 2301 2302
f 1752 2302 1755
f 2291 2290 2260
f 2260 2290 2303
f 2260 2303 2282
f 2288 2287 2304
f 2304 2287 2305
f 2304 2305 2306
f 2306 2305 2289
f 2306 2289 2307
f 2307 2289 2291
f 2307 2291 2308
f 1606 1605 2232
f 2232 1605 2309
f 2232 2309 2292
f 1745 1733 1752
f 1752 1733 2310
f 1752 2310 2236
f 2236 2310 2311
f 2236 2311 2253
f 1655 2312 1715
f 1715 2312 2313
f 1715 2313 2260
f 2260 2313 2314
f 2260 2314 2258
f 2259 2315 2260
f 2260 2315 2316
f 2260 2316 2238
f 2238 2316 2317
f 2238 2317 2240
f 2283 2318 2260
f 2260 2318 2319
f 2260 2319 1715
f 1715 2319 2320
f 1715 2320 1716
f 2321 2322 2323
f 2323 2322 2324
f 2321 2325 2322
f 2322 2325 2326
f 2322 2326 2327
f 2327 2326 2328
f 2329 1622 1803
f 1803 1622 1723
f 1803 1723 1801
f 2329 1617 1622
f 1622 1617 1619
f 1622 1619 1620
f 1620 1619 2330
f 1620 2330 2322
f 2322 2330 2331
f 2322 2331 2324
f 2332 2333 1737
f 1737 2333 2334
f 2334 2335 1737
f 1737 2335 2336
f 1737 2336 1735
f 1735 2336 2337
f 1735 2337 1794
f 1794 2337 2338
f 1794 2338 1795
f 2339 2340 1614
f 2339 1614 1729
f 1729 1614 1616
f 1729 1616 1737
f 1737 1616 2341
f 1737 2341 2332
f 1771 2342 1729
f 1729 2342 2343
f 1729 2343 2339
f 2339 2343 2344
f 2339 2344 2345
f 2344 2346 2345
f 2345 2346 2347
f 2345 2347 2348
f 2348 2349 2345
f 2345 2349 2350
f 2345 2350 2351
f 2351 2352 2345
f 2345 2352 2353
f 2345 2353 2354
f 2355 2356 2357
f 2358 2359 2355
f 2355 2359 2360
f 2355 2360 2361
f 2357 2362 2355
f 2355 2362 2363
f 2355 2363 2358
f 1651 2364 2365
f 2365 1611 1651
f 1651 1611 1613
f 1651 1613 1649
f 1649 1613 2355
f 1649 2355 2366
f 2366 2355 2361
f 2364 1651 2367
f 2367 1651 1682
f 2367 1682 2368
f 2369 2370 1682
f 1682 2370 2371
f 1682 2371 2368
f 1642 2372 1640
f 1640 2372 2373
f 1640 2373 2374
f 2374 2373 2375
f 2374 2375 1681
f 1681 2375 2376
f 1681 2376 1682
f 1682 2376 2377
f 1682 2377 2369
f 2378 1644 2379
f 2379 1644 1610
f 2379 1610 2380
f 2380 1610 1609
f 2381 2382 2383
f 1648 2384 1610
f 1610 2384 2385
f 1610 2385 1608
f 1608 2385 2383
f 1608 2383 2386
f 2386 2383 2382
f 2381 2383 2387
f 2387 2383 2388
f 2387 2388 2389
f 2389 2390 2387
f 2387 2390 2391
f 2387 2391 2392
f 2393 2394 2395
f 2396 2397 2398
f 1606 2399 1607
f 1607 2399 2400
f 1607 2400 2401
f 2401 2400 2402
f 2401 2402 2403
f 2403 2402 2404
f 2403 2404 2405
f 2406 2407 2408
f 2409 2410 2411
f 2411 2410 2412
f 2411 2412 2413
f 2413 2414 2411
f 2411 2414 2415
f 2411 2415 2394
f 2394 2415 2416
f 2394 2416 2395
f 2417 2418 2419
f 2419 2418 2405
f 2419 2405 2420
f 2420 2405 2404
f 2421 2422 2423
f 2423 2422 2409
f 2424 2425 2426
f 2426 2425 2427
f 2426 2427 2428
f 2428 2429 2426
f 2426 2429 2430
f 2426 2430 2406
f 2406 2430 2431
f 2406 2431 2407
f 2397 2432 2398
f 2398 2432 2433
f 2398 2433 2434
f 2434 2433 2435
f 2434 2435 2395
f 2395 2435 2436
f 2395 2436 2393
f 2396 2398 2437
f 2437 2398 2438
f 2437 2438 2417
f 2417 2438 2439
f 2417 2439 2418
f 2426 2440 2424
f 2424 2440 2441
f 2424 2441 2442
f 2443 2444 2049
f 2442 2445 2424
f 2424 2445 2446
f 2424 2446 2447
f 2409 2411 2423
f 2423 2411 2448
f 2423 2448 2449
f 2449 2448 2450
f 2449 2450 2406
f 2048 2451 2049
f 2049 2451 2452
f 2049 2452 2443
f 2443 2452 2453
f 2443 2453 2454
f 2454 2453 2455
f 2447 2456 2424
f 2424 2456 2457
f 2424 2457 2458
f 2458 2457 2459
f 2458 2459 2460
f 2460 2459 2461
f 2460 2461 2462
f 2462 2461 2463
f 2462 2463 2455
f 2455 2463 2464
f 2455 2464 2454
f 2465 2466 2421
f 2421 2466 2467
f 2421 2467 2468
f 2468 2469 2421
f 2421 2469 2470
f 2421 2470 2471
f 2471 2470 2472
f 2473 2474 2470
f 2470 2474 2475
f 2470 2475 2472
f 2421 2423 2465
f 2465 2423 2476
f 2465 2476 2477
f 2478 2479 2449
f 2449 2479 2480
f 2449 2480 1602
f 2481 2478 2482
f 2482 2478 2483
f 2408 2484 2406
f 2406 2484 2485
f 2406 2485 2449
f 2449 2485 2486
f 2449 2486 2478
f 2478 2486 2487
f 2478 2487 2483
f 2488 2489 2490
f 2490 2489 2491
f 2490 2491 2492
f 2492 2491 2482
f 2482 2491 2493
f 2482 2493 2481
f 2178 2177 2229
f 2229 2177 2494
f 2229 2494 2495
f 2496 2497 1606
f 1606 2497 2498
f 1606 2498 2399
f 2495 2499 2229
f 2229 2499 2500
f 2229 2500 2501
f 2502 2503 1606
f 1606 2503 2504
f 1606 2504 2496
f 2501 2502 2229
f 2229 2502 1606
f 2229 1606 2230
f 2230 1606 2233
f 2230 2233 2261
f 2261 2233 2299
f 2444 2505 2049
f 2049 2505 2506
f 2049 2506 2507
f 2508 2509 1601
f 1601 2509 2510
f 1601 2510 1599
f 2507 2511 2049
f 2049 2511 2512
f 2049 2512 1601
f 1601 2512 2513
f 1601 2513 2508
f 1602 1604 2449
f 2449 1604 2514
f 2449 2514 2423
f 2423 2514 2515
f 2423 2515 2476
f 2210 2169 2516
f 2516 2169 2199
f 2516 2199 2517
f 2517 2199 2215
f 2517 2215 2518
f 2519 2520 2521
f 2522 2523 2524
f 2525 2526 2527
f 2528 2529 2530
f 2531 2532 2533
f 2534 2535 2536
f 2537 2538 2539
f 2540 2541 2542
f 2543 2544 2545
f 2546 2547 2548
f 2549 2550 2551
f 2552 2553 2554
f 2555 2556 2557
f 2558 2559 2560
f 2561 2562 2563
f 2563 2562 2564
f 2563 2564 2565
f 2565 2566 2567
f 2567 2566 2568
f 2548 2569 2570
f 2571 2572 2573
f 2574 2575 2576
f 2571 2573 2577
f 2568 2578 2567
f 2567 2578 2573
f 2567 2573 2579
f 2579 2573 2572
f 2576 2580 2574
f 2574 2580 2581
f 2574 2581 2582
f 2583 2584 2585
f 2585 2584 2586
f 2586 2587 2585
f 2585 2587 2588
f 2585 2588 2589
f 2590 2591 2592
f 2592 2591 2593
f 2592 2593 2594
f 2594 2593 2595
f 2594 2595 2596
f 2596 2595 2574
f 2596 2574 2597
f 2597 2574 2582
f 2573 2598 2577
f 2577 2598 2599
f 2577 2599 2600
f 2600 2599 2601
f 2600 2601 2590
f 2590 2601 2602
f 2590 2602 2591
f 2603 2604 2605
f 2605 2604 2606
f 2605 2606 2607
f 2608 2609 2610
f 2589 2611 2585
f 2585 2611 2612
f 2585 2612 2548
f 2548 2612 2613
f 2614 2615 2616
f 2608 2610 2617
f 2618 2619 2620
f 2616 2621 2614
f 2614 2621 2622
f 2614 2622 2618
f 2618 2622 2623
f 2618 2623 2619
f 2615 2614 2610
f 2610 2614 2624
f 2610 2624 2617
f 2603 2605 2574
f 2574 2605 2625
f 2574 2625 2575
f 2575 2625 2626
f 2575 2626 2627
f 2627 2626 2628
f 2627 2628 2629
f 2620 2569 2618
f 2618 2569 2548
f 2618 2548 2630
f 2630 2548 2613
f 2609 2631 2610
f 2610 2631 2632
f 2610 2632 2629
f 2629 2632 2633
f 2629 2633 2627
f 2567 2634 2635
f 2636 2637 2638
f 2638 2637 2639
f 2638 2639 2640
f 2640 2639 2641
f 2640 2641 2642
f 2634 2643 2635
f 2635 2643 2644
f 2635 2644 2641
f 2641 2644 2645
f 2641 2645 2642
f 2646 2647 2648
f 2649 2650 2651
f 2651 2650 2648
f 2651 2648 2652
f 2652 2648 2647
f 2653 2654 2542
f 2655 2656 2657
f 2658 2659 2656
f 2660 2653 2661
f 2661 2653 2542
f 2661 2542 2662
f 2662 2542 2650
f 2662 2650 2663
f 2663 2650 2649
f 2659 2664 2656
f 2656 2664 2665
f 2656 2665 2666
f 2666 2667 2656
f 2656 2667 2668
f 2656 2668 2669
f 2660 2661 2670
f 2670 2661 2671
f 2670 2671 2672
f 2673 2674 2675
f 2675 2674 2676
f 2677 2678 2679
f 2679 2678 2670
f 2679 2670 2680
f 2680 2670 2672
f 2681 2682 2683
f 2684 2685 2686
f 2686 2685 2687
f 2687 2688 2686
f 2686 2688 2689
f 2686 2689 2690
f 2655 2657 2691
f 2691 2657 2692
f 2691 2692 2693
f 2656 2694 2658
f 2658 2694 2695
f 2658 2695 2696
f 2696 2695 2697
f 2695 2698 2697
f 2697 2698 2699
f 2697 2699 2700
f 2700 2699 2701
f 2700 2701 2679
f 2679 2701 2702
f 2679 2702 2677
f 2703 2704 2675
f 2675 2704 2705
f 2675 2705 2686
f 2686 2705 2706
f 2686 2706 2684
f 2676 2707 2675
f 2675 2707 2708
f 2675 2708 2703
f 2703 2708 2709
f 2703 2709 2682
f 2682 2709 2710
f 2682 2710 2683
f 2711 2712 2683
f 2683 2712 2713
f 2683 2713 2714
f 2711 2715 2712
f 2712 2715 2716
f 2712 2716 2717
f 2714 2718 2683
f 2683 2718 2719
f 2683 2719 2681
f 2716 2720 2717
f 2717 2720 2721
f 2717 2721 2722
f 2722 2721 2723
f 2722 2723 2724
f 2724 2723 2725
f 2724 2725 2669
f 2669 2725 2726
f 2669 2726 2656
f 2656 2726 2727
f 2656 2727 2657
f 2728 2729 2730
f 2527 2731 2732
f 2733 2734 2729
f 2729 2734 2735
f 2729 2735 2730
f 2736 2737 2738
f 2739 2740 2741
f 2741 2740 2742
f 2743 2744 2745
f 2745 2744 2746
f 2745 2746 2733
f 2730 2747 2728
f 2728 2747 2748
f 2728 2748 2749
f 2749 2748 2750
f 2749 2750 2751
f 2752 2753 2754
f 2755 2756 2757
f 2757 2756 2758
f 2757 2758 2759
f 2759 2758 2760
f 2759 2760 2761
f 2761 2760 2762
f 2763 2764 2740
f 2740 2764 2765
f 2740 2765 2742
f 2754 2766 2752
f 2752 2766 2767
f 2752 2767 2768
f 2768 2769 2752
f 2752 2769 2770
f 2752 2770 2771
f 2752 2772 2753
f 2753 2772 2773
f 2753 2773 2774
f 2740 2775 2763
f 2763 2775 2776
f 2763 2776 2777
f 2778 2779 2750
f 2750 2779 2780
f 2750 2780 2751
f 2781 2739 2782
f 2782 2739 2783
f 2782 2783 2770
f 2770 2783 2784
f 2770 2784 2771
f 2785 2786 2740
f 2740 2786 2787
f 2740 2787 2788
f 2789 2527 2790
f 2790 2527 2761
f 2790 2761 2791
f 2791 2761 2762
f 2774 2731 2753
f 2753 2731 2527
f 2753 2527 2792
f 2792 2527 2789
f 2738 2793 2736
f 2736 2793 2794
f 2736 2794 2778
f 2778 2794 2795
f 2778 2795 2779
f 2781 2796 2739
f 2739 2796 2797
f 2739 2797 2740
f 2740 2797 2798
f 2740 2798 2785
f 2736 2799 2737
f 2737 2799 2800
f 2737 2800 2787
f 2787 2800 2801
f 2787 2801 2788
f 2729 2802 2803
f 2804 2805 2806
f 2806 2805 2807
f 2806 2807 2808
f 2808 2807 2809
f 2808 2809 2810
f 2811 2812 2813
f 2813 2812 2814
f 2813 2814 2804
f 2804 2814 2815
f 2804 2815 2805
f 2755 2757 2813
f 2813 2757 2816
f 2813 2816 2811
f 2802 2817 2803
f 2803 2817 2818
f 2803 2818 2809
f 2809 2818 2819
f 2809 2819 2810
f 2820 2821 2822
f 2823 2824 2825
f 2825 2824 2822
f 2825 2822 2826
f 2826 2822 2821
f 2827 2828 2829
f 2829 2828 2830
f 2829 2830 2831
f 2822 2832 2820
f 2820 2832 2833
f 2820 2833 2834
f 2834 2833 2835
f 2834 2835 2829
f 2829 2835 2836
f 2829 2836 2827
f 2837 2838 2839
f 2839 2838 2840
f 2839 2840 2841
f 2823 2842 2824
f 2824 2842 2843
f 2824 2843 2524
f 2524 2843 2844
f 2524 2844 2845
f 2846 2847 2831
f 2831 2847 2848
f 2831 2848 2829
f 2849 2850 2839
f 2851 2852 2853
f 2854 2855 2856
f 2856 2855 2857
f 2856 2857 2858
f 2858 2857 2859
f 2858 2859 2860
f 2861 2862 2863
f 2846 2831 2864
f 2864 2831 2865
f 2864 2865 2866
f 2866 2865 2867
f 2866 2867 2868
f 2869 2845 2870
f 2870 2845 2871
f 2870 2871 2872
f 2873 2524 2874
f 2874 2524 2845
f 2874 2845 2875
f 2875 2845 2869
f 2854 2876 2855
f 2855 2876 2877
f 2855 2877 2852
f 2852 2877 2878
f 2852 2878 2853
f 2879 2880 2860
f 2860 2880 2881
f 2860 2881 2858
f 2879 2860 2882
f 2882 2860 2883
f 2882 2883 2884
f 2885 2886 2839
f 2839 2886 2887
f 2839 2887 2849
f 2850 2888 2839
f 2839 2888 2889
f 2839 2889 2867
f 2867 2889 2890
f 2867 2890 2868
f 2853 2891 2851
f 2851 2891 2892
f 2851 2892 2893
f 2893 2892 2894
f 2893 2894 2895
f 2841 2896 2863
f 2863 2896 2897
f 2863 2897 2861
f 2841 2863 2839
f 2839 2863 2898
f 2839 2898 2885
f 2895 2894 2899
f 2899 2894 2900
f 2899 2900 2872
f 2872 2900 2901
f 2872 2901 2870
f 2862 2902 2863
f 2863 2902 2903
f 2863 2903 2904
f 2903 2905 2904
f 2904 2905 2906
f 2904 2906 2907
f 2907 2906 2908
f 2907 2908 2909
f 2909 2908 2882
f 2909 2882 2910
f 2910 2882 2884
f 2911 2912 2913
f 2914 2915 2916
f 2916 2917 2918
f 2919 2920 2921
f 2921 2920 2922
f 2921 2922 2923
f 2924 2925 2926
f 2927 2928 2521
f 2521 2928 2929
f 2521 2929 2930
f 2931 2932 2933
f 2934 2935 2936
f 2936 2935 2937
f 2936 2937 2938
f 2938 2937 2939
f 2939 2937 2940
f 2939 2940 2941
f 2941 2940 2942
f 2941 2942 2913
f 2926 2925 2916
f 2916 2925 2943
f 2916 2943 2917
f 2923 2922 2944
f 2944 2922 2945
f 2944 2945 2946
f 2946 2945 2924
f 2946 2924 2947
f 2947 2924 2926
f 2947 2926 2948
f 2928 2949 2929
f 2929 2949 2950
f 2929 2950 2951
f 2952 2953 2932
f 2932 2953 2954
f 2932 2954 2955
f 2933 2956 2957
f 2958 2959 2960
f 2881 2961 2858
f 2858 2961 2962
f 2858 2962 2916
f 2916 2962 2963
f 2916 2963 2914
f 2915 2964 2916
f 2916 2964 2965
f 2916 2965 2935
f 2935 2965 2966
f 2935 2966 2937
f 2951 2967 2929
f 2929 2967 2968
f 2929 2968 2920
f 2920 2968 2969
f 2920 2969 2922
f 2957 2956 2970
f 2959 2971 2960
f 2960 2971 2972
f 2960 2972 2973
f 2960 2974 2975
f 2975 2976 2960
f 2960 2976 2977
f 2960 2977 2978
f 2978 2977 2979
f 2978 2979 2777
f 2918 2980 2916
f 2916 2980 2981
f 2916 2981 2858
f 2858 2981 2982
f 2858 2982 2856
f 2983 2984 2973
f 2985 2983 2986
f 2986 2983 2973
f 2986 2973 2987
f 2987 2973 2972
f 2985 2986 2988
f 2988 2986 2989
f 2988 2989 2990
f 2990 2989 2970
f 2990 2970 2991
f 2991 2970 2956
f 2991 2956 2992
f 2913 2942 2911
f 2911 2942 2993
f 2911 2993 2960
f 2960 2993 2994
f 2960 2994 2974
f 2995 2996 2930
f 2930 2996 2997
f 2930 2997 2952
f 2957 2998 2933
f 2933 2998 2999
f 2933 2999 3000
f 3000 3001 2933
f 2933 3001 3002
f 2933 3002 2931
f 2777 2776 2978
f 2978 2776 3003
f 2978 3003 2960
f 2960 3003 3004
f 2960 3004 2958
f 3005 3006 3007
f 3007 3006 3008
f 3007 3008 3009
f 3010 3011 3012
f 3012 3011 3013
f 3012 3013 3014
f 3015 3016 3017
f 2521 2520 2927
f 2927 2520 3018
f 2927 3018 3019
f 3019 3018 3020
f 3019 3020 3021
f 3021 3020 3022
f 3021 3022 3023
f 3024 3025 3026
f 3026 3025 3023
f 3026 3023 3027
f 3027 3023 3022
f 3009 3028 3007
f 3007 3028 3029
f 3007 3029 3030
f 3007 3031 3005
f 3005 3031 3032
f 3005 3032 3033
f 3032 3034 3033
f 3033 3034 3035
f 3033 3035 3036
f 3037 3038 3012
f 3012 3038 3039
f 3012 3039 3010
f 3040 3041 3042
f 3042 3041 3043
f 3040 3042 3013
f 3013 3042 3044
f 3013 3044 3014
f 3045 3046 3047
f 3048 3049 3050
f 3050 3049 3037
f 3037 3012 3050
f 3050 3012 3051
f 3050 3051 3052
f 3052 3051 3053
f 3052 3053 3033
f 3016 3054 3017
f 3017 3054 3055
f 3017 3055 3043
f 3043 3055 3056
f 3043 3056 3042
f 3015 3017 3057
f 3057 3017 3058
f 3057 3058 3024
f 3024 3058 3059
f 3024 3059 3025
f 3047 3046 3060
f 3060 3046 3061
f 3060 3061 3062
f 3062 3061 3063
f 3063 3061 3064
f 3063 3064 3065
f 3065 3064 3066
f 3065 3066 3067
f 3067 3066 3068
f 3067 3068 3069
f 3069 3068 3070
f 3069 3070 3071
f 3071 3070 3072
f 3071 3072 3030
f 3030 3072 3073
f 3030 3073 3007
f 3074 3075 3076
f 3077 3078 3079
f 3079 3078 3080
f 3076 3081 3074
f 3074 3081 3080
f 3074 3080 3082
f 3082 3080 3078
f 3083 2558 3050
f 3050 2558 2560
f 3050 2560 3048
f 3048 2560 3075
f 3048 3075 3084
f 3084 3075 3074
f 3085 3086 3052
f 3052 3086 3087
f 3036 3088 3033
f 3033 3088 3089
f 3033 3089 3052
f 3052 3089 3090
f 3052 3090 3085
f 3085 3090 3091
f 3092 3093 3091
f 3091 3093 3094
f 3091 3094 3095
f 3096 3097 3091
f 3091 3097 3098
f 3091 3098 3085
f 3095 3099 3091
f 3091 3099 3100
f 3091 3100 3096
f 3101 3102 2538
f 3103 3104 3105
f 3106 3107 3108
f 3108 3107 3109
f 3108 3109 3110
f 3111 3112 3113
f 3110 3109 3114
f 3114 3109 3115
f 3114 3115 3116
f 3116 3115 3117
f 3116 3117 3105
f 3118 3119 3120
f 3119 3121 3120
f 3120 3121 3122
f 3120 3122 3107
f 3107 3122 3123
f 3107 3123 3109
f 3124 3125 3120
f 3120 3125 3126
f 3124 3120 3127
f 3127 3120 3128
f 3127 3128 3129
f 3130 3131 3112
f 3112 3131 3132
f 3112 3132 3133
f 3134 3135 3113
f 3135 3136 3113
f 3113 3136 3137
f 3113 3137 3111
f 3111 3137 3138
f 3111 3138 3045
f 3126 3139 3120
f 3120 3139 3140
f 3120 3140 3141
f 3141 3140 3142
f 3141 3142 2607
f 3143 3144 3145
f 3145 3144 3146
f 3145 3146 3147
f 3147 3146 3148
f 3148 3146 3149
f 3148 3149 3150
f 3150 3149 3129
f 3150 3129 3151
f 3151 3129 3128
f 3151 3128 3152
f 3153 3154 3102
f 3102 3154 3155
f 3102 3155 3130
f 3105 3117 3103
f 3103 3117 3156
f 3103 3156 3113
f 3113 3156 3157
f 3113 3157 3134
f 2607 2606 3141
f 3141 2606 3158
f 3141 3158 3120
f 3120 3158 3159
f 3120 3159 3118
f 3160 3161 3162
f 3162 3163 3160
f 3160 3163 3164
f 3160 3164 3144
f 3144 3164 3165
f 3144 3165 3146
f 3166 3160 3167
f 3167 3160 3168
f 3101 3169 3170
f 2693 2692 3171
f 3171 2692 3172
f 3171 3172 3160
f 3160 3172 3173
f 3160 3173 3161
f 3174 3175 3176
f 3176 3175 3177
f 3176 3177 3178
f 3168 3160 3179
f 3179 3160 3180
f 3179 3180 3181
f 2538 2537 3101
f 3101 2537 3182
f 3101 3182 3169
f 3166 3183 3160
f 3160 3183 3184
f 3160 3184 3171
f 3171 3184 3185
f 3171 3185 2693
f 3178 3177 3186
f 3186 3177 3187
f 3186 3187 3188
f 3188 3187 3181
f 3188 3181 3189
f 3189 3181 3180
f 3189 3180 3190
f 3170 3191 3101
f 3101 3191 3192
f 3101 3192 3175
f 3175 3192 3193
f 3175 3193 3177
f 3194 3195 2561
f 2561 3195 3196
f 2561 3196 3197
f 3198 3197 3199
f 3199 3197 3200
f 3198 3201 3197
f 3197 3201 3202
f 3197 3202 2561
f 2565 2567 2563
f 2563 2567 2635
f 2563 2635 3203
f 3203 2552 2563
f 2563 2552 2554
f 2563 2554 2561
f 2561 2554 3204
f 2561 3204 3194
f 3205 3206 2585
f 2585 3206 3207
f 3207 3208 2585
f 2585 3208 3209
f 2585 3209 2583
f 2583 3209 3210
f 2583 3210 2636
f 2636 3210 3211
f 2636 3211 2637
f 2547 3212 2549
f 2547 2549 2548
f 2548 2549 2551
f 2548 2551 2585
f 2585 2551 3213
f 2585 3213 3205
f 3214 3215 2546
f 2570 3216 2548
f 2548 3216 3217
f 2548 3217 2546
f 2546 3217 3218
f 2546 3218 3214
f 2546 3219 3220
f 3215 3221 2546
f 2546 3221 3222
f 2546 3222 3219
f 3223 3224 3220
f 3220 3224 3225
f 3220 3225 2546
f 3226 3227 3228
f 3228 3227 3229
f 3226 3230 3227
f 3227 3230 2673
f 3227 2673 3231
f 3232 3233 2673
f 2673 3233 3234
f 2673 3234 3231
f 2675 3235 3236
f 3236 2543 2675
f 2675 2543 2545
f 2675 2545 2673
f 2673 2545 3237
f 2673 3237 3232
f 3235 2675 3238
f 3238 2675 2686
f 3238 2686 3239
f 2648 3240 2646
f 2646 3240 3241
f 2646 3241 3242
f 3242 3241 3243
f 3242 3243 2690
f 2690 3243 3244
f 2690 3244 2686
f 2686 3244 3245
f 2686 3245 3246
f 3246 3247 2686
f 2686 3247 3248
f 2686 3248 3239
f 3249 2650 3250
f 3250 2650 2542
f 3250 2542 3251
f 3251 2542 2541
f 3252 2540 3253
f 2654 3254 2542
f 2542 3254 3255
f 2542 3255 2540
f 2540 3255 3256
f 2540 3256 3253
f 3257 3258 3253
f 3258 3259 3253
f 3253 3259 3260
f 3253 3260 3252
f 3257 3253 3261
f 3261 3253 3262
f 3261 3262 3263
f 3264 3265 3266
f 3267 3268 3269
f 3270 3271 3272
f 3272 3271 3273
f 3272 3273 3274
f 3274 3273 3275
f 3276 3277 3270
f 3270 3277 3278
f 3270 3278 3271
f 2538 3279 2539
f 2539 3279 3280
f 2539 3280 3281
f 3281 3280 3282
f 3281 3282 3283
f 3283 3282 3284
f 3283 3284 3285
f 3275 3286 3274
f 3274 3286 3267
f 3274 3267 3287
f 3287 3267 3269
f 3002 3288 2931
f 2931 3288 3289
f 2931 3289 3290
f 3290 3289 3291
f 3290 3291 3292
f 3292 3291 3293
f 3268 3294 3295
f 3296 3297 3298
f 3298 3297 3299
f 3298 3299 3300
f 3300 3301 3298
f 3298 3301 3302
f 3298 3302 3266
f 3266 3302 3303
f 3266 3303 3264
f 3298 3304 3296
f 3296 3304 3305
f 3296 3305 3306
f 3294 3268 3307
f 3276 3270 3308
f 3308 3270 3309
f 3308 3309 3310
f 3309 3311 3310
f 3310 3311 3312
f 3310 3312 3313
f 3313 3312 3285
f 3313 3285 3314
f 3314 3285 3284
f 3306 3315 3296
f 3296 3315 3316
f 3296 3316 3317
f 3318 3319 3320
f 3320 3319 3307
f 3295 3321 3268
f 3268 3321 3322
f 3268 3322 3269
f 3307 3268 3320
f 3320 3268 3323
f 3320 3323 3324
f 3324 3323 3325
f 3324 3325 3266
f 3317 3326 3296
f 3296 3326 3327
f 3296 3327 3328
f 3328 3327 3329
f 3328 3329 3330
f 3330 3329 3331
f 3330 3331 3332
f 3332 3331 3333
f 3332 3333 3293
f 3293 3333 3334
f 3293 3334 3292
f 3335 3336 3318
f 3318 3337 3338
f 3338 3339 3318
f 3318 3339 3340
f 3318 3340 3335
f 3336 3341 3318
f 3318 3341 3342
f 3318 3342 3343
f 3344 2534 3320
f 3320 2534 2536
f 3320 2536 3318
f 3318 2536 3345
f 3318 3345 3337
f 3346 3347 3324
f 3324 3347 3348
f 3265 3349 3266
f 3266 3349 3350
f 3266 3350 3324
f 3324 3350 3351
f 3324 3351 3346
f 3352 3353 3346
f 3351 3354 3346
f 3346 3354 3355
f 3346 3355 3356
f 3356 3357 3346
f 3346 3357 3358
f 3346 3358 3352
f 3353 3359 3346
f 3346 3359 3360
f 3346 3360 3361
f 3362 3363 3364
f 3364 3363 3365
f 3364 3365 3366
f 3367 3368 3369
f 3366 3365 3369
f 3369 3365 3370
f 3369 3370 3367
f 2733 2729 2745
f 2745 2729 2803
f 2745 2803 3371
f 3371 2528 2745
f 2745 2528 2530
f 2745 2530 2743
f 2743 2530 3362
f 2743 3362 3372
f 3372 3362 3364
f 3373 3374 3375
f 2732 3376 2527
f 2527 3376 3374
f 2527 3374 2525
f 2525 3374 3373
f 2525 3373 3377
f 3375 3378 3373
f 3373 3378 3379
f 3373 3379 3380
f 3381 3382 3383
f 3383 3382 3384
f 3382 3385 3384
f 3384 3385 3373
f 3384 3373 3386
f 3386 3373 3380
f 2839 3387 2837
f 2837 3387 3388
f 2837 3388 3389
f 3389 3388 3390
f 3389 3390 3391
f 3391 3392 3389
f 3389 3392 3393
f 3389 3393 3394
f 3394 3395 3389
f 3389 3395 3396
f 3389 3396 3397
f 3397 3398 3389
f 3389 3398 3399
f 3389 3399 3400
f 3401 2824 3402
f 3402 2824 2524
f 3402 2524 3403
f 3403 2524 2523
f 2873 3404 2524
f 2524 3404 3405
f 2524 3405 2522
f 2522 3405 3406
f 2522 3406 3407
f 3408 2522 3409
f 3409 2522 3410
f 3407 3411 2522
f 2522 3411 3412
f 2522 3412 3410
f 3408 3413 2522
f 2522 3413 3414
f 2522 3414 3415
f 3290 3416 2931
f 2931 3416 3417
f 2931 3417 3418
f 3419 3420 2521
f 3420 3421 2521
f 2521 3421 3422
f 2521 3422 2519
f 3418 3423 2931
f 2931 3423 3424
f 2931 3424 3425
f 2952 2932 2930
f 2930 2932 2931
f 2930 2931 2521
f 2521 2931 3425
f 2521 3425 3419
f 3426 3427 3111
f 3045 3047 3111
f 3111 3047 3428
f 3111 3428 3426
f 3429 3430 2538
f 3429 2538 3431
f 3430 3432 2538
f 2538 3432 3433
f 2538 3433 3279
f 3427 3434 3111
f 3111 3434 3435
f 3111 3435 3436
f 3130 3112 3102
f 3102 3112 3111
f 3102 3111 2538
f 2538 3111 3436
f 2538 3436 3431
f 3087 2555 3052
f 3052 2555 2557
f 3052 2557 3050
f 3050 2557 3437
f 3050 3437 3083
f 3348 2531 3324
f 3324 2531 2533
f 3324 2533 3320
f 3320 2533 3438
f 3320 3438 3344
f 2068 2027 2945
f 2945 2027 2924
f 2050 2068 2922
f 2922 2068 2945
f 2051 2050 2969
f 2969 2050 2922
f 2051 2969 2066
f 2066 2969 2968
f 2066 2968 2047
f 2047 2968 2967
f 2047 2967 2046
f 2046 2967 2951
f 2046 2951 2044
f 2044 2951 2950
f 2044 2950 2048
f 2048 2950 2949
f 2048 2949 2451
f 2451 2949 2928
f 2451 2928 2452
f 2452 2928 2927
f 2452 2927 2453
f 2453 2927 3019
f 2453 3019 2455
f 2455 3019 3021
f 2455 3021 2462
f 2462 3021 3023
f 2462 3023 2460
f 2460 3023 3025
f 2460 3025 2458
f 2458 3025 3059
f 2424 2458 3058
f 3058 2458 3059
f 2424 3058 2425
f 2425 3058 3017
f 2425 3017 2427
f 2427 3017 3043
f 2427 3043 2428
f 2428 3043 3041
f 2428 3041 2429
f 2429 3041 3040
f 2429 3040 2430
f 2430 3040 3013
f 2430 3013 2431
f 2431 3013 3011
f 2431 3011 2407
f 2407 3011 3010
f 2407 3010 2408
f 2408 3010 3039
f 2408 3039 2484
f 2484 3039 3038
f 2484 3038 2485
f 2485 3038 3037
f 3048 2487 3049
f 3049 2487 2486
f 3049 2486 3037
f 3037 2486 2485
f 2487 3048 3084
f 2487 3084 2483
f 2483 3084 3074
f 2483 3074 2482
f 2482 3074 3082
f 2482 3082 2492
f 2492 3082 3078
f 2492 3078 2490
f 2490 3078 3077
f 2490 3077 2488
f 2488 3077 3079
f 2488 3079 2489
f 2489 3079 3080
f 2489 3080 2491
f 2491 3080 3081
f 2491 3081 2493
f 2493 3081 3076
f 2493 3076 2481
f 2481 3076 3075
f 2481 3075 2478
f 2559 2480 2560
f 2560 2480 2479
f 2560 2479 3075
f 3075 2479 2478
f 1602 2480 2558
f 2558 2480 2559
f 1603 1602 3083
f 3083 1602 2558
f 2556 2515 2557
f 2557 2515 2514
f 2557 2514 3437
f 3437 2514 1604
f 3437 1604 3083
f 3083 1604 1603
f 2450 2448 3051
f 3051 2448 3053
f 2450 3051 2406
f 2406 3051 3012
f 2406 3012 2426
f 2426 3012 3014
f 2426 3014 2440
f 2440 3014 3044
f 2440 3044 2441
f 2441 3044 3042
f 2441 3042 2442
f 2442 3042 3056
f 2442 3056 2445
f 2445 3056 3055
f 2445 3055 2446
f 2446 3055 3054
f 2446 3054 2447
f 2447 3054 3016
f 2447 3016 2456
f 2456 3016 3015
f 2456 3015 2457
f 2457 3015 3057
f 2459 2457 3024
f 3024 2457 3057
f 2459 3024 3026
f 2459 3026 2461
f 2461 3026 3027
f 2461 3027 2463
f 2463 3027 3022
f 2463 3022 2464
f 2464 3022 3020
f 2464 3020 2454
f 2454 3020 3018
f 2454 3018 2443
f 2444 2443 2520
f 2520 2443 3018
f 2444 2520 2505
f 2505 2520 2519
f 2505 2519 2506
f 2506 2519 3422
f 2506 3422 2507
f 2507 3422 3421
f 2507 3421 2511
f 2511 3421 3420
f 2511 3420 2512
f 2512 3420 3419
f 2513 2512 3425
f 3425 2512 3419
f 2004 2955 2005
f 2005 2955 2954
f 2005 2954 2075
f 2075 2954 2953
f 2075 2953 2076
f 2076 2953 2952
f 2076 2952 2077
f 2077 2952 2997
f 2077 2997 1986
f 1986 2997 2996
f 1986 2996 1987
f 1987 2996 2995
f 1988 1987 2930
f 2930 1987 2995
f 1988 2930 2045
f 2045 2930 2929
f 2045 2929 2052
f 2052 2929 2920
f 2071 2052 2919
f 2919 2052 2920
f 2071 2919 2070
f 2070 2919 2921
f 2070 2921 2069
f 2069 2921 2923
f 2069 2923 2067
f 2067 2923 2944
f 2067 2944 2028
f 2028 2944 2946
f 2028 2946 2026
f 2026 2946 2947
f 2026 2947 2024
f 2024 2947 2948
f 2025 2024 2926
f 2926 2024 2948
f 2025 2926 1994
f 1994 2926 2916
f 1994 2916 1995
f 1995 2916 2935
f 1996 1995 2934
f 2934 1995 2935
f 1996 2934 1997
f 1997 2934 2936
f 1997 2936 1998
f 1998 2936 2938
f 1998 2938 1991
f 1991 2938 2939
f 1991 2939 2011
f 2011 2939 2941
f 2011 2941 2010
f 2010 2941 2913
f 2010 2913 2008
f 2008 2913 2912
f 1999 1990 2937
f 2937 1990 2940
f 2053 1999 2966
f 2966 1999 2937
f 2053 2966 2054
f 2054 2966 2965
f 2054 2965 1992
f 1992 2965 2964
f 1992 2964 1993
f 1993 2964 2915
f 1993 2915 2055
f 2055 2915 2914
f 2055 2914 2056
f 2056 2914 2963
f 2056 2963 2057
f 2057 2963 2962
f 2057 2962 1923
f 1923 2962 2961
f 1923 2961 1924
f 1924 2961 2881
f 1924 2881 1929
f 1929 2881 2880
f 1929 2880 1930
f 1930 2880 2879
f 1930 2879 1932
f 1932 2879 2882
f 1932 2882 1954
f 1954 2882 2908
f 1960 1954 2906
f 2906 1954 2908
f 1960 2906 1961
f 1961 2906 2905
f 1961 2905 1962
f 1962 2905 2903
f 1962 2903 1947
f 1947 2903 2902
f 1947 2902 1948
f 1948 2902 2862
f 1948 2862 1950
f 1950 2862 2861
f 1950 2861 1951
f 1951 2861 2897
f 1951 2897 1959
f 1959 2897 2896
f 1959 2896 1897
f 1897 2896 2841
f 1897 2841 1898
f 1898 2841 2840
f 1898 2840 2089
f 2089 2840 2838
f 3389 2099 2837
f 2837 2099 2090
f 2837 2090 2838
f 2838 2090 2089
f 2099 3389 3400
f 2099 3400 2095
f 2095 3400 3399
f 2095 3399 2101
f 2101 3399 3398
f 2101 3398 2096
f 2096 3398 3397
f 2096 3397 2097
f 2097 3397 3396
f 2097 3396 2098
f 2098 3396 3395
f 2098 3395 2102
f 2102 3395 3394
f 2102 3394 2093
f 2093 3394 3393
f 2093 3393 2094
f 2094 3393 3392
f 2094 3392 2100
f 2100 3392 3391
f 2100 3391 2091
f 2092 2091 3390
f 3390 2091 3391
f 1631 2092 3388
f 3388 2092 3390
f 1632 1631 3387
f 3387 1631 3388
f 2867 1918 2839
f 2839 1918 1633
f 2839 1633 3387
f 3387 1633 1632
f 1918 2867 2865
f 1918 2865 1916
f 1916 2865 2831
f 1916 2831 1914
f 1914 2831 2830
f 1914 2830 1981
f 1981 2830 2828
f 1981 2828 1982
f 1982 2828 2827
f 1982 2827 1983
f 1983 2827 2836
f 1983 2836 1984
f 1984 2836 2835
f 1984 2835 1985
f 1985 2835 2833
f 1985 2833 1978
f 1978 2833 2832
f 1978 2832 1976
f 1976 2832 2822
f 1976 2822 1972
f 3401 2087 2824
f 2824 2087 1970
f 2824 1970 2822
f 2822 1970 1972
f 1634 2087 3402
f 3402 2087 3401
f 1635 1634 3403
f 3403 1634 3402
f 2522 2084 2523
f 2523 2084 1636
f 2523 1636 3403
f 3403 1636 1635
f 2084 2522 3415
f 2084 3415 2078
f 2078 3415 3414
f 2078 3414 2079
f 2079 3414 3413
f 2079 3413 2081
f 2081 3413 3408
f 2081 3408 2082
f 2082 3408 3409
f 2082 3409 2083
f 2083 3409 3410
f 2083 3410 2080
f 2080 3410 3412
f 2080 3412 2085
f 2085 3412 3411
f 2085 3411 2086
f 2086 3411 3407
f 2086 3407 2088
f 2088 3407 3406
f 2088 3406 1637
f 3404 1925 3405
f 3405 1925 1638
f 3405 1638 3406
f 3406 1638 1637
f 1925 3404 1926
f 1926 3404 2873
f 1926 2873 1927
f 1927 2873 2874
f 1927 2874 1928
f 1928 2874 2875
f 1928 2875 1934
f 1934 2875 2869
f 1934 2869 1935
f 1935 2869 2870
f 1935 2870 1965
f 1965 2870 2901
f 1965 2901 1910
f 1910 2901 2900
f 1910 2900 1908
f 1908 2900 2894
f 1908 2894 1906
f 1906 2894 2892
f 1906 2892 1941
f 1941 2892 2891
f 1942 1941 2853
f 2853 1941 2891
f 1942 2853 1943
f 1943 2853 2878
f 1943 2878 1903
f 1903 2878 2877
f 1903 2877 1904
f 1904 2877 2876
f 1904 2876 1920
f 1920 2876 2854
f 1920 2854 2072
f 2072 2854 2856
f 2072 2856 2073
f 2073 2856 2982
f 2073 2982 2074
f 2074 2982 2981
f 2074 2981 2006
f 2006 2981 2980
f 2006 2980 2007
f 2007 2980 2918
f 2007 2918 2029
f 2029 2918 2917
f 2029 2917 2030
f 2030 2917 2943
f 2030 2943 2031
f 2031 2943 2925
f 2027 2031 2924
f 2924 2031 2925
f 1964 2893 1966
f 1966 2893 2895
f 1966 2895 1967
f 1967 2895 2899
f 1967 2899 1937
f 1937 2899 2872
f 1937 2872 1936
f 1936 2872 2871
f 1936 2871 1899
f 1899 2871 2845
f 1899 2845 1900
f 1900 2845 2844
f 1900 2844 1968
f 1968 2844 2843
f 1968 2843 1969
f 1969 2843 2842
f 1969 2842 1971
f 1971 2842 2823
f 1971 2823 1973
f 1973 2823 2825
f 1964 1963 2893
f 2893 1963 2851
f 1953 2907 1955
f 1955 2907 2909
f 1955 2909 1956
f 1956 2909 2910
f 1956 2910 1933
f 1933 2910 2884
f 1933 2884 1931
f 1931 2884 2883
f 1931 2883 1922
f 1922 2883 2860
f 1922 2860 1905
f 1905 2860 2859
f 1905 2859 1907
f 1907 2859 2857
f 1907 2857 1909
f 1909 2857 2855
f 1909 2855 1911
f 1911 2855 2852
f 1911 2852 1963
f 1963 2852 2851
f 1953 1952 2907
f 2907 1952 2904
f 1939 2890 1940
f 1940 2890 2889
f 1940 2889 1901
f 1901 2889 2888
f 1901 2888 1902
f 1902 2888 2850
f 1902 2850 1944
f 1944 2850 2849
f 1944 2849 1945
f 1945 2849 2887
f 1945 2887 1946
f 1946 2887 2886
f 1946 2886 1957
f 1957 2886 2885
f 1957 2885 1958
f 1958 2885 2898
f 1958 2898 1949
f 1949 2898 2863
f 1949 2863 1952
f 1952 2863 2904
f 1939 1938 2890
f 2890 1938 2868
f 1974 2826 1975
f 1975 2826 2821
f 1975 2821 1977
f 1977 2821 2820
f 1977 2820 1979
f 1979 2820 2834
f 1979 2834 1980
f 1980 2834 2829
f 1980 2829 1912
f 1912 2829 2848
f 1912 2848 1913
f 1913 2848 2847
f 1913 2847 1915
f 1915 2847 2846
f 1915 2846 1917
f 1917 2846 2864
f 1917 2864 1919
f 1919 2864 2866
f 1919 2866 1938
f 1938 2866 2868
f 1974 1973 2826
f 2826 1973 2825
f 2040 2059 2986
f 2986 2059 2989
f 2038 2040 2987
f 2987 2040 2986
f 2038 2987 2017
f 2017 2987 2972
f 2017 2972 2016
f 2016 2972 2971
f 2016 2971 2015
f 2015 2971 2959
f 2015 2959 2035
f 2035 2959 2958
f 2035 2958 2036
f 2036 2958 3004
f 2036 3004 2037
f 2037 3004 3003
f 2037 3003 1867
f 1867 3003 2776
f 1867 2776 1868
f 1868 2776 2775
f 1868 2775 1844
f 1844 2775 2740
f 1844 2740 1887
f 1887 2740 2788
f 1887 2788 1880
f 1880 2788 2801
f 1880 2801 1881
f 1881 2801 2800
f 1896 1881 2799
f 2799 1881 2800
f 1896 2799 1895
f 1895 2799 2736
f 1895 2736 1854
f 1854 2736 2778
f 1854 2778 1852
f 1852 2778 2750
f 1852 2750 1865
f 1865 2750 2748
f 1865 2748 1837
f 1837 2748 2747
f 1837 2747 1835
f 1835 2747 2730
f 1835 2730 1833
f 1833 2730 2735
f 1833 2735 1823
f 1823 2735 2734
f 1823 2734 1824
f 1824 2734 2733
f 1824 2733 2120
f 2120 2733 2746
f 2743 2122 2744
f 2744 2122 2121
f 2744 2121 2746
f 2746 2121 2120
f 2122 2743 3372
f 2122 3372 2123
f 2123 3372 3364
f 2123 3364 2124
f 2124 3364 3366
f 2124 3366 2130
f 2130 3366 3369
f 2130 3369 2127
f 2127 3369 3368
f 2127 3368 2128
f 2128 3368 3367
f 2128 3367 2129
f 2129 3367 3370
f 2129 3370 2131
f 2131 3370 3365
f 2131 3365 2126
f 2126 3365 3363
f 2126 3363 2125
f 2125 3363 3362
f 2125 3362 1628
f 2529 2119 2530
f 2530 2119 1629
f 2530 1629 3362
f 3362 1629 1628
f 2118 2119 2528
f 2528 2119 2529
f 2117 2118 3371
f 3371 2118 2528
f 2809 1814 2803
f 2803 1814 1820
f 2803 1820 3371
f 3371 1820 2117
f 1814 2809 2807
f 1814 2807 1815
f 1815 2807 2805
f 1815 2805 1807
f 1807 2805 2815
f 1807 2815 1809
f 1809 2815 2814
f 1809 2814 1811
f 1811 2814 2812
f 1811 2812 1812
f 1812 2812 2811
f 1812 2811 1816
f 1816 2811 2816
f 1816 2816 1817
f 1817 2816 2757
f 1817 2757 1818
f 1818 2757 2759
f 1818 2759 1859
f 1859 2759 2761
f 1859 2761 1861
f 2526 2103 2527
f 2527 2103 1827
f 2527 1827 2761
f 2761 1827 1861
f 2104 2103 2525
f 2525 2103 2526
f 2106 2104 3377
f 3377 2104 2525
f 2107 2106 3373
f 3373 2106 3377
f 2107 3373 3385
f 2107 3385 2108
f 2108 3385 3382
f 2108 3382 2109
f 2109 3382 3381
f 2109 3381 2115
f 2115 3381 3383
f 2115 3383 2116
f 2116 3383 3384
f 2116 3384 2110
f 2110 3384 3386
f 2110 3386 2111
f 2111 3386 3380
f 2111 3380 2112
f 2112 3380 3379
f 2112 3379 2113
f 2113 3379 3378
f 2113 3378 2114
f 2114 3378 3375
f 2114 3375 2105
f 3376 1826 3374
f 3374 1826 1825
f 3374 1825 3375
f 3375 1825 2105
f 1826 3376 1828
f 1828 3376 2732
f 1828 2732 1829
f 1829 2732 2731
f 1829 2731 1871
f 1871 2731 2774
f 1871 2774 1873
f 1873 2774 2773
f 1873 2773 1838
f 1838 2773 2772
f 1838 2772 1832
f 1832 2772 2752
f 1832 2752 1883
f 1883 2752 2771
f 1883 2771 1845
f 1845 2771 2784
f 1845 2784 1846
f 1846 2784 2783
f 1846 2783 1847
f 1847 2783 2739
f 1848 1847 2741
f 2741 1847 2739
f 1848 2741 1849
f 1849 2741 2742
f 1849 2742 1855
f 1855 2742 2765
f 1855 2765 1856
f 1856 2765 2764
f 1856 2764 1857
f 1857 2764 2763
f 1857 2763 2000
f 2000 2763 2777
f 2000 2777 2001
f 2001 2777 2979
f 2001 2979 2012
f 2012 2979 2977
f 2012 2977 2013
f 2013 2977 2976
f 2013 2976 2014
f 2014 2976 2975
f 2014 2975 2032
f 2032 2975 2974
f 2032 2974 2033
f 2033 2974 2994
f 2033 2994 2034
f 2034 2994 2993
f 1989 2034 2942
f 2942 2034 2993
f 1990 1989 2940
f 2940 1989 2942
f 2009 2008 2911
f 2911 2008 2912
f 2009 2911 2002
f 2002 2911 2960
f 2002 2960 2039
f 2039 2960 2973
f 2062 2039 2984
f 2984 2039 2973
f 2062 2984 2061
f 2061 2984 2983
f 2061 2983 2060
f 2060 2983 2985
f 2060 2985 2058
f 2058 2985 2988
f 2058 2988 2022
f 2022 2988 2990
f 2022 2990 2020
f 2020 2990 2991
f 2020 2991 2018
f 2018 2991 2992
f 2019 2018 2956
f 2956 2018 2992
f 2019 2956 2023
f 2023 2956 2933
f 2023 2933 2003
f 2003 2933 2932
f 2004 2003 2955
f 2955 2003 2932
f 2513 3425 2508
f 2508 3425 3424
f 2508 3424 2509
f 2509 3424 3423
f 2509 3423 2510
f 2510 3423 3418
f 2510 3418 1599
f 1599 3418 3417
f 1599 3417 1600
f 1600 3417 3416
f 2144 1600 3290
f 3290 1600 3416
f 2144 3290 3292
f 2144 3292 2146
f 2146 3292 3334
f 2146 3334 2148
f 2148 3334 3333
f 2148 3333 2173
f 2173 3333 3331
f 2173 3331 2172
f 2172 3331 3329
f 2172 3329 2170
f 2184 2170 3327
f 3327 2170 3329
f 2184 3327 2141
f 2141 3327 3326
f 2141 3326 2142
f 2142 3326 3317
f 2142 3317 2179
f 2179 3317 3316
f 2179 3316 2180
f 2180 3316 3315
f 2180 3315 2182
f 2182 3315 3306
f 2182 3306 2183
f 2183 3306 3305
f 2183 3305 2132
f 2132 3305 3304
f 2132 3304 2133
f 2133 3304 3298
f 2133 3298 2159
f 2159 3298 3266
f 2159 3266 2198
f 2198 3266 3325
f 2200 2198 3323
f 3323 2198 3325
f 2532 2210 2533
f 2533 2210 2516
f 2533 2516 3438
f 3438 2516 2517
f 3438 2517 3344
f 3344 2517 2518
f 1623 2210 2531
f 2531 2210 2532
f 1624 1623 3348
f 3348 1623 2531
f 3346 2201 3347
f 3347 2201 1625
f 3347 1625 3348
f 3348 1625 1624
f 2201 3346 3361
f 2201 3361 2202
f 2202 3361 3360
f 2202 3360 2203
f 2203 3360 3359
f 2203 3359 2208
f 2208 3359 3353
f 2208 3353 2209
f 2209 3353 3352
f 2209 3352 2204
f 2204 3352 3358
f 2204 3358 2205
f 2205 3358 3357
f 2205 3357 2206
f 2206 3357 3356
f 2206 3356 2207
f 2207 3356 3355
f 2207 3355 2211
f 2211 3355 3354
f 2211 3354 2167
f 3350 2163 3351
f 3351 2163 2168
f 3351 2168 3354
f 3354 2168 2167
f 2163 3350 2164
f 2164 3350 3349
f 2164 3349 2165
f 2165 3349 3265
f 2165 3265 2157
f 2157 3265 3264
f 2157 3264 2158
f 2158 3264 3303
f 2158 3303 2160
f 2160 3303 3302
f 2160 3302 2161
f 2161 3302 3301
f 2161 3301 2134
f 2134 3301 3300
f 2134 3300 2181
f 2181 3300 3299
f 2181 3299 2143
f 2143 3299 3297
f 2143 3297 2185
f 2185 3297 3296
f 2186 2185 3328
f 3328 2185 3296
f 2186 3328 2171
f 2171 3328 3330
f 2171 3330 2149
f 2149 3330 3332
f 2149 3332 2147
f 2147 3332 3293
f 2147 3293 2145
f 2145 3293 3291
f 2145 3291 1627
f 1627 3291 3289
f 1627 3289 1626
f 1626 3289 3288
f 1626 3288 2041
f 2041 3288 3002
f 2041 3002 2042
f 2042 3002 3001
f 2042 3001 2043
f 2043 3001 3000
f 2043 3000 2063
f 2063 3000 2999
f 2063 2999 2064
f 2064 2999 2998
f 2064 2998 2065
f 2065 2998 2957
f 2021 2065 2970
f 2970 2065 2957
f 2059 2021 2989
f 2989 2021 2970
f 1821 2819 1819
f 1819 2819 2818
f 1819 2818 1843
f 1843 2818 2817
f 1843 2817 1842
f 1842 2817 2802
f 1842 2802 1834
f 1834 2802 2729
f 1834 2729 1836
f 1836 2729 2728
f 1836 2728 1850
f 1850 2728 2749
f 1850 2749 1851
f 1851 2749 2751
f 1851 2751 1853
f 1853 2751 2780
f 1853 2780 1893
f 1893 2780 2779
f 1893 2779 1894
f 1894 2779 2795
f 1821 1822 2819
f 2819 1822 2810
f 1862 2791 1860
f 1860 2791 2762
f 1860 2762 1858
f 1858 2762 2760
f 1858 2760 1839
f 1839 2760 2758
f 1839 2758 1840
f 1840 2758 2756
f 1840 2756 1841
f 1841 2756 2755
f 1841 2755 1810
f 1810 2755 2813
f 1810 2813 1808
f 1808 2813 2804
f 1808 2804 1806
f 1806 2804 2806
f 1806 2806 1813
f 1813 2806 2808
f 1813 2808 1822
f 1822 2808 2810
f 1862 1875 2791
f 2791 1875 2790
f 1884 2782 1882
f 1882 2782 2770
f 1882 2770 1863
f 1863 2770 2769
f 1863 2769 1864
f 1864 2769 2768
f 1864 2768 1869
f 1869 2768 2767
f 1869 2767 1870
f 1870 2767 2766
f 1870 2766 1830
f 1830 2766 2754
f 1830 2754 1831
f 1831 2754 2753
f 1831 2753 1872
f 1872 2753 2792
f 1872 2792 1874
f 1874 2792 2789
f 1874 2789 1875
f 1875 2789 2790
f 1884 1885 2782
f 2782 1885 2781
f 1886 2794 1879
f 1879 2794 2793
f 1879 2793 1888
f 1888 2793 2738
f 1888 2738 1889
f 1889 2738 2737
f 1889 2737 1876
f 1876 2737 2787
f 1876 2787 1877
f 1877 2787 2786
f 1877 2786 1878
f 1878 2786 2785
f 1878 2785 1890
f 1890 2785 2798
f 1890 2798 1891
f 1891 2798 2797
f 1891 2797 1892
f 1892 2797 2796
f 1892 2796 1885
f 1885 2796 2781
f 1886 1894 2794
f 2794 1894 2795
f 2269 2248 3187
f 3187 2248 3181
f 2252 2269 3177
f 3177 2269 3187
f 2250 2252 3193
f 3193 2252 3177
f 2250 3193 2242
f 2242 3193 3192
f 2242 3192 2243
f 2243 3192 3191
f 2243 3191 2244
f 2244 3191 3170
f 2244 3170 2265
f 2265 3170 3169
f 2265 3169 2266
f 2266 3169 3182
f 2266 3182 2267
f 2267 3182 2537
f 2267 2537 2178
f 2178 2537 2539
f 2178 2539 2176
f 2176 2539 3281
f 2176 3281 2174
f 2174 3281 3283
f 2174 3283 2195
f 2195 3283 3285
f 2195 3285 2193
f 2193 3285 3312
f 2193 3312 2191
f 2191 3312 3311
f 2189 2191 3309
f 3309 2191 3311
f 2189 3309 2135
f 2135 3309 3270
f 2135 3270 2162
f 2162 3270 3272
f 2162 3272 2153
f 2153 3272 3274
f 2153 3274 2152
f 2152 3274 3287
f 2152 3287 2140
f 2140 3287 3269
f 2140 3269 2166
f 2166 3269 3322
f 2166 3322 2154
f 2154 3322 3321
f 2154 3321 2155
f 2155 3321 3295
f 2155 3295 2216
f 2216 3295 3294
f 2216 3294 2217
f 2217 3294 3307
f 3318 2219 3319
f 3319 2219 2218
f 3319 2218 3307
f 3307 2218 2217
f 2219 3318 3343
f 2219 3343 2228
f 2228 3343 3342
f 2228 3342 2223
f 2223 3342 3341
f 2223 3341 2224
f 2224 3341 3336
f 2224 3336 2225
f 2225 3336 3335
f 2225 3335 2221
f 2221 3335 3340
f 2221 3340 2222
f 2222 3340 3339
f 2222 3339 2226
f 2226 3339 3338
f 2226 3338 2227
f 2227 3338 3337
f 2227 3337 2220
f 2220 3337 3345
f 2220 3345 2212
f 2535 2214 2536
f 2536 2214 2213
f 2536 2213 3345
f 3345 2213 2212
f 2215 2214 2534
f 2534 2214 2535
f 2518 2215 3344
f 3344 2215 2534
f 2200 3323 2156
f 2156 3323 3268
f 2156 3268 2138
f 2138 3268 3267
f 2138 3267 2139
f 2139 3267 3286
f 2139 3286 2150
f 2150 3286 3275
f 2150 3275 2151
f 2151 3275 3273
f 2151 3273 2136
f 2136 3273 3271
f 2136 3271 2137
f 2137 3271 3278
f 2137 3278 2187
f 2187 3278 3277
f 2187 3277 2188
f 2188 3277 3276
f 2188 3276 2190
f 2190 3276 3308
f 2192 2190 3310
f 3310 2190 3308
f 2192 3310 3313
f 2192 3313 2194
f 2194 3313 3314
f 2194 3314 2196
f 2196 3314 3284
f 2196 3284 2197
f 2197 3284 3282
f 2197 3282 2175
f 2175 3282 3280
f 2175 3280 2177
f 2494 2177 3279
f 3279 2177 3280
f 2494 3279 2495
f 2495 3279 3433
f 2495 3433 2499
f 2499 3433 3432
f 2499 3432 2500
f 2500 3432 3430
f 2500 3430 2501
f 2501 3430 3429
f 2501 3429 2502
f 2502 3429 3431
f 2503 2502 3436
f 3436 2502 3431
f 2297 3133 2298
f 2298 3133 3132
f 2298 3132 2299
f 2299 3132 3131
f 2299 3131 2261
f 2261 3131 3130
f 2261 3130 2262
f 2262 3130 3155
f 2262 3155 2263
f 2263 3155 3154
f 2263 3154 2264
f 2264 3154 3153
f 2230 2264 3102
f 3102 2264 3153
f 2230 3102 2231
f 2231 3102 3101
f 2231 3101 2251
f 2251 3101 3175
f 2272 2251 3174
f 3174 2251 3175
f 2272 3174 2271
f 2271 3174 3176
f 2271 3176 2270
f 2270 3176 3178
f 2270 3178 2268
f 2268 3178 3186
f 2268 3186 2249
f 2249 3186 3188
f 2249 3188 2247
f 2247 3188 3189
f 2247 3189 2245
f 2245 3189 3190
f 2246 2245 3180
f 3180 2245 3190
f 2246 3180 2236
f 2236 3180 3160
f 2236 3160 2257
f 2257 3160 3144
f 2281 2257 3143
f 3143 2257 3144
f 2281 3143 2280
f 2280 3143 3145
f 2280 3145 2279
f 2279 3145 3147
f 2279 3147 2277
f 2277 3147 3148
f 2277 3148 2241
f 2241 3148 3150
f 2241 3150 2239
f 2239 3150 3151
f 2239 3151 2237
f 2237 3151 3152
f 2255 2278 3146
f 3146 2278 3149
f 2256 2255 3165
f 3165 2255 3146
f 2256 3165 2276
f 2276 3165 3164
f 2276 3164 2234
f 2234 3164 3163
f 2234 3163 2235
f 2235 3163 3162
f 2235 3162 2300
f 2300 3162 3161
f 2300 3161 2301
f 2301 3161 3173
f 2301 3173 2302
f 2302 3173 3172
f 2302 3172 1755
f 1755 3172 2692
f 1755 2692 1756
f 1756 2692 2657
f 1756 2657 1757
f 1757 2657 2727
f 1757 2727 1758
f 1758 2727 2726
f 1758 2726 1759
f 1759 2726 2725
f 1759 2725 1778
f 1778 2725 2723
f 1780 1778 2721
f 2721 1778 2723
f 1780 2721 1781
f 1781 2721 2720
f 1781 2720 1783
f 1783 2720 2716
f 1783 2716 1784
f 1784 2716 2715
f 1784 2715 1766
f 1766 2715 2711
f 1766 2711 1764
f 1764 2711 2683
f 1764 2683 1768
f 1768 2683 2710
f 1768 2710 1769
f 1769 2710 2709
f 1769 2709 1770
f 1770 2709 2708
f 1770 2708 1771
f 1771 2708 2707
f 1771 2707 2342
f 2342 2707 2676
f 2673 2344 2674
f 2674 2344 2343
f 2674 2343 2676
f 2676 2343 2342
f 2344 2673 3230
f 2344 3230 2346
f 2346 3230 3226
f 2346 3226 2347
f 2347 3226 3228
f 2347 3228 2348
f 2348 3228 3229
f 2348 3229 2349
f 2349 3229 3227
f 2349 3227 2350
f 2350 3227 3231
f 2350 3231 2351
f 2351 3231 3234
f 2351 3234 2352
f 2352 3234 3233
f 2352 3233 2353
f 2353 3233 3232
f 2353 3232 2354
f 2354 3232 3237
f 2354 3237 2345
f 2544 2340 2545
f 2545 2340 2339
f 2545 2339 3237
f 3237 2339 2345
f 1614 2340 2543
f 2543 2340 2544
f 1615 1614 3236
f 3236 1614 2543
f 3238 2341 3235
f 3235 2341 1616
f 3235 1616 3236
f 3236 1616 1615
f 2341 3238 3239
f 2341 3239 2332
f 2332 3239 3248
f 2332 3248 2333
f 2333 3248 3247
f 2333 3247 2334
f 2334 3247 3246
f 2334 3246 2335
f 2335 3246 3245
f 2335 3245 2336
f 2336 3245 3244
f 2336 3244 2337
f 2337 3244 3243
f 2337 3243 2338
f 2338 3243 3241
f 2338 3241 1795
f 1795 3241 3240
f 1795 3240 1797
f 1797 3240 2648
f 1797 2648 1799
f 3249 2329 2650
f 2650 2329 1803
f 2650 1803 2648
f 2648 1803 1799
f 1617 2329 3250
f 3250 2329 3249
f 1618 1617 3251
f 3251 1617 3250
f 2540 2330 2541
f 2541 2330 1619
f 2541 1619 3251
f 3251 1619 1618
f 2330 2540 3252
f 2330 3252 2331
f 2331 3252 3260
f 2331 3260 2324
f 2324 3260 3259
f 2324 3259 2323
f 2323 3259 3258
f 2323 3258 2321
f 2321 3258 3257
f 2321 3257 2325
f 2325 3257 3261
f 2325 3261 2326
f 2326 3261 3263
f 2326 3263 2328
f 2328 3263 3262
f 2328 3262 2327
f 2327 3262 3253
f 2327 3253 2322
f 2322 3253 3256
f 2322 3256 1620
f 3254 1744 3255
f 3255 1744 1621
f 3255 1621 3256
f 3256 1621 1620
f 1744 3254 1743
f 1743 3254 2654
f 1743 2654 1742
f 1742 2654 2653
f 1742 2653 1746
f 1746 2653 2660
f 1746 2660 1747
f 1747 2660 2670
f 1747 2670 1748
f 1748 2670 2678
f 1748 2678 1772
f 1772 2678 2677
f 1772 2677 1773
f 1773 2677 2702
f 1773 2702 1775
f 1775 2702 2701
f 1775 2701 1785
f 1785 2701 2699
f 1785 2699 1786
f 1786 2699 2698
f 1788 1786 2695
f 2695 1786 2698
f 1788 2695 1790
f 1790 2695 2694
f 1790 2694 1792
f 1792 2694 2656
f 1792 2656 1793
f 1793 2656 2655
f 1793 2655 1732
f 1732 2655 2691
f 1732 2691 1733
f 1733 2691 2693
f 1733 2693 2310
f 2310 2693 3185
f 2310 3185 2311
f 2311 3185 3184
f 2311 3184 2253
f 2253 3184 3183
f 2253 3183 2254
f 2254 3183 3166
f 2254 3166 2273
f 2273 3166 3167
f 2273 3167 2274
f 2274 3167 3168
f 2274 3168 2275
f 2275 3168 3179
f 2248 2275 3181
f 3181 2275 3179
f 1776 2697 1774
f 1774 2697 2700
f 1774 2700 1724
f 1724 2700 2679
f 1724 2679 1725
f 1725 2679 2680
f 1725 2680 1726
f 1726 2680 2672
f 1726 2672 1722
f 1722 2672 2671
f 1722 2671 1723
f 1723 2671 2661
f 1723 2661 1801
f 1801 2661 2662
f 1801 2662 1802
f 1802 2662 2663
f 1802 2663 1804
f 1804 2663 2649
f 1804 2649 1805
f 1805 2649 2651
f 1776 1787 2697
f 2697 1787 2696
f 1777 2722 1760
f 1760 2722 2724
f 1760 2724 1761
f 1761 2724 2669
f 1761 2669 1762
f 1762 2669 2668
f 1762 2668 1754
f 1754 2668 2667
f 1754 2667 1753
f 1753 2667 2666
f 1753 2666 1745
f 1745 2666 2665
f 1745 2665 1734
f 1734 2665 2664
f 1734 2664 1791
f 1791 2664 2659
f 1791 2659 1789
f 1789 2659 2658
f 1789 2658 1787
f 1787 2658 2696
f 1777 1779 2722
f 2722 1779 2717
f 1750 2705 1751
f 1751 2705 2704
f 1751 2704 1727
f 1727 2704 2703
f 1727 2703 1728
f 1728 2703 2682
f 1728 2682 1730
f 1730 2682 2681
f 1730 2681 1731
f 1731 2681 2719
f 1731 2719 1763
f 1763 2719 2718
f 1763 2718 1765
f 1765 2718 2714
f 1765 2714 1767
f 1767 2714 2713
f 1767 2713 1782
f 1782 2713 2712
f 1782 2712 1779
f 1779 2712 2717
f 1750 1749 2705
f 2705 1749 2706
f 1800 2652 1798
f 1798 2652 2647
f 1798 2647 1796
f 1796 2647 2646
f 1796 2646 1794
f 1794 2646 3242
f 1794 3242 1735
f 1735 3242 2690
f 1735 2690 1736
f 1736 2690 2689
f 1736 2689 1738
f 1738 2689 2688
f 1738 2688 1739
f 1739 2688 2687
f 1739 2687 1740
f 1740 2687 2685
f 1740 2685 1741
f 1741 2685 2684
f 1741 2684 1749
f 1749 2684 2706
f 1800 1805 2652
f 2652 1805 2651
f 2289 2305 3109
f 3109 2305 3115
f 2290 2289 3123
f 3123 2289 3109
f 2290 3123 2303
f 2303 3123 3122
f 2303 3122 2282
f 2282 3122 3121
f 2282 3121 2283
f 2283 3121 3119
f 2283 3119 2318
f 2318 3119 3118
f 2318 3118 2319
f 2319 3118 3159
f 2319 3159 2320
f 2320 3159 3158
f 2320 3158 1716
f 1716 3158 2606
f 1716 2606 1717
f 1717 2606 2604
f 1717 2604 1653
f 1653 2604 2603
f 1653 2603 1654
f 1654 2603 2574
f 1654 2574 1694
f 1694 2574 2595
f 1694 2595 1695
f 1695 2595 2593
f 1700 1695 2591
f 2591 1695 2593
f 1700 2591 1698
f 1698 2591 2602
f 1698 2602 1696
f 1696 2602 2601
f 1696 2601 1665
f 1665 2601 2599
f 1665 2599 1660
f 1660 2599 2598
f 1660 2598 1661
f 1661 2598 2573
f 1661 2573 1672
f 1672 2573 2578
f 1672 2578 1673
f 1673 2578 2568
f 1673 2568 1647
f 1647 2568 2566
f 1647 2566 1648
f 1648 2566 2565
f 1648 2565 2384
f 2384 2565 2564
f 2561 2383 2562
f 2562 2383 2385
f 2562 2385 2564
f 2564 2385 2384
f 2383 2561 3202
f 2383 3202 2388
f 2388 3202 3201
f 2388 3201 2389
f 2389 3201 3198
f 2389 3198 2390
f 2390 3198 3199
f 2390 3199 2391
f 2391 3199 3200
f 2391 3200 2392
f 2392 3200 3197
f 2392 3197 2387
f 2387 3197 3196
f 2387 3196 2381
f 2381 3196 3195
f 2381 3195 2382
f 2382 3195 3194
f 2382 3194 2386
f 2386 3194 3204
f 2386 3204 1608
f 2553 2380 2554
f 2554 2380 1609
f 2554 1609 3204
f 3204 1609 1608
f 2379 2380 2552
f 2552 2380 2553
f 2378 2379 3203
f 3203 2379 2552
f 2641 1642 2635
f 2635 1642 1644
f 2635 1644 3203
f 3203 1644 2378
f 1642 2641 2639
f 1642 2639 2372
f 2372 2639 2637
f 2372 2637 2373
f 2373 2637 3211
f 2373 3211 2375
f 2375 3211 3210
f 2375 3210 2376
f 2376 3210 3209
f 2376 3209 2377
f 2377 3209 3208
f 2377 3208 2369
f 2369 3208 3207
f 2369 3207 2370
f 2370 3207 3206
f 2370 3206 2371
f 2371 3206 3205
f 2371 3205 2368
f 2368 3205 3213
f 2368 3213 2367
f 2550 2365 2551
f 2551 2365 2364
f 2551 2364 3213
f 3213 2364 2367
f 1611 2365 2549
f 2549 2365 2550
f 1612 1611 3212
f 3212 1611 2549
f 2546 2355 2547
f 2547 2355 1613
f 2547 1613 3212
f 3212 1613 1612
f 2355 2546 3225
f 2355 3225 2356
f 2356 3225 3224
f 2356 3224 2357
f 2357 3224 3223
f 2357 3223 2362
f 2362 3223 3220
f 2362 3220 2363
f 2363 3220 3219
f 2363 3219 2358
f 2358 3219 3222
f 2358 3222 2359
f 2359 3222 3221
f 2359 3221 2360
f 2360 3221 3215
f 2360 3215 2361
f 2361 3215 3214
f 2361 3214 2366
f 2366 3214 3218
f 2366 3218 1649
f 3216 1652 3217
f 3217 1652 1650
f 3217 1650 3218
f 3218 1650 1649
f 1652 3216 1701
f 1701 3216 2570
f 1701 2570 1702
f 1702 2570 2569
f 1702 2569 1703
f 1703 2569 2620
f 1703 2620 1674
f 1674 2620 2619
f 1674 2619 1675
f 1675 2619 2623
f 1675 2623 1676
f 1676 2623 2622
f 1676 2622 1704
f 1704 2622 2621
f 1704 2621 1687
f 1687 2621 2616
f 1687 2616 1707
f 1707 2616 2615
f 1707 2615 1708
f 1708 2615 2610
f 1710 1708 2629
f 2629 1708 2610
f 1710 2629 1712
f 1712 2629 2628
f 1712 2628 1713
f 1713 2628 2626
f 1713 2626 1714
f 1714 2626 2625
f 1714 2625 1655
f 1655 2625 2605
f 1655 2605 2312
f 2312 2605 2607
f 2312 2607 2313
f 2313 2607 3142
f 2313 3142 2314
f 2314 3142 3140
f 2314 3140 2258
f 2258 3140 3139
f 2258 3139 2259
f 2259 3139 3126
f 2259 3126 2315
f 2315 3126 3125
f 2315 3125 2316
f 2316 3125 3124
f 2316 3124 2317
f 2317 3124 3127
f 2240 2317 3129
f 3129 2317 3127
f 2278 2240 3149
f 3149 2240 3129
f 2238 2237 3128
f 3128 2237 3152
f 2238 3128 2260
f 2260 3128 3120
f 2260 3120 2291
f 2291 3120 3107
f 2308 2291 3106
f 3106 2291 3107
f 2308 3106 2307
f 2307 3106 3108
f 2307 3108 2306
f 2306 3108 3110
f 2306 3110 2304
f 2304 3110 3114
f 2304 3114 2288
f 2288 3114 3116
f 2288 3116 2286
f 2286 3116 3105
f 2286 3105 2284
f 2284 3105 3104
f 2285 2284 3103
f 3103 2284 3104
f 2285 3103 2232
f 2232 3103 3113
f 2232 3113 2233
f 2233 3113 3112
f 2297 2233 3133
f 3133 2233 3112
f 2503 3436 2504
f 2504 3436 3435
f 2504 3435 2496
f 2496 3435 3434
f 2496 3434 2497
f 2497 3434 3427
f 2497 3427 2498
f 2498 3427 3426
f 2498 3426 2399
f 2399 3426 3428
f 2400 2399 3047
f 3047 2399 3428
f 2400 3047 3060
f 2400 3060 2402
f 2402 3060 3062
f 2402 3062 2404
f 2404 3062 3063
f 2404 3063 2420
f 2420 3063 3065
f 2420 3065 2419
f 2419 3065 3067
f 2419 3067 2417
f 2437 2417 3069
f 3069 2417 3067
f 2437 3069 2396
f 2396 3069 3071
f 2396 3071 2397
f 2397 3071 3030
f 2397 3030 2432
f 2432 3030 3029
f 2432 3029 2433
f 2433 3029 3028
f 2433 3028 2435
f 2435 3028 3009
f 2435 3009 2436
f 2436 3009 3008
f 2436 3008 2393
f 2393 3008 3006
f 2393 3006 2394
f 2394 3006 3005
f 2394 3005 2411
f 2411 3005 3033
f 2411 3033 2448
f 2448 3033 3053
f 2476 2515 2555
f 2555 2515 2556
f 2477 2476 3087
f 3087 2476 2555
f 3085 2466 3086
f 3086 2466 2465
f 3086 2465 3087
f 3087 2465 2477
f 2466 3085 3098
f 2466 3098 2467
f 2467 3098 3097
f 2467 3097 2468
f 2468 3097 3096
f 2468 3096 2469
f 2469 3096 3100
f 2469 3100 2470
f 2470 3100 3099
f 2470 3099 2473
f 2473 3099 3095
f 2473 3095 2474
f 2474 3095 3094
f 2474 3094 2475
f 2475 3094 3093
f 2475 3093 2472
f 2472 3093 3092
f 2472 3092 2471
f 2471 3092 3091
f 2471 3091 2421
f 3089 2409 3090
f 3090 2409 2422
f 3090 2422 3091
f 3091 2422 2421
f 2409 3089 2410
f 2410 3089 3088
f 2410 3088 2412
f 2412 3088 3036
f 2412 3036 2413
f 2413 3036 3035
f 2413 3035 2414
f 2414 3035 3034
f 2414 3034 2415
f 2415 3034 3032
f 2415 3032 2416
f 2416 3032 3031
f 2416 3031 2395
f 2395 3031 3007
f 2395 3007 2434
f 2434 3007 3073
f 2434 3073 2398
f 2398 3073 3072
f 2398 3072 2438
f 2438 3072 3070
f 2439 2438 3068
f 3068 2438 3070
f 2439 3068 2418
f 2418 3068 3066
f 2418 3066 2405
f 2405 3066 3064
f 2405 3064 2403
f 2403 3064 3061
f 2403 3061 2401
f 2401 3061 3046
f 2401 3046 1607
f 1607 3046 3045
f 1607 3045 1605
f 1605 3045 3138
f 1605 3138 2309
f 2309 3138 3137
f 2309 3137 2292
f 2292 3137 3136
f 2292 3136 2293
f 2293 3136 3135
f 2293 3135 2294
f 2294 3135 3134
f 2294 3134 2295
f 2295 3134 3157
f 2295 3157 2296
f 2296 3157 3156
f 2287 2296 3117
f 3117 2296 3156
f 2305 2287 3115
f 3115 2287 3117
f 1645 2645 1643
f 1643 2645 2644
f 1643 2644 1656
f 1656 2644 2643
f 1656 2643 1657
f 1657 2643 2634
f 1657 2634 1658
f 1658 2634 2567
f 1658 2567 1659
f 1659 2567 2579
f 1659 2579 1670
f 1670 2579 2572
f 1670 2572 1671
f 1671 2572 2571
f 1671 2571 1662
f 1662 2571 2577
f 1662 2577 1697
f 1697 2577 2600
f 1697 2600 1699
f 1699 2600 2590
f 1645 1646 2645
f 2645 1646 2642
f 1721 2611 1690
f 1690 2611 2589
f 1690 2589 1691
f 1691 2589 2588
f 1691 2588 1692
f 1692 2588 2587
f 1692 2587 1684
f 1684 2587 2586
f 1684 2586 1683
f 1683 2586 2584
f 1683 2584 1681
f 1681 2584 2583
f 1681 2583 2374
f 2374 2583 2636
f 2374 2636 1640
f 1640 2636 2638
f 1640 2638 1641
f 1641 2638 2640
f 1641 2640 1646
f 1646 2640 2642
f 1721 1720 2611
f 2611 1720 2612
f 1685 2632 1686
f 1686 2632 2631
f 1686 2631 1705
f 1705 2631 2609
f 1705 2609 1706
f 1706 2609 2608
f 1706 2608 1677
f 1677 2608 2617
f 1677 2617 1666
f 1666 2617 2624
f 1666 2624 1667
f 1667 2624 2614
f 1667 2614 1668
f 1668 2614 2618
f 1668 2618 1669
f 1669 2618 2630
f 1669 2630 1719
f 1719 2630 2613
f 1719 2613 1720
f 1720 2613 2612
f 1685 1709 2632
f 2632 1709 2633
f 1718 2592 1693
f 1693 2592 2594
f 1693 2594 1663
f 1663 2594 2596
f 1663 2596 1664
f 1664 2596 2597
f 1664 2597 1688
f 1688 2597 2582
f 1688 2582 1689
f 1689 2582 2581
f 1689 2581 1680
f 1680 2581 2580
f 1680 2580 1679
f 1679 2580 2576
f 1679 2576 1678
f 1678 2576 2575
f 1678 2575 1711
f 1711 2575 2627
f 1711 2627 1709
f 1709 2627 2633
f 1718 1699 2592
f 2592 1699 2590
f 3439 3440 3441
f 3442 3443 3444
f 3445 3446 3447
f 3448 3449 3450
f 3451 3452 3453
f 3454 3455 3456
f 3457 3458 3459
f 3460 3461 3462
f 3463 3464 3465
f 3466 3441 3467
f 3468 3469 3470
f 3471 3472 3473
f 3474 3475 3476
f 3477 3478 3479
f 3480 3481 3482
f 3483 3484 3485
f 3485 3484 3482
f 3485 3482 3486
f 3486 3482 3481
f 3487 3488 3450
f 3489 3490 3491
f 3491 3490 3492
f 3493 3494 3495
f 3483 3496 3484
f 3484 3496 3497
f 3484 3497 3450
f 3450 3497 3498
f 3450 3498 3487
f 3487 3498 3499
f 3500 3501 3502
f 3503 3504 3494
f 3500 3502 3505
f 3506 3507 3491
f 3491 3507 3508
f 3491 3508 3509
f 3499 3510 3487
f 3487 3510 3511
f 3487 3511 3502
f 3501 3512 3502
f 3502 3512 3513
f 3502 3513 3487
f 3514 3515 3506
f 3506 3515 3516
f 3506 3516 3517
f 3518 3494 3519
f 3519 3494 3520
f 3521 3522 3523
f 3523 3522 3524
f 3525 3526 3527
f 3504 3528 3494
f 3494 3528 3529
f 3494 3529 3520
f 3530 3531 3522
f 3522 3531 3532
f 3522 3532 3524
f 3503 3494 3533
f 3533 3494 3534
f 3533 3534 3535
f 3505 3502 3536
f 3536 3502 3537
f 3536 3537 3538
f 3538 3537 3539
f 3538 3539 3540
f 3492 3541 3491
f 3491 3541 3542
f 3491 3542 3506
f 3506 3542 3543
f 3506 3543 3514
f 3527 3526 3544
f 3544 3526 3545
f 3544 3545 3516
f 3516 3545 3546
f 3516 3546 3517
f 3527 3547 3525
f 3525 3547 3548
f 3525 3548 3549
f 3549 3548 3550
f 3549 3550 3551
f 3551 3550 3552
f 3551 3552 3518
f 3518 3552 3553
f 3518 3553 3494
f 3494 3553 3554
f 3494 3554 3495
f 3555 3556 3495
f 3495 3556 3557
f 3495 3557 3493
f 3540 3539 3535
f 3535 3539 3558
f 3535 3558 3533
f 3509 3559 3491
f 3491 3559 3560
f 3491 3560 3522
f 3522 3560 3561
f 3522 3561 3530
f 3562 3563 3462
f 3564 3565 3462
f 3462 3565 3566
f 3462 3566 3562
f 3567 3568 3569
f 3569 3568 3570
f 3569 3570 3571
f 3572 3573 3574
f 3575 3576 3577
f 3577 3576 3578
f 3578 3579 3577
f 3577 3579 3580
f 3577 3580 3581
f 3582 3564 3583
f 3583 3564 3462
f 3583 3462 3584
f 3584 3462 3461
f 3574 3573 3585
f 3582 3586 3564
f 3564 3586 3587
f 3564 3587 3588
f 3581 3589 3577
f 3577 3589 3590
f 3577 3590 3569
f 3569 3590 3591
f 3569 3591 3567
f 3592 3593 3585
f 3593 3592 3594
f 3594 3592 3595
f 3594 3595 3596
f 3596 3597 3594
f 3594 3597 3598
f 3594 3598 3599
f 3600 3601 3599
f 3599 3601 3602
f 3599 3602 3594
f 3571 3603 3604
f 3604 3603 3605
f 3604 3605 3606
f 3606 3605 3607
f 3604 3608 3571
f 3571 3608 3609
f 3571 3609 3569
f 3569 3609 3610
f 3569 3610 3611
f 3588 3612 3564
f 3564 3612 3613
f 3564 3613 3614
f 3614 3613 3615
f 3614 3615 3616
f 3600 3599 3617
f 3617 3599 3618
f 3617 3618 3619
f 3618 3620 3619
f 3619 3620 3621
f 3619 3621 3622
f 3622 3621 3623
f 3622 3623 3607
f 3607 3623 3624
f 3607 3624 3606
f 3615 3625 3616
f 3616 3625 3626
f 3616 3626 3627
f 3627 3626 3628
f 3627 3628 3629
f 3629 3628 3630
f 3629 3630 3631
f 3631 3630 3632
f 3631 3632 3574
f 3574 3632 3633
f 3574 3633 3572
f 3634 3635 3636
f 3636 3635 3637
f 3636 3637 3638
f 3638 3637 3639
f 3638 3639 3640
f 3641 3642 3643
f 3643 3642 3644
f 3643 3644 3639
f 3639 3644 3645
f 3639 3645 3640
f 3646 3647 3648
f 3648 3647 3649
f 3648 3649 3650
f 3650 3649 3651
f 3650 3651 3652
f 3653 3654 3646
f 3646 3654 3655
f 3646 3655 3647
f 3652 3656 3650
f 3650 3656 3657
f 3650 3657 3658
f 3659 3660 3661
f 3661 3660 3654
f 3661 3654 3662
f 3662 3654 3653
f 3663 3664 3470
f 3665 3666 3667
f 3667 3666 3668
f 3667 3668 3669
f 3670 3671 3672
f 3673 3674 3675
f 3675 3674 3676
f 3675 3676 3677
f 3672 3671 3678
f 3679 3680 3658
f 3658 3680 3681
f 3658 3681 3650
f 3673 3663 3674
f 3674 3663 3470
f 3674 3470 3682
f 3682 3470 3660
f 3682 3660 3683
f 3683 3660 3659
f 3684 3685 3686
f 3686 3687 3684
f 3684 3687 3688
f 3684 3688 3689
f 3690 3691 3692
f 3692 3691 3693
f 3692 3693 3694
f 3689 3695 3684
f 3684 3695 3696
f 3684 3696 3697
f 3679 3658 3698
f 3698 3658 3699
f 3698 3699 3700
f 3700 3699 3701
f 3700 3701 3702
f 3703 3704 3672
f 3690 3692 3676
f 3676 3692 3705
f 3676 3705 3677
f 3706 3707 3697
f 3697 3707 3708
f 3697 3708 3684
f 3704 3709 3672
f 3672 3709 3710
f 3672 3710 3670
f 3669 3711 3712
f 3712 3711 3671
f 3671 3711 3713
f 3671 3713 3678
f 3669 3712 3667
f 3667 3712 3714
f 3667 3714 3701
f 3701 3714 3715
f 3701 3715 3702
f 3716 3717 3684
f 3684 3717 3718
f 3719 3720 3721
f 3703 3672 3722
f 3722 3672 3723
f 3722 3723 3724
f 3724 3723 3685
f 3724 3685 3725
f 3719 3721 3726
f 3720 3719 3727
f 3727 3719 3728
f 3727 3728 3684
f 3684 3728 3729
f 3684 3729 3716
f 3718 3730 3684
f 3684 3730 3731
f 3684 3731 3685
f 3685 3731 3732
f 3685 3732 3725
f 3693 3733 3694
f 3694 3733 3734
f 3694 3734 3735
f 3735 3734 3726
f 3735 3726 3736
f 3736 3726 3721
f 3473 3737 3738
f 3739 3740 3479
f 3741 3742 3473
f 3743 3744 3745
f 3746 3747 3748
f 3748 3747 3749
f 3748 3749 3750
f 3750 3749 3751
f 3752 3753 3754
f 3754 3753 3755
f 3754 3755 3756
f 3756 3755 3757
f 3756 3757 3758
f 3758 3757 3759
f 3744 3760 3745
f 3745 3760 3761
f 3745 3761 3762
f 3762 3761 3763
f 3762 3763 3764
f 3478 3765 3479
f 3479 3765 3766
f 3479 3766 3739
f 3739 3766 3767
f 3739 3767 3768
f 3764 3769 3762
f 3762 3769 3770
f 3762 3770 3771
f 3771 3770 3772
f 3771 3772 3773
f 3768 3774 3739
f 3739 3774 3775
f 3739 3775 3776
f 3776 3775 3777
f 3759 3778 3758
f 3758 3778 3779
f 3758 3779 3473
f 3473 3779 3780
f 3473 3780 3741
f 3746 3781 3747
f 3747 3781 3782
f 3747 3782 3745
f 3745 3782 3783
f 3745 3783 3743
f 3742 3784 3473
f 3473 3784 3785
f 3473 3785 3786
f 3787 3788 3789
f 3789 3788 3790
f 3789 3790 3791
f 3792 3793 3794
f 3794 3793 3795
f 3794 3795 3772
f 3772 3795 3796
f 3772 3796 3773
f 3786 3797 3473
f 3473 3797 3798
f 3473 3798 3737
f 3737 3798 3789
f 3737 3789 3799
f 3799 3789 3791
f 3794 3800 3792
f 3792 3800 3801
f 3792 3801 3789
f 3789 3801 3802
f 3789 3802 3787
f 3751 3803 3750
f 3750 3803 3804
f 3750 3804 3805
f 3805 3804 3806
f 3805 3806 3775
f 3775 3806 3807
f 3775 3807 3777
f 3808 3809 3810
f 3810 3809 3811
f 3810 3811 3812
f 3812 3811 3813
f 3813 3814 3812
f 3812 3814 3815
f 3812 3815 3816
f 3816 3815 3817
f 3816 3817 3818
f 3818 3817 3819
f 3752 3754 3820
f 3820 3754 3821
f 3820 3821 3822
f 3822 3823 3820
f 3820 3823 3824
f 3820 3824 3819
f 3819 3824 3825
f 3819 3825 3818
f 3826 3827 3828
f 3829 3830 3831
f 3832 3833 3834
f 3835 3836 3837
f 3831 3830 3838
f 3838 3830 3839
f 3838 3839 3837
f 3697 3840 3706
f 3706 3840 3841
f 3706 3841 3842
f 3843 3844 3845
f 3846 3847 3834
f 3848 3849 3850
f 3850 3849 3829
f 3850 3829 3851
f 3851 3829 3831
f 3841 3852 3842
f 3842 3852 3853
f 3842 3853 3854
f 3855 3842 3856
f 3856 3842 3857
f 3858 3859 3860
f 3860 3859 3861
f 3860 3861 3862
f 3441 3466 3863
f 3864 3865 3866
f 3866 3865 3867
f 3866 3867 3868
f 3847 3869 3834
f 3834 3869 3870
f 3834 3870 3865
f 3865 3870 3871
f 3865 3871 3867
f 3854 3872 3842
f 3842 3872 3873
f 3842 3873 3849
f 3849 3873 3874
f 3849 3874 3829
f 3855 3875 3842
f 3842 3875 3876
f 3842 3876 3706
f 3706 3876 3877
f 3706 3877 3707
f 3857 3842 3878
f 3878 3842 3879
f 3878 3879 3880
f 3466 3881 3863
f 3863 3881 3882
f 3863 3882 3883
f 3884 3885 3886
f 3886 3885 3887
f 3884 3888 3885
f 3885 3888 3889
f 3885 3889 3828
f 3828 3889 3441
f 3828 3441 3843
f 3843 3441 3863
f 3890 3891 3892
f 3837 3839 3835
f 3835 3839 3893
f 3835 3893 3834
f 3834 3893 3894
f 3834 3894 3832
f 3833 3895 3834
f 3834 3895 3896
f 3834 3896 3761
f 3761 3896 3897
f 3761 3897 3763
f 3862 3861 3898
f 3898 3861 3899
f 3898 3899 3900
f 3900 3899 3880
f 3900 3880 3901
f 3901 3880 3879
f 3901 3879 3902
f 3883 3903 3863
f 3863 3903 3904
f 3863 3904 3859
f 3859 3904 3905
f 3859 3905 3861
f 3892 3891 3885
f 3885 3891 3906
f 3885 3906 3887
f 3868 3867 3907
f 3907 3867 3908
f 3907 3908 3909
f 3909 3908 3890
f 3909 3890 3910
f 3910 3890 3892
f 3910 3892 3911
f 3760 3912 3761
f 3761 3912 3913
f 3761 3913 3834
f 3834 3913 3914
f 3834 3914 3846
f 3845 3915 3843
f 3843 3915 3916
f 3843 3916 3828
f 3828 3916 3917
f 3828 3917 3826
f 3918 3919 3920
f 3919 3921 3920
f 3920 3921 3922
f 3920 3922 3923
f 3918 3920 3924
f 3924 3920 3925
f 3924 3925 3926
f 3927 3479 3810
f 3810 3479 3740
f 3810 3740 3808
f 3927 3474 3479
f 3479 3474 3476
f 3479 3476 3477
f 3477 3476 3924
f 3477 3924 3928
f 3928 3924 3926
f 3738 3929 3473
f 3473 3929 3930
f 3473 3930 3471
f 3471 3930 3931
f 3471 3931 3932
f 3933 3934 3935
f 3936 3937 3938
f 3930 3939 3931
f 3931 3939 3935
f 3931 3935 3940
f 3940 3935 3934
f 3936 3938 3941
f 3941 3938 3935
f 3935 3938 3942
f 3935 3942 3933
f 3667 3943 3665
f 3665 3943 3944
f 3665 3944 3945
f 3945 3944 3946
f 3946 3947 3945
f 3945 3947 3948
f 3945 3948 3949
f 3950 3951 3952
f 3952 3953 3950
f 3950 3953 3954
f 3950 3954 3945
f 3949 3955 3945
f 3945 3955 3956
f 3945 3956 3950
f 3957 3660 3958
f 3958 3660 3470
f 3958 3470 3959
f 3959 3470 3469
f 3664 3960 3470
f 3470 3960 3961
f 3470 3961 3468
f 3468 3961 3962
f 3962 3963 3468
f 3468 3963 3964
f 3468 3964 3965
f 3965 3964 3966
f 3967 3968 3969
f 3964 3970 3966
f 3966 3970 3967
f 3966 3967 3971
f 3971 3967 3969
f 3972 3973 3974
f 3975 3976 3977
f 3978 3979 3980
f 3981 3982 3983
f 3441 3440 3467
f 3467 3440 3984
f 3467 3984 3985
f 3985 3984 3986
f 3985 3986 3987
f 3987 3986 3988
f 3987 3988 3989
f 3979 3990 3980
f 3980 3990 3991
f 3980 3991 3992
f 3992 3991 3993
f 3994 3995 3996
f 3997 3998 3999
f 3999 3998 4000
f 3999 4000 3973
f 3973 4000 4001
f 3973 4001 3974
f 3976 3975 3991
f 3991 3975 4002
f 3991 4002 3993
f 4003 4004 3999
f 3999 4004 4005
f 3999 4005 3997
f 3978 3980 3996
f 3996 3980 4006
f 3996 4006 3994
f 4007 4008 4009
f 4009 4008 4003
f 4010 4011 4012
f 4012 4011 3989
f 4012 3989 4013
f 4013 3989 3988
f 4014 4015 4016
f 4016 4015 4017
f 4016 4017 4018
f 3982 4019 3983
f 3983 4019 4020
f 3983 4020 4021
f 4021 4020 4022
f 4021 4022 3974
f 3974 4022 4023
f 3974 4023 3972
f 3981 3983 4024
f 4024 3983 4025
f 4024 4025 4010
f 4010 4025 4026
f 4010 4026 4011
f 3977 4027 3975
f 3975 4027 4028
f 3975 4028 4029
f 4029 4028 4030
f 4029 4030 4031
f 4031 4030 4032
f 4031 4032 4033
f 4033 4032 4034
f 4033 4034 4035
f 4035 4034 4036
f 4035 4036 4014
f 4014 4036 4037
f 4014 4037 4015
f 4003 3999 4009
f 4009 3999 4038
f 4009 4038 4039
f 4039 4038 4040
f 4039 4040 3996
f 4041 4042 4043
f 4044 4045 4041
f 4041 4045 4046
f 4041 4046 4047
f 4043 4048 4041
f 4041 4048 4049
f 4041 4049 4044
f 4050 3463 4009
f 4009 3463 3465
f 4009 3465 4007
f 4007 3465 4041
f 4007 4041 4051
f 4051 4041 4047
f 4052 4053 4039
f 4039 4053 4054
f 4039 4054 4055
f 3995 4056 3996
f 3996 4056 4057
f 3996 4057 4039
f 4039 4057 4058
f 4039 4058 4052
f 4052 4058 4059
f 4052 4059 4060
f 4061 4062 4059
f 4063 4064 4065
f 4062 4066 4059
f 4059 4066 4067
f 4059 4067 4060
f 4061 4059 4065
f 4065 4059 4068
f 4065 4068 4063
f 4069 4070 4071
f 4072 4073 3446
f 4074 4075 4076
f 4077 4078 4079
f 4079 4078 4080
f 4079 4080 4081
f 4082 4083 4071
f 4071 4083 4084
f 4085 4086 4087
f 4087 4086 4088
f 4087 4088 4089
f 4082 4071 4090
f 4090 4071 4091
f 4090 4091 4092
f 4093 4094 4076
f 4095 4096 4097
f 4098 4099 4100
f 4101 4102 4070
f 4070 4102 4103
f 4070 4103 4104
f 4084 4105 4071
f 4071 4105 4106
f 4071 4106 4069
f 4069 4106 4107
f 4069 4107 4018
f 4089 4088 4108
f 4108 4088 4109
f 4108 4109 4110
f 4110 4109 4092
f 4110 4092 4111
f 4111 4092 4091
f 4111 4091 4112
f 4094 4113 4076
f 4076 4113 4114
f 4076 4114 4086
f 4086 4114 4115
f 4086 4115 4088
f 4097 4096 4076
f 4076 4096 4116
f 4076 4116 4074
f 4081 4080 4117
f 4117 4080 4118
f 4117 4118 4119
f 4119 4118 4095
f 4119 4095 4120
f 4120 4095 4097
f 4120 4097 4121
f 4100 4122 4123
f 4124 4125 4126
f 4126 4125 4127
f 4126 4127 4128
f 4129 4130 4131
f 4072 4132 4133
f 4133 4134 4072
f 4072 4134 4135
f 4072 4135 4125
f 4125 4135 4136
f 4125 4136 4127
f 4137 4138 4073
f 4073 4138 4139
f 4075 4140 4076
f 4076 4140 4141
f 4076 4141 3592
f 3592 4141 4142
f 3592 4142 3595
f 4131 4130 4100
f 4100 4130 4143
f 4100 4143 4122
f 4128 4127 4144
f 4144 4127 4145
f 4144 4145 4146
f 4146 4145 4129
f 4146 4129 4147
f 4147 4129 4131
f 4147 4131 4148
f 3446 3445 4072
f 4072 3445 4149
f 4072 4149 4132
f 3585 3573 3592
f 3592 3573 4150
f 3592 4150 4076
f 4076 4150 4151
f 4076 4151 4093
f 3495 4152 3555
f 3555 4152 4153
f 3555 4153 4100
f 4100 4153 4154
f 4100 4154 4098
f 4099 4155 4100
f 4100 4155 4156
f 4100 4156 4078
f 4078 4156 4157
f 4078 4157 4080
f 4123 4158 4100
f 4100 4158 4159
f 4100 4159 3555
f 3555 4159 4160
f 3555 4160 3556
f 4161 4162 4163
f 4163 4162 4164
f 4161 4165 4162
f 4162 4165 4166
f 4162 4166 4167
f 4167 4166 4168
f 4169 3462 3643
f 3643 3462 3563
f 3643 3563 3641
f 4169 3457 3462
f 3462 3457 3459
f 3462 3459 3460
f 3460 3459 4170
f 3460 4170 4162
f 4162 4170 4171
f 4162 4171 4164
f 4172 4173 3577
f 3577 4173 4174
f 4174 4175 3577
f 3577 4175 4176
f 3577 4176 3575
f 3575 4176 4177
f 3575 4177 3634
f 3634 4177 4178
f 3634 4178 3635
f 4179 4180 3454
f 4179 3454 3569
f 3569 3454 3456
f 3569 3456 3577
f 3577 3456 4181
f 3577 4181 4172
f 3611 4182 3569
f 3569 4182 4183
f 3569 4183 4179
f 4179 4183 4184
f 4179 4184 4185
f 4184 4186 4185
f 4185 4186 4187
f 4185 4187 4188
f 4188 4189 4185
f 4185 4189 4190
f 4185 4190 4191
f 4191 4192 4185
f 4185 4192 4193
f 4185 4193 4194
f 4195 4196 4197
f 4198 4199 4195
f 4195 4199 4200
f 4195 4200 4201
f 4197 4202 4195
f 4195 4202 4203
f 4195 4203 4198
f 3491 4204 4205
f 4205 3451 3491
f 3491 3451 3453
f 3491 3453 3489
f 3489 3453 4195
f 3489 4195 4206
f 4206 4195 4201
f 4204 3491 4207
f 4207 3491 3522
f 4207 3522 4208
f 4209 4210 3522
f 3522 4210 4211
f 3522 4211 4208
f 3482 4212 3480
f 3480 4212 4213
f 3480 4213 4214
f 4214 4213 4215
f 4214 4215 3521
f 3521 4215 4216
f 3521 4216 3522
f 3522 4216 4217
f 3522 4217 4209
f 4218 3484 4219
f 4219 3484 3450
f 4219 3450 4220
f 4220 3450 3449
f 4221 4222 4223
f 3488 4224 3450
f 3450 4224 4225
f 3450 4225 3448
f 3448 4225 4223
f 3448 4223 4226
f 4226 4223 4222
f 4221 4223 4227
f 4227 4223 4228
f 4227 4228 4229
f 4229 4230 4227
f 4227 4230 4231
f 4227 4231 4232
f 4233 4234 4235
f 4236 4237 4238
f 3446 4239 3447
f 3447 4239 4240
f 3447 4240 4241
f 4241 4240 4242
f 4241 4242 4243
f 4243 4242 4244
f 4243 4244 4245
f 4246 4247 4248
f 4249 4250 4251
f 4251 4250 4252
f 4251 4252 4253
f 4253 4254 4251
f 4251 4254 4255
f 4251 4255 4234
f 4234 4255 4256
f 4234 4256 4235
f 4257 4258 4259
f 4259 4258 4245
f 4259 4245 4260
f 4260 4245 4244
f 4261 4262 4263
f 4263 4262 4249
f 4264 4265 4266
f 4266 4265 4267
f 4266 4267 4268
f 4268 4269 4266
f 4266 4269 4270
f 4266 4270 4246
f 4246 4270 4271
f 4246 4271 4247
f 4237 4272 4238
f 4238 4272 4273
f 4238 4273 4274
f 4274 4273 4275
f 4274 4275 4235
f 4235 4275 4276
f 4235 4276 4233
f 4236 4238 4277
f 4277 4238 4278
f 4277 4278 4257
f 4257 4278 4279
f 4257 4279 4258
f 4266 4280 4264
f 4264 4280 4281
f 4264 4281 4282
f 4283 4284 3889
f 4282 4285 4264
f 4264 4285 4286
f 4264 4286 4287
f 4249 4251 4263
f 4263 4251 4288
f 4263 4288 4289
f 4289 4288 4290
f 4289 4290 4246
f 3888 4291 3889
f 3889 4291 4292
f 3889 4292 4283
f 4283 4292 4293
f 4283 4293 4294
f 4294 4293 4295
f 4287 4296 4264
f 4264 4296 4297
f 4264 4297 4298
f 4298 4297 4299
f 4298 4299 4300
f 4300 4299 4301
f 4300 4301 4302
f 4302 4301 4303
f 4302 4303 4295
f 4295 4303 4304
f 4295 4304 4294
f 4305 4306 4261
f 4261 4306 4307
f 4261 4307 4308
f 4308 4309 4261
f 4261 4309 4310
f 4261 4310 4311
f 4311 4310 4312
f 4313 4314 4310
f 4310 4314 4315
f 4310 4315 4312
f 4261 4263 4305
f 4305 4263 4316
f 4305 4316 4317
f 4318 4319 4289
f 4289 4319 4320
f 4289 4320 3442
f 4321 4318 4322
f 4322 4318 4323
f 4248 4324 4246
f 4246 4324 4325
f 4246 4325 4289
f 4289 4325 4326
f 4289 4326 4318
f 4318 4326 4327
f 4318 4327 4323
f 4328 4329 4330
f 4330 4329 4331
f 4330 4331 4332
f 4332 4331 4322
f 4322 4331 4333
f 4322 4333 4321
f 4018 4017 4069
f 4069 4017 4334
f 4069 4334 4335
f 4336 4337 3446
f 3446 4337 4338
f 3446 4338 4239
f 4335 4339 4069
f 4069 4339 4340
f 4069 4340 4341
f 4342 4343 3446
f 3446 4343 4344
f 3446 4344 4336
f 4341 4342 4069
f 4069 4342 3446
f 4069 3446 4070
f 4070 3446 4073
f 4070 4073 4101
f 4101 4073 4139
f 4284 4345 3889
f 3889 4345 4346
f 3889 4346 4347
f 4348 4349 3441
f 3441 4349 4350
f 3441 4350 3439
f 4347 4351 3889
f 3889 4351 4352
f 3889 4352 3441
f 3441 4352 4353
f 3441 4353 4348
f 3442 3444 4289
f 4289 3444 4354
f 4289 4354 4263
f 4263 4354 4355
f 4263 4355 4316
f 4050 4009 4356
f 4356 4009 4039
f 4356 4039 4357
f 4357 4039 4055
f 4357 4055 4358
f 4359 4360 4361
f 4362 4363 4364
f 4365 4366 4367
f 4368 4369 4370
f 4371 4372 4373
f 4374 4375 4376
f 4377 4378 4379
f 4380 4381 4382
f 4383 4384 4385
f 4386 4387 4388
f 4389 4390 4391
f 4392 4393 4394
f 4395 4396 4397
f 4398 4399 4400
f 4401 4402 4403
f 4403 4402 4404
f 4403 4404 4405
f 4405 4406 4407
f 4407 4406 4408
f 4388 4409 4410
f 4411 4412 4413
f 4414 4415 4416
f 4411 4413 4417
f 4408 4418 4407
f 4407 4418 4413
f 4407 4413 4419
f 4419 4413 4412
f 4416 4420 4414
f 4414 4420 4421
f 4414 4421 4422
f 4423 4424 4425
f 4425 4424 4426
f 4426 4427 4425
f 4425 4427 4428
f 4425 4428 4429
f 4430 4431 4432
f 4432 4431 4433
f 4432 4433 4434
f 4434 4433 4435
f 4434 4435 4436
f 4436 4435 4414
f 4436 4414 4437
f 4437 4414 4422
f 4413 4438 4417
f 4417 4438 4439
f 4417 4439 4440
f 4440 4439 4441
f 4440 4441 4430
f 4430 4441 4442
f 4430 4442 4431
f 4443 4444 4445
f 4445 4444 4446
f 4445 4446 4447
f 4448 4449 4450
f 4429 4451 4425
f 4425 4451 4452
f 4425 4452 4388
f 4388 4452 4453
f 4454 4455 4456
f 4448 4450 4457
f 4458 4459 4460
f 4456 4461 4454
f 4454 4461 4462
f 4454 4462 4458
f 4458 4462 4463
f 4458 4463 4459
f 4455 4454 4450
f 4450 4454 4464
f 4450 4464 4457
f 4443 4445 4414
f 4414 4445 4465
f 4414 4465 4415
f 4415 4465 4466
f 4415 4466 4467
f 4467 4466 4468
f 4467 4468 4469
f 4460 4409 4458
f 4458 4409 4388
f 4458 4388 4470
f 4470 4388 4453
f 4449 4471 4450
f 4450 4471 4472
f 4450 4472 4469
f 4469 4472 4473
f 4469 4473 4467
f 4407 4474 4475
f 4476 4477 4478
f 4478 4477 4479
f 4478 4479 4480
f 4480 4479 4481
f 4480 4481 4482
f 4474 4483 4475
f 4475 4483 4484
f 4475 4484 4481
f 4481 4484 4485
f 4481 4485 4482
f 4486 4487 4488
f 4489 4490 4491
f 4491 4490 4488
f 4491 4488 4492
f 4492 4488 4487
f 4493 4494 4382
f 4495 4496 4497
f 4498 4499 4496
f 4500 4493 4501
f 4501 4493 4382
f 4501 4382 4502
f 4502 4382 4490
f 4502 4490 4503
f 4503 4490 4489
f 4499 4504 4496
f 4496 4504 4505
f 4496 4505 4506
f 4506 4507 4496
f 4496 4507 4508
f 4496 4508 4509
f 4500 4501 4510
f 4510 4501 4511
f 4510 4511 4512
f 4513 4514 4515
f 4515 4514 4516
f 4517 4518 4519
f 4519 4518 4510
f 4519 4510 4520
f 4520 4510 4512
f 4521 4522 4523
f 4524 4525 4526
f 4526 4525 4527
f 4527 4528 4526
f 4526 4528 4529
f 4526 4529 4530
f 4495 4497 4531
f 4531 4497 4532
f 4531 4532 4533
f 4496 4534 4498
f 4498 4534 4535
f 4498 4535 4536
f 4536 4535 4537
f 4535 4538 4537
f 4537 4538 4539
f 4537 4539 4540
f 4540 4539 4541
f 4540 4541 4519
f 4519 4541 4542
f 4519 4542 4517
f 4543 4544 4515
f 4515 4544 4545
f 4515 4545 4526
f 4526 4545 4546
f 4526 4546 4524
f 4516 4547 4515
f 4515 4547 4548
f 4515 4548 4543
f 4543 4548 4549
f 4543 4549 4522
f 4522 4549 4550
f 4522 4550 4523
f 4551 4552 4523
f 4523 4552 4553
f 4523 4553 4554
f 4551 4555 4552
f 4552 4555 4556
f 4552 4556 4557
f 4554 4558 4523
f 4523 4558 4559
f 4523 4559 4521
f 4556 4560 4557
f 4557 4560 4561
f 4557 4561 4562
f 4562 4561 4563
f 4562 4563 4564
f 4564 4563 4565
f 4564 4565 4509
f 4509 4565 4566
f 4509 4566 4496
f 4496 4566 4567
f 4496 4567 4497
f 4568 4569 4570
f 4367 4571 4572
f 4573 4574 4569
f 4569 4574 4575
f 4569 4575 4570
f 4576 4577 4578
f 4579 4580 4581
f 4581 4580 4582
f 4583 4584 4585
f 4585 4584 4586
f 4585 4586 4573
f 4570 4587 4568
f 4568 4587 4588
f 4568 4588 4589
f 4589 4588 4590
f 4589 4590 4591
f 4592 4593 4594
f 4595 4596 4597
f 4597 4596 4598
f 4597 4598 4599
f 4599 4598 4600
f 4599 4600 4601
f 4601 4600 4602
f 4603 4604 4580
f 4580 4604 4605
f 4580 4605 4582
f 4594 4606 4592
f 4592 4606 4607
f 4592 4607 4608
f 4608 4609 4592
f 4592 4609 4610
f 4592 4610 4611
f 4592 4612 4593
f 4593 4612 4613
f 4593 4613 4614
f 4580 4615 4603
f 4603 4615 4616
f 4603 4616 4617
f 4618 4619 4590
f 4590 4619 4620
f 4590 4620 4591
f 4621 4579 4622
f 4622 4579 4623
f 4622 4623 4610
f 4610 4623 4624
f 4610 4624 4611
f 4625 4626 4580
f 4580 4626 4627
f 4580 4627 4628
f 4629 4367 4630
f 4630 4367 4601
f 4630 4601 4631
f 4631 4601 4602
f 4614 4571 4593
f 4593 4571 4367
f 4593 4367 4632
f 4632 4367 4629
f 4578 4633 4576
f 4576 4633 4634
f 4576 4634 4618
f 4618 4634 4635
f 4618 4635 4619
f 4621 4636 4579
f 4579 4636 4637
f 4579 4637 4580
f 4580 4637 4638
f 4580 4638 4625
f 4576 4639 4577
f 4577 4639 4640
f 4577 4640 4627
f 4627 4640 4641
f 4627 4641 4628
f 4569 4642 4643
f 4644 4645 4646
f 4646 4645 4647
f 4646 4647 4648
f 4648 4647 4649
f 4648 4649 4650
f 4651 4652 4653
f 4653 4652 4654
f 4653 4654 4644
f 4644 4654 4655
f 4644 4655 4645
f 4595 4597 4653
f 4653 4597 4656
f 4653 4656 4651
f 4642 4657 4643
f 4643 4657 4658
f 4643 4658 4649
f 4649 4658 4659
f 4649 4659 4650
f 4660 4661 4662
f 4663 4664 4665
f 4665 4664 4662
f 4665 4662 4666
f 4666 4662 4661
f 4667 4668 4669
f 4669 4668 4670
f 4669 4670 4671
f 4662 4672 4660
f 4660 4672 4673
f 4660 4673 4674
f 4674 4673 4675
f 4674 4675 4669
f 4669 4675 4676
f 4669 4676 4667
f 4677 4678 4679
f 4679 4678 4680
f 4679 4680 4681
f 4663 4682 4664
f 4664 4682 4683
f 4664 4683 4364
f 4364 4683 4684
f 4364 4684 4685
f 4686 4687 4671
f 4671 4687 4688
f 4671 4688 4669
f 4689 4690 4679
f 4691 4692 4693
f 4694 4695 4696
f 4696 4695 4697
f 4696 4697 4698
f 4698 4697 4699
f 4698 4699 4700
f 4701 4702 4703
f 4686 4671 4704
f 4704 4671 4705
f 4704 4705 4706
f 4706 4705 4707
f 4706 4707 4708
f 4709 4685 4710
f 4710 4685 4711
f 4710 4711 4712
f 4713 4364 4714
f 4714 4364 4685
f 4714 4685 4715
f 4715 4685 4709
f 4694 4716 4695
f 4695 4716 4717
f 4695 4717 4692
f 4692 4717 4718
f 4692 4718 4693
f 4719 4720 4700
f 4700 4720 4721
f 4700 4721 4698
f 4719 4700 4722
f 4722 4700 4723
f 4722 4723 4724
f 4725 4726 4679
f 4679 4726 4727
f 4679 4727 4689
f 4690 4728 4679
f 4679 4728 4729
f 4679 4729 4707
f 4707 4729 4730
f 4707 4730 4708
f 4693 4731 4691
f 4691 4731 4732
f 4691 4732 4733
f 4733 4732 4734
f 4733 4734 4735
f 4681 4736 4703
f 4703 4736 4737
f 4703 4737 4701
f 4681 4703 4679
f 4679 4703 4738
f 4679 4738 4725
f 4735 4734 4739
f 4739 4734 4740
f 4739 4740 4712
f 4712 4740 4741
f 4712 4741 4710
f 4702 4742 4703
f 4703 4742 4743
f 4703 4743 4744
f 4743 4745 4744
f 4744 4745 4746
f 4744 4746 4747
f 4747 4746 4748
f 4747 4748 4749
f 4749 4748 4722
f 4749 4722 4750
f 4750 4722 4724
f 4751 4752 4753
f 4754 4755 4756
f 4756 4757 4758
f 4759 4760 4761
f 4761 4760 4762
f 4761 4762 4763
f 4764 4765 4766
f 4767 4768 4361
f 4361 4768 4769
f 4361 4769 4770
f 4771 4772 4773
f 4774 4775 4776
f 4776 4775 4777
f 4776 4777 4778
f 4778 4777 4779
f 4779 4777 4780
f 4779 4780 4781
f 4781 4780 4782
f 4781 4782 4753
f 4766 4765 4756
f 4756 4765 4783
f 4756 4783 4757
f 4763 4762 4784
f 4784 4762 4785
f 4784 4785 4786
f 4786 4785 4764
f 4786 4764 4787
f 4787 4764 4766
f 4787 4766 4788
f 4768 4789 4769
f 4769 4789 4790
f 4769 4790 4791
f 4792 4793 4772
f 4772 4793 4794
f 4772 4794 4795
f 4773 4796 4797
f 4798 4799 4800
f 4721 4801 4698
f 4698 4801 4802
f 4698 4802 4756
f 4756 4802 4803
f 4756 4803 4754
f 4755 4804 4756
f 4756 4804 4805
f 4756 4805 4775
f 4775 4805 4806
f 4775 4806 4777
f 4791 4807 4769
f 4769 4807 4808
f 4769 4808 4760
f 4760 4808 4809
f 4760 4809 4762
f 4797 4796 4810
f 4799 4811 4800
f 4800 4811 4812
f 4800 4812 4813
f 4800 4814 4815
f 4815 4816 4800
f 4800 4816 4817
f 4800 4817 4818
f 4818 4817 4819
f 4818 4819 4617
f 4758 4820 4756
f 4756 4820 4821
f 4756 4821 4698
f 4698 4821 4822
f 4698 4822 4696
f 4823 4824 4813
f 4825 4823 4826
f 4826 4823 4813
f 4826 4813 4827
f 4827 4813 4812
f 4825 4826 4828
f 4828 4826 4829
f 4828 4829 4830
f 4830 4829 4810
f 4830 4810 4831
f 4831 4810 4796
f 4831 4796 4832
f 4753 4782 4751
f 4751 4782 4833
f 4751 4833 4800
f 4800 4833 4834
f 4800 4834 4814
f 4835 4836 4770
f 4770 4836 4837
f 4770 4837 4792
f 4797 4838 4773
f 4773 4838 4839
f 4773 4839 4840
f 4840 4841 4773
f 4773 4841 4842
f 4773 4842 4771
f 4617 4616 4818
f 4818 4616 4843
f 4818 4843 4800
f 4800 4843 4844
f 4800 4844 4798
f 4845 4846 4847
f 4847 4846 4848
f 4847 4848 4849
f 4850 4851 4852
f 4852 4851 4853
f 4852 4853 4854
f 4855 4856 4857
f 4361 4360 4767
f 4767 4360 4858
f 4767 4858 4859
f 4859 4858 4860
f 4859 4860 4861
f 4861 4860 4862
f 4861 4862 4863
f 4864 4865 4866
f 4866 4865 4863
f 4866 4863 4867
f 4867 4863 4862
f 4849 4868 4847
f 4847 4868 4869
f 4847 4869 4870
f 4847 4871 4845
f 4845 4871 4872
f 4845 4872 4873
f 4872 4874 4873
f 4873 4874 4875
f 4873 4875 4876
f 4877 4878 4852
f 4852 4878 4879
f 4852 4879 4850
f 4880 4881 4882
f 4882 4881 4883
f 4880 4882 4853
f 4853 4882 4884
f 4853 4884 4854
f 4885 4886 4887
f 4888 4889 4890
f 4890 4889 4877
f 4877 4852 4890
f 4890 4852 4891
f 4890 4891 4892
f 4892 4891 4893
f 4892 4893 4873
f 4856 4894 4857
f 4857 4894 4895
f 4857 4895 4883
f 4883 4895 4896
f 4883 4896 4882
f 4855 4857 4897
f 4897 4857 4898
f 4897 4898 4864
f 4864 4898 4899
f 4864 4899 4865
f 4887 4886 4900
f 4900 4886 4901
f 4900 4901 4902
f 4902 4901 4903
f 4903 4901 4904
f 4903 4904 4905
f 4905 4904 4906
f 4905 4906 4907
f 4907 4906 4908
f 4907 4908 4909
f 4909 4908 4910
f 4909 4910 4911
f 4911 4910 4912
f 4911 4912 4870
f 4870 4912 4913
f 4870 4913 4847
f 4914 4915 4916
f 4917 4918 4919
f 4919 4918 4920
f 4916 4921 4914
f 4914 4921 4920
f 4914 4920 4922
f 4922 4920 4918
f 4923 4398 4890
f 4890 4398 4400
f 4890 4400 4888
f 4888 4400 4915
f 4888 4915 4924
f 4924 4915 4914
f 4925 4926 4892
f 4892 4926 4927
f 4876 4928 4873
f 4873 4928 4929
f 4873 4929 4892
f 4892 4929 4930
f 4892 4930 4925
f 4925 4930 4931
f 4932 4933 4931
f 4931 4933 4934
f 4931 4934 4935
f 4936 4937 4931
f 4931 4937 4938
f 4931 4938 4925
f 4935 4939 4931
f 4931 4939 4940
f 4931 4940 4936
f 4941 4942 4378
f 4943 4944 4945
f 4946 4947 4948
f 4948 4947 4949
f 4948 4949 4950
f 4951 4952 4953
f 4950 4949 4954
f 4954 4949 4955
f 4954 4955 4956
f 4956 4955 4957
f 4956 4957 4945
f 4958 4959 4960
f 4959 4961 4960
f 4960 4961 4962
f 4960 4962 4947
f 4947 4962 4963
f 4947 4963 4949
f 4964 4965 4960
f 4960 4965 4966
f 4964 4960 4967
f 4967 4960 4968
f 4967 4968 4969
f 4970 4971 4952
f 4952 4971 4972
f 4952 4972 4973
f 4974 4975 4953
f 4975 4976 4953
f 4953 4976 4977
f 4953 4977 4951
f 4951 4977 4978
f 4951 4978 4885
f 4966 4979 4960
f 4960 4979 4980
f 4960 4980 4981
f 4981 4980 4982
f 4981 4982 4447
f 4983 4984 4985
f 4985 4984 4986
f 4985 4986 4987
f 4987 4986 4988
f 4988 4986 4989
f 4988 4989 4990
f 4990 4989 4969
f 4990 4969 4991
f 4991 4969 4968
f 4991 4968 4992
f 4993 4994 4942
f 4942 4994 4995
f 4942 4995 4970
f 4945 4957 4943
f 4943 4957 4996
f 4943 4996 4953
f 4953 4996 4997
f 4953 4997 4974
f 4447 4446 4981
f 4981 4446 4998
f 4981 4998 4960
f 4960 4998 4999
f 4960 4999 4958
f 5000 5001 5002
f 5002 5003 5000
f 5000 5003 5004
f 5000 5004 4984
f 4984 5004 5005
f 4984 5005 4986
f 5006 5000 5007
f 5007 5000 5008
f 4941 5009 5010
f 4533 4532 5011
f 5011 4532 5012
f 5011 5012 5000
f 5000 5012 5013
f 5000 5013 5001
f 5014 5015 5016
f 5016 5015 5017
f 5016 5017 5018
f 5008 5000 5019
f 5019 5000 5020
f 5019 5020 5021
f 4378 4377 4941
f 4941 4377 5022
f 4941 5022 5009
f 5006 5023 5000
f 5000 5023 5024
f 5000 5024 5011
f 5011 5024 5025
f 5011 5025 4533
f 5018 5017 5026
f 5026 5017 5027
f 5026 5027 5028
f 5028 5027 5021
f 5028 5021 5029
f 5029 5021 5020
f 5029 5020 5030
f 5010 5031 4941
f 4941 5031 5032
f 4941 5032 5015
f 5015 5032 5033
f 5015 5033 5017
f 5034 5035 4401
f 4401 5035 5036
f 4401 5036 5037
f 5038 5037 5039
f 5039 5037 5040
f 5038 5041 5037
f 5037 5041 5042
f 5037 5042 4401
f 4405 4407 4403
f 4403 4407 4475
f 4403 4475 5043
f 5043 4392 4403
f 4403 4392 4394
f 4403 4394 4401
f 4401 4394 5044
f 4401 5044 5034
f 5045 5046 4425
f 4425 5046 5047
f 5047 5048 4425
f 4425 5048 5049
f 4425 5049 4423
f 4423 5049 5050
f 4423 5050 4476
f 4476 5050 5051
f 4476 5051 4477
f 4387 5052 4389
f 4387 4389 4388
f 4388 4389 4391
f 4388 4391 4425
f 4425 4391 5053
f 4425 5053 5045
f 5054 5055 4386
f 4410 5056 4388
f 4388 5056 5057
f 4388 5057 4386
f 4386 5057 5058
f 4386 5058 5054
f 4386 5059 5060
f 5055 5061 4386
f 4386 5061 5062
f 4386 5062 5059
f 5063 5064 5060
f 5060 5064 5065
f 5060 5065 4386
f 5066 5067 5068
f 5068 5067 5069
f 5066 5070 5067
f 5067 5070 4513
f 5067 4513 5071
f 5072 5073 4513
f 4513 5073 5074
f 4513 5074 5071
f 4515 5075 5076
f 5076 4383 4515
f 4515 4383 4385
f 4515 4385 4513
f 4513 4385 5077
f 4513 5077 5072
f 5075 4515 5078
f 5078 4515 4526
f 5078 4526 5079
f 4488 5080 4486
f 4486 5080 5081
f 4486 5081 5082
f 5082 5081 5083
f 5082 5083 4530
f 4530 5083 5084
f 4530 5084 4526
f 4526 5084 5085
f 4526 5085 5086
f 5086 5087 4526
f 4526 5087 5088
f 4526 5088 5079
f 5089 4490 5090
f 5090 4490 4382
f 5090 4382 5091
f 5091 4382 4381
f 5092 4380 5093
f 4494 5094 4382
f 4382 5094 5095
f 4382 5095 4380
f 4380 5095 5096
f 4380 5096 5093
f 5097 5098 5093
f 5098 5099 5093
f 5093 5099 5100
f 5093 5100 5092
f 5097 5093 5101
f 5101 5093 5102
f 5101 5102 5103
f 5104 5105 5106
f 5107 5108 5109
f 5110 5111 5112
f 5112 5111 5113
f 5112 5113 5114
f 5114 5113 5115
f 5116 5117 5110
f 5110 5117 5118
f 5110 5118 5111
f 4378 5119 4379
f 4379 5119 5120
f 4379 5120 5121
f 5121 5120 5122
f 5121 5122 5123
f 5123 5122 5124
f 5123 5124 5125
f 5115 5126 5114
f 5114 5126 5107
f 5114 5107 5127
f 5127 5107 5109
f 4842 5128 4771
f 4771 5128 5129
f 4771 5129 5130
f 5130 5129 5131
f 5130 5131 5132
f 5132 5131 5133
f 5108 5134 5135
f 5136 5137 5138
f 5138 5137 5139
f 5138 5139 5140
f 5140 5141 5138
f 5138 5141 5142
f 5138 5142 5106
f 5106 5142 5143
f 5106 5143 5104
f 5138 5144 5136
f 5136 5144 5145
f 5136 5145 5146
f 5134 5108 5147
f 5116 5110 5148
f 5148 5110 5149
f 5148 5149 5150
f 5149 5151 5150
f 5150 5151 5152
f 5150 5152 5153
f 5153 5152 5125
f 5153 5125 5154
f 5154 5125 5124
f 5146 5155 5136
f 5136 5155 5156
f 5136 5156 5157
f 5158 5159 5160
f 5160 5159 5147
f 5135 5161 5108
f 5108 5161 5162
f 5108 5162 5109
f 5147 5108 5160
f 5160 5108 5163
f 5160 5163 5164
f 5164 5163 5165
f 5164 5165 5106
f 5157 5166 5136
f 5136 5166 5167
f 5136 5167 5168
f 5168 5167 5169
f 5168 5169 5170
f 5170 5169 5171
f 5170 5171 5172
f 5172 5171 5173
f 5172 5173 5133
f 5133 5173 5174
f 5133 5174 5132
f 5175 5176 5158
f 5158 5177 5178
f 5178 5179 5158
f 5158 5179 5180
f 5158 5180 5175
f 5176 5181 5158
f 5158 5181 5182
f 5158 5182 5183
f 5184 4374 5160
f 5160 4374 4376
f 5160 4376 5158
f 5158 4376 5185
f 5158 5185 5177
f 5186 5187 5164
f 5164 5187 5188
f 5105 5189 5106
f 5106 5189 5190
f 5106 5190 5164
f 5164 5190 5191
f 5164 5191 5186
f 5192 5193 5186
f 5191 5194 5186
f 5186 5194 5195
f 5186 5195 5196
f 5196 5197 5186
f 5186 5197 5198
f 5186 5198 5192
f 5193 5199 5186
f 5186 5199 5200
f 5186 5200 5201
f 5202 5203 5204
f 5204 5203 5205
f 5204 5205 5206
f 5207 5208 5209
f 5206 5205 5209
f 5209 5205 5210
f 5209 5210 5207
f 4573 4569 4585
f 4585 4569 4643
f 4585 4643 5211
f 5211 4368 4585
f 4585 4368 4370
f 4585 4370 4583
f 4583 4370 5202
f 4583 5202 5212
f 5212 5202 5204
f 5213 5214 5215
f 4572 5216 4367
f 4367 5216 5214
f 4367 5214 4365
f 4365 5214 5213
f 4365 5213 5217
f 5215 5218 5213
f 5213 5218 5219
f 5213 5219 5220
f 5221 5222 5223
f 5223 5222 5224
f 5222 5225 5224
f 5224 5225 5213
f 5224 5213 5226
f 5226 5213 5220
f 4679 5227 4677
f 4677 5227 5228
f 4677 5228 5229
f 5229 5228 5230
f 5229 5230 5231
f 5231 5232 5229
f 5229 5232 5233
f 5229 5233 5234
f 5234 5235 5229
f 5229 5235 5236
f 5229 5236 5237
f 5237 5238 5229
f 5229 5238 5239
f 5229 5239 5240
f 5241 4664 5242
f 5242 4664 4364
f 5242 4364 5243
f 5243 4364 4363
f 4713 5244 4364
f 4364 5244 5245
f 4364 5245 4362
f 4362 5245 5246
f 4362 5246 5247
f 5248 4362 5249
f 5249 4362 5250
f 5247 5251 4362
f 4362 5251 5252
f 4362 5252 5250
f 5248 5253 4362
f 4362 5253 5254
f 4362 5254 5255
f 5130 5256 4771
f 4771 5256 5257
f 4771 5257 5258
f 5259 5260 4361
f 5260 5261 4361
f 4361 5261 5262
f 4361 5262 4359
f 5258 5263 4771
f 4771 5263 5264
f 4771 5264 5265
f 4792 4772 4770
f 4770 4772 4771
f 4770 4771 4361
f 4361 4771 5265
f 4361 5265 5259
f 5266 5267 4951
f 4885 4887 4951
f 4951 4887 5268
f 4951 5268 5266
f 5269 5270 4378
f 5269 4378 5271
f 5270 5272 4378
f 4378 5272 5273
f 4378 5273 5119
f 5267 5274 4951
f 4951 5274 5275
f 4951 5275 5276
f 4970 4952 4942
f 4942 4952 4951
f 4942 4951 4378
f 4378 4951 5276
f 4378 5276 5271
f 4927 4395 4892
f 4892 4395 4397
f 4892 4397 4890
f 4890 4397 5277
f 4890 5277 4923
f 5188 4371 5164
f 5164 4371 4373
f 5164 4373 5160
f 5160 4373 5278
f 5160 5278 5184
f 3908 3867 4785
f 4785 3867 4764
f 3890 3908 4762
f 4762 3908 4785
f 3891 3890 4809
f 4809 3890 4762
f 3891 4809 3906
f 3906 4809 4808
f 3906 4808 3887
f 3887 4808 4807
f 3887 4807 3886
f 3886 4807 4791
f 3886 4791 3884
f 3884 4791 4790
f 3884 4790 3888
f 3888 4790 4789
f 3888 4789 4291
f 4291 4789 4768
f 4291 4768 4292
f 4292 4768 4767
f 4292 4767 4293
f 4293 4767 4859
f 4293 4859 4295
f 4295 4859 4861
f 4295 4861 4302
f 4302 4861 4863
f 4302 4863 4300
f 4300 4863 4865
f 4300 4865 4298
f 4298 4865 4899
f 4264 4298 4898
f 4898 4298 4899
f 4264 4898 4265
f 4265 4898 4857
f 4265 4857 4267
f 4267 4857 4883
f 4267 4883 4268
f 4268 4883 4881
f 4268 4881 4269
f 4269 4881 4880
f 4269 4880 4270
f 4270 4880 4853
f 4270 4853 4271
f 4271 4853 4851
f 4271 4851 4247
f 4247 4851 4850
f 4247 4850 4248
f 4248 4850 4879
f 4248 4879 4324
f 4324 4879 4878
f 4324 4878 4325
f 4325 4878 4877
f 4888 4327 4889
f 4889 4327 4326
f 4889 4326 4877
f 4877 4326 4325
f 4327 4888 4924
f 4327 4924 4323
f 4323 4924 4914
f 4323 4914 4322
f 4322 4914 4922
f 4322 4922 4332
f 4332 4922 4918
f 4332 4918 4330
f 4330 4918 4917
f 4330 4917 4328
f 4328 4917 4919
f 4328 4919 4329
f 4329 4919 4920
f 4329 4920 4331
f 4331 4920 4921
f 4331 4921 4333
f 4333 4921 4916
f 4333 4916 4321
f 4321 4916 4915
f 4321 4915 4318
f 4399 4320 4400
f 4400 4320 4319
f 4400 4319 4915
f 4915 4319 4318
f 3442 4320 4398
f 4398 4320 4399
f 3443 3442 4923
f 4923 3442 4398
f 4396 4355 4397
f 4397 4355 4354
f 4397 4354 5277
f 5277 4354 3444
f 5277 3444 4923
f 4923 3444 3443
f 4290 4288 4891
f 4891 4288 4893
f 4290 4891 4246
f 4246 4891 4852
f 4246 4852 4266
f 4266 4852 4854
f 4266 4854 4280
f 4280 4854 4884
f 4280 4884 4281
f 4281 4884 4882
f 4281 4882 4282
f 4282 4882 4896
f 4282 4896 4285
f 4285 4896 4895
f 4285 4895 4286
f 4286 4895 4894
f 4286 4894 4287
f 4287 4894 4856
f 4287 4856 4296
f 4296 4856 4855
f 4296 4855 4297
f 4297 4855 4897
f 4299 4297 4864
f 4864 4297 4897
f 4299 4864 4866
f 4299 4866 4301
f 4301 4866 4867
f 4301 4867 4303
f 4303 4867 4862
f 4303 4862 4304
f 4304 4862 4860
f 4304 4860 4294
f 4294 4860 4858
f 4294 4858 4283
f 4284 4283 4360
f 4360 4283 4858
f 4284 4360 4345
f 4345 4360 4359
f 4345 4359 4346
f 4346 4359 5262
f 4346 5262 4347
f 4347 5262 5261
f 4347 5261 4351
f 4351 5261 5260
f 4351 5260 4352
f 4352 5260 5259
f 4353 4352 5265
f 5265 4352 5259
f 3844 4795 3845
f 3845 4795 4794
f 3845 4794 3915
f 3915 4794 4793
f 3915 4793 3916
f 3916 4793 4792
f 3916 4792 3917
f 3917 4792 4837
f 3917 4837 3826
f 3826 4837 4836
f 3826 4836 3827
f 3827 4836 4835
f 3828 3827 4770
f 4770 3827 4835
f 3828 4770 3885
f 3885 4770 4769
f 3885 4769 3892
f 3892 4769 4760
f 3911 3892 4759
f 4759 3892 4760
f 3911 4759 3910
f 3910 4759 4761
f 3910 4761 3909
f 3909 4761 4763
f 3909 4763 3907
f 3907 4763 4784
f 3907 4784 3868
f 3868 4784 4786
f 3868 4786 3866
f 3866 4786 4787
f 3866 4787 3864
f 3864 4787 4788
f 3865 3864 4766
f 4766 3864 4788
f 3865 4766 3834
f 3834 4766 4756
f 3834 4756 3835
f 3835 4756 4775
f 3836 3835 4774
f 4774 3835 4775
f 3836 4774 3837
f 3837 4774 4776
f 3837 4776 3838
f 3838 4776 4778
f 3838 4778 3831
f 3831 4778 4779
f 3831 4779 3851
f 3851 4779 4781
f 3851 4781 3850
f 3850 4781 4753
f 3850 4753 3848
f 3848 4753 4752
f 3839 3830 4777
f 4777 3830 4780
f 3893 3839 4806
f 4806 3839 4777
f 3893 4806 3894
f 3894 4806 4805
f 3894 4805 3832
f 3832 4805 4804
f 3832 4804 3833
f 3833 4804 4755
f 3833 4755 3895
f 3895 4755 4754
f 3895 4754 3896
f 3896 4754 4803
f 3896 4803 3897
f 3897 4803 4802
f 3897 4802 3763
f 3763 4802 4801
f 3763 4801 3764
f 3764 4801 4721
f 3764 4721 3769
f 3769 4721 4720
f 3769 4720 3770
f 3770 4720 4719
f 3770 4719 3772
f 3772 4719 4722
f 3772 4722 3794
f 3794 4722 4748
f 3800 3794 4746
f 4746 3794 4748
f 3800 4746 3801
f 3801 4746 4745
f 3801 4745 3802
f 3802 4745 4743
f 3802 4743 3787
f 3787 4743 4742
f 3787 4742 3788
f 3788 4742 4702
f 3788 4702 3790
f 3790 4702 4701
f 3790 4701 3791
f 3791 4701 4737
f 3791 4737 3799
f 3799 4737 4736
f 3799 4736 3737
f 3737 4736 4681
f 3737 4681 3738
f 3738 4681 4680
f 3738 4680 3929
f 3929 4680 4678
f 5229 3939 4677
f 4677 3939 3930
f 4677 3930 4678
f 4678 3930 3929
f 3939 5229 5240
f 3939 5240 3935
f 3935 5240 5239
f 3935 5239 3941
f 3941 5239 5238
f 3941 5238 3936
f 3936 5238 5237
f 3936 5237 3937
f 3937 5237 5236
f 3937 5236 3938
f 3938 5236 5235
f 3938 5235 3942
f 3942 5235 5234
f 3942 5234 3933
f 3933 5234 5233
f 3933 5233 3934
f 3934 5233 5232
f 3934 5232 3940
f 3940 5232 5231
f 3940 5231 3931
f 3932 3931 5230
f 5230 3931 5231
f 3471 3932 5228
f 5228 3932 5230
f 3472 3471 5227
f 5227 3471 5228
f 4707 3758 4679
f 4679 3758 3473
f 4679 3473 5227
f 5227 3473 3472
f 3758 4707 4705
f 3758 4705 3756
f 3756 4705 4671
f 3756 4671 3754
f 3754 4671 4670
f 3754 4670 3821
f 3821 4670 4668
f 3821 4668 3822
f 3822 4668 4667
f 3822 4667 3823
f 3823 4667 4676
f 3823 4676 3824
f 3824 4676 4675
f 3824 4675 3825
f 3825 4675 4673
f 3825 4673 3818
f 3818 4673 4672
f 3818 4672 3816
f 3816 4672 4662
f 3816 4662 3812
f 5241 3927 4664
f 4664 3927 3810
f 4664 3810 4662
f 4662 3810 3812
f 3474 3927 5242
f 5242 3927 5241
f 3475 3474 5243
f 5243 3474 5242
f 4362 3924 4363
f 4363 3924 3476
f 4363 3476 5243
f 5243 3476 3475
f 3924 4362 5255
f 3924 5255 3918
f 3918 5255 5254
f 3918 5254 3919
f 3919 5254 5253
f 3919 5253 3921
f 3921 5253 5248
f 3921 5248 3922
f 3922 5248 5249
f 3922 5249 3923
f 3923 5249 5250
f 3923 5250 3920
f 3920 5250 5252
f 3920 5252 3925
f 3925 5252 5251
f 3925 5251 3926
f 3926 5251 5247
f 3926 5247 3928
f 3928 5247 5246
f 3928 5246 3477
f 5244 3765 5245
f 5245 3765 3478
f 5245 3478 5246
f 5246 3478 3477
f 3765 5244 3766
f 3766 5244 4713
f 3766 4713 3767
f 3767 4713 4714
f 3767 4714 3768
f 3768 4714 4715
f 3768 4715 3774
f 3774 4715 4709
f 3774 4709 3775
f 3775 4709 4710
f 3775 4710 3805
f 3805 4710 4741
f 3805 4741 3750
f 3750 4741 4740
f 3750 4740 3748
f 3748 4740 4734
f 3748 4734 3746
f 3746 4734 4732
f 3746 4732 3781
f 3781 4732 4731
f 3782 3781 4693
f 4693 3781 4731
f 3782 4693 3783
f 3783 4693 4718
f 3783 4718 3743
f 3743 4718 4717
f 3743 4717 3744
f 3744 4717 4716
f 3744 4716 3760
f 3760 4716 4694
f 3760 4694 3912
f 3912 4694 4696
f 3912 4696 3913
f 3913 4696 4822
f 3913 4822 3914
f 3914 4822 4821
f 3914 4821 3846
f 3846 4821 4820
f 3846 4820 3847
f 3847 4820 4758
f 3847 4758 3869
f 3869 4758 4757
f 3869 4757 3870
f 3870 4757 4783
f 3870 4783 3871
f 3871 4783 4765
f 3867 3871 4764
f 4764 3871 4765
f 3804 4733 3806
f 3806 4733 4735
f 3806 4735 3807
f 3807 4735 4739
f 3807 4739 3777
f 3777 4739 4712
f 3777 4712 3776
f 3776 4712 4711
f 3776 4711 3739
f 3739 4711 4685
f 3739 4685 3740
f 3740 4685 4684
f 3740 4684 3808
f 3808 4684 4683
f 3808 4683 3809
f 3809 4683 4682
f 3809 4682 3811
f 3811 4682 4663
f 3811 4663 3813
f 3813 4663 4665
f 3804 3803 4733
f 4733 3803 4691
f 3793 4747 3795
f 3795 4747 4749
f 3795 4749 3796
f 3796 4749 4750
f 3796 4750 3773
f 3773 4750 4724
f 3773 4724 3771
f 3771 4724 4723
f 3771 4723 3762
f 3762 4723 4700
f 3762 4700 3745
f 3745 4700 4699
f 3745 4699 3747
f 3747 4699 4697
f 3747 4697 3749
f 3749 4697 4695
f 3749 4695 3751
f 3751 4695 4692
f 3751 4692 3803
f 3803 4692 4691
f 3793 3792 4747
f 4747 3792 4744
f 3779 4730 3780
f 3780 4730 4729
f 3780 4729 3741
f 3741 4729 4728
f 3741 4728 3742
f 3742 4728 4690
f 3742 4690 3784
f 3784 4690 4689
f 3784 4689 3785
f 3785 4689 4727
f 3785 4727 3786
f 3786 4727 4726
f 3786 4726 3797
f 3797 4726 4725
f 3797 4725 3798
f 3798 4725 4738
f 3798 4738 3789
f 3789 4738 4703
f 3789 4703 3792
f 3792 4703 4744
f 3779 3778 4730
f 4730 3778 4708
f 3814 4666 3815
f 3815 4666 4661
f 3815 4661 3817
f 3817 4661 4660
f 3817 4660 3819
f 3819 4660 4674
f 3819 4674 3820
f 3820 4674 4669
f 3820 4669 3752
f 3752 4669 4688
f 3752 4688 3753
f 3753 4688 4687
f 3753 4687 3755
f 3755 4687 4686
f 3755 4686 3757
f 3757 4686 4704
f 3757 4704 3759
f 3759 4704 4706
f 3759 4706 3778
f 3778 4706 4708
f 3814 3813 4666
f 4666 3813 4665
f 3880 3899 4826
f 4826 3899 4829
f 3878 3880 4827
f 4827 3880 4826
f 3878 4827 3857
f 3857 4827 4812
f 3857 4812 3856
f 3856 4812 4811
f 3856 4811 3855
f 3855 4811 4799
f 3855 4799 3875
f 3875 4799 4798
f 3875 4798 3876
f 3876 4798 4844
f 3876 4844 3877
f 3877 4844 4843
f 3877 4843 3707
f 3707 4843 4616
f 3707 4616 3708
f 3708 4616 4615
f 3708 4615 3684
f 3684 4615 4580
f 3684 4580 3727
f 3727 4580 4628
f 3727 4628 3720
f 3720 4628 4641
f 3720 4641 3721
f 3721 4641 4640
f 3736 3721 4639
f 4639 3721 4640
f 3736 4639 3735
f 3735 4639 4576
f 3735 4576 3694
f 3694 4576 4618
f 3694 4618 3692
f 3692 4618 4590
f 3692 4590 3705
f 3705 4590 4588
f 3705 4588 3677
f 3677 4588 4587
f 3677 4587 3675
f 3675 4587 4570
f 3675 4570 3673
f 3673 4570 4575
f 3673 4575 3663
f 3663 4575 4574
f 3663 4574 3664
f 3664 4574 4573
f 3664 4573 3960
f 3960 4573 4586
f 4583 3962 4584
f 4584 3962 3961
f 4584 3961 4586
f 4586 3961 3960
f 3962 4583 5212
f 3962 5212 3963
f 3963 5212 5204
f 3963 5204 3964
f 3964 5204 5206
f 3964 5206 3970
f 3970 5206 5209
f 3970 5209 3967
f 3967 5209 5208
f 3967 5208 3968
f 3968 5208 5207
f 3968 5207 3969
f 3969 5207 5210
f 3969 5210 3971
f 3971 5210 5205
f 3971 5205 3966
f 3966 5205 5203
f 3966 5203 3965
f 3965 5203 5202
f 3965 5202 3468
f 4369 3959 4370
f 4370 3959 3469
f 4370 3469 5202
f 5202 3469 3468
f 3958 3959 4368
f 4368 3959 4369
f 3957 3958 5211
f 5211 3958 4368
f 4649 3654 4643
f 4643 3654 3660
f 4643 3660 5211
f 5211 3660 3957
f 3654 4649 4647
f 3654 4647 3655
f 3655 4647 4645
f 3655 4645 3647
f 3647 4645 4655
f 3647 4655 3649
f 3649 4655 4654
f 3649 4654 3651
f 3651 4654 4652
f 3651 4652 3652
f 3652 4652 4651
f 3652 4651 3656
f 3656 4651 4656
f 3656 4656 3657
f 3657 4656 4597
f 3657 4597 3658
f 3658 4597 4599
f 3658 4599 3699
f 3699 4599 4601
f 3699 4601 3701
f 4366 3943 4367
f 4367 3943 3667
f 4367 3667 4601
f 4601 3667 3701
f 3944 3943 4365
f 4365 3943 4366
f 3946 3944 5217
f 5217 3944 4365
f 3947 3946 5213
f 5213 3946 5217
f 3947 5213 5225
f 3947 5225 3948
f 3948 5225 5222
f 3948 5222 3949
f 3949 5222 5221
f 3949 5221 3955
f 3955 5221 5223
f 3955 5223 3956
f 3956 5223 5224
f 3956 5224 3950
f 3950 5224 5226
f 3950 5226 3951
f 3951 5226 5220
f 3951 5220 3952
f 3952 5220 5219
f 3952 5219 3953
f 3953 5219 5218
f 3953 5218 3954
f 3954 5218 5215
f 3954 5215 3945
f 5216 3666 5214
f 5214 3666 3665
f 5214 3665 5215
f 5215 3665 3945
f 3666 5216 3668
f 3668 5216 4572
f 3668 4572 3669
f 3669 4572 4571
f 3669 4571 3711
f 3711 4571 4614
f 3711 4614 3713
f 3713 4614 4613
f 3713 4613 3678
f 3678 4613 4612
f 3678 4612 3672
f 3672 4612 4592
f 3672 4592 3723
f 3723 4592 4611
f 3723 4611 3685
f 3685 4611 4624
f 3685 4624 3686
f 3686 4624 4623
f 3686 4623 3687
f 3687 4623 4579
f 3688 3687 4581
f 4581 3687 4579
f 3688 4581 3689
f 3689 4581 4582
f 3689 4582 3695
f 3695 4582 4605
f 3695 4605 3696
f 3696 4605 4604
f 3696 4604 3697
f 3697 4604 4603
f 3697 4603 3840
f 3840 4603 4617
f 3840 4617 3841
f 3841 4617 4819
f 3841 4819 3852
f 3852 4819 4817
f 3852 4817 3853
f 3853 4817 4816
f 3853 4816 3854
f 3854 4816 4815
f 3854 4815 3872
f 3872 4815 4814
f 3872 4814 3873
f 3873 4814 4834
f 3873 4834 3874
f 3874 4834 4833
f 3829 3874 4782
f 4782 3874 4833
f 3830 3829 4780
f 4780 3829 4782
f 3849 3848 4751
f 4751 3848 4752
f 3849 4751 3842
f 3842 4751 4800
f 3842 4800 3879
f 3879 4800 4813
f 3902 3879 4824
f 4824 3879 4813
f 3902 4824 3901
f 3901 4824 4823
f 3901 4823 3900
f 3900 4823 4825
f 3900 4825 3898
f 3898 4825 4828
f 3898 4828 3862
f 3862 4828 4830
f 3862 4830 3860
f 3860 4830 4831
f 3860 4831 3858
f 3858 4831 4832
f 3859 3858 4796
f 4796 3858 4832
f 3859 4796 3863
f 3863 4796 4773
f 3863 4773 3843
f 3843 4773 4772
f 3844 3843 4795
f 4795 3843 4772
f 4353 5265 4348
f 4348 5265 5264
f 4348 5264 4349
f 4349 5264 5263
f 4349 5263 4350
f 4350 5263 5258
f 4350 5258 3439
f 3439 5258 5257
f 3439 5257 3440
f 3440 5257 5256
f 3984 3440 5130
f 5130 3440 5256
f 3984 5130 5132
f 3984 5132 3986
f 3986 5132 5174
f 3986 5174 3988
f 3988 5174 5173
f 3988 5173 4013
f 4013 5173 5171
f 4013 5171 4012
f 4012 5171 5169
f 4012 5169 4010
f 4024 4010 5167
f 5167 4010 5169
f 4024 5167 3981
f 3981 5167 5166
f 3981 5166 3982
f 3982 5166 5157
f 3982 5157 4019
f 4019 5157 5156
f 4019 5156 4020
f 4020 5156 5155
f 4020 5155 4022
f 4022 5155 5146
f 4022 5146 4023
f 4023 5146 5145
f 4023 5145 3972
f 3972 5145 5144
f 3972 5144 3973
f 3973 5144 5138
f 3973 5138 3999
f 3999 5138 5106
f 3999 5106 4038
f 4038 5106 5165
f 4040 4038 5163
f 5163 4038 5165
f 4372 4050 4373
f 4373 4050 4356
f 4373 4356 5278
f 5278 4356 4357
f 5278 4357 5184
f 5184 4357 4358
f 3463 4050 4371
f 4371 4050 4372
f 3464 3463 5188
f 5188 3463 4371
f 5186 4041 5187
f 5187 4041 3465
f 5187 3465 5188
f 5188 3465 3464
f 4041 5186 5201
f 4041 5201 4042
f 4042 5201 5200
f 4042 5200 4043
f 4043 5200 5199
f 4043 5199 4048
f 4048 5199 5193
f 4048 5193 4049
f 4049 5193 5192
f 4049 5192 4044
f 4044 5192 5198
f 4044 5198 4045
f 4045 5198 5197
f 4045 5197 4046
f 4046 5197 5196
f 4046 5196 4047
f 4047 5196 5195
f 4047 5195 4051
f 4051 5195 5194
f 4051 5194 4007
f 5190 4003 5191
f 5191 4003 4008
f 5191 4008 5194
f 5194 4008 4007
f 4003 5190 4004
f 4004 5190 5189
f 4004 5189 4005
f 4005 5189 5105
f 4005 5105 3997
f 3997 5105 5104
f 3997 5104 3998
f 3998 5104 5143
f 3998 5143 4000
f 4000 5143 5142
f 4000 5142 4001
f 4001 5142 5141
f 4001 5141 3974
f 3974 5141 5140
f 3974 5140 4021
f 4021 5140 5139
f 4021 5139 3983
f 3983 5139 5137
f 3983 5137 4025
f 4025 5137 5136
f 4026 4025 5168
f 5168 4025 5136
f 4026 5168 4011
f 4011 5168 5170
f 4011 5170 3989
f 3989 5170 5172
f 3989 5172 3987
f 3987 5172 5133
f 3987 5133 3985
f 3985 5133 5131
f 3985 5131 3467
f 3467 5131 5129
f 3467 5129 3466
f 3466 5129 5128
f 3466 5128 3881
f 3881 5128 4842
f 3881 4842 3882
f 3882 4842 4841
f 3882 4841 3883
f 3883 4841 4840
f 3883 4840 3903
f 3903 4840 4839
f 3903 4839 3904
f 3904 4839 4838
f 3904 4838 3905
f 3905 4838 4797
f 3861 3905 4810
f 4810 3905 4797
f 3899 3861 4829
f 4829 3861 4810
f 3661 4659 3659
f 3659 4659 4658
f 3659 4658 3683
f 3683 4658 4657
f 3683 4657 3682
f 3682 4657 4642
f 3682 4642 3674
f 3674 4642 4569
f 3674 4569 3676
f 3676 4569 4568
f 3676 4568 3690
f 3690 4568 4589
f 3690 4589 3691
f 3691 4589 4591
f 3691 4591 3693
f 3693 4591 4620
f 3693 4620 3733
f 3733 4620 4619
f 3733 4619 3734
f 3734 4619 4635
f 3661 3662 4659
f 4659 3662 4650
f 3702 4631 3700
f 3700 4631 4602
f 3700 4602 3698
f 3698 4602 4600
f 3698 4600 3679
f 3679 4600 4598
f 3679 4598 3680
f 3680 4598 4596
f 3680 4596 3681
f 3681 4596 4595
f 3681 4595 3650
f 3650 4595 4653
f 3650 4653 3648
f 3648 4653 4644
f 3648 4644 3646
f 3646 4644 4646
f 3646 4646 3653
f 3653 4646 4648
f 3653 4648 3662
f 3662 4648 4650
f 3702 3715 4631
f 4631 3715 4630
f 3724 4622 3722
f 3722 4622 4610
f 3722 4610 3703
f 3703 4610 4609
f 3703 4609 3704
f 3704 4609 4608
f 3704 4608 3709
f 3709 4608 4607
f 3709 4607 3710
f 3710 4607 4606
f 3710 4606 3670
f 3670 4606 4594
f 3670 4594 3671
f 3671 4594 4593
f 3671 4593 3712
f 3712 4593 4632
f 3712 4632 3714
f 3714 4632 4629
f 3714 4629 3715
f 3715 4629 4630
f 3724 3725 4622
f 4622 3725 4621
f 3726 4634 3719
f 3719 4634 4633
f 3719 4633 3728
f 3728 4633 4578
f 3728 4578 3729
f 3729 4578 4577
f 3729 4577 3716
f 3716 4577 4627
f 3716 4627 3717
f 3717 4627 4626
f 3717 4626 3718
f 3718 4626 4625
f 3718 4625 3730
f 3730 4625 4638
f 3730 4638 3731
f 3731 4638 4637
f 3731 4637 3732
f 3732 4637 4636
f 3732 4636 3725
f 3725 4636 4621
f 3726 3734 4634
f 4634 3734 4635
f 4109 4088 5027
f 5027 4088 5021
f 4092 4109 5017
f 5017 4109 5027
f 4090 4092 5033
f 5033 4092 5017
f 4090 5033 4082
f 4082 5033 5032
f 4082 5032 4083
f 4083 5032 5031
f 4083 5031 4084
f 4084 5031 5010
f 4084 5010 4105
f 4105 5010 5009
f 4105 5009 4106
f 4106 5009 5022
f 4106 5022 4107
f 4107 5022 4377
f 4107 4377 4018
f 4018 4377 4379
f 4018 4379 4016
f 4016 4379 5121
f 4016 5121 4014
f 4014 5121 5123
f 4014 5123 4035
f 4035 5123 5125
f 4035 5125 4033
f 4033 5125 5152
f 4033 5152 4031
f 4031 5152 5151
f 4029 4031 5149
f 5149 4031 5151
f 4029 5149 3975
f 3975 5149 5110
f 3975 5110 4002
f 4002 5110 5112
f 4002 5112 3993
f 3993 5112 5114
f 3993 5114 3992
f 3992 5114 5127
f 3992 5127 3980
f 3980 5127 5109
f 3980 5109 4006
f 4006 5109 5162
f 4006 5162 3994
f 3994 5162 5161
f 3994 5161 3995
f 3995 5161 5135
f 3995 5135 4056
f 4056 5135 5134
f 4056 5134 4057
f 4057 5134 5147
f 5158 4059 5159
f 5159 4059 4058
f 5159 4058 5147
f 5147 4058 4057
f 4059 5158 5183
f 4059 5183 4068
f 4068 5183 5182
f 4068 5182 4063
f 4063 5182 5181
f 4063 5181 4064
f 4064 5181 5176
f 4064 5176 4065
f 4065 5176 5175
f 4065 5175 4061
f 4061 5175 5180
f 4061 5180 4062
f 4062 5180 5179
f 4062 5179 4066
f 4066 5179 5178
f 4066 5178 4067
f 4067 5178 5177
f 4067 5177 4060
f 4060 5177 5185
f 4060 5185 4052
f 4375 4054 4376
f 4376 4054 4053
f 4376 4053 5185
f 5185 4053 4052
f 4055 4054 4374
f 4374 4054 4375
f 4358 4055 5184
f 5184 4055 4374
f 4040 5163 3996
f 3996 5163 5108
f 3996 5108 3978
f 3978 5108 5107
f 3978 5107 3979
f 3979 5107 5126
f 3979 5126 3990
f 3990 5126 5115
f 3990 5115 3991
f 3991 5115 5113
f 3991 5113 3976
f 3976 5113 5111
f 3976 5111 3977
f 3977 5111 5118
f 3977 5118 4027
f 4027 5118 5117
f 4027 5117 4028
f 4028 5117 5116
f 4028 5116 4030
f 4030 5116 5148
f 4032 4030 5150
f 5150 4030 5148
f 4032 5150 5153
f 4032 5153 4034
f 4034 5153 5154
f 4034 5154 4036
f 4036 5154 5124
f 4036 5124 4037
f 4037 5124 5122
f 4037 5122 4015
f 4015 5122 5120
f 4015 5120 4017
f 4334 4017 5119
f 5119 4017 5120
f 4334 5119 4335
f 4335 5119 5273
f 4335 5273 4339
f 4339 5273 5272
f 4339 5272 4340
f 4340 5272 5270
f 4340 5270 4341
f 4341 5270 5269
f 4341 5269 4342
f 4342 5269 5271
f 4343 4342 5276
f 5276 4342 5271
f 4137 4973 4138
f 4138 4973 4972
f 4138 4972 4139
f 4139 4972 4971
f 4139 4971 4101
f 4101 4971 4970
f 4101 4970 4102
f 4102 4970 4995
f 4102 4995 4103
f 4103 4995 4994
f 4103 4994 4104
f 4104 4994 4993
f 4070 4104 4942
f 4942 4104 4993
f 4070 4942 4071
f 4071 4942 4941
f 4071 4941 4091
f 4091 4941 5015
f 4112 4091 5014
f 5014 4091 5015
f 4112 5014 4111
f 4111 5014 5016
f 4111 5016 4110
f 4110 5016 5018
f 4110 5018 4108
f 4108 5018 5026
f 4108 5026 4089
f 4089 5026 5028
f 4089 5028 4087
f 4087 5028 5029
f 4087 5029 4085
f 4085 5029 5030
f 4086 4085 5020
f 5020 4085 5030
f 4086 5020 4076
f 4076 5020 5000
f 4076 5000 4097
f 4097 5000 4984
f 4121 4097 4983
f 4983 4097 4984
f 4121 4983 4120
f 4120 4983 4985
f 4120 4985 4119
f 4119 4985 4987
f 4119 4987 4117
f 4117 4987 4988
f 4117 4988 4081
f 4081 4988 4990
f 4081 4990 4079
f 4079 4990 4991
f 4079 4991 4077
f 4077 4991 4992
f 4095 4118 4986
f 4986 4118 4989
f 4096 4095 5005
f 5005 4095 4986
f 4096 5005 4116
f 4116 5005 5004
f 4116 5004 4074
f 4074 5004 5003
f 4074 5003 4075
f 4075 5003 5002
f 4075 5002 4140
f 4140 5002 5001
f 4140 5001 4141
f 4141 5001 5013
f 4141 5013 4142
f 4142 5013 5012
f 4142 5012 3595
f 3595 5012 4532
f 3595 4532 3596
f 3596 4532 4497
f 3596 4497 3597
f 3597 4497 4567
f 3597 4567 3598
f 3598 4567 4566
f 3598 4566 3599
f 3599 4566 4565
f 3599 4565 3618
f 3618 4565 4563
f 3620 3618 4561
f 4561 3618 4563
f 3620 4561 3621
f 3621 4561 4560
f 3621 4560 3623
f 3623 4560 4556
f 3623 4556 3624
f 3624 4556 4555
f 3624 4555 3606
f 3606 4555 4551
f 3606 4551 3604
f 3604 4551 4523
f 3604 4523 3608
f 3608 4523 4550
f 3608 4550 3609
f 3609 4550 4549
f 3609 4549 3610
f 3610 4549 4548
f 3610 4548 3611
f 3611 4548 4547
f 3611 4547 4182
f 4182 4547 4516
f 4513 4184 4514
f 4514 4184 4183
f 4514 4183 4516
f 4516 4183 4182
f 4184 4513 5070
f 4184 5070 4186
f 4186 5070 5066
f 4186 5066 4187
f 4187 5066 5068
f 4187 5068 4188
f 4188 5068 5069
f 4188 5069 4189
f 4189 5069 5067
f 4189 5067 4190
f 4190 5067 5071
f 4190 5071 4191
f 4191 5071 5074
f 4191 5074 4192
f 4192 5074 5073
f 4192 5073 4193
f 4193 5073 5072
f 4193 5072 4194
f 4194 5072 5077
f 4194 5077 4185
f 4384 4180 4385
f 4385 4180 4179
f 4385 4179 5077
f 5077 4179 4185
f 3454 4180 4383
f 4383 4180 4384
f 3455 3454 5076
f 5076 3454 4383
f 5078 4181 5075
f 5075 4181 3456
f 5075 3456 5076
f 5076 3456 3455
f 4181 5078 5079
f 4181 5079 4172
f 4172 5079 5088
f 4172 5088 4173
f 4173 5088 5087
f 4173 5087 4174
f 4174 5087 5086
f 4174 5086 4175
f 4175 5086 5085
f 4175 5085 4176
f 4176 5085 5084
f 4176 5084 4177
f 4177 5084 5083
f 4177 5083 4178
f 4178 5083 5081
f 4178 5081 3635
f 3635 5081 5080
f 3635 5080 3637
f 3637 5080 4488
f 3637 4488 3639
f 5089 4169 4490
f 4490 4169 3643
f 4490 3643 4488
f 4488 3643 3639
f 3457 4169 5090
f 5090 4169 5089
f 3458 3457 5091
f 5091 3457 5090
f 4380 4170 4381
f 4381 4170 3459
f 4381 3459 5091
f 5091 3459 3458
f 4170 4380 5092
f 4170 5092 4171
f 4171 5092 5100
f 4171 5100 4164
f 4164 5100 5099
f 4164 5099 4163
f 4163 5099 5098
f 4163 5098 4161
f 4161 5098 5097
f 4161 5097 4165
f 4165 5097 5101
f 4165 5101 4166
f 4166 5101 5103
f 4166 5103 4168
f 4168 5103 5102
f 4168 5102 4167
f 4167 5102 5093
f 4167 5093 4162
f 4162 5093 5096
f 4162 5096 3460
f 5094 3584 5095
f 5095 3584 3461
f 5095 3461 5096
f 5096 3461 3460
f 3584 5094 3583
f 3583 5094 4494
f 3583 4494 3582
f 3582 4494 4493
f 3582 4493 3586
f 3586 4493 4500
f 3586 4500 3587
f 3587 4500 4510
f 3587 4510 3588
f 3588 4510 4518
f 3588 4518 3612
f 3612 4518 4517
f 3612 4517 3613
f 3613 4517 4542
f 3613 4542 3615
f 3615 4542 4541
f 3615 4541 3625
f 3625 4541 4539
f 3625 4539 3626
f 3626 4539 4538
f 3628 3626 4535
f 4535 3626 4538
f 3628 4535 3630
f 3630 4535 4534
f 3630 4534 3632
f 3632 4534 4496
f 3632 4496 3633
f 3633 4496 4495
f 3633 4495 3572
f 3572 4495 4531
f 3572 4531 3573
f 3573 4531 4533
f 3573 4533 4150
f 4150 4533 5025
f 4150 5025 4151
f 4151 5025 5024
f 4151 5024 4093
f 4093 5024 5023
f 4093 5023 4094
f 4094 5023 5006
f 4094 5006 4113
f 4113 5006 5007
f 4113 5007 4114
f 4114 5007 5008
f 4114 5008 4115
f 4115 5008 5019
f 4088 4115 5021
f 5021 4115 5019
f 3616 4537 3614
f 3614 4537 4540
f 3614 4540 3564
f 3564 4540 4519
f 3564 4519 3565
f 3565 4519 4520
f 3565 4520 3566
f 3566 4520 4512
f 3566 4512 3562
f 3562 4512 4511
f 3562 4511 3563
f 3563 4511 4501
f 3563 4501 3641
f 3641 4501 4502
f 3641 4502 3642
f 3642 4502 4503
f 3642 4503 3644
f 3644 4503 4489
f 3644 4489 3645
f 3645 4489 4491
f 3616 3627 4537
f 4537 3627 4536
f 3617 4562 3600
f 3600 4562 4564
f 3600 4564 3601
f 3601 4564 4509
f 3601 4509 3602
f 3602 4509 4508
f 3602 4508 3594
f 3594 4508 4507
f 3594 4507 3593
f 3593 4507 4506
f 3593 4506 3585
f 3585 4506 4505
f 3585 4505 3574
f 3574 4505 4504
f 3574 4504 3631
f 3631 4504 4499
f 3631 4499 3629
f 3629 4499 4498
f 3629 4498 3627
f 3627 4498 4536
f 3617 3619 4562
f 4562 3619 4557
f 3590 4545 3591
f 3591 4545 4544
f 3591 4544 3567
f 3567 4544 4543
f 3567 4543 3568
f 3568 4543 4522
f 3568 4522 3570
f 3570 4522 4521
f 3570 4521 3571
f 3571 4521 4559
f 3571 4559 3603
f 3603 4559 4558
f 3603 4558 3605
f 3605 4558 4554
f 3605 4554 3607
f 3607 4554 4553
f 3607 4553 3622
f 3622 4553 4552
f 3622 4552 3619
f 3619 4552 4557
f 3590 3589 4545
f 4545 3589 4546
f 3640 4492 3638
f 3638 4492 4487
f 3638 4487 3636
f 3636 4487 4486
f 3636 4486 3634
f 3634 4486 5082
f 3634 5082 3575
f 3575 5082 4530
f 3575 4530 3576
f 3576 4530 4529
f 3576 4529 3578
f 3578 4529 4528
f 3578 4528 3579
f 3579 4528 4527
f 3579 4527 3580
f 3580 4527 4525
f 3580 4525 3581
f 3581 4525 4524
f 3581 4524 3589
f 3589 4524 4546
f 3640 3645 4492
f 4492 3645 4491
f 4129 4145 4949
f 4949 4145 4955
f 4130 4129 4963
f 4963 4129 4949
f 4130 4963 4143
f 4143 4963 4962
f 4143 4962 4122
f 4122 4962 4961
f 4122 4961 4123
f 4123 4961 4959
f 4123 4959 4158
f 4158 4959 4958
f 4158 4958 4159
f 4159 4958 4999
f 4159 4999 4160
f 4160 4999 4998
f 4160 4998 3556
f 3556 4998 4446
f 3556 4446 3557
f 3557 4446 4444
f 3557 4444 3493
f 3493 4444 4443
f 3493 4443 3494
f 3494 4443 4414
f 3494 4414 3534
f 3534 4414 4435
f 3534 4435 3535
f 3535 4435 4433
f 3540 3535 4431
f 4431 3535 4433
f 3540 4431 3538
f 3538 4431 4442
f 3538 4442 3536
f 3536 4442 4441
f 3536 4441 3505
f 3505 4441 4439
f 3505 4439 3500
f 3500 4439 4438
f 3500 4438 3501
f 3501 4438 4413
f 3501 4413 3512
f 3512 4413 4418
f 3512 4418 3513
f 3513 4418 4408
f 3513 4408 3487
f 3487 4408 4406
f 3487 4406 3488
f 3488 4406 4405
f 3488 4405 4224
f 4224 4405 4404
f 4401 4223 4402
f 4402 4223 4225
f 4402 4225 4404
f 4404 4225 4224
f 4223 4401 5042
f 4223 5042 4228
f 4228 5042 5041
f 4228 5041 4229
f 4229 5041 5038
f 4229 5038 4230
f 4230 5038 5039
f 4230 5039 4231
f 4231 5039 5040
f 4231 5040 4232
f 4232 5040 5037
f 4232 5037 4227
f 4227 5037 5036
f 4227 5036 4221
f 4221 5036 5035
f 4221 5035 4222
f 4222 5035 5034
f 4222 5034 4226
f 4226 5034 5044
f 4226 5044 3448
f 4393 4220 4394
f 4394 4220 3449
f 4394 3449 5044
f 5044 3449 3448
f 4219 4220 4392
f 4392 4220 4393
f 4218 4219 5043
f 5043 4219 4392
f 4481 3482 4475
f 4475 3482 3484
f 4475 3484 5043
f 5043 3484 4218
f 3482 4481 4479
f 3482 4479 4212
f 4212 4479 4477
f 4212 4477 4213
f 4213 4477 5051
f 4213 5051 4215
f 4215 5051 5050
f 4215 5050 4216
f 4216 5050 5049
f 4216 5049 4217
f 4217 5049 5048
f 4217 5048 4209
f 4209 5048 5047
f 4209 5047 4210
f 4210 5047 5046
f 4210 5046 4211
f 4211 5046 5045
f 4211 5045 4208
f 4208 5045 5053
f 4208 5053 4207
f 4390 4205 4391
f 4391 4205 4204
f 4391 4204 5053
f 5053 4204 4207
f 3451 4205 4389
f 4389 4205 4390
f 3452 3451 5052
f 5052 3451 4389
f 4386 4195 4387
f 4387 4195 3453
f 4387 3453 5052
f 5052 3453 3452
f 4195 4386 5065
f 4195 5065 4196
f 4196 5065 5064
f 4196 5064 4197
f 4197 5064 5063
f 4197 5063 4202
f 4202 5063 5060
f 4202 5060 4203
f 4203 5060 5059
f 4203 5059 4198
f 4198 5059 5062
f 4198 5062 4199
f 4199 5062 5061
f 4199 5061 4200
f 4200 5061 5055
f 4200 5055 4201
f 4201 5055 5054
f 4201 5054 4206
f 4206 5054 5058
f 4206 5058 3489
f 5056 3492 5057
f 5057 3492 3490
f 5057 3490 5058
f 5058 3490 3489
f 3492 5056 3541
f 3541 5056 4410
f 3541 4410 3542
f 3542 4410 4409
f 3542 4409 3543
f 3543 4409 4460
f 3543 4460 3514
f 3514 4460 4459
f 3514 4459 3515
f 3515 4459 4463
f 3515 4463 3516
f 3516 4463 4462
f 3516 4462 3544
f 3544 4462 4461
f 3544 4461 3527
f 3527 4461 4456
f 3527 4456 3547
f 3547 4456 4455
f 3547 4455 3548
f 3548 4455 4450
f 3550 3548 4469
f 4469 3548 4450
f 3550 4469 3552
f 3552 4469 4468
f 3552 4468 3553
f 3553 4468 4466
f 3553 4466 3554
f 3554 4466 4465
f 3554 4465 3495
f 3495 4465 4445
f 3495 4445 4152
f 4152 4445 4447
f 4152 4447 4153
f 4153 4447 4982
f 4153 4982 4154
f 4154 4982 4980
f 4154 4980 4098
f 4098 4980 4979
f 4098 4979 4099
f 4099 4979 4966
f 4099 4966 4155
f 4155 4966 4965
f 4155 4965 4156
f 4156 4965 4964
f 4156 4964 4157
f 4157 4964 4967
f 4080 4157 4969
f 4969 4157 4967
f 4118 4080 4989
f 4989 4080 4969
f 4078 4077 4968
f 4968 4077 4992
f 4078 4968 4100
f 4100 4968 4960
f 4100 4960 4131
f 4131 4960 4947
f 4148 4131 4946
f 4946 4131 4947
f 4148 4946 4147
f 4147 4946 4948
f 4147 4948 4146
f 4146 4948 4950
f 4146 4950 4144
f 4144 4950 4954
f 4144 4954 4128
f 4128 4954 4956
f 4128 4956 4126
f 4126 4956 4945
f 4126 4945 4124
f 4124 4945 4944
f 4125 4124 4943
f 4943 4124 4944
f 4125 4943 4072
f 4072 4943 4953
f 4072 4953 4073
f 4073 4953 4952
f 4137 4073 4973
f 4973 4073 4952
f 4343 5276 4344
f 4344 5276 5275
f 4344 5275 4336
f 4336 5275 5274
f 4336 5274 4337
f 4337 5274 5267
f 4337 5267 4338
f 4338 5267 5266
f 4338 5266 4239
f 4239 5266 5268
f 4240 4239 4887
f 4887 4239 5268
f 4240 4887 4900
f 4240 4900 4242
f 4242 4900 4902
f 4242 4902 4244
f 4244 4902 4903
f 4244 4903 4260
f 4260 4903 4905
f 4260 4905 4259
f 4259 4905 4907
f 4259 4907 4257
f 4277 4257 4909
f 4909 4257 4907
f 4277 4909 4236
f 4236 4909 4911
f 4236 4911 4237
f 4237 4911 4870
f 4237 4870 4272
f 4272 4870 4869
f 4272 4869 4273
f 4273 4869 4868
f 4273 4868 4275
f 4275 4868 4849
f 4275 4849 4276
f 4276 4849 4848
f 4276 4848 4233
f 4233 4848 4846
f 4233 4846 4234
f 4234 4846 4845
f 4234 4845 4251
f 4251 4845 4873
f 4251 4873 4288
f 4288 4873 4893
f 4316 4355 4395
f 4395 4355 4396
f 4317 4316 4927
f 4927 4316 4395
f 4925 4306 4926
f 4926 4306 4305
f 4926 4305 4927
f 4927 4305 4317
f 4306 4925 4938
f 4306 4938 4307
f 4307 4938 4937
f 4307 4937 4308
f 4308 4937 4936
f 4308 4936 4309
f 4309 4936 4940
f 4309 4940 4310
f 4310 4940 4939
f 4310 4939 4313
f 4313 4939 4935
f 4313 4935 4314
f 4314 4935 4934
f 4314 4934 4315
f 4315 4934 4933
f 4315 4933 4312
f 4312 4933 4932
f 4312 4932 4311
f 4311 4932 4931
f 4311 4931 4261
f 4929 4249 4930
f 4930 4249 4262
f 4930 4262 4931
f 4931 4262 4261
f 4249 4929 4250
f 4250 4929 4928
f 4250 4928 4252
f 4252 4928 4876
f 4252 4876 4253
f 4253 4876 4875
f 4253 4875 4254
f 4254 4875 4874
f 4254 4874 4255
f 4255 4874 4872
f 4255 4872 4256
f 4256 4872 4871
f 4256 4871 4235
f 4235 4871 4847
f 4235 4847 4274
f 4274 4847 4913
f 4274 4913 4238
f 4238 4913 4912
f 4238 4912 4278
f 4278 4912 4910
f 4279 4278 4908
f 4908 4278 4910
f 4279 4908 4258
f 4258 4908 4906
f 4258 4906 4245
f 4245 4906 4904
f 4245 4904 4243
f 4243 4904 4901
f 4243 4901 4241
f 4241 4901 4886
f 4241 4886 3447
f 3447 4886 4885
f 3447 4885 3445
f 3445 4885 4978
f 3445 4978 4149
f 4149 4978 4977
f 4149 4977 4132
f 4132 4977 4976
f 4132 4976 4133
f 4133 4976 4975
f 4133 4975 4134
f 4134 4975 4974
f 4134 4974 4135
f 4135 4974 4997
f 4135 4997 4136
f 4136 4997 4996
f 4127 4136 4957
f 4957 4136 4996
f 4145 4127 4955
f 4955 4127 4957
f 3485 4485 3483
f 3483 4485 4484
f 3483 4484 3496
f 3496 4484 4483
f 3496 4483 3497
f 3497 4483 4474
f 3497 4474 3498
f 3498 4474 4407
f 3498 4407 3499
f 3499 4407 4419
f 3499 4419 3510
f 3510 4419 4412
f 3510 4412 3511
f 3511 4412 4411
f 3511 4411 3502
f 3502 4411 4417
f 3502 4417 3537
f 3537 4417 4440
f 3537 4440 3539
f 3539 4440 4430
f 3485 3486 4485
f 4485 3486 4482
f 3561 4451 3530
f 3530 4451 4429
f 3530 4429 3531
f 3531 4429 4428
f 3531 4428 3532
f 3532 4428 4427
f 3532 4427 3524
f 3524 4427 4426
f 3524 4426 3523
f 3523 4426 4424
f 3523 4424 3521
f 3521 4424 4423
f 3521 4423 4214
f 4214 4423 4476
f 4214 4476 3480
f 3480 4476 4478
f 3480 4478 3481
f 3481 4478 4480
f 3481 4480 3486
f 3486 4480 4482
f 3561 3560 4451
f 4451 3560 4452
f 3525 4472 3526
f 3526 4472 4471
f 3526 4471 3545
f 3545 4471 4449
f 3545 4449 3546
f 3546 4449 4448
f 3546 4448 3517
f 3517 4448 4457
f 3517 4457 3506
f 3506 4457 4464
f 3506 4464 3507
f 3507 4464 4454
f 3507 4454 3508
f 3508 4454 4458
f 3508 4458 3509
f 3509 4458 4470
f 3509 4470 3559
f 3559 4470 4453
f 3559 4453 3560
f 3560 4453 4452
f 3525 3549 4472
f 4472 3549 4473
f 3558 4432 3533
f 3533 4432 4434
f 3533 4434 3503
f 3503 4434 4436
f 3503 4436 3504
f 3504 4436 4437
f 3504 4437 3528
f 3528 4437 4422
f 3528 4422 3529
f 3529 4422 4421
f 3529 4421 3520
f 3520 4421 4420
f 3520 4420 3519
f 3519 4420 4416
f 3519 4416 3518
f 3518 4416 4415
f 3518 4415 3551
f 3551 4415 4467
f 3551 4467 3549
f 3549 4467 4473
f 3558 3539 4432
f 4432 3539 4430
f 5279 5280 5281
f 5281 5280 5282
f 5281 5282 5283
f 5283 5282 5284
f 5283 5284 5285
f 5285 5284 5286
f 5285 5286 5287
f 5287 5286 5288
f 5287 5288 5289
f 5289 5288 5290
f 5289 5290 5291
f 5291 5290 5292
f 5291 5292 5293
f 5293 5292 5294
f 5293 5294 5295
f 5295 5294 5296
f 5295 5296 5297
f 5297 5296 5298
f 5297 5298 5299
f 5299 5298 5300
f 5299 5300 5301
f 5301 5300 5302
f 5301 5302 5303
f 5303 5302 5304
f 5303 5304 5305
f 5305 5304 5306
f 5305 5306 5307
f 5307 5306 5308
f 5307 5308 5309
f 5309 5308 5310
f 5309 5310 5311
f 5311 5310 5312
f 5311 5312 5313
f 5313 5312 5314
f 5313 5314 5315
f 5315 5314 5316
f 5315 5316 5317
f 5317 5316 5318
f 5317 5318 5319
f 5319 5318 5320
f 5319 5320 5321
f 5321 5320 5322
f 5321 5322 5323
f 5323 5322 5324
f 5323 5324 5325
f 5325 5324 5326
f 5325 5326 5327
f 5327 5326 5328
f 5327 5328 5329
f 5329 5328 5330
f 5329 5330 5331
f 5331 5330 5332
f 5331 5332 5333
f 5333 5332 5334
f 5333 5334 5335
f 5335 5334 5336
f 5335 5336 5337
f 5337 5336 5338
f 5337 5338 5339
f 5339 5338 5340
f 5339 5340 5341
f 5341 5340 5342
f 5341 5342 5343
f 5343 5342 5344
f 5343 5344 5345
f 5345 5344 5346
f 5345 5346 5347
f 5347 5346 5348
f 5347 5348 5349
f 5349 5348 5350
f 5349 5350 5351
f 5351 5350 5352
f 5351 5352 5279
f 5279 5352 5280
f 5352 5350 5353
f 5284 5282 5353
f 5353 5282 5280
f 5353 5280 5352
f 5290 5288 5353
f 5353 5288 5286
f 5353 5286 5284
f 5296 5294 5353
f 5353 5294 5292
f 5353 5292 5290
f 5302 5300 5353
f 5353 5300 5298
f 5353 5298 5296
f 5308 5306 5353
f 5353 5306 5304
f 5353 5304 5302
f 5314 5312 5353
f 5353 5312 5310
f 5353 5310 5308
f 5320 5318 5353
f 5353 5318 5316
f 5353 5316 5314
f 5326 5324 5353
f 5353 5324 5322
f 5353 5322 5320
f 5332 5330 5353
f 5353 5330 5328
f 5353 5328 5326
f 5338 5336 5353
f 5353 5336 5334
f 5353 5334 5332
f 5344 5342 5353
f 5353 5342 5340
f 5353 5340 5338
f 5350 5348 5353
f 5353 5348 5346
f 5353 5346 5344
f 5279 5281 5354
f 5347 5349 5354
f 5354 5349 5351
f 5354 5351 5279
f 5341 5343 5354
f 5354 5343 5345
f 5354 5345 5347
f 5335 5337 5354
f 5354 5337 5339
f 5354 5339 5341
f 5329 5331 5354
f 5354 5331 5333
f 5354 5333 5335
f 5323 5325 5354
f 5354 5325 5327
f 5354 5327 5329
f 5317 5319 5354
f 5354 5319 5321
f 5354 5321 5323
f 5311 5313 5354
f 5354 5313 5315
f 5354 5315 5317
f 5305 5307 5354
f 5354 5307 5309
f 5354 5309 5311
f 5299 5301 5354
f 5354 5301 5303
f 5354 5303 5305
f 5293 5295 5354
f 5354 5295 5297
f 5354 5297 5299
f 5287 5289 5354
f 5354 5289 5291
f 5354 5291 5293
f 5281 5283 5354
f 5354 5283 5285
f 5354 5285 5287
f 5355 5355 5355
f 5355 5356 5357
f 5358 5359 5360
f 5361 5362 5363
f 5364 5365 5366
f 5367 5368 5369
f 5370 5371 5372
f 5373 5372 5374
f 5374 5372 5357
f 5373 5375 5372
f 5372 5375 5376
f 5372 5376 5377
f 5378 5379 5380
f 5380 5379 5381
f 5380 5381 5356
f 5356 5381 5382
f 5356 5382 5383
f 5384 5385 5357
f 5357 5385 5386
f 5357 5386 5374
f 5387 5388 5380
f 5380 5388 5389
f 5380 5389 5378
f 5383 5390 5356
f 5356 5390 5391
f 5356 5391 5392
f 5377 5393 5372
f 5372 5393 5394
f 5372 5394 5395
f 5392 5396 5356
f 5356 5396 5397
f 5356 5397 5398
f 5399 5400 5357
f 5395 5401 5372
f 5372 5401 5402
f 5372 5402 5380
f 5380 5402 5403
f 5380 5403 5404
f 5404 5405 5380
f 5380 5405 5406
f 5380 5406 5387
f 5400 5407 5357
f 5357 5407 5408
f 5357 5408 5384
f 5398 5409 5356
f 5356 5409 5410
f 5356 5410 5357
f 5357 5410 5411
f 5357 5411 5399
f 5412 5413 5414
f 5414 5415 5369
f 5369 5415 5416
f 5416 5417 5369
f 5369 5417 5418
f 5369 5418 5419
f 5372 5420 5421
f 5372 5371 5357
f 5357 5371 5422
f 5357 5422 5423
f 5413 5424 5414
f 5414 5424 5425
f 5414 5425 5415
f 5421 5426 5372
f 5372 5426 5427
f 5372 5427 5370
f 5428 5429 5414
f 5414 5429 5430
f 5414 5430 5412
f 5419 5431 5369
f 5369 5431 5432
f 5369 5432 5433
f 5423 5434 5357
f 5357 5434 5435
f 5357 5435 5436
f 5433 5437 5369
f 5369 5437 5438
f 5369 5438 5372
f 5372 5438 5439
f 5372 5439 5440
f 5440 5441 5372
f 5372 5441 5442
f 5372 5442 5420
f 5436 5443 5357
f 5357 5443 5444
f 5357 5444 5445
f 5445 5446 5357
f 5357 5446 5447
f 5357 5447 5414
f 5414 5447 5448
f 5414 5448 5428
f 5449 5450 5451
f 5451 5452 5366
f 5366 5452 5453
f 5453 5454 5366
f 5366 5454 5455
f 5366 5455 5456
f 5369 5457 5458
f 5369 5368 5414
f 5414 5368 5459
f 5414 5459 5460
f 5450 5461 5451
f 5451 5461 5462
f 5451 5462 5452
f 5458 5463 5369
f 5369 5463 5464
f 5369 5464 5367
f 5456 5465 5366
f 5366 5465 5466
f 5366 5466 5467
f 5460 5468 5414
f 5414 5468 5469
f 5414 5469 5470
f 5471 5472 5451
f 5451 5472 5473
f 5451 5473 5449
f 5467 5474 5366
f 5366 5474 5475
f 5366 5475 5369
f 5369 5475 5476
f 5369 5476 5477
f 5477 5478 5369
f 5369 5478 5479
f 5369 5479 5457
f 5470 5480 5414
f 5414 5480 5481
f 5414 5481 5482
f 5482 5483 5414
f 5414 5483 5484
f 5414 5484 5451
f 5451 5484 5485
f 5451 5485 5471
f 5486 5487 5488
f 5488 5489 5363
f 5363 5489 5490
f 5490 5491 5363
f 5363 5491 5492
f 5363 5492 5493
f 5366 5494 5495
f 5366 5365 5451
f 5451 5365 5496
f 5451 5496 5497
f 5487 5498 5488
f 5488 5498 5499
f 5488 5499 5489
f 5495 5500 5366
f 5366 5500 5501
f 5366 5501 5364
f 5493 5502 5363
f 5363 5502 5503
f 5363 5503 5504
f 5497 5505 5451
f 5451 5505 5506
f 5451 5506 5507
f 5508 5509 5488
f 5488 5509 5510
f 5488 5510 5486
f 5504 5511 5363
f 5363 5511 5512
f 5363 5512 5366
f 5366 5512 5513
f 5366 5513 5514
f 5514 5515 5366
f 5366 5515 5516
f 5366 5516 5494
f 5507 5517 5451
f 5451 5517 5518
f 5451 5518 5519
f 5519 5520 5451
f 5451 5520 5521
f 5451 5521 5488
f 5488 5521 5522
f 5488 5522 5508
f 5523 5524 5525
f 5523 5525 5526
f 5527 5528 5488
f 5488 5528 5529
f 5488 5529 5530
f 5524 5531 5525
f 5525 5531 5532
f 5525 5532 5533
f 5533 5534 5525
f 5525 5534 5535
f 5525 5535 5536
f 5536 5535 5537
f 5363 5362 5488
f 5488 5362 5538
f 5488 5538 5527
f 5530 5539 5488
f 5488 5539 5540
f 5488 5540 5541
f 5537 5542 5536
f 5536 5542 5543
f 5536 5543 5544
f 5544 5545 5536
f 5536 5545 5546
f 5536 5546 5547
f 5363 5548 5549
f 5541 5550 5488
f 5488 5550 5551
f 5488 5551 5525
f 5525 5551 5552
f 5525 5552 5526
f 5549 5553 5363
f 5363 5553 5554
f 5363 5554 5361
f 5547 5555 5536
f 5536 5555 5556
f 5536 5556 5363
f 5363 5556 5557
f 5363 5557 5558
f 5558 5559 5363
f 5363 5559 5560
f 5363 5560 5548
f 5561 5562 5563
f 5564 5565 5566
f 5566 5565 5567
f 5566 5567 5568
f 5563 5569 5566
f 5566 5569 5570
f 5571 5572 5536
f 5536 5572 5573
f 5536 5573 5574
f 5574 5575 5536
f 5536 5575 5576
f 5536 5576 5577
f 5570 5578 5566
f 5566 5578 5579
f 5566 5579 5564
f 5568 5580 5566
f 5566 5580 5581
f 5566 5581 5536
f 5536 5581 5582
f 5536 5582 5571
f 5562 5583 5563
f 5563 5583 5584
f 5563 5584 5585
f 5585 5586 5563
f 5563 5586 5587
f 5563 5587 5569
f 5588 5589 5525
f 5525 5589 5590
f 5525 5590 5591
f 5591 5592 5525
f 5525 5592 5593
f 5525 5593 5594
f 5577 5595 5536
f 5536 5595 5596
f 5536 5596 5525
f 5525 5596 5597
f 5525 5597 5588
f 5594 5598 5525
f 5525 5598 5599
f 5525 5599 5563
f 5563 5599 5600
f 5563 5600 5561
f 5601 5602 5603
f 5604 5603 5605
f 5605 5603 5606
f 5602 5607 5603
f 5603 5607 5608
f 5603 5608 5606
f 5604 5609 5360
f 5610 5611 5566
f 5566 5611 5612
f 5566 5612 5613
f 5609 5614 5360
f 5360 5614 5615
f 5360 5615 5616
f 5617 5563 5618
f 5618 5563 5619
f 5620 5603 5563
f 5616 5621 5360
f 5360 5621 5622
f 5360 5622 5623
f 5624 5625 5566
f 5566 5625 5626
f 5566 5626 5610
f 5613 5627 5566
f 5566 5627 5628
f 5566 5628 5563
f 5563 5628 5629
f 5563 5629 5630
f 5630 5631 5563
f 5563 5631 5632
f 5563 5632 5619
f 5620 5633 5603
f 5603 5633 5634
f 5603 5634 5601
f 5623 5635 5360
f 5360 5635 5636
f 5360 5636 5566
f 5566 5636 5637
f 5566 5637 5624
f 5617 5638 5563
f 5563 5638 5639
f 5563 5639 5620
f 5640 5641 5642
f 5643 5644 5645
f 5604 5360 5603
f 5603 5360 5359
f 5603 5359 5646
f 5643 5645 5641
f 5647 5648 5642
f 5642 5648 5649
f 5646 5650 5603
f 5603 5650 5651
f 5603 5651 5652
f 5649 5653 5642
f 5642 5653 5654
f 5642 5654 5640
f 5644 5655 5645
f 5645 5655 5656
f 5645 5656 5657
f 5657 5658 5645
f 5645 5658 5659
f 5645 5659 5660
f 5661 5662 5360
f 5360 5662 5663
f 5360 5663 5664
f 5660 5665 5645
f 5645 5665 5666
f 5645 5666 5360
f 5360 5666 5667
f 5360 5667 5661
f 5664 5668 5360
f 5360 5668 5669
f 5360 5669 5358
f 5652 5670 5603
f 5603 5670 5671
f 5603 5671 5672
f 5673 5642 5603
f 5673 5674 5642
f 5642 5674 5675
f 5642 5675 5647
f 5672 5676 5603
f 5603 5676 5677
f 5603 5677 5673
f 5641 5645 5642
f 5642 5645 5678
f 5642 5678 5679
f 5355 5357 5680
f 5680 5357 5414
f 5680 5414 5681
f 5681 5414 5451
f 5681 5451 5682
f 5682 5451 5488
f 5682 5488 5683
f 5683 5488 5525
f 5683 5525 5684
f 5684 5525 5563
f 5684 5563 5685
f 5685 5563 5603
f 5685 5603 5686
f 5686 5603 5642
f 5686 5642 5687
f 5687 5642 5679
f 5687 5679 5688
f 5689 5690 5691
f 5689 5692 5693
f 5693 5692 5694
f 5695 5696 5697
f 5698 5699 5700
f 5692 5701 5702
f 5702 5703 5692
f 5692 5703 5704
f 5692 5704 5694
f 5694 5704 5705
f 5694 5705 5706
f 5707 5708 5692
f 5698 5700 5696
f 5699 5709 5700
f 5700 5709 5710
f 5700 5710 5711
f 5708 5712 5692
f 5692 5712 5713
f 5692 5713 5701
f 5714 5715 5697
f 5697 5715 5716
f 5697 5716 5695
f 5706 5717 5694
f 5694 5717 5718
f 5694 5718 5719
f 5711 5720 5700
f 5700 5720 5721
f 5700 5721 5722
f 5719 5723 5694
f 5694 5723 5724
f 5694 5724 5725
f 5722 5726 5700
f 5700 5726 5727
f 5700 5727 5692
f 5692 5727 5728
f 5692 5728 5707
f 5729 5730 5697
f 5697 5730 5731
f 5697 5731 5714
f 5725 5732 5694
f 5694 5732 5733
f 5694 5733 5697
f 5697 5733 5734
f 5697 5734 5729
f 5735 5736 5697
f 5737 5738 5739
f 5739 5738 5740
f 5696 5700 5697
f 5697 5700 5741
f 5697 5741 5735
f 5736 5742 5697
f 5697 5742 5743
f 5697 5743 5744
f 5745 5746 5747
f 5740 5748 5739
f 5739 5748 5749
f 5739 5749 5750
f 5751 5752 5700
f 5752 5753 5700
f 5700 5753 5754
f 5700 5754 5755
f 5755 5756 5700
f 5700 5756 5757
f 5700 5757 5741
f 5747 5758 5745
f 5745 5758 5759
f 5745 5759 5737
f 5744 5760 5697
f 5697 5760 5761
f 5697 5761 5762
f 5750 5763 5739
f 5739 5763 5764
f 5739 5764 5765
f 5765 5766 5739
f 5739 5766 5767
f 5739 5767 5700
f 5700 5767 5768
f 5700 5768 5751
f 5769 5770 5745
f 5745 5770 5771
f 5745 5771 5746
f 5762 5772 5697
f 5697 5772 5773
f 5697 5773 5745
f 5745 5773 5774
f 5745 5774 5769
f 5775 5776 5745
f 5777 5778 5779
f 5779 5778 5780
f 5737 5739 5745
f 5745 5739 5781
f 5745 5781 5775
f 5776 5782 5745
f 5745 5782 5783
f 5745 5783 5784
f 5785 5786 5787
f 5780 5788 5779
f 5779 5788 5789
f 5779 5789 5790
f 5791 5792 5739
f 5792 5793 5739
f 5739 5793 5794
f 5739 5794 5795
f 5795 5796 5739
f 5739 5796 5797
f 5739 5797 5781
f 5787 5798 5785
f 5785 5798 5799
f 5785 5799 5777
f 5784 5800 5745
f 5745 5800 5801
f 5745 5801 5802
f 5790 5803 5779
f 5779 5803 5804
f 5779 5804 5805
f 5805 5806 5779
f 5779 5806 5807
f 5779 5807 5739
f 5739 5807 5808
f 5739 5808 5791
f 5809 5810 5785
f 5785 5810 5811
f 5785 5811 5786
f 5802 5812 5745
f 5745 5812 5813
f 5745 5813 5785
f 5785 5813 5814
f 5785 5814 5809
f 5815 5816 5785
f 5817 5818 5819
f 5819 5818 5820
f 5777 5779 5785
f 5785 5779 5821
f 5785 5821 5815
f 5816 5822 5785
f 5785 5822 5823
f 5785 5823 5824
f 5825 5826 5827
f 5820 5828 5819
f 5819 5828 5829
f 5819 5829 5830
f 5831 5832 5779
f 5832 5833 5779
f 5779 5833 5834
f 5779 5834 5835
f 5835 5836 5779
f 5779 5836 5837
f 5779 5837 5821
f 5827 5838 5825
f 5825 5838 5839
f 5825 5839 5817
f 5824 5840 5785
f 5785 5840 5841
f 5785 5841 5842
f 5830 5843 5819
f 5819 5843 5844
f 5819 5844 5845
f 5845 5846 5819
f 5819 5846 5847
f 5819 5847 5779
f 5779 5847 5848
f 5779 5848 5831
f 5849 5850 5825
f 5825 5850 5851
f 5825 5851 5826
f 5842 5852 5785
f 5785 5852 5853
f 5785 5853 5825
f 5825 5853 5854
f 5825 5854 5849
f 5855 5856 5825
f 5857 5858 5859
f 5859 5858 5860
f 5860 5861 5859
f 5859 5861 5862
f 5859 5862 5863
f 5864 5865 5866
f 5863 5867 5859
f 5859 5867 5868
f 5859 5868 5869
f 5817 5819 5825
f 5825 5819 5870
f 5825 5870 5855
f 5865 5871 5866
f 5866 5871 5872
f 5866 5872 5873
f 5873 5874 5866
f 5866 5874 5875
f 5866 5875 5857
f 5876 5877 5819
f 5877 5878 5819
f 5819 5878 5879
f 5819 5879 5880
f 5880 5881 5819
f 5819 5881 5882
f 5819 5882 5870
f 5856 5883 5825
f 5825 5883 5884
f 5825 5884 5885
f 5869 5886 5859
f 5859 5886 5887
f 5859 5887 5819
f 5819 5887 5888
f 5819 5888 5876
f 5885 5889 5825
f 5825 5889 5890
f 5825 5890 5891
f 5891 5892 5825
f 5825 5892 5893
f 5825 5893 5866
f 5866 5893 5894
f 5866 5894 5864
f 5866 5895 5896
f 5897 5898 5899
f 5899 5898 5900
f 5901 5902 5859
f 5896 5903 5866
f 5866 5903 5904
f 5866 5904 5905
f 5897 5906 5898
f 5898 5906 5907
f 5898 5907 5908
f 5857 5859 5866
f 5866 5859 5909
f 5866 5909 5910
f 5908 5911 5898
f 5898 5911 5912
f 5898 5912 5913
f 5913 5912 5914
f 5913 5914 5915
f 5910 5916 5866
f 5866 5916 5917
f 5866 5917 5895
f 5905 5918 5866
f 5866 5918 5919
f 5866 5919 5898
f 5898 5919 5920
f 5898 5920 5900
f 5915 5921 5913
f 5913 5921 5922
f 5913 5922 5923
f 5923 5924 5913
f 5913 5924 5925
f 5913 5925 5926
f 5926 5927 5913
f 5913 5927 5928
f 5913 5928 5859
f 5859 5928 5929
f 5859 5929 5901
f 5902 5930 5859
f 5859 5930 5931
f 5859 5931 5932
f 5932 5933 5859
f 5859 5933 5934
f 5859 5934 5909
f 5935 5936 5898
f 5898 5936 5937
f 5898 5937 5938
f 5939 5940 5941
f 5939 5942 5943
f 5943 5942 5944
f 5943 5944 5945
f 5945 5946 5943
f 5943 5946 5947
f 5943 5947 5948
f 5948 5949 5943
f 5943 5949 5950
f 5943 5950 5951
f 5952 5953 5913
f 5913 5953 5954
f 5941 5955 5939
f 5939 5955 5956
f 5939 5956 5942
f 5951 5957 5943
f 5943 5957 5958
f 5943 5958 5913
f 5913 5958 5959
f 5913 5959 5952
f 5954 5960 5913
f 5913 5960 5961
f 5913 5961 5962
f 5962 5963 5913
f 5913 5963 5964
f 5913 5964 5898
f 5898 5964 5965
f 5898 5965 5935
f 5938 5966 5898
f 5898 5966 5967
f 5898 5967 5968
f 5969 5970 5939
f 5939 5970 5971
f 5939 5971 5940
f 5968 5972 5898
f 5898 5972 5973
f 5898 5973 5939
f 5939 5973 5974
f 5939 5974 5969
f 5943 5975 5976
f 5977 5978 5943
f 5979 5980 5981
f 5981 5980 5982
f 5981 5982 5983
f 5983 5984 5981
f 5981 5984 5985
f 5981 5985 5986
f 5978 5987 5943
f 5943 5987 5988
f 5943 5988 5975
f 5976 5989 5943
f 5943 5989 5990
f 5943 5990 5939
f 5939 5990 5991
f 5939 5991 5992
f 5993 5994 5981
f 5981 5994 5995
f 5981 5995 5979
f 5986 5996 5981
f 5981 5996 5997
f 5981 5997 5943
f 5943 5997 5998
f 5943 5998 5977
f 5999 6000 5993
f 5993 6000 6001
f 6002 5939 6003
f 6003 5939 6004
f 6005 6006 5993
f 5993 6006 6007
f 5993 6007 5999
f 6001 6008 5993
f 5993 6008 6009
f 5993 6009 5994
f 5992 6010 5939
f 5939 6010 6011
f 5939 6011 6004
f 6002 6012 5939
f 5939 6012 6013
f 5939 6013 5993
f 5993 6013 6014
f 5993 6014 6005
f 5689 5691 5692
f 5692 5691 6015
f 5692 6015 5700
f 5700 6015 6016
f 5700 6016 5739
f 5739 6016 6017
f 5739 6017 5779
f 5779 6017 6018
f 5779 6018 5819
f 5819 6018 6019
f 5819 6019 5859
f 5859 6019 6020
f 5859 6020 5913
f 5913 6020 6021
f 5913 6021 5943
f 5943 6021 6022
f 5943 6022 5981
f 6023 6024 6025
f 6025 6024 6026
f 6027 6023 6028
f 6028 6023 6025
f 6029 6027 6030
f 6030 6027 6028
f 6031 6032 6030
f 6030 6032 6033
f 6033 6034 6030
f 6030 6034 6035
f 6030 6035 6029
f 6029 6035 6036
f 6029 6036 6037
f 6037 6038 6029
f 6029 6038 6039
f 6029 6039 6040
f 6041 6040 6039
f 6041 6042 6043
f 6043 6042 6044
f 6045 6046 6047
f 6048 6049 6050
f 6050 6049 6051
f 6050 6051 6052
f 6045 6047 6052
f 6046 6053 6047
f 6047 6053 6054
f 6047 6054 6055
f 6042 6056 6057
f 6057 6058 6042
f 6042 6058 6059
f 6042 6059 6044
f 6044 6059 6060
f 6044 6060 6061
f 6062 6063 6042
f 6063 6064 6042
f 6042 6064 6065
f 6042 6065 6056
f 6061 6066 6044
f 6044 6066 6067
f 6044 6067 6068
f 6055 6069 6047
f 6047 6069 6070
f 6047 6070 6071
f 6071 6072 6047
f 6047 6072 6073
f 6047 6073 6042
f 6042 6073 6074
f 6042 6074 6062
f 6075 6076 6050
f 6050 6076 6077
f 6050 6077 6048
f 6068 6078 6044
f 6044 6078 6079
f 6044 6079 6080
f 6080 6081 6044
f 6044 6081 6082
f 6044 6082 6050
f 6050 6082 6083
f 6050 6083 6075
f 6084 6085 6047
f 6086 6087 6088
f 6088 6087 6089
f 6052 6047 6050
f 6050 6047 6090
f 6050 6090 6091
f 6091 6092 6050
f 6050 6092 6093
f 6050 6093 6094
f 6095 6096 6097
f 6089 6098 6088
f 6088 6098 6099
f 6088 6099 6100
f 6085 6101 6047
f 6047 6101 6102
f 6047 6102 6090
f 6097 6103 6095
f 6095 6103 6104
f 6095 6104 6086
f 6100 6105 6088
f 6088 6105 6106
f 6088 6106 6107
f 6108 6109 6047
f 6047 6109 6110
f 6047 6110 6084
f 6094 6111 6050
f 6050 6111 6112
f 6050 6112 6113
f 6107 6114 6088
f 6088 6114 6115
f 6088 6115 6047
f 6047 6115 6116
f 6047 6116 6108
f 6113 6117 6050
f 6050 6117 6118
f 6050 6118 6095
f 6095 6118 6119
f 6095 6119 6120
f 6120 6121 6095
f 6095 6121 6122
f 6095 6122 6096
f 6123 6124 6125
f 6125 6124 6126
f 6086 6088 6095
f 6095 6088 6127
f 6095 6127 6128
f 6128 6129 6095
f 6095 6129 6130
f 6095 6130 6131
f 6132 6133 6134
f 6126 6135 6125
f 6125 6135 6136
f 6125 6136 6137
f 6138 6139 6088
f 6139 6140 6088
f 6088 6140 6141
f 6088 6141 6142
f 6142 6143 6088
f 6088 6143 6144
f 6088 6144 6127
f 6134 6145 6132
f 6132 6145 6146
f 6132 6146 6123
f 6137 6147 6125
f 6125 6147 6148
f 6125 6148 6149
f 6131 6150 6095
f 6095 6150 6151
f 6095 6151 6152
f 6149 6153 6125
f 6125 6153 6154
f 6125 6154 6088
f 6088 6154 6155
f 6088 6155 6138
f 6152 6156 6095
f 6095 6156 6157
f 6095 6157 6132
f 6132 6157 6158
f 6132 6158 6159
f 6159 6160 6132
f 6132 6160 6161
f 6132 6161 6133
f 6162 6163 6164
f 6164 6163 6165
f 6123 6125 6132
f 6132 6125 6166
f 6132 6166 6167
f 6167 6168 6132
f 6132 6168 6169
f 6132 6169 6170
f 6171 6172 6173
f 6165 6174 6164
f 6164 6174 6175
f 6164 6175 6176
f 6177 6178 6125
f 6178 6179 6125
f 6125 6179 6180
f 6125 6180 6181
f 6181 6182 6125
f 6125 6182 6183
f 6125 6183 6166
f 6173 6184 6171
f 6171 6184 6185
f 6171 6185 6162
f 6176 6186 6164
f 6164 6186 6187
f 6164 6187 6188
f 6170 6189 6132
f 6132 6189 6190
f 6132 6190 6191
f 6188 6192 6164
f 6164 6192 6193
f 6164 6193 6125
f 6125 6193 6194
f 6125 6194 6177
f 6191 6195 6132
f 6132 6195 6196
f 6132 6196 6171
f 6171 6196 6197
f 6171 6197 6198
f 6198 6199 6171
f 6171 6199 6200
f 6171 6200 6172
f 6201 6202 6171
f 6203 6204 6205
f 6205 6204 6206
f 6206 6207 6205
f 6205 6207 6208
f 6205 6208 6209
f 6209 6210 6205
f 6205 6210 6211
f 6205 6211 6212
f 6162 6164 6171
f 6171 6164 6213
f 6171 6213 6201
f 6214 6215 6216
f 6216 6215 6217
f 6218 6219 6164
f 6219 6220 6164
f 6164 6220 6221
f 6164 6221 6222
f 6222 6223 6164
f 6164 6223 6224
f 6164 6224 6213
f 6202 6225 6171
f 6171 6225 6226
f 6171 6226 6227
f 6228 6229 6216
f 6216 6229 6230
f 6216 6230 6214
f 6217 6231 6216
f 6216 6231 6232
f 6216 6232 6203
f 6228 6216 6233
f 6233 6216 6171
f 6233 6171 6234
f 6212 6235 6205
f 6205 6235 6236
f 6205 6236 6164
f 6164 6236 6237
f 6164 6237 6218
f 6227 6238 6171
f 6171 6238 6239
f 6171 6239 6234
f 6240 6241 6205
f 6242 6243 6216
f 6216 6243 6244
f 6216 6244 6245
f 6203 6205 6216
f 6216 6205 6246
f 6216 6246 6247
f 6248 6249 6250
f 6250 6249 6251
f 6247 6252 6216
f 6216 6252 6253
f 6216 6253 6242
f 6245 6254 6216
f 6216 6254 6255
f 6216 6255 6249
f 6249 6255 6256
f 6249 6256 6251
f 6248 6257 6249
f 6249 6257 6258
f 6249 6258 6259
f 6241 6260 6205
f 6205 6260 6261
f 6205 6261 6262
f 6262 6263 6205
f 6205 6263 6264
f 6205 6264 6246
f 6259 6265 6249
f 6249 6265 6266
f 6249 6266 6267
f 6267 6266 6268
f 6267 6268 6269
f 6269 6270 6267
f 6267 6270 6271
f 6267 6271 6272
f 6272 6273 6267
f 6267 6273 6274
f 6267 6274 6275
f 6275 6276 6267
f 6267 6276 6277
f 6267 6277 6205
f 6205 6277 6278
f 6205 6278 6240
f 6279 6280 6249
f 6279 6249 6281
f 6282 6283 6284
f 6282 6285 6286
f 6286 6285 6287
f 6286 6287 6288
f 6288 6289 6286
f 6286 6289 6290
f 6286 6290 6291
f 6291 6292 6286
f 6286 6292 6293
f 6286 6293 6294
f 6295 6296 6267
f 6267 6296 6297
f 6280 6298 6249
f 6249 6298 6299
f 6249 6299 6300
f 6284 6301 6282
f 6282 6301 6302
f 6282 6302 6285
f 6294 6303 6286
f 6286 6303 6304
f 6286 6304 6267
f 6267 6304 6305
f 6267 6305 6295
f 6297 6306 6267
f 6267 6306 6307
f 6267 6307 6308
f 6308 6309 6267
f 6267 6309 6310
f 6267 6310 6249
f 6249 6310 6311
f 6249 6311 6281
f 6300 6312 6249
f 6249 6312 6313
f 6249 6313 6282
f 6282 6313 6314
f 6282 6314 6315
f 6315 6316 6282
f 6282 6316 6317
f 6282 6317 6283
f 6286 6318 6319
f 6320 6321 6286
f 6322 6323 6324
f 6324 6323 6325
f 6324 6325 6326
f 6326 6327 6324
f 6324 6327 6328
f 6324 6328 6329
f 6329 6330 6324
f 6324 6330 6331
f 6324 6331 6332
f 6321 6333 6286
f 6286 6333 6334
f 6286 6334 6318
f 6335 6336 6322
f 6332 6337 6324
f 6324 6337 6338
f 6324 6338 6286
f 6286 6338 6339
f 6286 6339 6320
f 6319 6340 6286
f 6286 6340 6341
f 6286 6341 6282
f 6282 6341 6342
f 6282 6342 6343
f 6344 6282 6345
f 6345 6282 6346
f 6343 6347 6282
f 6282 6347 6348
f 6282 6348 6346
f 6336 6349 6322
f 6322 6349 6350
f 6322 6350 6351
f 6351 6352 6322
f 6322 6352 6353
f 6322 6353 6323
f 6344 6354 6282
f 6282 6354 6355
f 6282 6355 6322
f 6322 6355 6356
f 6322 6356 6335
f 6041 6039 6042
f 6042 6039 6038
f 6042 6038 6047
f 6047 6038 6037
f 6047 6037 6088
f 6088 6037 6036
f 6088 6036 6125
f 6125 6036 6035
f 6125 6035 6164
f 6164 6035 6034
f 6164 6034 6205
f 6205 6034 6033
f 6205 6033 6267
f 6267 6033 6032
f 6267 6032 6286
f 6286 6032 6031
f 6286 6031 6324
f 6357 6043 6358
f 6358 6043 6044
f 6358 6044 6359
f 6359 6044 6050
f 6359 6050 6360
f 6360 6050 6095
f 6360 6095 6361
f 6361 6095 6132
f 6361 6132 6362
f 6362 6132 6171
f 6362 6171 6363
f 6363 6171 6216
f 6363 6216 6364
f 6364 6216 6249
f 6364 6249 6365
f 6365 6249 6282
f 6365 6282 6366
f 6366 6282 6322
f 6367 6368 6369
f 6370 6371 6365
f 6369 6368 6366
f 6366 6368 6372
f 6366 6372 6373
f 6374 6375 6369
f 6369 6375 6376
f 6377 6378 6366
f 6366 6378 6379
f 6366 6379 6380
f 6371 6381 6365
f 6365 6381 6382
f 6365 6382 6383
f 6365 6384 6385
f 6385 6384 6386
f 6386 6387 6385
f 6385 6387 6388
f 6385 6388 6389
f 6376 6390 6369
f 6369 6390 6391
f 6369 6391 6367
f 6373 6392 6366
f 6366 6392 6393
f 6366 6393 6377
f 6380 6394 6366
f 6366 6394 6395
f 6366 6395 6365
f 6365 6395 6396
f 6365 6396 6370
f 6383 6397 6365
f 6365 6397 6398
f 6365 6398 6384
f 6389 6399 6385
f 6385 6399 6400
f 6385 6400 6401
f 6402 6369 6385
f 6402 6403 6369
f 6369 6403 6404
f 6369 6404 6374
f 6401 6405 6385
f 6385 6405 6406
f 6385 6406 6402
f 6407 6408 6385
f 6409 6410 6385
f 6385 6410 6411
f 6385 6411 6365
f 6365 6411 6412
f 6365 6412 6413
f 6408 6414 6385
f 6385 6414 6415
f 6385 6415 6409
f 6413 6416 6365
f 6365 6416 6417
f 6365 6417 6418
f 6364 6419 6420
f 6418 6421 6365
f 6365 6421 6422
f 6365 6422 6423
f 6423 6424 6365
f 6365 6424 6425
f 6365 6425 6364
f 6364 6425 6426
f 6364 6426 6419
f 6420 6427 6364
f 6364 6427 6428
f 6364 6428 6429
f 6429 6430 6364
f 6364 6430 6431
f 6364 6431 6432
f 6433 6434 6435
f 6436 6435 6437
f 6437 6435 6438
f 6439 6385 6435
f 6433 6435 6432
f 6434 6440 6435
f 6435 6440 6441
f 6435 6441 6438
f 6439 6442 6385
f 6385 6442 6443
f 6385 6443 6407
f 6436 6444 6435
f 6435 6444 6445
f 6435 6445 6439
f 6446 6363 6447
f 6447 6363 6448
f 6449 6450 6364
f 6450 6451 6364
f 6364 6451 6452
f 6364 6452 6363
f 6363 6452 6453
f 6363 6453 6448
f 6454 6455 6364
f 6364 6455 6456
f 6364 6456 6449
f 6446 6457 6363
f 6363 6457 6458
f 6363 6458 6459
f 6460 6461 6435
f 6432 6435 6364
f 6364 6435 6462
f 6364 6462 6463
f 6463 6464 6364
f 6364 6464 6465
f 6364 6465 6454
f 6459 6466 6363
f 6363 6466 6467
f 6363 6467 6468
f 6468 6467 6469
f 6468 6469 6470
f 6461 6471 6435
f 6435 6471 6472
f 6435 6472 6473
f 6473 6474 6435
f 6435 6474 6475
f 6435 6475 6462
f 6470 6476 6468
f 6468 6476 6477
f 6468 6477 6478
f 6478 6479 6468
f 6468 6479 6480
f 6468 6480 6481
f 6481 6482 6468
f 6468 6482 6483
f 6468 6483 6435
f 6435 6483 6484
f 6435 6484 6460
f 6362 6485 6486
f 6486 6487 6362
f 6362 6487 6488
f 6362 6488 6489
f 6490 6491 6468
f 6492 6493 6468
f 6468 6493 6494
f 6468 6494 6363
f 6363 6494 6495
f 6363 6495 6496
f 6497 6498 6363
f 6363 6498 6499
f 6363 6499 6500
f 6501 6502 6362
f 6362 6502 6503
f 6362 6503 6485
f 6489 6504 6505
f 6505 6504 6506
f 6490 6468 6507
f 6496 6508 6363
f 6363 6508 6509
f 6363 6509 6497
f 6500 6510 6363
f 6363 6510 6511
f 6363 6511 6362
f 6362 6511 6512
f 6362 6512 6501
f 6506 6513 6505
f 6505 6513 6514
f 6505 6514 6515
f 6491 6516 6468
f 6468 6516 6517
f 6468 6517 6492
f 6515 6518 6505
f 6505 6518 6519
f 6505 6519 6520
f 6520 6521 6505
f 6505 6521 6522
f 6505 6522 6468
f 6468 6522 6523
f 6468 6523 6507
f 6524 6525 6362
f 6361 6526 6527
f 6525 6528 6362
f 6362 6528 6529
f 6362 6529 6530
f 6527 6531 6361
f 6361 6531 6532
f 6361 6532 6533
f 6530 6534 6362
f 6362 6534 6535
f 6362 6535 6536
f 6536 6537 6362
f 6362 6537 6538
f 6362 6538 6361
f 6361 6538 6539
f 6361 6539 6540
f 6540 6541 6361
f 6361 6541 6542
f 6361 6542 6526
f 6533 6543 6544
f 6544 6543 6545
f 6546 6547 6505
f 6489 6505 6362
f 6362 6505 6548
f 6362 6548 6524
f 6547 6549 6505
f 6505 6549 6550
f 6505 6550 6548
f 6545 6551 6544
f 6544 6551 6552
f 6544 6552 6553
f 6554 6555 6505
f 6505 6555 6556
f 6505 6556 6546
f 6553 6557 6544
f 6544 6557 6558
f 6544 6558 6559
f 6559 6560 6544
f 6544 6560 6561
f 6544 6561 6505
f 6505 6561 6562
f 6505 6562 6554
f 6563 6564 6361
f 6360 6565 6566
f 6564 6567 6361
f 6361 6567 6568
f 6361 6568 6569
f 6566 6570 6360
f 6360 6570 6571
f 6360 6571 6572
f 6569 6573 6361
f 6361 6573 6574
f 6361 6574 6575
f 6575 6576 6361
f 6361 6576 6577
f 6361 6577 6360
f 6360 6577 6578
f 6360 6578 6579
f 6579 6580 6360
f 6360 6580 6581
f 6360 6581 6565
f 6572 6582 6583
f 6583 6582 6584
f 6585 6586 6544
f 6533 6544 6361
f 6361 6544 6587
f 6361 6587 6563
f 6586 6588 6544
f 6544 6588 6589
f 6544 6589 6587
f 6584 6590 6583
f 6583 6590 6591
f 6583 6591 6592
f 6593 6594 6544
f 6544 6594 6595
f 6544 6595 6585
f 6592 6596 6583
f 6583 6596 6597
f 6583 6597 6598
f 6598 6599 6583
f 6583 6599 6600
f 6583 6600 6544
f 6544 6600 6601
f 6544 6601 6593
f 6602 6603 6360
f 6359 6604 6605
f 6603 6606 6360
f 6360 6606 6607
f 6360 6607 6608
f 6605 6609 6359
f 6359 6609 6610
f 6359 6610 6611
f 6608 6612 6360
f 6360 6612 6613
f 6360 6613 6614
f 6614 6615 6360
f 6360 6615 6616
f 6360 6616 6359
f 6359 6616 6617
f 6359 6617 6618
f 6618 6619 6359
f 6359 6619 6620
f 6359 6620 6604
f 6611 6621 6622
f 6622 6621 6623
f 6624 6625 6583
f 6572 6583 6360
f 6360 6583 6626
f 6360 6626 6602
f 6625 6627 6583
f 6583 6627 6628
f 6583 6628 6626
f 6623 6629 6622
f 6622 6629 6630
f 6622 6630 6631
f 6632 6633 6583
f 6583 6633 6634
f 6583 6634 6624
f 6631 6635 6622
f 6622 6635 6636
f 6622 6636 6637
f 6637 6638 6622
f 6622 6638 6639
f 6622 6639 6583
f 6583 6639 6640
f 6583 6640 6632
f 6641 6642 6358
f 6358 6642 6643
f 6644 6645 6646
f 6647 6648 6359
f 6359 6648 6649
f 6359 6649 6650
f 6651 6652 6358
f 6611 6622 6359
f 6359 6622 6653
f 6359 6653 6647
f 6651 6358 6654
f 6652 6655 6358
f 6358 6655 6656
f 6358 6656 6641
f 6644 6646 6657
f 6658 6659 6622
f 6622 6659 6660
f 6622 6660 6653
f 6650 6661 6359
f 6359 6661 6662
f 6359 6662 6663
f 6663 6664 6359
f 6359 6664 6665
f 6359 6665 6358
f 6358 6665 6666
f 6358 6666 6654
f 6645 6667 6646
f 6646 6667 6668
f 6646 6668 6669
f 6670 6671 6622
f 6671 6672 6622
f 6622 6672 6673
f 6622 6673 6658
f 6669 6674 6646
f 6646 6674 6675
f 6646 6675 6676
f 6676 6677 6646
f 6646 6677 6678
f 6646 6678 6622
f 6622 6678 6679
f 6622 6679 6670
f 6643 6657 6358
f 6358 6657 6646
f 6358 6646 6357
f 6357 6646 6680
f 6369 6681 6385
f 6385 6681 6682
f 6385 6682 6435
f 6435 6682 6683
f 6435 6683 6468
f 6468 6683 6684
f 6468 6684 6505
f 6505 6684 6685
f 6505 6685 6544
f 6544 6685 6686
f 6544 6686 6583
f 6583 6686 6687
f 6583 6687 6622
f 6622 6687 6688
f 6622 6688 6646
f 6646 6688 6689
f 6646 6689 6680
f 6680 6689 6690
f 6690 6689 6691
f 6691 6689 6688
f 6691 6688 6687
f 6681 6692 6682
f 6682 6692 6683
f 6687 6686 6691
f 6691 6686 6685
f 6691 6685 6692
f 6692 6685 6684
f 6692 6684 6683
f 6693 6691 6694
f 6694 6691 6692
f 5678 5645 6694
f 6694 5645 5360
f 5360 5566 6694
f 6694 5566 5536
f 6694 5536 5363
f 5363 5366 6694
f 6694 5366 5369
f 6694 5369 6693
f 6693 5369 5372
f 6693 5372 5380
f 5688 6022 5687
f 5687 6022 6021
f 5687 6021 5686
f 5690 5355 5691
f 5691 5355 5680
f 5686 6021 5685
f 5685 6021 6020
f 5685 6020 5684
f 5684 6020 6019
f 5684 6019 5683
f 5683 6019 6018
f 5683 6018 5682
f 5682 6018 6017
f 5682 6017 5681
f 5681 6017 6016
f 5681 6016 5680
f 5680 6016 6015
f 5680 6015 5691
f 5693 5694 6695
f 6695 5694 5697
f 5866 5898 6696
f 6696 5898 5939
f 6696 5939 5993
f 5697 5745 6695
f 6695 5745 5785
f 6695 5785 6696
f 6696 5785 5825
f 6696 5825 5866
f 6697 6695 6698
f 6698 6695 6696
f 6699 6697 6700
f 6700 6697 6698
f 6024 6699 6026
f 6026 6699 6700
f 6027 6029 6040
f 6680 6690 6691
f 6693 5380 5356
f 6041 6043 6357
f 5355 5690 5356
f 5356 5690 5689
f 5356 5689 6693
f 6693 5689 5693
f 5693 6695 6697
f 5693 6697 6693
f 6693 6697 6699
f 6693 6699 6024
f 6357 6680 6041
f 6041 6680 6691
f 6041 6691 6040
f 6040 6691 6693
f 6040 6693 6027
f 6027 6693 6024
f 6027 6024 6023
f 5981 6022 5688
f 6366 6322 6369
f 6369 6322 6324
f 6369 6324 6681
f 6681 6324 6692
f 6692 6324 6031
f 6692 6031 6694
f 6694 6031 6030
f 6694 6030 6028
f 5679 5678 6694
f 5688 5679 5981
f 5981 5679 6694
f 5981 6694 5993
f 5993 6694 6698
f 5993 6698 6696
f 6700 6698 6026
f 6026 6698 6694
f 6026 6694 6025
f 6025 6694 6028
f 6370 6396 6355
f 6355 6396 6395
f 6355 6395 6356
f 6356 6395 6394
f 6356 6394 6335
f 6335 6394 6380
f 6335 6380 6336
f 6336 6380 6379
f 6336 6379 6349
f 6349 6379 6378
f 6349 6378 6350
f 6350 6378 6377
f 6350 6377 6351
f 6351 6377 6393
f 6351 6393 6352
f 6352 6393 6392
f 6352 6392 6353
f 6353 6392 6373
f 6353 6373 6323
f 6323 6373 6372
f 6323 6372 6325
f 6325 6372 6368
f 6325 6368 6326
f 6326 6368 6367
f 6326 6367 6327
f 6327 6367 6391
f 6327 6391 6328
f 6328 6391 6390
f 6328 6390 6329
f 6329 6390 6376
f 6329 6376 6330
f 6330 6376 6375
f 6330 6375 6331
f 6331 6375 6374
f 6331 6374 6332
f 6332 6374 6404
f 6332 6404 6337
f 6337 6404 6403
f 6337 6403 6338
f 6338 6403 6402
f 6338 6402 6339
f 6339 6402 6406
f 6339 6406 6320
f 6320 6406 6405
f 6320 6405 6321
f 6321 6405 6401
f 6321 6401 6333
f 6333 6401 6400
f 6333 6400 6334
f 6334 6400 6399
f 6334 6399 6318
f 6318 6399 6389
f 6318 6389 6319
f 6319 6389 6388
f 6319 6388 6340
f 6340 6388 6387
f 6340 6387 6341
f 6341 6387 6386
f 6341 6386 6342
f 6342 6386 6384
f 6342 6384 6343
f 6343 6384 6398
f 6343 6398 6347
f 6347 6398 6397
f 6347 6397 6348
f 6348 6397 6383
f 6348 6383 6346
f 6346 6383 6382
f 6346 6382 6345
f 6345 6382 6381
f 6345 6381 6344
f 6344 6381 6371
f 6344 6371 6354
f 6354 6371 6370
f 6354 6370 6355
f 6419 6426 6313
f 6313 6426 6425
f 6313 6425 6314
f 6314 6425 6424
f 6314 6424 6315
f 6315 6424 6423
f 6315 6423 6316
f 6316 6423 6422
f 6316 6422 6317
f 6317 6422 6421
f 6317 6421 6283
f 6283 6421 6418
f 6283 6418 6284
f 6284 6418 6417
f 6284 6417 6301
f 6301 6417 6416
f 6301 6416 6302
f 6302 6416 6413
f 6302 6413 6285
f 6285 6413 6412
f 6285 6412 6287
f 6287 6412 6411
f 6287 6411 6288
f 6288 6411 6410
f 6288 6410 6289
f 6289 6410 6409
f 6289 6409 6290
f 6290 6409 6415
f 6290 6415 6291
f 6291 6415 6414
f 6291 6414 6292
f 6292 6414 6408
f 6292 6408 6293
f 6293 6408 6407
f 6293 6407 6294
f 6294 6407 6443
f 6294 6443 6303
f 6303 6443 6442
f 6303 6442 6304
f 6304 6442 6439
f 6304 6439 6305
f 6305 6439 6445
f 6305 6445 6295
f 6295 6445 6444
f 6295 6444 6296
f 6296 6444 6436
f 6296 6436 6297
f 6297 6436 6437
f 6297 6437 6306
f 6306 6437 6438
f 6306 6438 6307
f 6307 6438 6441
f 6307 6441 6308
f 6308 6441 6440
f 6308 6440 6309
f 6309 6440 6434
f 6309 6434 6310
f 6310 6434 6433
f 6310 6433 6311
f 6311 6433 6432
f 6311 6432 6281
f 6281 6432 6431
f 6281 6431 6279
f 6279 6431 6430
f 6279 6430 6280
f 6280 6430 6429
f 6280 6429 6298
f 6298 6429 6428
f 6298 6428 6299
f 6299 6428 6427
f 6299 6427 6300
f 6300 6427 6420
f 6300 6420 6312
f 6312 6420 6419
f 6312 6419 6313
f 6448 6453 6255
f 6255 6453 6452
f 6255 6452 6256
f 6256 6452 6451
f 6256 6451 6251
f 6251 6451 6450
f 6251 6450 6250
f 6250 6450 6449
f 6250 6449 6248
f 6248 6449 6456
f 6248 6456 6257
f 6257 6456 6455
f 6257 6455 6258
f 6258 6455 6454
f 6258 6454 6259
f 6259 6454 6465
f 6259 6465 6265
f 6265 6465 6464
f 6265 6464 6266
f 6266 6464 6463
f 6266 6463 6268
f 6268 6463 6462
f 6268 6462 6269
f 6269 6462 6475
f 6269 6475 6270
f 6270 6475 6474
f 6270 6474 6271
f 6271 6474 6473
f 6271 6473 6272
f 6272 6473 6472
f 6272 6472 6273
f 6273 6472 6471
f 6273 6471 6274
f 6274 6471 6461
f 6274 6461 6275
f 6275 6461 6460
f 6275 6460 6276
f 6276 6460 6484
f 6276 6484 6277
f 6277 6484 6483
f 6277 6483 6278
f 6278 6483 6482
f 6278 6482 6240
f 6240 6482 6481
f 6240 6481 6241
f 6241 6481 6480
f 6241 6480 6260
f 6260 6480 6479
f 6260 6479 6261
f 6261 6479 6478
f 6261 6478 6262
f 6262 6478 6477
f 6262 6477 6263
f 6263 6477 6476
f 6263 6476 6264
f 6264 6476 6470
f 6264 6470 6246
f 6246 6470 6469
f 6246 6469 6247
f 6247 6469 6467
f 6247 6467 6252
f 6252 6467 6466
f 6252 6466 6253
f 6253 6466 6459
f 6253 6459 6242
f 6242 6459 6458
f 6242 6458 6243
f 6243 6458 6457
f 6243 6457 6244
f 6244 6457 6446
f 6244 6446 6245
f 6245 6446 6447
f 6245 6447 6254
f 6254 6447 6448
f 6254 6448 6255
f 6501 6512 6233
f 6233 6512 6511
f 6233 6511 6228
f 6228 6511 6510
f 6228 6510 6229
f 6229 6510 6500
f 6229 6500 6230
f 6230 6500 6499
f 6230 6499 6214
f 6214 6499 6498
f 6214 6498 6215
f 6215 6498 6497
f 6215 6497 6217
f 6217 6497 6509
f 6217 6509 6231
f 6231 6509 6508
f 6231 6508 6232
f 6232 6508 6496
f 6232 6496 6203
f 6203 6496 6495
f 6203 6495 6204
f 6204 6495 6494
f 6204 6494 6206
f 6206 6494 6493
f 6206 6493 6207
f 6207 6493 6492
f 6207 6492 6208
f 6208 6492 6517
f 6208 6517 6209
f 6209 6517 6516
f 6209 6516 6210
f 6210 6516 6491
f 6210 6491 6211
f 6211 6491 6490
f 6211 6490 6212
f 6212 6490 6507
f 6212 6507 6235
f 6235 6507 6523
f 6235 6523 6236
f 6236 6523 6522
f 6236 6522 6237
f 6237 6522 6521
f 6237 6521 6218
f 6218 6521 6520
f 6218 6520 6219
f 6219 6520 6519
f 6219 6519 6220
f 6220 6519 6518
f 6220 6518 6221
f 6221 6518 6515
f 6221 6515 6222
f 6222 6515 6514
f 6222 6514 6223
f 6223 6514 6513
f 6223 6513 6224
f 6224 6513 6506
f 6224 6506 6213
f 6213 6506 6504
f 6213 6504 6201
f 6201 6504 6489
f 6201 6489 6202
f 6202 6489 6488
f 6202 6488 6225
f 6225 6488 6487
f 6225 6487 6226
f 6226 6487 6486
f 6226 6486 6227
f 6227 6486 6485
f 6227 6485 6238
f 6238 6485 6503
f 6238 6503 6239
f 6239 6503 6502
f 6239 6502 6234
f 6234 6502 6501
f 6234 6501 6233
f 6540 6539 6196
f 6196 6539 6538
f 6196 6538 6197
f 6197 6538 6537
f 6197 6537 6198
f 6198 6537 6536
f 6198 6536 6199
f 6199 6536 6535
f 6199 6535 6200
f 6200 6535 6534
f 6200 6534 6172
f 6172 6534 6530
f 6172 6530 6173
f 6173 6530 6529
f 6173 6529 6184
f 6184 6529 6528
f 6184 6528 6185
f 6185 6528 6525
f 6185 6525 6162
f 6162 6525 6524
f 6162 6524 6163
f 6163 6524 6548
f 6163 6548 6165
f 6165 6548 6550
f 6165 6550 6174
f 6174 6550 6549
f 6174 6549 6175
f 6175 6549 6547
f 6175 6547 6176
f 6176 6547 6546
f 6176 6546 6186
f 6186 6546 6556
f 6186 6556 6187
f 6187 6556 6555
f 6187 6555 6188
f 6188 6555 6554
f 6188 6554 6192
f 6192 6554 6562
f 6192 6562 6193
f 6193 6562 6561
f 6193 6561 6194
f 6194 6561 6560
f 6194 6560 6177
f 6177 6560 6559
f 6177 6559 6178
f 6178 6559 6558
f 6178 6558 6179
f 6179 6558 6557
f 6179 6557 6180
f 6180 6557 6553
f 6180 6553 6181
f 6181 6553 6552
f 6181 6552 6182
f 6182 6552 6551
f 6182 6551 6183
f 6183 6551 6545
f 6183 6545 6166
f 6166 6545 6543
f 6166 6543 6167
f 6167 6543 6533
f 6167 6533 6168
f 6168 6533 6532
f 6168 6532 6169
f 6169 6532 6531
f 6169 6531 6170
f 6170 6531 6527
f 6170 6527 6189
f 6189 6527 6526
f 6189 6526 6190
f 6190 6526 6542
f 6190 6542 6191
f 6191 6542 6541
f 6191 6541 6195
f 6195 6541 6540
f 6195 6540 6196
f 6579 6578 6157
f 6157 6578 6577
f 6157 6577 6158
f 6158 6577 6576
f 6158 6576 6159
f 6159 6576 6575
f 6159 6575 6160
f 6160 6575 6574
f 6160 6574 6161
f 6161 6574 6573
f 6161 6573 6133
f 6133 6573 6569
f 6133 6569 6134
f 6134 6569 6568
f 6134 6568 6145
f 6145 6568 6567
f 6145 6567 6146
f 6146 6567 6564
f 6146 6564 6123
f 6123 6564 6563
f 6123 6563 6124
f 6124 6563 6587
f 6124 6587 6126
f 6126 6587 6589
f 6126 6589 6135
f 6135 6589 6588
f 6135 6588 6136
f 6136 6588 6586
f 6136 6586 6137
f 6137 6586 6585
f 6137 6585 6147
f 6147 6585 6595
f 6147 6595 6148
f 6148 6595 6594
f 6148 6594 6149
f 6149 6594 6593
f 6149 6593 6153
f 6153 6593 6601
f 6153 6601 6154
f 6154 6601 6600
f 6154 6600 6155
f 6155 6600 6599
f 6155 6599 6138
f 6138 6599 6598
f 6138 6598 6139
f 6139 6598 6597
f 6139 6597 6140
f 6140 6597 6596
f 6140 6596 6141
f 6141 6596 6592
f 6141 6592 6142
f 6142 6592 6591
f 6142 6591 6143
f 6143 6591 6590
f 6143 6590 6144
f 6144 6590 6584
f 6144 6584 6127
f 6127 6584 6582
f 6127 6582 6128
f 6128 6582 6572
f 6128 6572 6129
f 6129 6572 6571
f 6129 6571 6130
f 6130 6571 6570
f 6130 6570 6131
f 6131 6570 6566
f 6131 6566 6150
f 6150 6566 6565
f 6150 6565 6151
f 6151 6565 6581
f 6151 6581 6152
f 6152 6581 6580
f 6152 6580 6156
f 6156 6580 6579
f 6156 6579 6157
f 6618 6617 6118
f 6118 6617 6616
f 6118 6616 6119
f 6119 6616 6615
f 6119 6615 6120
f 6120 6615 6614
f 6120 6614 6121
f 6121 6614 6613
f 6121 6613 6122
f 6122 6613 6612
f 6122 6612 6096
f 6096 6612 6608
f 6096 6608 6097
f 6097 6608 6607
f 6097 6607 6103
f 6103 6607 6606
f 6103 6606 6104
f 6104 6606 6603
f 6104 6603 6086
f 6086 6603 6602
f 6086 6602 6087
f 6087 6602 6626
f 6087 6626 6089
f 6089 6626 6628
f 6089 6628 6098
f 6098 6628 6627
f 6098 6627 6099
f 6099 6627 6625
f 6099 6625 6100
f 6100 6625 6624
f 6100 6624 6105
f 6105 6624 6634
f 6105 6634 6106
f 6106 6634 6633
f 6106 6633 6107
f 6107 6633 6632
f 6107 6632 6114
f 6114 6632 6640
f 6114 6640 6115
f 6115 6640 6639
f 6115 6639 6116
f 6116 6639 6638
f 6116 6638 6108
f 6108 6638 6637
f 6108 6637 6109
f 6109 6637 6636
f 6109 6636 6110
f 6110 6636 6635
f 6110 6635 6084
f 6084 6635 6631
f 6084 6631 6085
f 6085 6631 6630
f 6085 6630 6101
f 6101 6630 6629
f 6101 6629 6102
f 6102 6629 6623
f 6102 6623 6090
f 6090 6623 6621
f 6090 6621 6091
f 6091 6621 6611
f 6091 6611 6092
f 6092 6611 6610
f 6092 6610 6093
f 6093 6610 6609
f 6093 6609 6094
f 6094 6609 6605
f 6094 6605 6111
f 6111 6605 6604
f 6111 6604 6112
f 6112 6604 6620
f 6112 6620 6113
f 6113 6620 6619
f 6113 6619 6117
f 6117 6619 6618
f 6117 6618 6118
f 5665 6014 5666
f 5666 6014 6013
f 5666 6013 5667
f 5667 6013 6012
f 5667 6012 5661
f 5661 6012 6002
f 5661 6002 5662
f 5662 6002 6003
f 5662 6003 5663
f 5663 6003 6004
f 5663 6004 5664
f 5664 6004 6011
f 5664 6011 5668
f 5668 6011 6010
f 5668 6010 5669
f 5669 6010 5992
f 5669 5992 5358
f 5358 5992 5991
f 5358 5991 5359
f 5359 5991 5990
f 5359 5990 5646
f 5646 5990 5650
f 5650 5990 5989
f 5650 5989 5651
f 5651 5989 5976
f 5651 5976 5652
f 5652 5976 5975
f 5652 5975 5670
f 5670 5975 5988
f 5670 5988 5671
f 5671 5988 5987
f 5671 5987 5672
f 5672 5987 5978
f 5672 5978 5676
f 5676 5978 5977
f 5676 5977 5677
f 5677 5977 5998
f 5677 5998 5673
f 5673 5998 5997
f 5673 5997 5674
f 5674 5997 5996
f 5674 5996 5675
f 5675 5996 5986
f 5675 5986 5647
f 5647 5986 5985
f 5647 5985 5648
f 5648 5985 5984
f 5648 5984 5649
f 5649 5984 5983
f 5649 5983 5653
f 5653 5983 5982
f 5653 5982 5654
f 5654 5982 5980
f 5654 5980 5640
f 5640 5980 5979
f 5640 5979 5641
f 5641 5979 5995
f 5641 5995 5643
f 5643 5995 5994
f 5643 5994 5644
f 5644 5994 6009
f 5644 6009 5655
f 5655 6009 6008
f 5655 6008 5656
f 5656 6008 6001
f 5656 6001 5657
f 5657 6001 6000
f 5657 6000 5658
f 5658 6000 5999
f 5658 5999 5659
f 5659 5999 6007
f 5659 6007 5660
f 5660 6007 6006
f 5660 6006 5665
f 5665 6006 6005
f 5665 6005 6014
f 5636 5973 5637
f 5637 5973 5972
f 5637 5972 5624
f 5624 5972 5968
f 5624 5968 5625
f 5625 5968 5967
f 5625 5967 5626
f 5626 5967 5966
f 5626 5966 5610
f 5610 5966 5938
f 5610 5938 5611
f 5611 5938 5937
f 5611 5937 5612
f 5612 5937 5936
f 5612 5936 5613
f 5613 5936 5935
f 5613 5935 5627
f 5627 5935 5965
f 5627 5965 5628
f 5628 5965 5964
f 5628 5964 5629
f 5629 5964 5630
f 5630 5964 5963
f 5630 5963 5631
f 5631 5963 5962
f 5631 5962 5632
f 5632 5962 5961
f 5632 5961 5619
f 5619 5961 5960
f 5619 5960 5618
f 5618 5960 5954
f 5618 5954 5617
f 5617 5954 5953
f 5617 5953 5638
f 5638 5953 5952
f 5638 5952 5639
f 5639 5952 5959
f 5639 5959 5620
f 5620 5959 5958
f 5620 5958 5633
f 5633 5958 5957
f 5633 5957 5634
f 5634 5957 5951
f 5634 5951 5601
f 5601 5951 5950
f 5601 5950 5602
f 5602 5950 5949
f 5602 5949 5607
f 5607 5949 5948
f 5607 5948 5608
f 5608 5948 5947
f 5608 5947 5606
f 5606 5947 5946
f 5606 5946 5605
f 5605 5946 5945
f 5605 5945 5604
f 5604 5945 5944
f 5604 5944 5609
f 5609 5944 5942
f 5609 5942 5614
f 5614 5942 5956
f 5614 5956 5615
f 5615 5956 5955
f 5615 5955 5616
f 5616 5955 5941
f 5616 5941 5621
f 5621 5941 5940
f 5621 5940 5622
f 5622 5940 5971
f 5622 5971 5623
f 5623 5971 5970
f 5623 5970 5635
f 5635 5970 5969
f 5635 5969 5636
f 5636 5969 5974
f 5636 5974 5973
f 5581 5919 5582
f 5582 5919 5918
f 5582 5918 5571
f 5571 5918 5905
f 5571 5905 5572
f 5572 5905 5904
f 5572 5904 5573
f 5573 5904 5903
f 5573 5903 5574
f 5574 5903 5896
f 5574 5896 5575
f 5575 5896 5895
f 5575 5895 5576
f 5576 5895 5917
f 5576 5917 5577
f 5577 5917 5916
f 5577 5916 5595
f 5595 5916 5910
f 5595 5910 5596
f 5596 5910 5909
f 5596 5909 5597
f 5597 5909 5588
f 5588 5909 5934
f 5588 5934 5589
f 5589 5934 5933
f 5589 5933 5590
f 5590 5933 5932
f 5590 5932 5591
f 5591 5932 5931
f 5591 5931 5592
f 5592 5931 5930
f 5592 5930 5593
f 5593 5930 5902
f 5593 5902 5594
f 5594 5902 5901
f 5594 5901 5598
f 5598 5901 5929
f 5598 5929 5599
f 5599 5929 5928
f 5599 5928 5600
f 5600 5928 5927
f 5600 5927 5561
f 5561 5927 5926
f 5561 5926 5562
f 5562 5926 5925
f 5562 5925 5583
f 5583 5925 5924
f 5583 5924 5584
f 5584 5924 5923
f 5584 5923 5585
f 5585 5923 5922
f 5585 5922 5586
f 5586 5922 5921
f 5586 5921 5587
f 5587 5921 5915
f 5587 5915 5569
f 5569 5915 5914
f 5569 5914 5570
f 5570 5914 5912
f 5570 5912 5578
f 5578 5912 5911
f 5578 5911 5579
f 5579 5911 5908
f 5579 5908 5564
f 5564 5908 5907
f 5564 5907 5565
f 5565 5907 5906
f 5565 5906 5567
f 5567 5906 5897
f 5567 5897 5568
f 5568 5897 5899
f 5568 5899 5580
f 5580 5899 5900
f 5580 5900 5581
f 5581 5900 5920
f 5581 5920 5919
f 5556 5893 5557
f 5557 5893 5892
f 5557 5892 5558
f 5558 5892 5891
f 5558 5891 5559
f 5559 5891 5890
f 5559 5890 5560
f 5560 5890 5889
f 5560 5889 5548
f 5548 5889 5885
f 5548 5885 5549
f 5549 5885 5884
f 5549 5884 5553
f 5553 5884 5883
f 5553 5883 5554
f 5554 5883 5856
f 5554 5856 5361
f 5361 5856 5855
f 5361 5855 5362
f 5362 5855 5870
f 5362 5870 5538
f 5538 5870 5527
f 5527 5870 5882
f 5527 5882 5528
f 5528 5882 5881
f 5528 5881 5529
f 5529 5881 5880
f 5529 5880 5530
f 5530 5880 5879
f 5530 5879 5539
f 5539 5879 5878
f 5539 5878 5540
f 5540 5878 5877
f 5540 5877 5541
f 5541 5877 5876
f 5541 5876 5550
f 5550 5876 5888
f 5550 5888 5551
f 5551 5888 5887
f 5551 5887 5552
f 5552 5887 5886
f 5552 5886 5526
f 5526 5886 5869
f 5526 5869 5523
f 5523 5869 5868
f 5523 5868 5524
f 5524 5868 5867
f 5524 5867 5531
f 5531 5867 5863
f 5531 5863 5532
f 5532 5863 5862
f 5532 5862 5533
f 5533 5862 5861
f 5533 5861 5534
f 5534 5861 5860
f 5534 5860 5535
f 5535 5860 5858
f 5535 5858 5537
f 5537 5858 5857
f 5537 5857 5542
f 5542 5857 5875
f 5542 5875 5543
f 5543 5875 5874
f 5543 5874 5544
f 5544 5874 5873
f 5544 5873 5545
f 5545 5873 5872
f 5545 5872 5546
f 5546 5872 5871
f 5546 5871 5547
f 5547 5871 5865
f 5547 5865 5555
f 5555 5865 5864
f 5555 5864 5556
f 5556 5864 5894
f 5556 5894 5893
f 5512 5853 5513
f 5513 5853 5852
f 5513 5852 5514
f 5514 5852 5842
f 5514 5842 5515
f 5515 5842 5841
f 5515 5841 5516
f 5516 5841 5840
f 5516 5840 5494
f 5494 5840 5824
f 5494 5824 5495
f 5495 5824 5823
f 5495 5823 5500
f 5500 5823 5822
f 5500 5822 5501
f 5501 5822 5816
f 5501 5816 5364
f 5364 5816 5815
f 5364 5815 5365
f 5365 5815 5821
f 5365 5821 5496
f 5496 5821 5497
f 5497 5821 5837
f 5497 5837 5505
f 5505 5837 5836
f 5505 5836 5506
f 5506 5836 5835
f 5506 5835 5507
f 5507 5835 5834
f 5507 5834 5517
f 5517 5834 5833
f 5517 5833 5518
f 5518 5833 5832
f 5518 5832 5519
f 5519 5832 5831
f 5519 5831 5520
f 5520 5831 5848
f 5520 5848 5521
f 5521 5848 5847
f 5521 5847 5522
f 5522 5847 5846
f 5522 5846 5508
f 5508 5846 5845
f 5508 5845 5509
f 5509 5845 5844
f 5509 5844 5510
f 5510 5844 5843
f 5510 5843 5486
f 5486 5843 5830
f 5486 5830 5487
f 5487 5830 5829
f 5487 5829 5498
f 5498 5829 5828
f 5498 5828 5499
f 5499 5828 5820
f 5499 5820 5489
f 5489 5820 5818
f 5489 5818 5490
f 5490 5818 5817
f 5490 5817 5491
f 5491 5817 5839
f 5491 5839 5492
f 5492 5839 5838
f 5492 5838 5493
f 5493 5838 5827
f 5493 5827 5502
f 5502 5827 5826
f 5502 5826 5503
f 5503 5826 5851
f 5503 5851 5504
f 5504 5851 5850
f 5504 5850 5511
f 5511 5850 5849
f 5511 5849 5512
f 5512 5849 5854
f 5512 5854 5853
f 5475 5813 5476
f 5476 5813 5812
f 5476 5812 5477
f 5477 5812 5802
f 5477 5802 5478
f 5478 5802 5801
f 5478 5801 5479
f 5479 5801 5800
f 5479 5800 5457
f 5457 5800 5784
f 5457 5784 5458
f 5458 5784 5783
f 5458 5783 5463
f 5463 5783 5782
f 5463 5782 5464
f 5464 5782 5776
f 5464 5776 5367
f 5367 5776 5775
f 5367 5775 5368
f 5368 5775 5781
f 5368 5781 5459
f 5459 5781 5460
f 5460 5781 5797
f 5460 5797 5468
f 5468 5797 5796
f 5468 5796 5469
f 5469 5796 5795
f 5469 5795 5470
f 5470 5795 5794
f 5470 5794 5480
f 5480 5794 5793
f 5480 5793 5481
f 5481 5793 5792
f 5481 5792 5482
f 5482 5792 5791
f 5482 5791 5483
f 5483 5791 5808
f 5483 5808 5484
f 5484 5808 5807
f 5484 5807 5485
f 5485 5807 5806
f 5485 5806 5471
f 5471 5806 5805
f 5471 5805 5472
f 5472 5805 5804
f 5472 5804 5473
f 5473 5804 5803
f 5473 5803 5449
f 5449 5803 5790
f 5449 5790 5450
f 5450 5790 5789
f 5450 5789 5461
f 5461 5789 5788
f 5461 5788 5462
f 5462 5788 5780
f 5462 5780 5452
f 5452 5780 5778
f 5452 5778 5453
f 5453 5778 5777
f 5453 5777 5454
f 5454 5777 5799
f 5454 5799 5455
f 5455 5799 5798
f 5455 5798 5456
f 5456 5798 5787
f 5456 5787 5465
f 5465 5787 5786
f 5465 5786 5466
f 5466 5786 5811
f 5466 5811 5467
f 5467 5811 5810
f 5467 5810 5474
f 5474 5810 5809
f 5474 5809 5475
f 5475 5809 5814
f 5475 5814 5813
f 5438 5773 5439
f 5439 5773 5772
f 5439 5772 5440
f 5440 5772 5762
f 5440 5762 5441
f 5441 5762 5761
f 5441 5761 5442
f 5442 5761 5760
f 5442 5760 5420
f 5420 5760 5744
f 5420 5744 5421
f 5421 5744 5743
f 5421 5743 5426
f 5426 5743 5742
f 5426 5742 5427
f 5427 5742 5736
f 5427 5736 5370
f 5370 5736 5735
f 5370 5735 5371
f 5371 5735 5741
f 5371 5741 5422
f 5422 5741 5423
f 5423 5741 5757
f 5423 5757 5434
f 5434 5757 5756
f 5434 5756 5435
f 5435 5756 5755
f 5435 5755 5436
f 5436 5755 5754
f 5436 5754 5443
f 5443 5754 5753
f 5443 5753 5444
f 5444 5753 5752
f 5444 5752 5445
f 5445 5752 5751
f 5445 5751 5446
f 5446 5751 5768
f 5446 5768 5447
f 5447 5768 5767
f 5447 5767 5448
f 5448 5767 5766
f 5448 5766 5428
f 5428 5766 5765
f 5428 5765 5429
f 5429 5765 5764
f 5429 5764 5430
f 5430 5764 5763
f 5430 5763 5412
f 5412 5763 5750
f 5412 5750 5413
f 5413 5750 5749
f 5413 5749 5424
f 5424 5749 5748
f 5424 5748 5425
f 5425 5748 5740
f 5425 5740 5415
f 5415 5740 5738
f 5415 5738 5416
f 5416 5738 5737
f 5416 5737 5417
f 5417 5737 5759
f 5417 5759 5418
f 5418 5759 5758
f 5418 5758 5419
f 5419 5758 5747
f 5419 5747 5431
f 5431 5747 5746
f 5431 5746 5432
f 5432 5746 5771
f 5432 5771 5433
f 5433 5771 5770
f 5433 5770 5437
f 5437 5770 5769
f 5437 5769 5438
f 5438 5769 5774
f 5438 5774 5773
f 6651 6654 6081
f 6081 6654 6666
f 6081 6666 6082
f 6082 6666 6665
f 6082 6665 6083
f 6083 6665 6664
f 6083 6664 6075
f 6075 6664 6663
f 6075 6663 6076
f 6076 6663 6662
f 6076 6662 6077
f 6077 6662 6661
f 6077 6661 6048
f 6048 6661 6650
f 6048 6650 6049
f 6049 6650 6649
f 6049 6649 6051
f 6051 6649 6648
f 6051 6648 6052
f 6052 6648 6647
f 6052 6647 6045
f 6045 6647 6653
f 6045 6653 6046
f 6046 6653 6660
f 6046 6660 6053
f 6053 6660 6659
f 6053 6659 6054
f 6054 6659 6658
f 6054 6658 6055
f 6055 6658 6673
f 6055 6673 6069
f 6069 6673 6672
f 6069 6672 6070
f 6070 6672 6671
f 6070 6671 6071
f 6071 6671 6670
f 6071 6670 6072
f 6072 6670 6679
f 6072 6679 6073
f 6073 6679 6678
f 6073 6678 6074
f 6074 6678 6677
f 6074 6677 6062
f 6062 6677 6676
f 6062 6676 6063
f 6063 6676 6675
f 6063 6675 6064
f 6064 6675 6674
f 6064 6674 6065
f 6065 6674 6669
f 6065 6669 6056
f 6056 6669 6668
f 6056 6668 6057
f 6057 6668 6667
f 6057 6667 6058
f 6058 6667 6645
f 6058 6645 6059
f 6059 6645 6644
f 6059 6644 6060
f 6060 6644 6657
f 6060 6657 6061
f 6061 6657 6643
f 6061 6643 6066
f 6066 6643 6642
f 6066 6642 6067
f 6067 6642 6641
f 6067 6641 6068
f 6068 6641 6656
f 6068 6656 6078
f 6078 6656 6655
f 6078 6655 6079
f 6079 6655 6652
f 6079 6652 6080
f 6080 6652 6651
f 6080 6651 6081
f 5402 5733 5403
f 5403 5733 5732
f 5403 5732 5404
f 5404 5732 5725
f 5404 5725 5405
f 5405 5725 5724
f 5405 5724 5406
f 5406 5724 5723
f 5406 5723 5387
f 5387 5723 5719
f 5387 5719 5388
f 5388 5719 5718
f 5388 5718 5389
f 5389 5718 5717
f 5389 5717 5378
f 5378 5717 5706
f 5378 5706 5379
f 5379 5706 5705
f 5379 5705 5381
f 5381 5705 5704
f 5381 5704 5382
f 5382 5704 5383
f 5383 5704 5703
f 5383 5703 5390
f 5390 5703 5702
f 5390 5702 5391
f 5391 5702 5701
f 5391 5701 5392
f 5392 5701 5713
f 5392 5713 5396
f 5396 5713 5712
f 5396 5712 5397
f 5397 5712 5708
f 5397 5708 5398
f 5398 5708 5707
f 5398 5707 5409
f 5409 5707 5728
f 5409 5728 5410
f 5410 5728 5727
f 5410 5727 5411
f 5411 5727 5726
f 5411 5726 5399
f 5399 5726 5722
f 5399 5722 5400
f 5400 5722 5721
f 5400 5721 5407
f 5407 5721 5720
f 5407 5720 5408
f 5408 5720 5711
f 5408 5711 5384
f 5384 5711 5710
f 5384 5710 5385
f 5385 5710 5709
f 5385 5709 5386
f 5386 5709 5699
f 5386 5699 5374
f 5374 5699 5698
f 5374 5698 5373
f 5373 5698 5696
f 5373 5696 5375
f 5375 5696 5695
f 5375 5695 5376
f 5376 5695 5716
f 5376 5716 5377
f 5377 5716 5715
f 5377 5715 5393
f 5393 5715 5714
f 5393 5714 5394
f 5394 5714 5731
f 5394 5731 5395
f 5395 5731 5730
f 5395 5730 5401
f 5401 5730 5729
f 5401 5729 5402
f 5402 5729 5734
f 5402 5734 5733
f 6701 6702 6703
f 6703 6702 6704
f 6705 6701 6706
f 6706 6701 6703
f 6707 6705 6708
f 6708 6705 6706
f 6702 6707 6704
f 6704 6707 6708
f 6701 6709 6710
f 6707 6711 6705
f 6705 6711 6712
f 6705 6712 6713
f 6710 6714 6701
f 6701 6714 6715
f 6701 6715 6716
f 6716 6717 6701
f 6701 6717 6718
f 6701 6718 6719
f 6713 6720 6705
f 6705 6720 6721
f 6705 6721 6722
f 6723 6724 6725
f 6702 6726 6727
f 6728 6729 6701
f 6701 6729 6730
f 6701 6730 6724
f 6719 6731 6701
f 6701 6731 6732
f 6701 6732 6702
f 6702 6732 6733
f 6702 6733 6726
f 6722 6734 6705
f 6705 6734 6735
f 6705 6735 6736
f 6736 6737 6705
f 6705 6737 6738
f 6705 6738 6701
f 6701 6738 6739
f 6701 6739 6728
f 6740 6741 6707
f 6707 6741 6742
f 6723 6743 6724
f 6724 6743 6744
f 6724 6744 6701
f 6701 6744 6745
f 6701 6745 6709
f 6746 6747 6707
f 6707 6747 6748
f 6707 6748 6740
f 6742 6749 6707
f 6707 6749 6750
f 6707 6750 6711
f 6727 6751 6702
f 6702 6751 6752
f 6702 6752 6753
f 6754 6755 6756
f 6756 6755 6757
f 6756 6757 6758
f 6758 6757 6759
f 6758 6759 6725
f 6725 6759 6760
f 6725 6760 6723
f 6753 6761 6702
f 6702 6761 6762
f 6702 6762 6763
f 6764 6765 6766
f 6766 6765 6767
f 6707 6768 6769
f 6754 6756 6765
f 6765 6756 6770
f 6765 6770 6767
f 6764 6771 6765
f 6765 6771 6772
f 6765 6772 6773
f 6763 6774 6702
f 6702 6774 6775
f 6702 6775 6707
f 6707 6775 6776
f 6707 6776 6768
f 6707 6777 6765
f 6769 6778 6707
f 6707 6778 6779
f 6707 6779 6777
f 6773 6780 6765
f 6765 6780 6781
f 6765 6781 6707
f 6707 6781 6782
f 6707 6782 6746
f 6783 6784 6708
f 6783 6708 6785
f 6784 6786 6708
f 6708 6786 6787
f 6708 6787 6788
f 6789 6704 6790
f 6790 6704 6791
f 6789 6792 6704
f 6704 6792 6793
f 6704 6793 6794
f 6794 6795 6704
f 6704 6795 6796
f 6704 6796 6797
f 6788 6798 6708
f 6708 6798 6799
f 6708 6799 6800
f 6801 6802 6708
f 6797 6803 6704
f 6704 6803 6804
f 6704 6804 6703
f 6805 6806 6807
f 6804 6808 6703
f 6703 6808 6809
f 6703 6809 6810
f 6810 6811 6703
f 6703 6811 6812
f 6703 6812 6813
f 6806 6814 6807
f 6807 6814 6815
f 6807 6815 6816
f 6817 6818 6819
f 6819 6818 6820
f 6819 6820 6800
f 6800 6820 6821
f 6800 6821 6708
f 6708 6821 6822
f 6708 6822 6801
f 6813 6823 6703
f 6703 6823 6824
f 6703 6824 6825
f 6826 6703 6827
f 6827 6703 6828
f 6817 6819 6807
f 6807 6819 6829
f 6807 6829 6805
f 6706 6830 6831
f 6832 6833 6706
f 6706 6833 6834
f 6706 6834 6708
f 6708 6834 6835
f 6708 6835 6785
f 6802 6836 6708
f 6708 6836 6837
f 6708 6837 6704
f 6704 6837 6838
f 6704 6838 6791
f 6828 6839 6840
f 6840 6839 6841
f 6840 6841 6842
f 6826 6843 6703
f 6703 6843 6844
f 6703 6844 6706
f 6706 6844 6845
f 6706 6845 6846
f 6846 6847 6706
f 6706 6847 6848
f 6706 6848 6830
f 6831 6849 6706
f 6706 6849 6850
f 6706 6850 6832
f 6825 6851 6703
f 6703 6851 6852
f 6703 6852 6828
f 6828 6852 6853
f 6828 6853 6839
f 6816 6854 6807
f 6807 6854 6855
f 6807 6855 6842
f 6842 6855 6856
f 6842 6856 6840
f 6846 6737 6847
f 6847 6737 6736
f 6847 6736 6848
f 6848 6736 6735
f 6848 6735 6830
f 6830 6735 6734
f 6830 6734 6831
f 6831 6734 6722
f 6831 6722 6849
f 6849 6722 6721
f 6849 6721 6850
f 6850 6721 6720
f 6850 6720 6832
f 6832 6720 6713
f 6832 6713 6833
f 6833 6713 6712
f 6833 6712 6834
f 6834 6712 6711
f 6834 6711 6835
f 6835 6711 6750
f 6835 6750 6785
f 6785 6750 6749
f 6785 6749 6783
f 6783 6749 6742
f 6783 6742 6784
f 6784 6742 6741
f 6784 6741 6786
f 6786 6741 6740
f 6786 6740 6787
f 6787 6740 6748
f 6787 6748 6788
f 6788 6748 6747
f 6788 6747 6798
f 6798 6747 6746
f 6798 6746 6799
f 6799 6746 6782
f 6799 6782 6800
f 6800 6782 6781
f 6800 6781 6819
f 6819 6781 6780
f 6819 6780 6829
f 6829 6780 6773
f 6829 6773 6805
f 6805 6773 6772
f 6805 6772 6806
f 6806 6772 6771
f 6806 6771 6814
f 6814 6771 6764
f 6814 6764 6815
f 6815 6764 6766
f 6815 6766 6816
f 6816 6766 6767
f 6816 6767 6854
f 6854 6767 6770
f 6854 6770 6855
f 6855 6770 6756
f 6855 6756 6856
f 6856 6756 6758
f 6856 6758 6840
f 6840 6758 6725
f 6840 6725 6828
f 6828 6725 6724
f 6828 6724 6827
f 6827 6724 6730
f 6827 6730 6826
f 6826 6730 6729
f 6826 6729 6843
f 6843 6729 6728
f 6843 6728 6844
f 6844 6728 6739
f 6844 6739 6845
f 6845 6739 6738
f 6845 6738 6846
f 6846 6738 6737
f 6825 6709 6851
f 6851 6709 6745
f 6851 6745 6852
f 6852 6745 6744
f 6852 6744 6853
f 6853 6744 6743
f 6853 6743 6839
f 6839 6743 6723
f 6839 6723 6841
f 6841 6723 6760
f 6841 6760 6842
f 6842 6760 6759
f 6842 6759 6807
f 6807 6759 6757
f 6807 6757 6817
f 6817 6757 6755
f 6817 6755 6818
f 6818 6755 6754
f 6818 6754 6820
f 6820 6754 6765
f 6820 6765 6821
f 6821 6765 6777
f 6821 6777 6822
f 6822 6777 6779
f 6822 6779 6801
f 6801 6779 6778
f 6801 6778 6802
f 6802 6778 6769
f 6802 6769 6836
f 6836 6769 6768
f 6836 6768 6837
f 6837 6768 6776
f 6837 6776 6838
f 6838 6776 6775
f 6838 6775 6791
f 6791 6775 6774
f 6791 6774 6790
f 6790 6774 6763
f 6790 6763 6789
f 6789 6763 6762
f 6789 6762 6792
f 6792 6762 6761
f 6792 6761 6793
f 6793 6761 6753
f 6793 6753 6794
f 6794 6753 6752
f 6794 6752 6795
f 6795 6752 6751
f 6795 6751 6796
f 6796 6751 6727
f 6796 6727 6797
f 6797 6727 6726
f 6797 6726 6803
f 6803 6726 6733
f 6803 6733 6804
f 6804 6733 6732
f 6804 6732 6808
f 6808 6732 6731
f 6808 6731 6809
f 6809 6731 6719
f 6809 6719 6810
f 6810 6719 6718
f 6810 6718 6811
f 6811 6718 6717
f 6811 6717 6812
f 6812 6717 6716
f 6812 6716 6813
f 6813 6716 6715
f 6813 6715 6823
f 6823 6715 6714
f 6823 6714 6824
f 6824 6714 6710
f 6824 6710 6825
f 6825 6710 6709
f 6857 6858 6859
f 6859 6858 6860
f 6861 6857 6862
f 6862 6857 6859
f 6863 6861 6864
f 6864 6861 6862
f 6858 6863 6860
f 6860 6863 6864
f 6857 6865 6866
f 6863 6867 6861
f 6861 6867 6868
f 6861 6868 6869
f 6866 6870 6857
f 6857 6870 6871
f 6857 6871 6872
f 6872 6873 6857
f 6857 6873 6874
f 6857 6874 6875
f 6869 6876 6861
f 6861 6876 6877
f 6861 6877 6878
f 6879 6880 6881
f 6858 6882 6883
f 6884 6885 6857
f 6857 6885 6886
f 6857 6886 6880
f 6875 6887 6857
f 6857 6887 6888
f 6857 6888 6858
f 6858 6888 6889
f 6858 6889 6882
f 6878 6890 6861
f 6861 6890 6891
f 6861 6891 6892
f 6892 6893 6861
f 6861 6893 6894
f 6861 6894 6857
f 6857 6894 6895
f 6857 6895 6884
f 6896 6897 6863
f 6863 6897 6898
f 6879 6899 6880
f 6880 6899 6900
f 6880 6900 6857
f 6857 6900 6901
f 6857 6901 6865
f 6902 6903 6863
f 6863 6903 6904
f 6863 6904 6896
f 6898 6905 6863
f 6863 6905 6906
f 6863 6906 6867
f 6883 6907 6858
f 6858 6907 6908
f 6858 6908 6909
f 6910 6911 6912
f 6912 6911 6913
f 6912 6913 6914
f 6914 6913 6915
f 6914 6915 6881
f 6881 6915 6916
f 6881 6916 6879
f 6909 6917 6858
f 6858 6917 6918
f 6858 6918 6919
f 6920 6921 6922
f 6922 6921 6923
f 6863 6924 6925
f 6910 6912 6921
f 6921 6912 6926
f 6921 6926 6923
f 6920 6927 6921
f 6921 6927 6928
f 6921 6928 6929
f 6919 6930 6858
f 6858 6930 6931
f 6858 6931 6863
f 6863 6931 6932
f 6863 6932 6924
f 6863 6933 6921
f 6925 6934 6863
f 6863 6934 6935
f 6863 6935 6933
f 6929 6936 6921
f 6921 6936 6937
f 6921 6937 6863
f 6863 6937 6938
f 6863 6938 6902
f 6939 6940 6864
f 6939 6864 6941
f 6940 6942 6864
f 6864 6942 6943
f 6864 6943 6944
f 6945 6860 6946
f 6946 6860 6947
f 6945 6948 6860
f 6860 6948 6949
f 6860 6949 6950
f 6950 6951 6860
f 6860 6951 6952
f 6860 6952 6953
f 6944 6954 6864
f 6864 6954 6955
f 6864 6955 6956
f 6957 6958 6864
f 6953 6959 6860
f 6860 6959 6960
f 6860 6960 6859
f 6961 6962 6963
f 6960 6964 6859
f 6859 6964 6965
f 6859 6965 6966
f 6966 6967 6859
f 6859 6967 6968
f 6859 6968 6969
f 6962 6970 6963
f 6963 6970 6971
f 6963 6971 6972
f 6973 6974 6975
f 6975 6974 6976
f 6975 6976 6956
f 6956 6976 6977
f 6956 6977 6864
f 6864 6977 6978
f 6864 6978 6957
f 6969 6979 6859
f 6859 6979 6980
f 6859 6980 6981
f 6982 6859 6983
f 6983 6859 6984
f 6973 6975 6963
f 6963 6975 6985
f 6963 6985 6961
f 6862 6986 6987
f 6988 6989 6862
f 6862 6989 6990
f 6862 6990 6864
f 6864 6990 6991
f 6864 6991 6941
f 6958 6992 6864
f 6864 6992 6993
f 6864 6993 6860
f 6860 6993 6994
f 6860 6994 6947
f 6984 6995 6996
f 6996 6995 6997
f 6996 6997 6998
f 6982 6999 6859
f 6859 6999 7000
f 6859 7000 6862
f 6862 7000 7001
f 6862 7001 7002
f 7002 7003 6862
f 6862 7003 7004
f 6862 7004 6986
f 6987 7005 6862
f 6862 7005 7006
f 6862 7006 6988
f 6981 7007 6859
f 6859 7007 7008
f 6859 7008 6984
f 6984 7008 7009
f 6984 7009 6995
f 6972 7010 6963
f 6963 7010 7011
f 6963 7011 6998
f 6998 7011 7012
f 6998 7012 6996
f 7002 6893 7003
f 7003 6893 6892
f 7003 6892 7004
f 7004 6892 6891
f 7004 6891 6986
f 6986 6891 6890
f 6986 6890 6987
f 6987 6890 6878
f 6987 6878 7005
f 7005 6878 6877
f 7005 6877 7006
f 7006 6877 6876
f 7006 6876 6988
f 6988 6876 6869
f 6988 6869 6989
f 6989 6869 6868
f 6989 6868 6990
f 6990 6868 6867
f 6990 6867 6991
f 6991 6867 6906
f 6991 6906 6941
f 6941 6906 6905
f 6941 6905 6939
f 6939 6905 6898
f 6939 6898 6940
f 6940 6898 6897
f 6940 6897 6942
f 6942 6897 6896
f 6942 6896 6943
f 6943 6896 6904
f 6943 6904 6944
f 6944 6904 6903
f 6944 6903 6954
f 6954 6903 6902
f 6954 6902 6955
f 6955 6902 6938
f 6955 6938 6956
f 6956 6938 6937
f 6956 6937 6975
f 6975 6937 6936
f 6975 6936 6985
f 6985 6936 6929
f 6985 6929 6961
f 6961 6929 6928
f 6961 6928 6962
f 6962 6928 6927
f 6962 6927 6970
f 6970 6927 6920
f 6970 6920 6971
f 6971 6920 6922
f 6971 6922 6972
f 6972 6922 6923
f 6972 6923 7010
f 7010 6923 6926
f 7010 6926 7011
f 7011 6926 6912
f 7011 6912 7012
f 7012 6912 6914
f 7012 6914 6996
f 6996 6914 6881
f 6996 6881 6984
f 6984 6881 6880
f 6984 6880 6983
f 6983 6880 6886
f 6983 6886 6982
f 6982 6886 6885
f 6982 6885 6999
f 6999 6885 6884
f 6999 6884 7000
f 7000 6884 6895
f 7000 6895 7001
f 7001 6895 6894
f 7001 6894 7002
f 7002 6894 6893
f 6981 6865 7007
f 7007 6865 6901
f 7007 6901 7008
f 7008 6901 6900
f 7008 6900 7009
f 7009 6900 6899
f 7009 6899 6995
f 6995 6899 6879
f 6995 6879 6997
f 6997 6879 6916
f 6997 6916 6998
f 6998 6916 6915
f 6998 6915 6963
f 6963 6915 6913
f 6963 6913 6973
f 6973 6913 6911
f 6973 6911 6974
f 6974 6911 6910
f 6974 6910 6976
f 6976 6910 6921
f 6976 6921 6977
f 6977 6921 6933
f 6977 6933 6978
f 6978 6933 6935
f 6978 6935 6957
f 6957 6935 6934
f 6957 6934 6958
f 6958 6934 6925
f 6958 6925 6992
f 6992 6925 6924
f 6992 6924 6993
f 6993 6924 6932
f 6993 6932 6994
f 6994 6932 6931
f 6994 6931 6947
f 6947 6931 6930
f 6947 6930 6946
f 6946 6930 6919
f 6946 6919 6945
f 6945 6919 6918
f 6945 6918 6948
f 6948 6918 6917
f 6948 6917 6949
f 6949 6917 6909
f 6949 6909 6950
f 6950 6909 6908
f 6950 6908 6951
f 6951 6908 6907
f 6951 6907 6952
f 6952 6907 6883
f 6952 6883 6953
f 6953 6883 6882
f 6953 6882 6959
f 6959 6882 6889
f 6959 6889 6960
f 6960 6889 6888
f 6960 6888 6964
f 6964 6888 6887
f 6964 6887 6965
f 6965 6887 6875
f 6965 6875 6966
f 6966 6875 6874
f 6966 6874 6967
f 6967 6874 6873
f 6967 6873 6968
f 6968 6873 6872
f 6968 6872 6969
f 6969 6872 6871
f 6969 6871 6979
f 6979 6871 6870
f 6979 6870 6980
f 6980 6870 6866
f 6980 6866 6981
f 6981 6866 6865
f 7013 7014 7015
f 7015 7014 7016
f 7015 7016 7017
f 7017 7016 7018
f 7017 7018 7019
f 7019 7018 7020
f 7019 7020 7021
f 7021 7020 7022
f 7021 7022 7023
f 7023 7022 7024
f 7023 7024 7025
f 7025 7024 7026
f 7025 7026 7027
f 7027 7026 7028
f 7027 7028 7029
f 7029 7028 7030
f 7029 7030 7031
f 7031 7030 7032
f 7031 7032 7033
f 7033 7032 7034
f 7033 7034 7035
f 7035 7034 7036
f 7035 7036 7037
f 7037 7036 7038
f 7037 7038 7039
f 7039 7038 7040
f 7039 7040 7041
f 7041 7040 7042
f 7041 7042 7043
f 7043 7042 7044
f 7043 7044 7045
f 7045 7044 7046
f 7045 7046 7047
f 7047 7046 7048
f 7047 7048 7049
f 7049 7048 7050
f 7049 7050 7051
f 7051 7050 7052
f 7051 7052 7053
f 7053 7052 7054
f 7053 7054 7055
f 7055 7054 7056
f 7055 7056 7057
f 7057 7056 7058
f 7057 7058 7059
f 7059 7058 7060
f 7059 7060 7061
f 7061 7060 7062
f 7061 7062 7063
f 7063 7062 7064
f 7063 7064 7065
f 7065 7064 7066
f 7065 7066 7067
f 7067 7066 7068
f 7067 7068 7069
f 7069 7068 7070
f 7069 7070 7071
f 7071 7070 7072
f 7071 7072 7073
f 7073 7072 7074
f 7073 7074 7075
f 7075 7074 7076
f 7075 7076 7077
f 7077 7076 7078
f 7077 7078 7079
f 7079 7078 7080
f 7079 7080 7081
f 7081 7080 7082
f 7081 7082 7083
f 7083 7082 7084
f 7083 7084 7085
f 7085 7084 7086
f 7085 7086 7013
f 7013 7086 7014
f 7086 7084 7087
f 7018 7016 7087
f 7087 7016 7014
f 7087 7014 7086
f 7024 7022 7087
f 7087 7022 7020
f 7087 7020 7018
f 7030 7028 7087
f 7087 7028 7026
f 7087 7026 7024
f 7036 7034 7087
f 7087 7034 7032
f 7087 7032 7030
f 7042 7040 7087
f 7087 7040 7038
f 7087 7038 7036
f 7048 7046 7087
f 7087 7046 7044
f 7087 7044 7042
f 7054 7052 7087
f 7087 7052 7050
f 7087 7050 7048
f 7060 7058 7087
f 7087 7058 7056
f 7087 7056 7054
f 7066 7064 7087
f 7087 7064 7062
f 7087 7062 7060
f 7072 7070 7087
f 7087 7070 7068
f 7087 7068 7066
f 7078 7076 7087
f 7087 7076 7074
f 7087 7074 7072
f 7084 7082 7087
f 7087 7082 7080
f 7087 7080 7078
f 7013 7015 7088
f 7081 7083 7088
f 7088 7083 7085
f 7088 7085 7013
f 7075 7077 7088
f 7088 7077 7079
f 7088 7079 7081
f 7069 7071 7088
f 7088 7071 7073
f 7088 7073 7075
f 7063 7065 7088
f 7088 7065 7067
f 7088 7067 7069
f 7057 7059 7088
f 7088 7059 7061
f 7088 7061 7063
f 7051 7053 7088
f 7088 7053 7055
f 7088 7055 7057
f 7045 7047 7088
f 7088 7047 7049
f 7088 7049 7051
f 7039 7041 7088
f 7088 7041 7043
f 7088 7043 7045
f 7033 7035 7088
f 7088 7035 7037
f 7088 7037 7039
f 7027 7029 7088
f 7088 7029 7031
f 7088 7031 7033
f 7021 7023 7088
f 7088 7023 7025
f 7088 7025 7027
f 7015 7017 7088
f 7088 7017 7019
f 7088 7019 7021
f 7089 7089 7089
f 7089 7090 7091
f 7092 7093 7094
f 7095 7096 7097
f 7098 7099 7100
f 7101 7102 7103
f 7104 7105 7106
f 7107 7106 7108
f 7108 7106 7091
f 7107 7109 7106
f 7106 7109 7110
f 7106 7110 7111
f 7112 7113 7114
f 7114 7113 7115
f 7114 7115 7090
f 7090 7115 7116
f 7090 7116 7117
f 7118 7119 7091
f 7091 7119 7120
f 7091 7120 7108
f 7121 7122 7114
f 7114 7122 7123
f 7114 7123 7112
f 7117 7124 7090
f 7090 7124 7125
f 7090 7125 7126
f 7111 7127 7106
f 7106 7127 7128
f 7106 7128 7129
f 7126 7130 7090
f 7090 7130 7131
f 7090 7131 7132
f 7133 7134 7091
f 7129 7135 7106
f 7106 7135 7136
f 7106 7136 7114
f 7114 7136 7137
f 7114 7137 7138
f 7138 7139 7114
f 7114 7139 7140
f 7114 7140 7121
f 7134 7141 7091
f 7091 7141 7142
f 7091 7142 7118
f 7132 7143 7090
f 7090 7143 7144
f 7090 7144 7091
f 7091 7144 7145
f 7091 7145 7133
f 7146 7147 7148
f 7148 7149 7103
f 7103 7149 7150
f 7150 7151 7103
f 7103 7151 7152
f 7103 7152 7153
f 7106 7154 7155
f 7106 7105 7091
f 7091 7105 7156
f 7091 7156 7157
f 7147 7158 7148
f 7148 7158 7159
f 7148 7159 7149
f 7155 7160 7106
f 7106 7160 7161
f 7106 7161 7104
f 7162 7163 7148
f 7148 7163 7164
f 7148 7164 7146
f 7153 7165 7103
f 7103 7165 7166
f 7103 7166 7167
f 7157 7168 7091
f 7091 7168 7169
f 7091 7169 7170
f 7167 7171 7103
f 7103 7171 7172
f 7103 7172 7106
f 7106 7172 7173
f 7106 7173 7174
f 7174 7175 7106
f 7106 7175 7176
f 7106 7176 7154
f 7170 7177 7091
f 7091 7177 7178
f 7091 7178 7179
f 7179 7180 7091
f 7091 7180 7181
f 7091 7181 7148
f 7148 7181 7182
f 7148 7182 7162
f 7183 7184 7185
f 7185 7186 7100
f 7100 7186 7187
f 7187 7188 7100
f 7100 7188 7189
f 7100 7189 7190
f 7103 7191 7192
f 7103 7102 7148
f 7148 7102 7193
f 7148 7193 7194
f 7184 7195 7185
f 7185 7195 7196
f 7185 7196 7186
f 7192 7197 7103
f 7103 7197 7198
f 7103 7198 7101
f 7190 7199 7100
f 7100 7199 7200
f 7100 7200 7201
f 7194 7202 7148
f 7148 7202 7203
f 7148 7203 7204
f 7205 7206 7185
f 7185 7206 7207
f 7185 7207 7183
f 7201 7208 7100
f 7100 7208 7209
f 7100 7209 7103
f 7103 7209 7210
f 7103 7210 7211
f 7211 7212 7103
f 7103 7212 7213
f 7103 7213 7191
f 7204 7214 7148
f 7148 7214 7215
f 7148 7215 7216
f 7216 7217 7148
f 7148 7217 7218
f 7148 7218 7185
f 7185 7218 7219
f 7185 7219 7205
f 7220 7221 7222
f 7222 7223 7097
f 7097 7223 7224
f 7224 7225 7097
f 7097 7225 7226
f 7097 7226 7227
f 7100 7228 7229
f 7100 7099 7185
f 7185 7099 7230
f 7185 7230 7231
f 7221 7232 7222
f 7222 7232 7233
f 7222 7233 7223
f 7229 7234 7100
f 7100 7234 7235
f 7100 7235 7098
f 7227 7236 7097
f 7097 7236 7237
f 7097 7237 7238
f 7231 7239 7185
f 7185 7239 7240
f 7185 7240 7241
f 7242 7243 7222
f 7222 7243 7244
f 7222 7244 7220
f 7238 7245 7097
f 7097 7245 7246
f 7097 7246 7100
f 7100 7246 7247
f 7100 7247 7248
f 7248 7249 7100
f 7100 7249 7250
f 7100 7250 7228
f 7241 7251 7185
f 7185 7251 7252
f 7185 7252 7253
f 7253 7254 7185
f 7185 7254 7255
f 7185 7255 7222
f 7222 7255 7256
f 7222 7256 7242
f 7257 7258 7259
f 7257 7259 7260
f 7261 7262 7222
f 7222 7262 7263
f 7222 7263 7264
f 7258 7265 7259
f 7259 7265 7266
f 7259 7266 7267
f 7267 7268 7259
f 7259 7268 7269
f 7259 7269 7270
f 7270 7269 7271
f 7097 7096 7222
f 7222 7096 7272
f 7222 7272 7261
f 7264 7273 7222
f 7222 7273 7274
f 7222 7274 7275
f 7271 7276 7270
f 7270 7276 7277
f 7270 7277 7278
f 7278 7279 7270
f 7270 7279 7280
f 7270 7280 7281
f 7097 7282 7283
f 7275 7284 7222
f 7222 7284 7285
f 7222 7285 7259
f 7259 7285 7286
f 7259 7286 7260
f 7283 7287 7097
f 7097 7287 7288
f 7097 7288 7095
f 7281 7289 7270
f 7270 7289 7290
f 7270 7290 7097
f 7097 7290 7291
f 7097 7291 7292
f 7292 7293 7097
f 7097 7293 7294
f 7097 7294 7282
f 7295 7296 7297
f 7298 7299 7300
f 7300 7299 7301
f 7300 7301 7302
f 7297 7303 7300
f 7300 7303 7304
f 7305 7306 7270
f 7270 7306 7307
f 7270 7307 7308
f 7308 7309 7270
f 7270 7309 7310
f 7270 7310 7311
f 7304 7312 7300
f 7300 7312 7313
f 7300 7313 7298
f 7302 7314 7300
f 7300 7314 7315
f 7300 7315 7270
f 7270 7315 7316
f 7270 7316 7305
f 7296 7317 7297
f 7297 7317 7318
f 7297 7318 7319
f 7319 7320 7297
f 7297 7320 7321
f 7297 7321 7303
f 7322 7323 7259
f 7259 7323 7324
f 7259 7324 7325
f 7325 7326 7259
f 7259 7326 7327
f 7259 7327 7328
f 7311 7329 7270
f 7270 7329 7330
f 7270 7330 7259
f 7259 7330 7331
f 7259 7331 7322
f 7328 7332 7259
f 7259 7332 7333
f 7259 7333 7297
f 7297 7333 7334
f 7297 7334 7295
f 7335 7336 7337
f 7338 7337 7339
f 7339 7337 7340
f 7336 7341 7337
f 7337 7341 7342
f 7337 7342 7340
f 7338 7343 7094
f 7344 7345 7300
f 7300 7345 7346
f 7300 7346 7347
f 7343 7348 7094
f 7094 7348 7349
f 7094 7349 7350
f 7351 7297 7352
f 7352 7297 7353
f 7354 7337 7297
f 7350 7355 7094
f 7094 7355 7356
f 7094 7356 7357
f 7358 7359 7300
f 7300 7359 7360
f 7300 7360 7344
f 7347 7361 7300
f 7300 7361 7362
f 7300 7362 7297
f 7297 7362 7363
f 7297 7363 7364
f 7364 7365 7297
f 7297 7365 7366
f 7297 7366 7353
f 7354 7367 7337
f 7337 7367 7368
f 7337 7368 7335
f 7357 7369 7094
f 7094 7369 7370
f 7094 7370 7300
f 7300 7370 7371
f 7300 7371 7358
f 7351 7372 7297
f 7297 7372 7373
f 7297 7373 7354
f 7374 7375 7376
f 7377 7378 7379
f 7338 7094 7337
f 7337 7094 7093
f 7337 7093 7380
f 7377 7379 7375
f 7381 7382 7376
f 7376 7382 7383
f 7380 7384 7337
f 7337 7384 7385
f 7337 7385 7386
f 7383 7387 7376
f 7376 7387 7388
f 7376 7388 7374
f 7378 7389 7379
f 7379 7389 7390
f 7379 7390 7391
f 7391 7392 7379
f 7379 7392 7393
f 7379 7393 7394
f 7395 7396 7094
f 7094 7396 7397
f 7094 7397 7398
f 7394 7399 7379
f 7379 7399 7400
f 7379 7400 7094
f 7094 7400 7401
f 7094 7401 7395
f 7398 7402 7094
f 7094 7402 7403
f 7094 7403 7092
f 7386 7404 7337
f 7337 7404 7405
f 7337 7405 7406
f 7407 7376 7337
f 7407 7408 7376
f 7376 7408 7409
f 7376 7409 7381
f 7406 7410 7337
f 7337 7410 7411
f 7337 7411 7407
f 7375 7379 7376
f 7376 7379 7412
f 7376 7412 7413
f 7089 7091 7414
f 7414 7091 7148
f 7414 7148 7415
f 7415 7148 7185
f 7415 7185 7416
f 7416 7185 7222
f 7416 7222 7417
f 7417 7222 7259
f 7417 7259 7418
f 7418 7259 7297
f 7418 7297 7419
f 7419 7297 7337
f 7419 7337 7420
f 7420 7337 7376
f 7420 7376 7421
f 7421 7376 7413
f 7421 7413 7422
f 7423 7424 7425
f 7423 7426 7427
f 7427 7426 7428
f 7429 7430 7431
f 7432 7433 7434
f 7426 7435 7436
f 7436 7437 7426
f 7426 7437 7438
f 7426 7438 7428
f 7428 7438 7439
f 7428 7439 7440
f 7441 7442 7426
f 7432 7434 7430
f 7433 7443 7434
f 7434 7443 7444
f 7434 7444 7445
f 7442 7446 7426
f 7426 7446 7447
f 7426 7447 7435
f 7448 7449 7431
f 7431 7449 7450
f 7431 7450 7429
f 7440 7451 7428
f 7428 7451 7452
f 7428 7452 7453
f 7445 7454 7434
f 7434 7454 7455
f 7434 7455 7456
f 7453 7457 7428
f 7428 7457 7458
f 7428 7458 7459
f 7456 7460 7434
f 7434 7460 7461
f 7434 7461 7426
f 7426 7461 7462
f 7426 7462 7441
f 7463 7464 7431
f 7431 7464 7465
f 7431 7465 7448
f 7459 7466 7428
f 7428 7466 7467
f 7428 7467 7431
f 7431 7467 7468
f 7431 7468 7463
f 7469 7470 7431
f 7471 7472 7473
f 7473 7472 7474
f 7430 7434 7431
f 7431 7434 7475
f 7431 7475 7469
f 7470 7476 7431
f 7431 7476 7477
f 7431 7477 7478
f 7479 7480 7481
f 7474 7482 7473
f 7473 7482 7483
f 7473 7483 7484
f 7485 7486 7434
f 7486 7487 7434
f 7434 7487 7488
f 7434 7488 7489
f 7489 7490 7434
f 7434 7490 7491
f 7434 7491 7475
f 7481 7492 7479
f 7479 7492 7493
f 7479 7493 7471
f 7478 7494 7431
f 7431 7494 7495
f 7431 7495 7496
f 7484 7497 7473
f 7473 7497 7498
f 7473 7498 7499
f 7499 7500 7473
f 7473 7500 7501
f 7473 7501 7434
f 7434 7501 7502
f 7434 7502 7485
f 7503 7504 7479
f 7479 7504 7505
f 7479 7505 7480
f 7496 7506 7431
f 7431 7506 7507
f 7431 7507 7479
f 7479 7507 7508
f 7479 7508 7503
f 7509 7510 7479
f 7511 7512 7513
f 7513 7512 7514
f 7471 7473 7479
f 7479 7473 7515
f 7479 7515 7509
f 7510 7516 7479
f 7479 7516 7517
f 7479 7517 7518
f 7519 7520 7521
f 7514 7522 7513
f 7513 7522 7523
f 7513 7523 7524
f 7525 7526 7473
f 7526 7527 7473
f 7473 7527 7528
f 7473 7528 7529
f 7529 7530 7473
f 7473 7530 7531
f 7473 7531 7515
f 7521 7532 7519
f 7519 7532 7533
f 7519 7533 7511
f 7518 7534 7479
f 7479 7534 7535
f 7479 7535 7536
f 7524 7537 7513
f 7513 7537 7538
f 7513 7538 7539
f 7539 7540 7513
f 7513 7540 7541
f 7513 7541 7473
f 7473 7541 7542
f 7473 7542 7525
f 7543 7544 7519
f 7519 7544 7545
f 7519 7545 7520
f 7536 7546 7479
f 7479 7546 7547
f 7479 7547 7519
f 7519 7547 7548
f 7519 7548 7543
f 7549 7550 7519
f 7551 7552 7553
f 7553 7552 7554
f 7511 7513 7519
f 7519 7513 7555
f 7519 7555 7549
f 7550 7556 7519
f 7519 7556 7557
f 7519 7557 7558
f 7559 7560 7561
f 7554 7562 7553
f 7553 7562 7563
f 7553 7563 7564
f 7565 7566 7513
f 7566 7567 7513
f 7513 7567 7568
f 7513 7568 7569
f 7569 7570 7513
f 7513 7570 7571
f 7513 7571 7555
f 7561 7572 7559
f 7559 7572 7573
f 7559 7573 7551
f 7558 7574 7519
f 7519 7574 7575
f 7519 7575 7576
f 7564 7577 7553
f 7553 7577 7578
f 7553 7578 7579
f 7579 7580 7553
f 7553 7580 7581
f 7553 7581 7513
f 7513 7581 7582
f 7513 7582 7565
f 7583 7584 7559
f 7559 7584 7585
f 7559 7585 7560
f 7576 7586 7519
f 7519 7586 7587
f 7519 7587 7559
f 7559 7587 7588
f 7559 7588 7583
f 7589 7590 7559
f 7591 7592 7593
f 7593 7592 7594
f 7594 7595 7593
f 7593 7595 7596
f 7593 7596 7597
f 7598 7599 7600
f 7597 7601 7593
f 7593 7601 7602
f 7593 7602 7603
f 7551 7553 7559
f 7559 7553 7604
f 7559 7604 7589
f 7599 7605 7600
f 7600 7605 7606
f 7600 7606 7607
f 7607 7608 7600
f 7600 7608 7609
f 7600 7609 7591
f 7610 7611 7553
f 7611 7612 7553
f 7553 7612 7613
f 7553 7613 7614
f 7614 7615 7553
f 7553 7615 7616
f 7553 7616 7604
f 7590 7617 7559
f 7559 7617 7618
f 7559 7618 7619
f 7603 7620 7593
f 7593 7620 7621
f 7593 7621 7553
f 7553 7621 7622
f 7553 7622 7610
f 7619 7623 7559
f 7559 7623 7624
f 7559 7624 7625
f 7625 7626 7559
f 7559 7626 7627
f 7559 7627 7600
f 7600 7627 7628
f 7600 7628 7598
f 7600 7629 7630
f 7631 7632 7633
f 7633 7632 7634
f 7635 7636 7593
f 7630 7637 7600
f 7600 7637 7638
f 7600 7638 7639
f 7631 7640 7632
f 7632 7640 7641
f 7632 7641 7642
f 7591 7593 7600
f 7600 7593 7643
f 7600 7643 7644
f 7642 7645 7632
f 7632 7645 7646
f 7632 7646 7647
f 7647 7646 7648
f 7647 7648 7649
f 7644 7650 7600
f 7600 7650 7651
f 7600 7651 7629
f 7639 7652 7600
f 7600 7652 7653
f 7600 7653 7632
f 7632 7653 7654
f 7632 7654 7634
f 7649 7655 7647
f 7647 7655 7656
f 7647 7656 7657
f 7657 7658 7647
f 7647 7658 7659
f 7647 7659 7660
f 7660 7661 7647
f 7647 7661 7662
f 7647 7662 7593
f 7593 7662 7663
f 7593 7663 7635
f 7636 7664 7593
f 7593 7664 7665
f 7593 7665 7666
f 7666 7667 7593
f 7593 7667 7668
f 7593 7668 7643
f 7669 7670 7632
f 7632 7670 7671
f 7632 7671 7672
f 7673 7674 7675
f 7673 7676 7677
f 7677 7676 7678
f 7677 7678 7679
f 7679 7680 7677
f 7677 7680 7681
f 7677 7681 7682
f 7682 7683 7677
f 7677 7683 7684
f 7677 7684 7685
f 7686 7687 7647
f 7647 7687 7688
f 7675 7689 7673
f 7673 7689 7690
f 7673 7690 7676
f 7685 7691 7677
f 7677 7691 7692
f 7677 7692 7647
f 7647 7692 7693
f 7647 7693 7686
f 7688 7694 7647
f 7647 7694 7695
f 7647 7695 7696
f 7696 7697 7647
f 7647 7697 7698
f 7647 7698 7632
f 7632 7698 7699
f 7632 7699 7669
f 7672 7700 7632
f 7632 7700 7701
f 7632 7701 7702
f 7703 7704 7673
f 7673 7704 7705
f 7673 7705 7674
f 7702 7706 7632
f 7632 7706 7707
f 7632 7707 7673
f 7673 7707 7708
f 7673 7708 7703
f 7677 7709 7710
f 7711 7712 7677
f 7713 7714 7715
f 7715 7714 7716
f 7715 7716 7717
f 7717 7718 7715
f 7715 7718 7719
f 7715 7719 7720
f 7712 7721 7677
f 7677 7721 7722
f 7677 7722 7709
f 7710 7723 7677
f 7677 7723 7724
f 7677 7724 7673
f 7673 7724 7725
f 7673 7725 7726
f 7727 7728 7715
f 7715 7728 7729
f 7715 7729 7713
f 7720 7730 7715
f 7715 7730 7731
f 7715 7731 7677
f 7677 7731 7732
f 7677 7732 7711
f 7733 7734 7727
f 7727 7734 7735
f 7736 7673 7737
f 7737 7673 7738
f 7739 7740 7727
f 7727 7740 7741
f 7727 7741 7733
f 7735 7742 7727
f 7727 7742 7743
f 7727 7743 7728
f 7726 7744 7673
f 7673 7744 7745
f 7673 7745 7738
f 7736 7746 7673
f 7673 7746 7747
f 7673 7747 7727
f 7727 7747 7748
f 7727 7748 7739
f 7423 7425 7426
f 7426 7425 7749
f 7426 7749 7434
f 7434 7749 7750
f 7434 7750 7473
f 7473 7750 7751
f 7473 7751 7513
f 7513 7751 7752
f 7513 7752 7553
f 7553 7752 7753
f 7553 7753 7593
f 7593 7753 7754
f 7593 7754 7647
f 7647 7754 7755
f 7647 7755 7677
f 7677 7755 7756
f 7677 7756 7715
f 7757 7758 7759
f 7759 7758 7760
f 7761 7757 7762
f 7762 7757 7759
f 7763 7761 7764
f 7764 7761 7762
f 7765 7766 7764
f 7764 7766 7767
f 7767 7768 7764
f 7764 7768 7769
f 7764 7769 7763
f 7763 7769 7770
f 7763 7770 7771
f 7771 7772 7763
f 7763 7772 7773
f 7763 7773 7774
f 7775 7774 7773
f 7775 7776 7777
f 7777 7776 7778
f 7779 7780 7781
f 7782 7783 7784
f 7784 7783 7785
f 7784 7785 7786
f 7779 7781 7786
f 7780 7787 7781
f 7781 7787 7788
f 7781 7788 7789
f 7776 7790 7791
f 7791 7792 7776
f 7776 7792 7793
f 7776 7793 7778
f 7778 7793 7794
f 7778 7794 7795
f 7796 7797 7776
f 7797 7798 7776
f 7776 7798 7799
f 7776 7799 7790
f 7795 7800 7778
f 7778 7800 7801
f 7778 7801 7802
f 7789 7803 7781
f 7781 7803 7804
f 7781 7804 7805
f 7805 7806 7781
f 7781 7806 7807
f 7781 7807 7776
f 7776 7807 7808
f 7776 7808 7796
f 7809 7810 7784
f 7784 7810 7811
f 7784 7811 7782
f 7802 7812 7778
f 7778 7812 7813
f 7778 7813 7814
f 7814 7815 7778
f 7778 7815 7816
f 7778 7816 7784
f 7784 7816 7817
f 7784 7817 7809
f 7818 7819 7781
f 7820 7821 7822
f 7822 7821 7823
f 7786 7781 7784
f 7784 7781 7824
f 7784 7824 7825
f 7825 7826 7784
f 7784 7826 7827
f 7784 7827 7828
f 7829 7830 7831
f 7823 7832 7822
f 7822 7832 7833
f 7822 7833 7834
f 7819 7835 7781
f 7781 7835 7836
f 7781 7836 7824
f 7831 7837 7829
f 7829 7837 7838
f 7829 7838 7820
f 7834 7839 7822
f 7822 7839 7840
f 7822 7840 7841
f 7842 7843 7781
f 7781 7843 7844
f 7781 7844 7818
f 7828 7845 7784
f 7784 7845 7846
f 7784 7846 7847
f 7841 7848 7822
f 7822 7848 7849
f 7822 7849 7781
f 7781 7849 7850
f 7781 7850 7842
f 7847 7851 7784
f 7784 7851 7852
f 7784 7852 7829
f 7829 7852 7853
f 7829 7853 7854
f 7854 7855 7829
f 7829 7855 7856
f 7829 7856 7830
f 7857 7858 7859
f 7859 7858 7860
f 7820 7822 7829
f 7829 7822 7861
f 7829 7861 7862
f 7862 7863 7829
f 7829 7863 7864
f 7829 7864 7865
f 7866 7867 7868
f 7860 7869 7859
f 7859 7869 7870
f 7859 7870 7871
f 7872 7873 7822
f 7873 7874 7822
f 7822 7874 7875
f 7822 7875 7876
f 7876 7877 7822
f 7822 7877 7878
f 7822 7878 7861
f 7868 7879 7866
f 7866 7879 7880
f 7866 7880 7857
f 7871 7881 7859
f 7859 7881 7882
f 7859 7882 7883
f 7865 7884 7829
f 7829 7884 7885
f 7829 7885 7886
f 7883 7887 7859
f 7859 7887 7888
f 7859 7888 7822
f 7822 7888 7889
f 7822 7889 7872
f 7886 7890 7829
f 7829 7890 7891
f 7829 7891 7866
f 7866 7891 7892
f 7866 7892 7893
f 7893 7894 7866
f 7866 7894 7895
f 7866 7895 7867
f 7896 7897 7898
f 7898 7897 7899
f 7857 7859 7866
f 7866 7859 7900
f 7866 7900 7901
f 7901 7902 7866
f 7866 7902 7903
f 7866 7903 7904
f 7905 7906 7907
f 7899 7908 7898
f 7898 7908 7909
f 7898 7909 7910
f 7911 7912 7859
f 7912 7913 7859
f 7859 7913 7914
f 7859 7914 7915
f 7915 7916 7859
f 7859 7916 7917
f 7859 7917 7900
f 7907 7918 7905
f 7905 7918 7919
f 7905 7919 7896
f 7910 7920 7898
f 7898 7920 7921
f 7898 7921 7922
f 7904 7923 7866
f 7866 7923 7924
f 7866 7924 7925
f 7922 7926 7898
f 7898 7926 7927
f 7898 7927 7859
f 7859 7927 7928
f 7859 7928 7911
f 7925 7929 7866
f 7866 7929 7930
f 7866 7930 7905
f 7905 7930 7931
f 7905 7931 7932
f 7932 7933 7905
f 7905 7933 7934
f 7905 7934 7906
f 7935 7936 7905
f 7937 7938 7939
f 7939 7938 7940
f 7940 7941 7939
f 7939 7941 7942
f 7939 7942 7943
f 7943 7944 7939
f 7939 7944 7945
f 7939 7945 7946
f 7896 7898 7905
f 7905 7898 7947
f 7905 7947 7935
f 7948 7949 7950
f 7950 7949 7951
f 7952 7953 7898
f 7953 7954 7898
f 7898 7954 7955
f 7898 7955 7956
f 7956 7957 7898
f 7898 7957 7958
f 7898 7958 7947
f 7936 7959 7905
f 7905 7959 7960
f 7905 7960 7961
f 7962 7963 7950
f 7950 7963 7964
f 7950 7964 7948
f 7951 7965 7950
f 7950 7965 7966
f 7950 7966 7937
f 7962 7950 7967
f 7967 7950 7905
f 7967 7905 7968
f 7946 7969 7939
f 7939 7969 7970
f 7939 7970 7898
f 7898 7970 7971
f 7898 7971 7952
f 7961 7972 7905
f 7905 7972 7973
f 7905 7973 7968
f 7974 7975 7939
f 7976 7977 7950
f 7950 7977 7978
f 7950 7978 7979
f 7937 7939 7950
f 7950 7939 7980
f 7950 7980 7981
f 7982 7983 7984
f 7984 7983 7985
f 7981 7986 7950
f 7950 7986 7987
f 7950 7987 7976
f 7979 7988 7950
f 7950 7988 7989
f 7950 7989 7983
f 7983 7989 7990
f 7983 7990 7985
f 7982 7991 7983
f 7983 7991 7992
f 7983 7992 7993
f 7975 7994 7939
f 7939 7994 7995
f 7939 7995 7996
f 7996 7997 7939
f 7939 7997 7998
f 7939 7998 7980
f 7993 7999 7983
f 7983 7999 8000
f 7983 8000 8001
f 8001 8000 8002
f 8001 8002 8003
f 8003 8004 8001
f 8001 8004 8005
f 8001 8005 8006
f 8006 8007 8001
f 8001 8007 8008
f 8001 8008 8009
f 8009 8010 8001
f 8001 8010 8011
f 8001 8011 7939
f 7939 8011 8012
f 7939 8012 7974
f 8013 8014 7983
f 8013 7983 8015
f 8016 8017 8018
f 8016 8019 8020
f 8020 8019 8021
f 8020 8021 8022
f 8022 8023 8020
f 8020 8023 8024
f 8020 8024 8025
f 8025 8026 8020
f 8020 8026 8027
f 8020 8027 8028
f 8029 8030 8001
f 8001 8030 8031
f 8014 8032 7983
f 7983 8032 8033
f 7983 8033 8034
f 8018 8035 8016
f 8016 8035 8036
f 8016 8036 8019
f 8028 8037 8020
f 8020 8037 8038
f 8020 8038 8001
f 8001 8038 8039
f 8001 8039 8029
f 8031 8040 8001
f 8001 8040 8041
f 8001 8041 8042
f 8042 8043 8001
f 8001 8043 8044
f 8001 8044 7983
f 7983 8044 8045
f 7983 8045 8015
f 8034 8046 7983
f 7983 8046 8047
f 7983 8047 8016
f 8016 8047 8048
f 8016 8048 8049
f 8049 8050 8016
f 8016 8050 8051
f 8016 8051 8017
f 8020 8052 8053
f 8054 8055 8020
f 8056 8057 8058
f 8058 8057 8059
f 8058 8059 8060
f 8060 8061 8058
f 8058 8061 8062
f 8058 8062 8063
f 8063 8064 8058
f 8058 8064 8065
f 8058 8065 8066
f 8055 8067 8020
f 8020 8067 8068
f 8020 8068 8052
f 8069 8070 8056
f 8066 8071 8058
f 8058 8071 8072
f 8058 8072 8020
f 8020 8072 8073
f 8020 8073 8054
f 8053 8074 8020
f 8020 8074 8075
f 8020 8075 8016
f 8016 8075 8076
f 8016 8076 8077
f 8078 8016 8079
f 8079 8016 8080
f 8077 8081 8016
f 8016 8081 8082
f 8016 8082 8080
f 8070 8083 8056
f 8056 8083 8084
f 8056 8084 8085
f 8085 8086 8056
f 8056 8086 8087
f 8056 8087 8057
f 8078 8088 8016
f 8016 8088 8089
f 8016 8089 8056
f 8056 8089 8090
f 8056 8090 8069
f 7775 7773 7776
f 7776 7773 7772
f 7776 7772 7781
f 7781 7772 7771
f 7781 7771 7822
f 7822 7771 7770
f 7822 7770 7859
f 7859 7770 7769
f 7859 7769 7898
f 7898 7769 7768
f 7898 7768 7939
f 7939 7768 7767
f 7939 7767 8001
f 8001 7767 7766
f 8001 7766 8020
f 8020 7766 7765
f 8020 7765 8058
f 8091 7777 8092
f 8092 7777 7778
f 8092 7778 8093
f 8093 7778 7784
f 8093 7784 8094
f 8094 7784 7829
f 8094 7829 8095
f 8095 7829 7866
f 8095 7866 8096
f 8096 7866 7905
f 8096 7905 8097
f 8097 7905 7950
f 8097 7950 8098
f 8098 7950 7983
f 8098 7983 8099
f 8099 7983 8016
f 8099 8016 8100
f 8100 8016 8056
f 8101 8102 8103
f 8104 8105 8099
f 8103 8102 8100
f 8100 8102 8106
f 8100 8106 8107
f 8108 8109 8103
f 8103 8109 8110
f 8111 8112 8100
f 8100 8112 8113
f 8100 8113 8114
f 8105 8115 8099
f 8099 8115 8116
f 8099 8116 8117
f 8099 8118 8119
f 8119 8118 8120
f 8120 8121 8119
f 8119 8121 8122
f 8119 8122 8123
f 8110 8124 8103
f 8103 8124 8125
f 8103 8125 8101
f 8107 8126 8100
f 8100 8126 8127
f 8100 8127 8111
f 8114 8128 8100
f 8100 8128 8129
f 8100 8129 8099
f 8099 8129 8130
f 8099 8130 8104
f 8117 8131 8099
f 8099 8131 8132
f 8099 8132 8118
f 8123 8133 8119
f 8119 8133 8134
f 8119 8134 8135
f 8136 8103 8119
f 8136 8137 8103
f 8103 8137 8138
f 8103 8138 8108
f 8135 8139 8119
f 8119 8139 8140
f 8119 8140 8136
f 8141 8142 8119
f 8143 8144 8119
f 8119 8144 8145
f 8119 8145 8099
f 8099 8145 8146
f 8099 8146 8147
f 8142 8148 8119
f 8119 8148 8149
f 8119 8149 8143
f 8147 8150 8099
f 8099 8150 8151
f 8099 8151 8152
f 8098 8153 8154
f 8152 8155 8099
f 8099 8155 8156
f 8099 8156 8157
f 8157 8158 8099
f 8099 8158 8159
f 8099 8159 8098
f 8098 8159 8160
f 8098 8160 8153
f 8154 8161 8098
f 8098 8161 8162
f 8098 8162 8163
f 8163 8164 8098
f 8098 8164 8165
f 8098 8165 8166
f 8167 8168 8169
f 8170 8169 8171
f 8171 8169 8172
f 8173 8119 8169
f 8167 8169 8166
f 8168 8174 8169
f 8169 8174 8175
f 8169 8175 8172
f 8173 8176 8119
f 8119 8176 8177
f 8119 8177 8141
f 8170 8178 8169
f 8169 8178 8179
f 8169 8179 8173
f 8180 8097 8181
f 8181 8097 8182
f 8183 8184 8098
f 8184 8185 8098
f 8098 8185 8186
f 8098 8186 8097
f 8097 8186 8187
f 8097 8187 8182
f 8188 8189 8098
f 8098 8189 8190
f 8098 8190 8183
f 8180 8191 8097
f 8097 8191 8192
f 8097 8192 8193
f 8194 8195 8169
f 8166 8169 8098
f 8098 8169 8196
f 8098 8196 8197
f 8197 8198 8098
f 8098 8198 8199
f 8098 8199 8188
f 8193 8200 8097
f 8097 8200 8201
f 8097 8201 8202
f 8202 8201 8203
f 8202 8203 8204
f 8195 8205 8169
f 8169 8205 8206
f 8169 8206 8207
f 8207 8208 8169
f 8169 8208 8209
f 8169 8209 8196
f 8204 8210 8202
f 8202 8210 8211
f 8202 8211 8212
f 8212 8213 8202
f 8202 8213 8214
f 8202 8214 8215
f 8215 8216 8202
f 8202 8216 8217
f 8202 8217 8169
f 8169 8217 8218
f 8169 8218 8194
f 8096 8219 8220
f 8220 8221 8096
f 8096 8221 8222
f 8096 8222 8223
f 8224 8225 8202
f 8226 8227 8202
f 8202 8227 8228
f 8202 8228 8097
f 8097 8228 8229
f 8097 8229 8230
f 8231 8232 8097
f 8097 8232 8233
f 8097 8233 8234
f 8235 8236 8096
f 8096 8236 8237
f 8096 8237 8219
f 8223 8238 8239
f 8239 8238 8240
f 8224 8202 8241
f 8230 8242 8097
f 8097 8242 8243
f 8097 8243 8231
f 8234 8244 8097
f 8097 8244 8245
f 8097 8245 8096
f 8096 8245 8246
f 8096 8246 8235
f 8240 8247 8239
f 8239 8247 8248
f 8239 8248 8249
f 8225 8250 8202
f 8202 8250 8251
f 8202 8251 8226
f 8249 8252 8239
f 8239 8252 8253
f 8239 8253 8254
f 8254 8255 8239
f 8239 8255 8256
f 8239 8256 8202
f 8202 8256 8257
f 8202 8257 8241
f 8258 8259 8096
f 8095 8260 8261
f 8259 8262 8096
f 8096 8262 8263
f 8096 8263 8264
f 8261 8265 8095
f 8095 8265 8266
f 8095 8266 8267
f 8264 8268 8096
f 8096 8268 8269
f 8096 8269 8270
f 8270 8271 8096
f 8096 8271 8272
f 8096 8272 8095
f 8095 8272 8273
f 8095 8273 8274
f 8274 8275 8095
f 8095 8275 8276
f 8095 8276 8260
f 8267 8277 8278
f 8278 8277 8279
f 8280 8281 8239
f 8223 8239 8096
f 8096 8239 8282
f 8096 8282 8258
f 8281 8283 8239
f 8239 8283 8284
f 8239 8284 8282
f 8279 8285 8278
f 8278 8285 8286
f 8278 8286 8287
f 8288 8289 8239
f 8239 8289 8290
f 8239 8290 8280
f 8287 8291 8278
f 8278 8291 8292
f 8278 8292 8293
f 8293 8294 8278
f 8278 8294 8295
f 8278 8295 8239
f 8239 8295 8296
f 8239 8296 8288
f 8297 8298 8095
f 8094 8299 8300
f 8298 8301 8095
f 8095 8301 8302
f 8095 8302 8303
f 8300 8304 8094
f 8094 8304 8305
f 8094 8305 8306
f 8303 8307 8095
f 8095 8307 8308
f 8095 8308 8309
f 8309 8310 8095
f 8095 8310 8311
f 8095 8311 8094
f 8094 8311 8312
f 8094 8312 8313
f 8313 8314 8094
f 8094 8314 8315
f 8094 8315 8299
f 8306 8316 8317
f 8317 8316 8318
f 8319 8320 8278
f 8267 8278 8095
f 8095 8278 8321
f 8095 8321 8297
f 8320 8322 8278
f 8278 8322 8323
f 8278 8323 8321
f 8318 8324 8317
f 8317 8324 8325
f 8317 8325 8326
f 8327 8328 8278
f 8278 8328 8329
f 8278 8329 8319
f 8326 8330 8317
f 8317 8330 8331
f 8317 8331 8332
f 8332 8333 8317
f 8317 8333 8334
f 8317 8334 8278
f 8278 8334 8335
f 8278 8335 8327
f 8336 8337 8094
f 8093 8338 8339
f 8337 8340 8094
f 8094 8340 8341
f 8094 8341 8342
f 8339 8343 8093
f 8093 8343 8344
f 8093 8344 8345
f 8342 8346 8094
f 8094 8346 8347
f 8094 8347 8348
f 8348 8349 8094
f 8094 8349 8350
f 8094 8350 8093
f 8093 8350 8351
f 8093 8351 8352
f 8352 8353 8093
f 8093 8353 8354
f 8093 8354 8338
f 8345 8355 8356
f 8356 8355 8357
f 8358 8359 8317
f 8306 8317 8094
f 8094 8317 8360
f 8094 8360 8336
f 8359 8361 8317
f 8317 8361 8362
f 8317 8362 8360
f 8357 8363 8356
f 8356 8363 8364
f 8356 8364 8365
f 8366 8367 8317
f 8317 8367 8368
f 8317 8368 8358
f 8365 8369 8356
f 8356 8369 8370
f 8356 8370 8371
f 8371 8372 8356
f 8356 8372 8373
f 8356 8373 8317
f 8317 8373 8374
f 8317 8374 8366
f 8375 8376 8092
f 8092 8376 8377
f 8378 8379 8380
f 8381 8382 8093
f 8093 8382 8383
f 8093 8383 8384
f 8385 8386 8092
f 8345 8356 8093
f 8093 8356 8387
f 8093 8387 8381
f 8385 8092 8388
f 8386 8389 8092
f 8092 8389 8390
f 8092 8390 8375
f 8378 8380 8391
f 8392 8393 8356
f 8356 8393 8394
f 8356 8394 8387
f 8384 8395 8093
f 8093 8395 8396
f 8093 8396 8397
f 8397 8398 8093
f 8093 8398 8399
f 8093 8399 8092
f 8092 8399 8400
f 8092 8400 8388
f 8379 8401 8380
f 8380 8401 8402
f 8380 8402 8403
f 8404 8405 8356
f 8405 8406 8356
f 8356 8406 8407
f 8356 8407 8392
f 8403 8408 8380
f 8380 8408 8409
f 8380 8409 8410
f 8410 8411 8380
f 8380 8411 8412
f 8380 8412 8356
f 8356 8412 8413
f 8356 8413 8404
f 8377 8391 8092
f 8092 8391 8380
f 8092 8380 8091
f 8091 8380 8414
f 8103 8415 8119
f 8119 8415 8416
f 8119 8416 8169
f 8169 8416 8417
f 8169 8417 8202
f 8202 8417 8418
f 8202 8418 8239
f 8239 8418 8419
f 8239 8419 8278
f 8278 8419 8420
f 8278 8420 8317
f 8317 8420 8421
f 8317 8421 8356
f 8356 8421 8422
f 8356 8422 8380
f 8380 8422 8423
f 8380 8423 8414
f 8414 8423 8424
f 8424 8423 8425
f 8425 8423 8422
f 8425 8422 8421
f 8415 8426 8416
f 8416 8426 8417
f 8421 8420 8425
f 8425 8420 8419
f 8425 8419 8426
f 8426 8419 8418
f 8426 8418 8417
f 8427 8425 8428
f 8428 8425 8426
f 7412 7379 8428
f 8428 7379 7094
f 7094 7300 8428
f 8428 7300 7270
f 8428 7270 7097
f 7097 7100 8428
f 8428 7100 7103
f 8428 7103 8427
f 8427 7103 7106
f 8427 7106 7114
f 7422 7756 7421
f 7421 7756 7755
f 7421 7755 7420
f 7424 7089 7425
f 7425 7089 7414
f 7420 7755 7419
f 7419 7755 7754
f 7419 7754 7418
f 7418 7754 7753
f 7418 7753 7417
f 7417 7753 7752
f 7417 7752 7416
f 7416 7752 7751
f 7416 7751 7415
f 7415 7751 7750
f 7415 7750 7414
f 7414 7750 7749
f 7414 7749 7425
f 7427 7428 8429
f 8429 7428 7431
f 7600 7632 8430
f 8430 7632 7673
f 8430 7673 7727
f 7431 7479 8429
f 8429 7479 7519
f 8429 7519 8430
f 8430 7519 7559
f 8430 7559 7600
f 8431 8429 8432
f 8432 8429 8430
f 8433 8431 8434
f 8434 8431 8432
f 7758 8433 7760
f 7760 8433 8434
f 7761 7763 7774
f 8414 8424 8425
f 8427 7114 7090
f 7775 7777 8091
f 7089 7424 7090
f 7090 7424 7423
f 7090 7423 8427
f 8427 7423 7427
f 7427 8429 8431
f 7427 8431 8427
f 8427 8431 8433
f 8427 8433 7758
f 8091 8414 7775
f 7775 8414 8425
f 7775 8425 7774
f 7774 8425 8427
f 7774 8427 7761
f 7761 8427 7758
f 7761 7758 7757
f 7715 7756 7422
f 8100 8056 8103
f 8103 8056 8058
f 8103 8058 8415
f 8415 8058 8426
f 8426 8058 7765
f 8426 7765 8428
f 8428 7765 7764
f 8428 7764 7762
f 7413 7412 8428
f 7422 7413 7715
f 7715 7413 8428
f 7715 8428 7727
f 7727 8428 8432
f 7727 8432 8430
f 8434 8432 7760
f 7760 8432 8428
f 7760 8428 7759
f 7759 8428 7762
f 8104 8130 8089
f 8089 8130 8129
f 8089 8129 8090
f 8090 8129 8128
f 8090 8128 8069
f 8069 8128 8114
f 8069 8114 8070
f 8070 8114 8113
f 8070 8113 8083
f 8083 8113 8112
f 8083 8112 8084
f 8084 8112 8111
f 8084 8111 8085
f 8085 8111 8127
f 8085 8127 8086
f 8086 8127 8126
f 8086 8126 8087
f 8087 8126 8107
f 8087 8107 8057
f 8057 8107 8106
f 8057 8106 8059
f 8059 8106 8102
f 8059 8102 8060
f 8060 8102 8101
f 8060 8101 8061
f 8061 8101 8125
f 8061 8125 8062
f 8062 8125 8124
f 8062 8124 8063
f 8063 8124 8110
f 8063 8110 8064
f 8064 8110 8109
f 8064 8109 8065
f 8065 8109 8108
f 8065 8108 8066
f 8066 8108 8138
f 8066 8138 8071
f 8071 8138 8137
f 8071 8137 8072
f 8072 8137 8136
f 8072 8136 8073
f 8073 8136 8140
f 8073 8140 8054
f 8054 8140 8139
f 8054 8139 8055
f 8055 8139 8135
f 8055 8135 8067
f 8067 8135 8134
f 8067 8134 8068
f 8068 8134 8133
f 8068 8133 8052
f 8052 8133 8123
f 8052 8123 8053
f 8053 8123 8122
f 8053 8122 8074
f 8074 8122 8121
f 8074 8121 8075
f 8075 8121 8120
f 8075 8120 8076
f 8076 8120 8118
f 8076 8118 8077
f 8077 8118 8132
f 8077 8132 8081
f 8081 8132 8131
f 8081 8131 8082
f 8082 8131 8117
f 8082 8117 8080
f 8080 8117 8116
f 8080 8116 8079
f 8079 8116 8115
f 8079 8115 8078
f 8078 8115 8105
f 8078 8105 8088
f 8088 8105 8104
f 8088 8104 8089
f 8153 8160 8047
f 8047 8160 8159
f 8047 8159 8048
f 8048 8159 8158
f 8048 8158 8049
f 8049 8158 8157
f 8049 8157 8050
f 8050 8157 8156
f 8050 8156 8051
f 8051 8156 8155
f 8051 8155 8017
f 8017 8155 8152
f 8017 8152 8018
f 8018 8152 8151
f 8018 8151 8035
f 8035 8151 8150
f 8035 8150 8036
f 8036 8150 8147
f 8036 8147 8019
f 8019 8147 8146
f 8019 8146 8021
f 8021 8146 8145
f 8021 8145 8022
f 8022 8145 8144
f 8022 8144 8023
f 8023 8144 8143
f 8023 8143 8024
f 8024 8143 8149
f 8024 8149 8025
f 8025 8149 8148
f 8025 8148 8026
f 8026 8148 8142
f 8026 8142 8027
f 8027 8142 8141
f 8027 8141 8028
f 8028 8141 8177
f 8028 8177 8037
f 8037 8177 8176
f 8037 8176 8038
f 8038 8176 8173
f 8038 8173 8039
f 8039 8173 8179
f 8039 8179 8029
f 8029 8179 8178
f 8029 8178 8030
f 8030 8178 8170
f 8030 8170 8031
f 8031 8170 8171
f 8031 8171 8040
f 8040 8171 8172
f 8040 8172 8041
f 8041 8172 8175
f 8041 8175 8042
f 8042 8175 8174
f 8042 8174 8043
f 8043 8174 8168
f 8043 8168 8044
f 8044 8168 8167
f 8044 8167 8045
f 8045 8167 8166
f 8045 8166 8015
f 8015 8166 8165
f 8015 8165 8013
f 8013 8165 8164
f 8013 8164 8014
f 8014 8164 8163
f 8014 8163 8032
f 8032 8163 8162
f 8032 8162 8033
f 8033 8162 8161
f 8033 8161 8034
f 8034 8161 8154
f 8034 8154 8046
f 8046 8154 8153
f 8046 8153 8047
f 8182 8187 7989
f 7989 8187 8186
f 7989 8186 7990
f 7990 8186 8185
f 7990 8185 7985
f 7985 8185 8184
f 7985 8184 7984
f 7984 8184 8183
f 7984 8183 7982
f 7982 8183 8190
f 7982 8190 7991
f 7991 8190 8189
f 7991 8189 7992
f 7992 8189 8188
f 7992 8188 7993
f 7993 8188 8199
f 7993 8199 7999
f 7999 8199 8198
f 7999 8198 8000
f 8000 8198 8197
f 8000 8197 8002
f 8002 8197 8196
f 8002 8196 8003
f 8003 8196 8209
f 8003 8209 8004
f 8004 8209 8208
f 8004 8208 8005
f 8005 8208 8207
f 8005 8207 8006
f 8006 8207 8206
f 8006 8206 8007
f 8007 8206 8205
f 8007 8205 8008
f 8008 8205 8195
f 8008 8195 8009
f 8009 8195 8194
f 8009 8194 8010
f 8010 8194 8218
f 8010 8218 8011
f 8011 8218 8217
f 8011 8217 8012
f 8012 8217 8216
f 8012 8216 7974
f 7974 8216 8215
f 7974 8215 7975
f 7975 8215 8214
f 7975 8214 7994
f 7994 8214 8213
f 7994 8213 7995
f 7995 8213 8212
f 7995 8212 7996
f 7996 8212 8211
f 7996 8211 7997
f 7997 8211 8210
f 7997 8210 7998
f 7998 8210 8204
f 7998 8204 7980
f 7980 8204 8203
f 7980 8203 7981
f 7981 8203 8201
f 7981 8201 7986
f 7986 8201 8200
f 7986 8200 7987
f 7987 8200 8193
f 7987 8193 7976
f 7976 8193 8192
f 7976 8192 7977
f 7977 8192 8191
f 7977 8191 7978
f 7978 8191 8180
f 7978 8180 7979
f 7979 8180 8181
f 7979 8181 7988
f 7988 8181 8182
f 7988 8182 7989
f 8235 8246 7967
f 7967 8246 8245
f 7967 8245 7962
f 7962 8245 8244
f 7962 8244 7963
f 7963 8244 8234
f 7963 8234 7964
f 7964 8234 8233
f 7964 8233 7948
f 7948 8233 8232
f 7948 8232 7949
f 7949 8232 8231
f 7949 8231 7951
f 7951 8231 8243
f 7951 8243 7965
f 7965 8243 8242
f 7965 8242 7966
f 7966 8242 8230
f 7966 8230 7937
f 7937 8230 8229
f 7937 8229 7938
f 7938 8229 8228
f 7938 8228 7940
f 7940 8228 8227
f 7940 8227 7941
f 7941 8227 8226
f 7941 8226 7942
f 7942 8226 8251
f 7942 8251 7943
f 7943 8251 8250
f 7943 8250 7944
f 7944 8250 8225
f 7944 8225 7945
f 7945 8225 8224
f 7945 8224 7946
f 7946 8224 8241
f 7946 8241 7969
f 7969 8241 8257
f 7969 8257 7970
f 7970 8257 8256
f 7970 8256 7971
f 7971 8256 8255
f 7971 8255 7952
f 7952 8255 8254
f 7952 8254 7953
f 7953 8254 8253
f 7953 8253 7954
f 7954 8253 8252
f 7954 8252 7955
f 7955 8252 8249
f 7955 8249 7956
f 7956 8249 8248
f 7956 8248 7957
f 7957 8248 8247
f 7957 8247 7958
f 7958 8247 8240
f 7958 8240 7947
f 7947 8240 8238
f 7947 8238 7935
f 7935 8238 8223
f 7935 8223 7936
f 7936 8223 8222
f 7936 8222 7959
f 7959 8222 8221
f 7959 8221 7960
f 7960 8221 8220
f 7960 8220 7961
f 7961 8220 8219
f 7961 8219 7972
f 7972 8219 8237
f 7972 8237 7973
f 7973 8237 8236
f 7973 8236 7968
f 7968 8236 8235
f 7968 8235 7967
f 8274 8273 7930
f 7930 8273 8272
f 7930 8272 7931
f 7931 8272 8271
f 7931 8271 7932
f 7932 8271 8270
f 7932 8270 7933
f 7933 8270 8269
f 7933 8269 7934
f 7934 8269 8268
f 7934 8268 7906
f 7906 8268 8264
f 7906 8264 7907
f 7907 8264 8263
f 7907 8263 7918
f 7918 8263 8262
f 7918 8262 7919
f 7919 8262 8259
f 7919 8259 7896
f 7896 8259 8258
f 7896 8258 7897
f 7897 8258 8282
f 7897 8282 7899
f 7899 8282 8284
f 7899 8284 7908
f 7908 8284 8283
f 7908 8283 7909
f 7909 8283 8281
f 7909 8281 7910
f 7910 8281 8280
f 7910 8280 7920
f 7920 8280 8290
f 7920 8290 7921
f 7921 8290 8289
f 7921 8289 7922
f 7922 8289 8288
f 7922 8288 7926
f 7926 8288 8296
f 7926 8296 7927
f 7927 8296 8295
f 7927 8295 7928
f 7928 8295 8294
f 7928 8294 7911
f 7911 8294 8293
f 7911 8293 7912
f 7912 8293 8292
f 7912 8292 7913
f 7913 8292 8291
f 7913 8291 7914
f 7914 8291 8287
f 7914 8287 7915
f 7915 8287 8286
f 7915 8286 7916
f 7916 8286 8285
f 7916 8285 7917
f 7917 8285 8279
f 7917 8279 7900
f 7900 8279 8277
f 7900 8277 7901
f 7901 8277 8267
f 7901 8267 7902
f 7902 8267 8266
f 7902 8266 7903
f 7903 8266 8265
f 7903 8265 7904
f 7904 8265 8261
f 7904 8261 7923
f 7923 8261 8260
f 7923 8260 7924
f 7924 8260 8276
f 7924 8276 7925
f 7925 8276 8275
f 7925 8275 7929
f 7929 8275 8274
f 7929 8274 7930
f 8313 8312 7891
f 7891 8312 8311
f 7891 8311 7892
f 7892 8311 8310
f 7892 8310 7893
f 7893 8310 8309
f 7893 8309 7894
f 7894 8309 8308
f 7894 8308 7895
f 7895 8308 8307
f 7895 8307 7867
f 7867 8307 8303
f 7867 8303 7868
f 7868 8303 8302
f 7868 8302 7879
f 7879 8302 8301
f 7879 8301 7880
f 7880 8301 8298
f 7880 8298 7857
f 7857 8298 8297
f 7857 8297 7858
f 7858 8297 8321
f 7858 8321 7860
f 7860 8321 8323
f 7860 8323 7869
f 7869 8323 8322
f 7869 8322 7870
f 7870 8322 8320
f 7870 8320 7871
f 7871 8320 8319
f 7871 8319 7881
f 7881 8319 8329
f 7881 8329 7882
f 7882 8329 8328
f 7882 8328 7883
f 7883 8328 8327
f 7883 8327 7887
f 7887 8327 8335
f 7887 8335 7888
f 7888 8335 8334
f 7888 8334 7889
f 7889 8334 8333
f 7889 8333 7872
f 7872 8333 8332
f 7872 8332 7873
f 7873 8332 8331
f 7873 8331 7874
f 7874 8331 8330
f 7874 8330 7875
f 7875 8330 8326
f 7875 8326 7876
f 7876 8326 8325
f 7876 8325 7877
f 7877 8325 8324
f 7877 8324 7878
f 7878 8324 8318
f 7878 8318 7861
f 7861 8318 8316
f 7861 8316 7862
f 7862 8316 8306
f 7862 8306 7863
f 7863 8306 8305
f 7863 8305 7864
f 7864 8305 8304
f 7864 8304 7865
f 7865 8304 8300
f 7865 8300 7884
f 7884 8300 8299
f 7884 8299 7885
f 7885 8299 8315
f 7885 8315 7886
f 7886 8315 8314
f 7886 8314 7890
f 7890 8314 8313
f 7890 8313 7891
f 8352 8351 7852
f 7852 8351 8350
f 7852 8350 7853
f 7853 8350 8349
f 7853 8349 7854
f 7854 8349 8348
f 7854 8348 7855
f 7855 8348 8347
f 7855 8347 7856
f 7856 8347 8346
f 7856 8346 7830
f 7830 8346 8342
f 7830 8342 7831
f 7831 8342 8341
f 7831 8341 7837
f 7837 8341 8340
f 7837 8340 7838
f 7838 8340 8337
f 7838 8337 7820
f 7820 8337 8336
f 7820 8336 7821
f 7821 8336 8360
f 7821 8360 7823
f 7823 8360 8362
f 7823 8362 7832
f 7832 8362 8361
f 7832 8361 7833
f 7833 8361 8359
f 7833 8359 7834
f 7834 8359 8358
f 7834 8358 7839
f 7839 8358 8368
f 7839 8368 7840
f 7840 8368 8367
f 7840 8367 7841
f 7841 8367 8366
f 7841 8366 7848
f 7848 8366 8374
f 7848 8374 7849
f 7849 8374 8373
f 7849 8373 7850
f 7850 8373 8372
f 7850 8372 7842
f 7842 8372 8371
f 7842 8371 7843
f 7843 8371 8370
f 7843 8370 7844
f 7844 8370 8369
f 7844 8369 7818
f 7818 8369 8365
f 7818 8365 7819
f 7819 8365 8364
f 7819 8364 7835
f 7835 8364 8363
f 7835 8363 7836
f 7836 8363 8357
f 7836 8357 7824
f 7824 8357 8355
f 7824 8355 7825
f 7825 8355 8345
f 7825 8345 7826
f 7826 8345 8344
f 7826 8344 7827
f 7827 8344 8343
f 7827 8343 7828
f 7828 8343 8339
f 7828 8339 7845
f 7845 8339 8338
f 7845 8338 7846
f 7846 8338 8354
f 7846 8354 7847
f 7847 8354 8353
f 7847 8353 7851
f 7851 8353 8352
f 7851 8352 7852
f 7399 7748 7400
f 7400 7748 7747
f 7400 7747 7401
f 7401 7747 7746
f 7401 7746 7395
f 7395 7746 7736
f 7395 7736 7396
f 7396 7736 7737
f 7396 7737 7397
f 7397 7737 7738
f 7397 7738 7398
f 7398 7738 7745
f 7398 7745 7402
f 7402 7745 7744
f 7402 7744 7403
f 7403 7744 7726
f 7403 7726 7092
f 7092 7726 7725
f 7092 7725 7093
f 7093 7725 7724
f 7093 7724 7380
f 7380 7724 7384
f 7384 7724 7723
f 7384 7723 7385
f 7385 7723 7710
f 7385 7710 7386
f 7386 7710 7709
f 7386 7709 7404
f 7404 7709 7722
f 7404 7722 7405
f 7405 7722 7721
f 7405 7721 7406
f 7406 7721 7712
f 7406 7712 7410
f 7410 7712 7711
f 7410 7711 7411
f 7411 7711 7732
f 7411 7732 7407
f 7407 7732 7731
f 7407 7731 7408
f 7408 7731 7730
f 7408 7730 7409
f 7409 7730 7720
f 7409 7720 7381
f 7381 7720 7719
f 7381 7719 7382
f 7382 7719 7718
f 7382 7718 7383
f 7383 7718 7717
f 7383 7717 7387
f 7387 7717 7716
f 7387 7716 7388
f 7388 7716 7714
f 7388 7714 7374
f 7374 7714 7713
f 7374 7713 7375
f 7375 7713 7729
f 7375 7729 7377
f 7377 7729 7728
f 7377 7728 7378
f 7378 7728 7743
f 7378 7743 7389
f 7389 7743 7742
f 7389 7742 7390
f 7390 7742 7735
f 7390 7735 7391
f 7391 7735 7734
f 7391 7734 7392
f 7392 7734 7733
f 7392 7733 7393
f 7393 7733 7741
f 7393 7741 7394
f 7394 7741 7740
f 7394 7740 7399
f 7399 7740 7739
f 7399 7739 7748
f 7370 7707 7371
f 7371 7707 7706
f 7371 7706 7358
f 7358 7706 7702
f 7358 7702 7359
f 7359 7702 7701
f 7359 7701 7360
f 7360 7701 7700
f 7360 7700 7344
f 7344 7700 7672
f 7344 7672 7345
f 7345 7672 7671
f 7345 7671 7346
f 7346 7671 7670
f 7346 7670 7347
f 7347 7670 7669
f 7347 7669 7361
f 7361 7669 7699
f 7361 7699 7362
f 7362 7699 7698
f 7362 7698 7363
f 7363 7698 7364
f 7364 7698 7697
f 7364 7697 7365
f 7365 7697 7696
f 7365 7696 7366
f 7366 7696 7695
f 7366 7695 7353
f 7353 7695 7694
f 7353 7694 7352
f 7352 7694 7688
f 7352 7688 7351
f 7351 7688 7687
f 7351 7687 7372
f 7372 7687 7686
f 7372 7686 7373
f 7373 7686 7693
f 7373 7693 7354
f 7354 7693 7692
f 7354 7692 7367
f 7367 7692 7691
f 7367 7691 7368
f 7368 7691 7685
f 7368 7685 7335
f 7335 7685 7684
f 7335 7684 7336
f 7336 7684 7683
f 7336 7683 7341
f 7341 7683 7682
f 7341 7682 7342
f 7342 7682 7681
f 7342 7681 7340
f 7340 7681 7680
f 7340 7680 7339
f 7339 7680 7679
f 7339 7679 7338
f 7338 7679 7678
f 7338 7678 7343
f 7343 7678 7676
f 7343 7676 7348
f 7348 7676 7690
f 7348 7690 7349
f 7349 7690 7689
f 7349 7689 7350
f 7350 7689 7675
f 7350 7675 7355
f 7355 7675 7674
f 7355 7674 7356
f 7356 7674 7705
f 7356 7705 7357
f 7357 7705 7704
f 7357 7704 7369
f 7369 7704 7703
f 7369 7703 7370
f 7370 7703 7708
f 7370 7708 7707
f 7315 7653 7316
f 7316 7653 7652
f 7316 7652 7305
f 7305 7652 7639
f 7305 7639 7306
f 7306 7639 7638
f 7306 7638 7307
f 7307 7638 7637
f 7307 7637 7308
f 7308 7637 7630
f 7308 7630 7309
f 7309 7630 7629
f 7309 7629 7310
f 7310 7629 7651
f 7310 7651 7311
f 7311 7651 7650
f 7311 7650 7329
f 7329 7650 7644
f 7329 7644 7330
f 7330 7644 7643
f 7330 7643 7331
f 7331 7643 7322
f 7322 7643 7668
f 7322 7668 7323
f 7323 7668 7667
f 7323 7667 7324
f 7324 7667 7666
f 7324 7666 7325
f 7325 7666 7665
f 7325 7665 7326
f 7326 7665 7664
f 7326 7664 7327
f 7327 7664 7636
f 7327 7636 7328
f 7328 7636 7635
f 7328 7635 7332
f 7332 7635 7663
f 7332 7663 7333
f 7333 7663 7662
f 7333 7662 7334
f 7334 7662 7661
f 7334 7661 7295
f 7295 7661 7660
f 7295 7660 7296
f 7296 7660 7659
f 7296 7659 7317
f 7317 7659 7658
f 7317 7658 7318
f 7318 7658 7657
f 7318 7657 7319
f 7319 7657 7656
f 7319 7656 7320
f 7320 7656 7655
f 7320 7655 7321
f 7321 7655 7649
f 7321 7649 7303
f 7303 7649 7648
f 7303 7648 7304
f 7304 7648 7646
f 7304 7646 7312
f 7312 7646 7645
f 7312 7645 7313
f 7313 7645 7642
f 7313 7642 7298
f 7298 7642 7641
f 7298 7641 7299
f 7299 7641 7640
f 7299 7640 7301
f 7301 7640 7631
f 7301 7631 7302
f 7302 7631 7633
f 7302 7633 7314
f 7314 7633 7634
f 7314 7634 7315
f 7315 7634 7654
f 7315 7654 7653
f 7290 7627 7291
f 7291 7627 7626
f 7291 7626 7292
f 7292 7626 7625
f 7292 7625 7293
f 7293 7625 7624
f 7293 7624 7294
f 7294 7624 7623
f 7294 7623 7282
f 7282 7623 7619
f 7282 7619 7283
f 7283 7619 7618
f 7283 7618 7287
f 7287 7618 7617
f 7287 7617 7288
f 7288 7617 7590
f 7288 7590 7095
f 7095 7590 7589
f 7095 7589 7096
f 7096 7589 7604
f 7096 7604 7272
f 7272 7604 7261
f 7261 7604 7616
f 7261 7616 7262
f 7262 7616 7615
f 7262 7615 7263
f 7263 7615 7614
f 7263 7614 7264
f 7264 7614 7613
f 7264 7613 7273
f 7273 7613 7612
f 7273 7612 7274
f 7274 7612 7611
f 7274 7611 7275
f 7275 7611 7610
f 7275 7610 7284
f 7284 7610 7622
f 7284 7622 7285
f 7285 7622 7621
f 7285 7621 7286
f 7286 7621 7620
f 7286 7620 7260
f 7260 7620 7603
f 7260 7603 7257
f 7257 7603 7602
f 7257 7602 7258
f 7258 7602 7601
f 7258 7601 7265
f 7265 7601 7597
f 7265 7597 7266
f 7266 7597 7596
f 7266 7596 7267
f 7267 7596 7595
f 7267 7595 7268
f 7268 7595 7594
f 7268 7594 7269
f 7269 7594 7592
f 7269 7592 7271
f 7271 7592 7591
f 7271 7591 7276
f 7276 7591 7609
f 7276 7609 7277
f 7277 7609 7608
f 7277 7608 7278
f 7278 7608 7607
f 7278 7607 7279
f 7279 7607 7606
f 7279 7606 7280
f 7280 7606 7605
f 7280 7605 7281
f 7281 7605 7599
f 7281 7599 7289
f 7289 7599 7598
f 7289 7598 7290
f 7290 7598 7628
f 7290 7628 7627
f 7246 7587 7247
f 7247 7587 7586
f 7247 7586 7248
f 7248 7586 7576
f 7248 7576 7249
f 7249 7576 7575
f 7249 7575 7250
f 7250 7575 7574
f 7250 7574 7228
f 7228 7574 7558
f 7228 7558 7229
f 7229 7558 7557
f 7229 7557 7234
f 7234 7557 7556
f 7234 7556 7235
f 7235 7556 7550
f 7235 7550 7098
f 7098 7550 7549
f 7098 7549 7099
f 7099 7549 7555
f 7099 7555 7230
f 7230 7555 7231
f 7231 7555 7571
f 7231 7571 7239
f 7239 7571 7570
f 7239 7570 7240
f 7240 7570 7569
f 7240 7569 7241
f 7241 7569 7568
f 7241 7568 7251
f 7251 7568 7567
f 7251 7567 7252
f 7252 7567 7566
f 7252 7566 7253
f 7253 7566 7565
f 7253 7565 7254
f 7254 7565 7582
f 7254 7582 7255
f 7255 7582 7581
f 7255 7581 7256
f 7256 7581 7580
f 7256 7580 7242
f 7242 7580 7579
f 7242 7579 7243
f 7243 7579 7578
f 7243 7578 7244
f 7244 7578 7577
f 7244 7577 7220
f 7220 7577 7564
f 7220 7564 7221
f 7221 7564 7563
f 7221 7563 7232
f 7232 7563 7562
f 7232 7562 7233
f 7233 7562 7554
f 7233 7554 7223
f 7223 7554 7552
f 7223 7552 7224
f 7224 7552 7551
f 7224 7551 7225
f 7225 7551 7573
f 7225 7573 7226
f 7226 7573 7572
f 7226 7572 7227
f 7227 7572 7561
f 7227 7561 7236
f 7236 7561 7560
f 7236 7560 7237
f 7237 7560 7585
f 7237 7585 7238
f 7238 7585 7584
f 7238 7584 7245
f 7245 7584 7583
f 7245 7583 7246
f 7246 7583 7588
f 7246 7588 7587
f 7209 7547 7210
f 7210 7547 7546
f 7210 7546 7211
f 7211 7546 7536
f 7211 7536 7212
f 7212 7536 7535
f 7212 7535 7213
f 7213 7535 7534
f 7213 7534 7191
f 7191 7534 7518
f 7191 7518 7192
f 7192 7518 7517
f 7192 7517 7197
f 7197 7517 7516
f 7197 7516 7198
f 7198 7516 7510
f 7198 7510 7101
f 7101 7510 7509
f 7101 7509 7102
f 7102 7509 7515
f 7102 7515 7193
f 7193 7515 7194
f 7194 7515 7531
f 7194 7531 7202
f 7202 7531 7530
f 7202 7530 7203
f 7203 7530 7529
f 7203 7529 7204
f 7204 7529 7528
f 7204 7528 7214
f 7214 7528 7527
f 7214 7527 7215
f 7215 7527 7526
f 7215 7526 7216
f 7216 7526 7525
f 7216 7525 7217
f 7217 7525 7542
f 7217 7542 7218
f 7218 7542 7541
f 7218 7541 7219
f 7219 7541 7540
f 7219 7540 7205
f 7205 7540 7539
f 7205 7539 7206
f 7206 7539 7538
f 7206 7538 7207
f 7207 7538 7537
f 7207 7537 7183
f 7183 7537 7524
f 7183 7524 7184
f 7184 7524 7523
f 7184 7523 7195
f 7195 7523 7522
f 7195 7522 7196
f 7196 7522 7514
f 7196 7514 7186
f 7186 7514 7512
f 7186 7512 7187
f 7187 7512 7511
f 7187 7511 7188
f 7188 7511 7533
f 7188 7533 7189
f 7189 7533 7532
f 7189 7532 7190
f 7190 7532 7521
f 7190 7521 7199
f 7199 7521 7520
f 7199 7520 7200
f 7200 7520 7545
f 7200 7545 7201
f 7201 7545 7544
f 7201 7544 7208
f 7208 7544 7543
f 7208 7543 7209
f 7209 7543 7548
f 7209 7548 7547
f 7172 7507 7173
f 7173 7507 7506
f 7173 7506 7174
f 7174 7506 7496
f 7174 7496 7175
f 7175 7496 7495
f 7175 7495 7176
f 7176 7495 7494
f 7176 7494 7154
f 7154 7494 7478
f 7154 7478 7155
f 7155 7478 7477
f 7155 7477 7160
f 7160 7477 7476
f 7160 7476 7161
f 7161 7476 7470
f 7161 7470 7104
f 7104 7470 7469
f 7104 7469 7105
f 7105 7469 7475
f 7105 7475 7156
f 7156 7475 7157
f 7157 7475 7491
f 7157 7491 7168
f 7168 7491 7490
f 7168 7490 7169
f 7169 7490 7489
f 7169 7489 7170
f 7170 7489 7488
f 7170 7488 7177
f 7177 7488 7487
f 7177 7487 7178
f 7178 7487 7486
f 7178 7486 7179
f 7179 7486 7485
f 7179 7485 7180
f 7180 7485 7502
f 7180 7502 7181
f 7181 7502 7501
f 7181 7501 7182
f 7182 7501 7500
f 7182 7500 7162
f 7162 7500 7499
f 7162 7499 7163
f 7163 7499 7498
f 7163 7498 7164
f 7164 7498 7497
f 7164 7497 7146
f 7146 7497 7484
f 7146 7484 7147
f 7147 7484 7483
f 7147 7483 7158
f 7158 7483 7482
f 7158 7482 7159
f 7159 7482 7474
f 7159 7474 7149
f 7149 7474 7472
f 7149 7472 7150
f 7150 7472 7471
f 7150 7471 7151
f 7151 7471 7493
f 7151 7493 7152
f 7152 7493 7492
f 7152 7492 7153
f 7153 7492 7481
f 7153 7481 7165
f 7165 7481 7480
f 7165 7480 7166
f 7166 7480 7505
f 7166 7505 7167
f 7167 7505 7504
f 7167 7504 7171
f 7171 7504 7503
f 7171 7503 7172
f 7172 7503 7508
f 7172 7508 7507
f 8385 8388 7815
f 7815 8388 8400
f 7815 8400 7816
f 7816 8400 8399
f 7816 8399 7817
f 7817 8399 8398
f 7817 8398 7809
f 7809 8398 8397
f 7809 8397 7810
f 7810 8397 8396
f 7810 8396 7811
f 7811 8396 8395
f 7811 8395 7782
f 7782 8395 8384
f 7782 8384 7783
f 7783 8384 8383
f 7783 8383 7785
f 7785 8383 8382
f 7785 8382 7786
f 7786 8382 8381
f 7786 8381 7779
f 7779 8381 8387
f 7779 8387 7780
f 7780 8387 8394
f 7780 8394 7787
f 7787 8394 8393
f 7787 8393 7788
f 7788 8393 8392
f 7788 8392 7789
f 7789 8392 8407
f 7789 8407 7803
f 7803 8407 8406
f 7803 8406 7804
f 7804 8406 8405
f 7804 8405 7805
f 7805 8405 8404
f 7805 8404 7806
f 7806 8404 8413
f 7806 8413 7807
f 7807 8413 8412
f 7807 8412 7808
f 7808 8412 8411
f 7808 8411 7796
f 7796 8411 8410
f 7796 8410 7797
f 7797 8410 8409
f 7797 8409 7798
f 7798 8409 8408
f 7798 8408 7799
f 7799 8408 8403
f 7799 8403 7790
f 7790 8403 8402
f 7790 8402 7791
f 7791 8402 8401
f 7791 8401 7792
f 7792 8401 8379
f 7792 8379 7793
f 7793 8379 8378
f 7793 8378 7794
f 7794 8378 8391
f 7794 8391 7795
f 7795 8391 8377
f 7795 8377 7800
f 7800 8377 8376
f 7800 8376 7801
f 7801 8376 8375
f 7801 8375 7802
f 7802 8375 8390
f 7802 8390 7812
f 7812 8390 8389
f 7812 8389 7813
f 7813 8389 8386
f 7813 8386 7814
f 7814 8386 8385
f 7814 8385 7815
f 7136 7467 7137
f 7137 7467 7466
f 7137 7466 7138
f 7138 7466 7459
f 7138 7459 7139
f 7139 7459 7458
f 7139 7458 7140
f 7140 7458 7457
f 7140 7457 7121
f 7121 7457 7453
f 7121 7453 7122
f 7122 7453 7452
f 7122 7452 7123
f 7123 7452 7451
f 7123 7451 7112
f 7112 7451 7440
f 7112 7440 7113
f 7113 7440 7439
f 7113 7439 7115
f 7115 7439 7438
f 7115 7438 7116
f 7116 7438 7117
f 7117 7438 7437
f 7117 7437 7124
f 7124 7437 7436
f 7124 7436 7125
f 7125 7436 7435
f 7125 7435 7126
f 7126 7435 7447
f 7126 7447 7130
f 7130 7447 7446
f 7130 7446 7131
f 7131 7446 7442
f 7131 7442 7132
f 7132 7442 7441
f 7132 7441 7143
f 7143 7441 7462
f 7143 7462 7144
f 7144 7462 7461
f 7144 7461 7145
f 7145 7461 7460
f 7145 7460 7133
f 7133 7460 7456
f 7133 7456 7134
f 7134 7456 7455
f 7134 7455 7141
f 7141 7455 7454
f 7141 7454 7142
f 7142 7454 7445
f 7142 7445 7118
f 7118 7445 7444
f 7118 7444 7119
f 7119 7444 7443
f 7119 7443 7120
f 7120 7443 7433
f 7120 7433 7108
f 7108 7433 7432
f 7108 7432 7107
f 7107 7432 7430
f 7107 7430 7109
f 7109 7430 7429
f 7109 7429 7110
f 7110 7429 7450
f 7110 7450 7111
f 7111 7450 7449
f 7111 7449 7127
f 7127 7449 7448
f 7127 7448 7128
f 7128 7448 7465
f 7128 7465 7129
f 7129 7465 7464
f 7129 7464 7135
f 7135 7464 7463
f 7135 7463 7136
f 7136 7463 7468
f 7136 7468 7467
f 8435 8436 8437
f 8438 8439 8440
f 8437 8441 8435
f 8435 8441 8442
f 8435 8442 8440
f 8440 8442 8443
f 8440 8443 8438
f 8439 8444 8440
f 8440 8444 8445
f 8440 8445 8446
f 8446 8447 8440
f 8440 8447 8448
f 8440 8448 8449
f 8450 8451 8452
f 8452 8451 8453
f 8454 8455 8456
f 8457 8458 8459
f 8459 8458 8460
f 8459 8460 8461
f 8462 8463 8464
f 8464 8463 8465
f 8464 8465 8466
f 8467 8468 8469
f 8469 8468 8470
f 8469 8471 8472
f 8455 8473 8456
f 8456 8473 8474
f 8456 8474 8475
f 8461 8476 8459
f 8459 8476 8477
f 8459 8477 8478
f 8470 8479 8469
f 8469 8479 8480
f 8469 8480 8471
f 8475 8481 8456
f 8456 8481 8482
f 8456 8482 8459
f 8459 8482 8483
f 8459 8483 8457
f 8466 8484 8464
f 8464 8484 8485
f 8464 8485 8486
f 8486 8487 8464
f 8464 8487 8488
f 8464 8488 8469
f 8469 8488 8489
f 8469 8489 8467
f 8490 8491 8456
f 8456 8491 8492
f 8456 8492 8454
f 8478 8493 8459
f 8459 8493 8494
f 8459 8494 8464
f 8464 8494 8495
f 8464 8495 8462
f 8496 8497 8498
f 8499 8500 8501
f 8502 8503 8499
f 8452 8504 8505
f 8505 8504 8506
f 8505 8506 8507
f 8507 8506 8508
f 8507 8508 8509
f 8509 8508 8510
f 8509 8510 8511
f 8511 8510 8512
f 8511 8512 8513
f 8513 8512 8514
f 8513 8514 8515
f 8515 8514 8516
f 8515 8516 8517
f 8518 8519 8520
f 8498 8521 8522
f 8523 8524 8498
f 8498 8524 8525
f 8498 8525 8496
f 8526 8527 8499
f 8499 8527 8528
f 8499 8528 8500
f 8501 8529 8499
f 8499 8529 8530
f 8499 8530 8531
f 8531 8532 8499
f 8499 8532 8533
f 8499 8533 8534
f 8522 8535 8498
f 8498 8535 8536
f 8498 8536 8523
f 8497 8526 8498
f 8498 8526 8499
f 8498 8499 8456
f 8456 8499 8469
f 8456 8469 8490
f 8490 8469 8472
f 8534 8537 8499
f 8499 8537 8538
f 8499 8538 8539
f 8520 8519 8498
f 8498 8519 8540
f 8498 8540 8521
f 8539 8541 8452
f 8452 8541 8542
f 8452 8542 8504
f 8503 8543 8499
f 8499 8543 8544
f 8499 8544 8545
f 8545 8546 8499
f 8499 8546 8547
f 8499 8547 8548
f 8517 8516 8549
f 8549 8516 8550
f 8549 8550 8551
f 8551 8550 8552
f 8551 8552 8520
f 8520 8552 8553
f 8520 8553 8518
f 8452 8453 8539
f 8539 8453 8554
f 8539 8554 8499
f 8499 8554 8555
f 8499 8555 8502
f 8556 8557 8558
f 8559 8560 8561
f 8561 8560 8562
f 8561 8562 8563
f 8564 8565 8566
f 8567 8568 8569
f 8570 8571 8561
f 8561 8571 8572
f 8561 8572 8559
f 8569 8568 8556
f 8556 8568 8573
f 8556 8573 8557
f 8569 8574 8567
f 8567 8574 8575
f 8567 8575 8576
f 8576 8575 8577
f 8576 8577 8578
f 8578 8577 8579
f 8578 8579 8580
f 8580 8579 8581
f 8580 8581 8582
f 8582 8581 8583
f 8582 8583 8584
f 8585 8586 8587
f 8587 8586 8588
f 8587 8588 8589
f 8585 8590 8586
f 8586 8590 8591
f 8586 8591 8592
f 8593 8594 8498
f 8498 8594 8595
f 8558 8596 8556
f 8556 8596 8597
f 8556 8597 8598
f 8598 8597 8599
f 8598 8599 8600
f 8600 8599 8601
f 8600 8601 8602
f 8595 8603 8498
f 8498 8603 8604
f 8498 8604 8605
f 8605 8604 8606
f 8605 8606 8607
f 8608 8609 8610
f 8610 8609 8600
f 8610 8600 8611
f 8611 8600 8602
f 8563 8612 8561
f 8561 8612 8613
f 8561 8613 8614
f 8614 8613 8615
f 8614 8615 8616
f 8616 8617 8614
f 8614 8617 8618
f 8614 8618 8619
f 8607 8620 8605
f 8605 8620 8621
f 8605 8621 8622
f 8622 8621 8584
f 8622 8584 8623
f 8623 8584 8583
f 8566 8565 8624
f 8592 8625 8586
f 8586 8625 8626
f 8586 8626 8627
f 8627 8626 8628
f 8627 8628 8566
f 8566 8628 8629
f 8566 8629 8564
f 8619 8630 8614
f 8614 8630 8631
f 8614 8631 8456
f 8456 8631 8632
f 8456 8632 8633
f 8562 8634 8563
f 8563 8634 8635
f 8563 8635 8609
f 8565 8636 8624
f 8624 8636 8563
f 8624 8563 8637
f 8637 8563 8609
f 8637 8609 8638
f 8638 8609 8608
f 8633 8639 8456
f 8456 8639 8640
f 8456 8640 8641
f 8641 8642 8456
f 8456 8642 8643
f 8456 8643 8644
f 8645 8498 8646
f 8646 8498 8647
f 8644 8648 8456
f 8456 8648 8649
f 8456 8649 8498
f 8498 8649 8650
f 8498 8650 8647
f 8645 8651 8498
f 8498 8651 8652
f 8498 8652 8587
f 8589 8653 8587
f 8587 8653 8654
f 8587 8654 8498
f 8498 8654 8655
f 8498 8655 8593
f 8656 8657 8658
f 8656 8658 8659
f 8657 8660 8658
f 8658 8660 8661
f 8658 8661 8662
f 8662 8663 8658
f 8658 8663 8664
f 8658 8664 8665
f 8666 8667 8459
f 8456 8668 8614
f 8614 8668 8669
f 8614 8669 8670
f 8670 8671 8614
f 8614 8671 8672
f 8614 8672 8673
f 8665 8674 8658
f 8658 8674 8675
f 8658 8675 8459
f 8459 8675 8676
f 8459 8676 8666
f 8667 8677 8459
f 8459 8677 8678
f 8459 8678 8679
f 8673 8680 8614
f 8614 8680 8681
f 8614 8681 8682
f 8682 8683 8614
f 8614 8683 8684
f 8614 8684 8658
f 8658 8684 8685
f 8658 8685 8659
f 8679 8686 8459
f 8459 8686 8687
f 8459 8687 8456
f 8456 8687 8688
f 8456 8688 8689
f 8689 8690 8456
f 8456 8690 8691
f 8456 8691 8692
f 8692 8693 8456
f 8456 8693 8694
f 8456 8694 8668
f 8695 8696 8697
f 8697 8698 8695
f 8695 8698 8699
f 8695 8699 8700
f 8700 8701 8695
f 8695 8701 8702
f 8695 8702 8703
f 8703 8704 8695
f 8695 8704 8705
f 8695 8705 8706
f 8706 8705 8707
f 8706 8707 8708
f 8708 8709 8706
f 8706 8709 8710
f 8706 8710 8711
f 8696 8695 8712
f 8712 8695 8713
f 8712 8713 8714
f 8711 8715 8706
f 8706 8715 8716
f 8706 8716 8717
f 8718 8713 8719
f 8719 8713 8437
f 8719 8437 8720
f 8721 8722 8436
f 8436 8722 8437
f 8437 8722 8723
f 8437 8723 8724
f 8724 8725 8437
f 8437 8725 8726
f 8437 8726 8720
f 8718 8727 8713
f 8713 8727 8728
f 8713 8728 8729
f 8729 8730 8713
f 8713 8730 8731
f 8713 8731 8714
f 8436 8732 8721
f 8721 8732 8733
f 8721 8733 8734
f 8735 8736 8717
f 8717 8736 8737
f 8717 8737 8738
f 8738 8739 8717
f 8717 8739 8740
f 8717 8740 8706
f 8706 8740 8741
f 8706 8741 8742
f 8733 8743 8734
f 8734 8743 8744
f 8734 8744 8745
f 8745 8744 8736
f 8745 8736 8746
f 8746 8736 8735
f 8747 8748 8749
f 8750 8751 8752
f 8752 8751 8753
f 8752 8753 8754
f 8755 8756 8757
f 8749 8748 8752
f 8752 8748 8758
f 8752 8758 8750
f 8752 8759 8760
f 8761 8762 8763
f 8763 8762 8764
f 8757 8765 8755
f 8755 8765 8766
f 8755 8766 8767
f 8767 8766 8768
f 8767 8768 8769
f 8769 8768 8770
f 8769 8770 8771
f 8771 8770 8772
f 8771 8772 8773
f 8773 8772 8774
f 8774 8772 8775
f 8774 8775 8776
f 8776 8775 8777
f 8776 8777 8778
f 8778 8777 8779
f 8778 8779 8780
f 8780 8779 8781
f 8780 8781 8782
f 8782 8781 8783
f 8782 8783 8749
f 8749 8783 8784
f 8749 8784 8747
f 8785 8786 8787
f 8788 8789 8790
f 8790 8789 8791
f 8790 8791 8755
f 8755 8791 8792
f 8755 8792 8756
f 8760 8793 8752
f 8752 8793 8794
f 8752 8794 8795
f 8786 8796 8787
f 8787 8796 8797
f 8787 8797 8798
f 8799 8800 8787
f 8787 8800 8801
f 8787 8801 8802
f 8754 8803 8752
f 8752 8803 8804
f 8752 8804 8759
f 8759 8804 8805
f 8759 8805 8806
f 8806 8805 8787
f 8806 8787 8807
f 8807 8787 8802
f 8795 8808 8752
f 8752 8808 8809
f 8752 8809 8713
f 8713 8809 8810
f 8713 8810 8811
f 8761 8763 8787
f 8787 8763 8812
f 8787 8812 8785
f 8798 8813 8787
f 8787 8813 8814
f 8787 8814 8799
f 8811 8815 8713
f 8713 8815 8816
f 8713 8816 8817
f 8818 8819 8713
f 8713 8819 8820
f 8713 8820 8437
f 8437 8820 8821
f 8437 8821 8822
f 8817 8823 8713
f 8713 8823 8824
f 8713 8824 8818
f 8762 8825 8764
f 8764 8825 8826
f 8764 8826 8827
f 8828 8829 8790
f 8790 8829 8830
f 8790 8830 8788
f 8822 8831 8437
f 8437 8831 8832
f 8437 8832 8833
f 8764 8834 8833
f 8833 8834 8835
f 8833 8835 8836
f 8836 8837 8833
f 8833 8837 8838
f 8833 8838 8437
f 8437 8838 8839
f 8437 8839 8840
f 8790 8841 8828
f 8828 8841 8834
f 8828 8834 8842
f 8842 8834 8764
f 8842 8764 8843
f 8843 8764 8827
f 8840 8844 8437
f 8437 8844 8845
f 8437 8845 8441
f 8846 8450 8847
f 8847 8450 8848
f 8847 8848 8849
f 8849 8848 8850
f 8849 8850 8851
f 8851 8850 8852
f 8851 8852 8853
f 8853 8852 8854
f 8853 8854 8855
f 8713 8856 8857
f 8846 8858 8450
f 8450 8858 8859
f 8450 8859 8451
f 8451 8859 8860
f 8451 8860 8861
f 8860 8862 8861
f 8861 8862 8863
f 8861 8863 8864
f 8857 8865 8713
f 8713 8865 8866
f 8713 8866 8867
f 8868 8752 8869
f 8869 8752 8870
f 8871 8872 8713
f 8713 8872 8873
f 8874 8875 8752
f 8752 8875 8876
f 8752 8876 8870
f 8877 8878 8879
f 8879 8878 8752
f 8879 8752 8880
f 8880 8752 8868
f 8881 8882 8713
f 8713 8882 8883
f 8713 8883 8871
f 8864 8884 8861
f 8861 8884 8885
f 8861 8885 8873
f 8873 8885 8886
f 8873 8886 8713
f 8713 8886 8887
f 8713 8887 8856
f 8867 8888 8713
f 8713 8888 8889
f 8713 8889 8752
f 8752 8889 8890
f 8752 8890 8874
f 8854 8891 8855
f 8855 8891 8892
f 8855 8892 8893
f 8893 8892 8894
f 8893 8894 8895
f 8895 8894 8896
f 8895 8896 8897
f 8897 8896 8898
f 8897 8898 8899
f 8899 8898 8878
f 8899 8878 8900
f 8900 8878 8877
f 8901 8902 8903
f 8903 8902 8904
f 8903 8904 8713
f 8713 8904 8905
f 8713 8905 8881
f 8906 8907 8908
f 8909 8910 8911
f 8911 8910 8912
f 8911 8912 8913
f 8914 8915 8695
f 8916 8917 8903
f 8918 8919 8911
f 8911 8919 8920
f 8911 8920 8909
f 8921 8922 8906
f 8906 8922 8923
f 8906 8923 8907
f 8915 8924 8695
f 8695 8924 8925
f 8695 8925 8926
f 8918 8911 8906
f 8906 8911 8927
f 8906 8927 8921
f 8908 8928 8906
f 8906 8928 8929
f 8906 8929 8695
f 8695 8929 8930
f 8695 8930 8914
f 8926 8931 8695
f 8695 8931 8932
f 8695 8932 8933
f 8934 8935 8713
f 8713 8935 8936
f 8713 8936 8937
f 8937 8938 8713
f 8713 8938 8939
f 8713 8939 8940
f 8940 8941 8713
f 8713 8941 8942
f 8713 8942 8903
f 8903 8942 8943
f 8903 8943 8916
f 8917 8944 8903
f 8903 8944 8945
f 8903 8945 8946
f 8946 8945 8947
f 8946 8947 8948
f 8912 8949 8913
f 8913 8949 8950
f 8913 8950 8951
f 8951 8950 8952
f 8951 8952 8947
f 8947 8952 8953
f 8947 8953 8948
f 8933 8954 8695
f 8695 8954 8955
f 8695 8955 8713
f 8713 8955 8956
f 8713 8956 8934
f 8957 8958 8658
f 8959 8957 8706
f 8706 8957 8658
f 8706 8658 8695
f 8658 8459 8695
f 8695 8459 8464
f 8695 8464 8906
f 8906 8464 8960
f 8906 8960 8961
f 8962 8963 8964
f 8959 8706 8964
f 8964 8706 8965
f 8964 8965 8962
f 8966 8967 8968
f 8968 8967 8969
f 8968 8969 8963
f 8963 8969 8970
f 8963 8970 8964
f 8959 8971 8957
f 8957 8971 8972
f 8957 8972 8973
f 8973 8974 8957
f 8957 8974 8975
f 8957 8975 8976
f 8976 8977 8957
f 8957 8977 8978
f 8957 8978 8979
f 8979 8978 8980
f 8981 8982 8983
f 8983 8982 8984
f 8983 8984 8985
f 8985 8986 8983
f 8983 8986 8987
f 8983 8987 8988
f 8989 8990 8906
f 8906 8990 8991
f 8989 8906 8992
f 8992 8906 8961
f 8992 8961 8983
f 8983 8961 8993
f 8983 8993 8981
f 8991 8994 8906
f 8906 8994 8995
f 8906 8995 8996
f 8997 8998 8999
f 8999 8998 8906
f 8999 8906 9000
f 9000 8906 8996
f 8790 8755 8598
f 8598 8755 8556
f 8605 8749 8498
f 8498 8749 8752
f 8498 8752 8520
f 8520 8752 8878
f 8649 8809 8650
f 8650 8809 8808
f 8650 8808 8647
f 8647 8808 8795
f 8647 8795 8646
f 8646 8795 8794
f 8646 8794 8645
f 8645 8794 8793
f 8645 8793 8651
f 8651 8793 8760
f 8651 8760 8652
f 8652 8760 8759
f 8652 8759 8587
f 8587 8759 8806
f 8587 8806 8585
f 8585 8806 8807
f 8585 8807 8590
f 8590 8807 8802
f 8590 8802 8591
f 8591 8802 8801
f 8591 8801 8592
f 8592 8801 8800
f 8592 8800 8625
f 8625 8800 8799
f 8625 8799 8626
f 8626 8799 8814
f 8626 8814 8628
f 8628 8814 8813
f 8628 8813 8629
f 8629 8813 8798
f 8629 8798 8564
f 8564 8798 8797
f 8564 8797 8565
f 8565 8797 8796
f 8565 8796 8636
f 8636 8796 8786
f 8636 8786 8563
f 8563 8786 8785
f 8563 8785 8612
f 8612 8785 8812
f 8612 8812 8613
f 8613 8812 8763
f 8613 8763 8615
f 8615 8763 8764
f 8615 8764 8616
f 8616 8764 8833
f 8616 8833 8617
f 8617 8833 8832
f 8617 8832 8618
f 8618 8832 8831
f 8618 8831 8619
f 8619 8831 8822
f 8619 8822 8630
f 8630 8822 8821
f 8630 8821 8631
f 8631 8821 8820
f 8631 8820 8632
f 8632 8820 8819
f 8632 8819 8633
f 8633 8819 8818
f 8633 8818 8639
f 8639 8818 8824
f 8639 8824 8640
f 8640 8824 8823
f 8640 8823 8641
f 8641 8823 8817
f 8641 8817 8642
f 8642 8817 8816
f 8642 8816 8643
f 8643 8816 8815
f 8643 8815 8644
f 8644 8815 8811
f 8644 8811 8648
f 8648 8811 8810
f 8648 8810 8649
f 8649 8810 8809
f 8504 8846 8506
f 8506 8846 8847
f 8506 8847 8508
f 8508 8847 8849
f 8508 8849 8510
f 8510 8849 8851
f 8510 8851 8512
f 8512 8851 8853
f 8512 8853 8514
f 8514 8853 8855
f 8514 8855 8516
f 8516 8855 8893
f 8516 8893 8550
f 8550 8893 8895
f 8550 8895 8552
f 8552 8895 8897
f 8552 8897 8553
f 8553 8897 8899
f 8553 8899 8518
f 8518 8899 8900
f 8518 8900 8519
f 8519 8900 8877
f 8519 8877 8540
f 8540 8877 8879
f 8540 8879 8521
f 8521 8879 8880
f 8521 8880 8522
f 8522 8880 8868
f 8522 8868 8535
f 8535 8868 8869
f 8535 8869 8536
f 8536 8869 8870
f 8536 8870 8523
f 8523 8870 8876
f 8523 8876 8524
f 8524 8876 8875
f 8524 8875 8525
f 8525 8875 8874
f 8525 8874 8496
f 8496 8874 8890
f 8496 8890 8497
f 8497 8890 8889
f 8497 8889 8526
f 8526 8889 8888
f 8526 8888 8527
f 8527 8888 8867
f 8527 8867 8528
f 8528 8867 8866
f 8528 8866 8500
f 8500 8866 8865
f 8500 8865 8501
f 8501 8865 8857
f 8501 8857 8529
f 8529 8857 8856
f 8529 8856 8530
f 8530 8856 8887
f 8530 8887 8531
f 8531 8887 8886
f 8531 8886 8532
f 8532 8886 8885
f 8532 8885 8533
f 8533 8885 8884
f 8533 8884 8534
f 8534 8884 8864
f 8534 8864 8537
f 8537 8864 8863
f 8537 8863 8538
f 8538 8863 8862
f 8538 8862 8539
f 8539 8862 8860
f 8539 8860 8541
f 8541 8860 8859
f 8541 8859 8542
f 8542 8859 8858
f 8542 8858 8504
f 8504 8858 8846
f 8654 8804 8655
f 8655 8804 8803
f 8655 8803 8593
f 8593 8803 8754
f 8593 8754 8594
f 8594 8754 8753
f 8594 8753 8595
f 8595 8753 8751
f 8595 8751 8603
f 8603 8751 8750
f 8603 8750 8604
f 8604 8750 8758
f 8604 8758 8606
f 8606 8758 8748
f 8606 8748 8607
f 8607 8748 8747
f 8607 8747 8620
f 8620 8747 8784
f 8620 8784 8621
f 8621 8784 8783
f 8621 8783 8584
f 8584 8783 8781
f 8584 8781 8582
f 8582 8781 8779
f 8582 8779 8580
f 8580 8779 8777
f 8580 8777 8578
f 8578 8777 8775
f 8578 8775 8576
f 8576 8775 8772
f 8576 8772 8567
f 8567 8772 8770
f 8567 8770 8568
f 8568 8770 8768
f 8568 8768 8573
f 8573 8768 8766
f 8573 8766 8557
f 8557 8766 8765
f 8557 8765 8558
f 8558 8765 8757
f 8558 8757 8596
f 8596 8757 8756
f 8596 8756 8597
f 8597 8756 8792
f 8597 8792 8599
f 8599 8792 8791
f 8599 8791 8601
f 8601 8791 8789
f 8601 8789 8602
f 8602 8789 8788
f 8602 8788 8611
f 8611 8788 8830
f 8611 8830 8610
f 8610 8830 8829
f 8610 8829 8608
f 8608 8829 8828
f 8608 8828 8638
f 8638 8828 8842
f 8638 8842 8637
f 8637 8842 8843
f 8637 8843 8624
f 8624 8843 8827
f 8624 8827 8566
f 8566 8827 8826
f 8566 8826 8627
f 8627 8826 8825
f 8627 8825 8586
f 8586 8825 8762
f 8586 8762 8588
f 8588 8762 8761
f 8588 8761 8589
f 8589 8761 8787
f 8589 8787 8653
f 8653 8787 8805
f 8653 8805 8654
f 8654 8805 8804
f 8687 8696 8688
f 8688 8696 8712
f 8688 8712 8689
f 8689 8712 8714
f 8689 8714 8690
f 8690 8714 8731
f 8690 8731 8691
f 8691 8731 8730
f 8691 8730 8692
f 8692 8730 8729
f 8692 8729 8693
f 8693 8729 8728
f 8693 8728 8694
f 8694 8728 8727
f 8694 8727 8668
f 8668 8727 8718
f 8668 8718 8669
f 8669 8718 8719
f 8669 8719 8670
f 8670 8719 8720
f 8670 8720 8671
f 8671 8720 8726
f 8671 8726 8672
f 8672 8726 8725
f 8672 8725 8673
f 8673 8725 8724
f 8673 8724 8680
f 8680 8724 8723
f 8680 8723 8681
f 8681 8723 8722
f 8681 8722 8682
f 8682 8722 8721
f 8682 8721 8683
f 8683 8721 8734
f 8683 8734 8684
f 8684 8734 8745
f 8684 8745 8685
f 8685 8745 8746
f 8685 8746 8659
f 8659 8746 8735
f 8659 8735 8656
f 8656 8735 8717
f 8656 8717 8657
f 8657 8717 8716
f 8657 8716 8660
f 8660 8716 8715
f 8660 8715 8661
f 8661 8715 8711
f 8661 8711 8662
f 8662 8711 8710
f 8662 8710 8663
f 8663 8710 8709
f 8663 8709 8664
f 8664 8709 8708
f 8664 8708 8665
f 8665 8708 8707
f 8665 8707 8674
f 8674 8707 8705
f 8674 8705 8675
f 8675 8705 8704
f 8675 8704 8676
f 8676 8704 8703
f 8676 8703 8666
f 8666 8703 8702
f 8666 8702 8667
f 8667 8702 8701
f 8667 8701 8677
f 8677 8701 8700
f 8677 8700 8678
f 8678 8700 8699
f 8678 8699 8679
f 8679 8699 8698
f 8679 8698 8686
f 8686 8698 8697
f 8686 8697 8687
f 8687 8697 8696
f 8488 8911 8489
f 8489 8911 8913
f 8489 8913 8467
f 8467 8913 8951
f 8467 8951 8468
f 8468 8951 8947
f 8468 8947 8470
f 8470 8947 8945
f 8470 8945 8479
f 8479 8945 8944
f 8479 8944 8480
f 8480 8944 8917
f 8480 8917 8471
f 8471 8917 8916
f 8471 8916 8472
f 8472 8916 8943
f 8472 8943 8490
f 8490 8943 8942
f 8490 8942 8491
f 8491 8942 8941
f 8491 8941 8492
f 8492 8941 8940
f 8492 8940 8454
f 8454 8940 8939
f 8454 8939 8455
f 8455 8939 8938
f 8455 8938 8473
f 8473 8938 8937
f 8473 8937 8474
f 8474 8937 8936
f 8474 8936 8475
f 8475 8936 8935
f 8475 8935 8481
f 8481 8935 8934
f 8481 8934 8482
f 8482 8934 8956
f 8482 8956 8483
f 8483 8956 8955
f 8483 8955 8457
f 8457 8955 8954
f 8457 8954 8458
f 8458 8954 8933
f 8458 8933 8460
f 8460 8933 8932
f 8460 8932 8461
f 8461 8932 8931
f 8461 8931 8476
f 8476 8931 8926
f 8476 8926 8477
f 8477 8926 8925
f 8477 8925 8478
f 8478 8925 8924
f 8478 8924 8493
f 8493 8924 8915
f 8493 8915 8494
f 8494 8915 8914
f 8494 8914 8495
f 8495 8914 8930
f 8495 8930 8462
f 8462 8930 8929
f 8462 8929 8463
f 8463 8929 8928
f 8463 8928 8465
f 8465 8928 8908
f 8465 8908 8466
f 8466 8908 8907
f 8466 8907 8484
f 8484 8907 8923
f 8484 8923 8485
f 8485 8923 8922
f 8485 8922 8486
f 8486 8922 8921
f 8486 8921 8487
f 8487 8921 8927
f 8487 8927 8488
f 8488 8927 8911
f 8960 9001 9002
f 9003 9004 8960
f 8960 9004 9005
f 8960 9005 9006
f 9007 8961 9008
f 9008 8961 8960
f 9008 8960 9009
f 9009 8960 9006
f 9001 8960 9010
f 9010 8960 9011
f 9010 9011 9012
f 9002 9013 8960
f 8960 9013 9014
f 8960 9014 9003
f 8902 8901 8548
f 8548 8901 9015
f 8548 9015 8499
f 8499 9015 9016
f 9012 8901 9010
f 9010 8901 8903
f 9010 8903 8946
f 9017 9018 9019
f 9017 9019 9012
f 9012 9019 9020
f 9012 9020 9021
f 9021 9022 9012
f 9012 9022 9023
f 9012 9023 9024
f 9024 9025 9012
f 9012 9025 9015
f 9012 9015 8901
f 8960 8464 9011
f 9011 8464 8469
f 9011 8469 8499
f 9011 9026 9027
f 9027 9028 9011
f 9011 9028 9029
f 9011 9029 9030
f 8499 9016 9011
f 9011 9016 9031
f 9011 9031 9032
f 9032 9033 9011
f 9011 9033 9034
f 9011 9034 9026
f 8902 8548 8904
f 8904 8548 8547
f 8904 8547 8905
f 8905 8547 8546
f 8905 8546 8881
f 8881 8546 8545
f 8881 8545 8882
f 8882 8545 8544
f 8882 8544 8883
f 8883 8544 8543
f 8883 8543 8871
f 8871 8543 8503
f 8871 8503 8872
f 8872 8503 8502
f 8872 8502 8873
f 8873 8502 8555
f 8873 8555 8861
f 8861 8555 8554
f 8861 8554 8451
f 8451 8554 8453
f 8556 8755 8767
f 8556 8767 8569
f 8569 8767 8769
f 8569 8769 8574
f 8574 8769 8771
f 8574 8771 8575
f 8575 8771 8773
f 8575 8773 8577
f 8577 8773 8774
f 8577 8774 8579
f 8579 8774 8776
f 8579 8776 8581
f 8581 8776 8778
f 8581 8778 8583
f 8583 8778 8780
f 8583 8780 8623
f 8623 8780 8782
f 8623 8782 8622
f 8622 8782 8749
f 8622 8749 8605
f 8520 8878 8898
f 8520 8898 8551
f 8551 8898 8896
f 8551 8896 8549
f 8549 8896 8894
f 8549 8894 8517
f 8517 8894 8892
f 8517 8892 8515
f 8515 8892 8891
f 8515 8891 8513
f 8513 8891 8854
f 8513 8854 8511
f 8511 8854 8852
f 8511 8852 8509
f 8509 8852 8850
f 8509 8850 8507
f 8507 8850 8848
f 8507 8848 8505
f 8505 8848 8450
f 8505 8450 8452
f 8441 8845 8570
f 8561 9035 8570
f 8570 9035 8442
f 8570 8442 8441
f 9036 9037 8958
f 8958 9037 9038
f 8958 9038 9039
f 8957 9040 8958
f 8958 9040 9041
f 8958 9041 9036
f 9039 9042 8958
f 8958 9042 9043
f 8958 9043 9044
f 9044 9045 8958
f 8958 9045 9046
f 8958 9046 9047
f 9047 9046 8435
f 9047 8435 8440
f 8658 8958 8614
f 8614 8958 9047
f 9048 9047 9049
f 9049 9047 9050
f 9051 9052 9053
f 8561 8614 9035
f 9035 8614 9047
f 9035 9047 9054
f 9054 9047 9048
f 9050 9055 9049
f 9049 9055 9051
f 9049 9051 9056
f 9056 9051 9053
f 8570 8845 8571
f 8571 8845 8844
f 8571 8844 8572
f 8572 8844 8840
f 8572 8840 8559
f 8559 8840 8839
f 8559 8839 8560
f 8560 8839 8838
f 8560 8838 8562
f 8562 8838 8837
f 8562 8837 8634
f 8634 8837 8836
f 8634 8836 8635
f 8635 8836 8835
f 8635 8835 8609
f 8609 8835 8834
f 8609 8834 8600
f 8600 8834 8841
f 8600 8841 8598
f 8598 8841 8790
f 9008 8919 9007
f 9007 8919 8918
f 9057 9058 8918
f 9059 9060 8918
f 8918 9058 9007
f 9007 9058 9061
f 9007 9061 9062
f 9063 9064 9065
f 9060 9066 8918
f 8918 9066 9067
f 8918 9067 9057
f 9063 9065 8918
f 8918 9065 9068
f 8918 9068 9059
f 9069 9062 9070
f 9070 9062 9071
f 9069 9072 9062
f 9062 9072 9073
f 9062 9073 9074
f 9074 9075 9062
f 9062 9075 9076
f 9062 9076 9007
f 8989 8992 9058
f 9058 8992 9061
f 8741 9041 8742
f 8742 9041 9040
f 8742 9077 9078
f 9077 8742 9079
f 9079 8742 9040
f 9079 9040 9080
f 9080 9040 9081
f 9080 9081 9082
f 9082 9083 9080
f 9080 9083 9084
f 9080 9084 9085
f 9085 9086 9080
f 9080 9086 9087
f 9080 9087 9088
f 9089 9090 9078
f 9078 9090 9091
f 9078 9091 8742
f 9078 9092 9089
f 9089 9092 9093
f 9089 9093 9094
f 9094 9093 9095
f 9094 9095 9096
f 9077 9079 8959
f 8959 9079 8971
f 8706 8742 9091
f 8706 9091 8965
f 8965 9091 9090
f 8965 9090 8962
f 8962 9090 9089
f 8962 9089 8963
f 8963 9089 9094
f 8963 9094 8968
f 8968 9094 9096
f 8968 9096 8966
f 8966 9096 9095
f 8966 9095 8967
f 8967 9095 9093
f 8967 9093 8969
f 8969 9093 9092
f 8969 9092 8970
f 8970 9092 9078
f 8970 9078 8964
f 8964 9078 9077
f 8964 9077 8959
f 8971 9079 9080
f 8971 9080 8972
f 8972 9080 9088
f 8972 9088 8973
f 8973 9088 9087
f 8973 9087 8974
f 8974 9087 9086
f 8974 9086 8975
f 8975 9086 9085
f 8975 9085 8976
f 8976 9085 9084
f 8976 9084 8977
f 8977 9084 9083
f 8977 9083 8978
f 8978 9083 9082
f 8978 9082 8980
f 8980 9082 9081
f 8980 9081 8979
f 8979 9081 9040
f 8979 9040 8957
f 8436 8435 8732
f 8732 8435 9046
f 8732 9046 8733
f 8733 9046 9045
f 8733 9045 8743
f 8743 9045 9044
f 8743 9044 8744
f 8744 9044 9043
f 8744 9043 8736
f 8736 9043 9042
f 8736 9042 8737
f 8737 9042 9039
f 8737 9039 8738
f 8738 9039 9038
f 8738 9038 8739
f 8739 9038 9037
f 8739 9037 8740
f 8740 9037 9036
f 8740 9036 8741
f 8741 9036 9041
f 8989 9058 9057
f 8989 9057 8990
f 8990 9057 9067
f 8990 9067 8991
f 8991 9067 9066
f 8991 9066 8994
f 8994 9066 9060
f 8994 9060 8995
f 8995 9060 9059
f 8995 9059 8996
f 8996 9059 9068
f 8996 9068 9000
f 9000 9068 9065
f 9000 9065 8999
f 8999 9065 9064
f 8999 9064 8997
f 8997 9064 9063
f 8997 9063 8998
f 8998 9063 8918
f 8998 8918 8906
f 9061 8992 8983
f 9061 8983 9062
f 9062 8983 8988
f 9062 8988 9071
f 9071 8988 8987
f 9071 8987 9070
f 9070 8987 8986
f 9070 8986 9069
f 9069 8986 8985
f 9069 8985 9072
f 9072 8985 8984
f 9072 8984 9073
f 9073 8984 8982
f 9073 8982 9074
f 9074 8982 8981
f 9074 8981 9075
f 9075 8981 8993
f 9075 8993 9076
f 9076 8993 8961
f 9076 8961 9007
f 9010 8946 9001
f 9001 8946 8948
f 9001 8948 9002
f 9002 8948 8953
f 9002 8953 9013
f 9013 8953 8952
f 9013 8952 9014
f 9014 8952 8950
f 9014 8950 9003
f 9003 8950 8949
f 9003 8949 9004
f 9004 8949 8912
f 9004 8912 9005
f 9005 8912 8910
f 9005 8910 9006
f 9006 8910 8909
f 9006 8909 9009
f 9009 8909 8920
f 9009 8920 9008
f 9008 8920 8919
f 8442 9035 9054
f 8442 9054 8443
f 8443 9054 9048
f 8443 9048 8438
f 8438 9048 9049
f 8438 9049 8439
f 8439 9049 9056
f 8439 9056 8444
f 8444 9056 9053
f 8444 9053 8445
f 8445 9053 9052
f 8445 9052 8446
f 8446 9052 9051
f 8446 9051 8447
f 8447 9051 9055
f 8447 9055 8448
f 8448 9055 9050
f 8448 9050 8449
f 8449 9050 9047
f 8449 9047 8440
f 9012 9011 9030
f 9012 9030 9017
f 9017 9030 9029
f 9017 9029 9018
f 9018 9029 9028
f 9018 9028 9019
f 9019 9028 9027
f 9019 9027 9020
f 9020 9027 9026
f 9020 9026 9021
f 9021 9026 9034
f 9021 9034 9022
f 9022 9034 9033
f 9022 9033 9023
f 9023 9033 9032
f 9023 9032 9024
f 9024 9032 9031
f 9024 9031 9025
f 9025 9031 9016
f 9025 9016 9015

