# https://github.com/mikedh/trimesh
v -0.00012313 -0.01586423 0.27600209
v -0.00412313 -0.01586423 0.27600027
v -0.01610266 -0.01586423 0.23099483
v -0.00884994 -0.01586423 0.29055390
v -0.00876791 -0.01586423 0.29032205
v -0.00412495 -0.01586423 0.28000027
v -0.00872624 -0.01586423 0.29007968
v -0.00872612 -0.01586423 0.28983373
v -0.01112943 -0.01586423 0.29104410
v -0.01093176 -0.01586423 0.29119043
v -0.02513404 -0.01586423 0.29998775
v -0.01071221 -0.01586423 0.29130124
v -0.02012722 -0.01586423 0.28499299
v -0.00974573 -0.01586423 0.28856979
v -0.00998613 -0.01586423 0.28851788
v -0.01023184 -0.01586423 0.28850731
v -0.01047579 -0.01586423 0.28853844
v -0.01071098 -0.01586423 0.28861036
v -0.02012313 -0.01586423 0.27599299
v -0.01612313 -0.01586423 0.27599481
v -0.00951757 -0.01586423 0.28866160
v -0.00930821 -0.01586423 0.28879065
v -0.02491337 -0.01586423 0.29668778
v -0.01143715 -0.01586423 0.29066264
v -0.01129952 -0.01586423 0.29086646
v -0.00998744 -0.01586423 0.29139438
v -0.00929744 -0.01586423 0.29380263
v -0.01023316 -0.01586423 0.29140470
v -0.01021334 -0.01586423 0.29544045
v -0.01047708 -0.01586423 0.29137335
v -0.01083928 -0.01586423 0.29720947
v -0.01115726 -0.01586423 0.29905882
v -0.00670872 -0.01586423 0.29110407
v -0.00811792 -0.01586423 0.29234321
v -0.00912457 -0.01586423 0.29095984
v -0.01093064 -0.01586423 0.28872098
v -0.01112844 -0.01586423 0.28886713
v -0.01129870 -0.01586423 0.28904461
v -0.01143651 -0.01586423 0.28924831
v -0.01153791 -0.01586423 0.28947238
v -0.02238206 -0.01586423 0.28859921
v -0.00884940 -0.01586423 0.28935939
v -0.00896925 -0.01586423 0.28914461
v -0.00912366 -0.01586423 0.28895321
v -0.00974699 -0.01586423 0.29134269
v -0.00951875 -0.01586423 0.29125109
v -0.00930927 -0.01586423 0.29112223
v -0.01159999 -0.01586423 0.28971035
v -0.01162096 -0.01586423 0.28995537
v -0.02399298 -0.01586423 0.29253543
v -0.01160021 -0.01586423 0.29020045
v -0.01153835 -0.01586423 0.29043848
v -0.00876758 -0.01586423 0.28959132
v -0.00153431 -0.01586423 0.28902756
v -0.00336888 -0.01586423 0.28942206
v -0.00511038 -0.01586423 0.29012094
v -0.00896998 -0.01586423 0.29076855
v -0.00010266 -0.01586423 0.23100210
v 0.01589733 -0.01586423 0.23100938
v 0.01587687 -0.01586423 0.27600936
v -0.01094089 -0.01586423 0.31127337
v -0.01072134 -0.01586423 0.31138419
v -0.01588839 -0.01586423 0.31941345
v -0.01895078 -0.01586423 0.31646204
v -0.02146858 -0.01586423 0.31303426
v -0.01154748 -0.01586423 0.31052143
v -0.01237002 -0.01586423 0.32180302
v -0.02336890 -0.01586423 0.30922930
v -0.01163009 -0.01586423 0.31003835
v -0.01160934 -0.01586423 0.31028340
v -0.01144628 -0.01586423 0.31074558
v -0.01130866 -0.01586423 0.31094941
v -0.01113856 -0.01586423 0.31112705
v -0.01048493 -0.01586423 0.30862141
v -0.01072012 -0.01586423 0.30869331
v -0.01084182 -0.01586423 0.30278497
v -0.01115811 -0.01586423 0.30093533
v -0.01093977 -0.01586423 0.30880396
v -0.01119754 -0.01586423 0.29999707
v -0.01113757 -0.01586423 0.30895011
v -0.01130783 -0.01586423 0.30912756
v -0.02511659 -0.01586423 0.30093604
v -0.01144564 -0.01586423 0.30933129
v -0.02459675 -0.01586423 0.30515727
v -0.01154704 -0.01586423 0.30955532
v -0.01160912 -0.01586423 0.30979330
v -0.01048622 -0.01586423 0.31145633
v -0.01024229 -0.01586423 0.31148767
v -0.00849751 -0.01586423 0.32356163
v -0.00999657 -0.01586423 0.31147735
v -0.00438295 -0.01586423 0.32463838
v -0.01024097 -0.01586423 0.30859029
v -0.01021749 -0.01586423 0.30455456
v -0.00999526 -0.01586423 0.30860083
v -0.00930307 -0.01586423 0.30619321
v -0.00975487 -0.01586423 0.30865277
v -0.00975613 -0.01586423 0.31142564
v -0.00952788 -0.01586423 0.31133404
v -0.00014541 -0.01586423 0.32500208
v -0.00931840 -0.01586423 0.31120518
v -0.00913371 -0.01586423 0.31104278
v -0.00812488 -0.01586423 0.30765373
v -0.00931734 -0.01586423 0.30887360
v -0.00952670 -0.01586423 0.30874455
v -0.00511936 -0.01586423 0.30987871
v -0.00337850 -0.01586423 0.31057917
v -0.00877704 -0.01586423 0.31040503
v -0.00885908 -0.01586423 0.31063685
v -0.00897912 -0.01586423 0.31085152
v -0.00873537 -0.01586423 0.31016263
v -0.00873526 -0.01586423 0.30991670
v -0.00671681 -0.01586423 0.30889412
v -0.00877671 -0.01586423 0.30967427
v -0.00885853 -0.01586423 0.30944234
v -0.00897838 -0.01586423 0.30922759
v -0.00913279 -0.01586423 0.30903616
v 0.00914207 -0.01586423 0.31128251
v 0.00409246 -0.01586423 0.32464223
v 0.00936162 -0.01586423 0.31139332
v 0.00820800 -0.01586423 0.32356922
v -0.00154429 -0.01586423 0.31097533
v -0.00014034 -0.01586423 0.31106559
v 0.00033048 -0.01586423 0.31105585
v 0.00398639 -0.01586423 0.31026966
v 0.00847362 -0.01586423 0.31029253
v 0.00219189 -0.01586423 0.31081833
v 0.00853548 -0.01586423 0.31053056
v 0.00863668 -0.01586423 0.31075472
v 0.00877431 -0.01586423 0.31095854
v 0.00894440 -0.01586423 0.31113618
v 0.00959674 -0.01586423 0.31146546
v 0.00984067 -0.01586423 0.31149681
v 0.01208210 -0.01586423 0.32181414
v 0.00936284 -0.01586423 0.30870244
v 0.00847060 -0.01586423 0.30695631
v 0.00959803 -0.01586423 0.30863055
v 0.00952210 -0.01586423 0.30540209
v 0.00984199 -0.01586423 0.30859942
v 0.00914319 -0.01586423 0.30881309
v 0.00894539 -0.01586423 0.30895924
v 0.00717156 -0.01586423 0.30831047
v 0.00877514 -0.01586423 0.30913669
v 0.00863733 -0.01586423 0.30934042
v 0.00566235 -0.01586423 0.30942561
v 0.00853592 -0.01586423 0.30956446
v 0.00847384 -0.01586423 0.30980243
v 0.00845287 -0.01586423 0.31004748
v 0.01008640 -0.01586423 0.31148649
v 0.01032684 -0.01586423 0.31143477
v 0.01560264 -0.01586423 0.31942777
v 0.01055508 -0.01586423 0.31134317
v 0.01076456 -0.01586423 0.31121431
v 0.01866772 -0.01586423 0.31647915
v 0.01092946 -0.01586423 0.30000713
v 0.01032810 -0.01586423 0.30866190
v 0.01076947 -0.01586423 0.30187680
v 0.01008770 -0.01586423 0.30860997
v 0.01029581 -0.01586423 0.30369253
v 0.02486596 -0.01586423 0.30001049
v 0.01076562 -0.01586423 0.30888273
v 0.01055626 -0.01586423 0.30875368
v 0.02309242 -0.01586423 0.30925043
v 0.02118864 -0.01586423 0.31305365
v 0.01130592 -0.01586423 0.31041416
v 0.01134759 -0.01586423 0.31017176
v 0.01134771 -0.01586423 0.30992584
v 0.02432397 -0.01586423 0.30517952
v 0.01094925 -0.01586423 0.31105191
v 0.01110384 -0.01586423 0.31086065
v 0.01122388 -0.01586423 0.31064598
v 0.01130625 -0.01586423 0.30968341
v 0.01122443 -0.01586423 0.30945148
v 0.02484765 -0.01586423 0.30095876
v 0.01110458 -0.01586423 0.30923673
v 0.01095017 -0.01586423 0.30904529
v 0.00915120 -0.01586423 0.29119956
v 0.00937075 -0.01586423 0.29131037
v 0.00847692 -0.01586423 0.29305570
v 0.01077475 -0.01586423 0.28879978
v 0.01056539 -0.01586423 0.28867073
v 0.01987505 -0.01586423 0.28001119
v 0.00952700 -0.01586423 0.29461087
v 0.00960717 -0.01586423 0.28854757
v 0.00937198 -0.01586423 0.28861950
v -0.00012495 -0.01586423 0.28000209
v 0.00915232 -0.01586423 0.28873011
v 0.00895452 -0.01586423 0.28887626
v 0.00717911 -0.01586423 0.29170035
v 0.00567092 -0.01586423 0.29058384
v 0.00854461 -0.01586423 0.29044761
v 0.01987278 -0.01586423 0.28501118
v 0.01077369 -0.01586423 0.29113136
v 0.01095839 -0.01586423 0.29096897
v 0.01033723 -0.01586423 0.28857893
v 0.01009684 -0.01586423 0.28852702
v 0.00985112 -0.01586423 0.28851645
v 0.00878427 -0.01586423 0.28905374
v 0.00864646 -0.01586423 0.28925744
v 0.00854505 -0.01586423 0.28948151
v 0.00864581 -0.01586423 0.29067177
v 0.00878344 -0.01586423 0.29087559
v 0.00895353 -0.01586423 0.29105323
v -0.00013028 -0.01586423 0.28893859
v 0.00034053 -0.01586423 0.28894879
v 0.00220173 -0.01586423 0.28918796
v 0.00848297 -0.01586423 0.28971948
v 0.00399572 -0.01586423 0.28973827
v 0.00846201 -0.01586423 0.28996451
v 0.00848275 -0.01586423 0.29020958
v 0.00960588 -0.01586423 0.29138248
v 0.00984981 -0.01586423 0.29141383
v 0.01029916 -0.01586423 0.29632114
v 0.01009553 -0.01586423 0.29140351
v 0.01077117 -0.01586423 0.29813732
v 0.01033597 -0.01586423 0.29135182
v 0.01056421 -0.01586423 0.29126022
v 0.02464829 -0.01586423 0.29671032
v 0.02212434 -0.01586423 0.28861945
v 0.02373168 -0.01586423 0.29255713
v 0.01111298 -0.01586423 0.29077768
v 0.01123302 -0.01586423 0.29056303
v 0.01131505 -0.01586423 0.29033118
v 0.01135673 -0.01586423 0.29008882
v 0.01135684 -0.01586423 0.28984286
v 0.01131538 -0.01586423 0.28960045
v 0.01123356 -0.01586423 0.28936853
v 0.01111371 -0.01586423 0.28915375
v 0.01095930 -0.01586423 0.28896235
v 0.01999555 -0.01586423 0.01501120
v 0.00960565 -0.01586423 0.01017176
v 0.02225039 -0.01586423 0.01140502
v 0.02283778 -0.01586423 0.01017778
v 0.01435329 -0.01586423 0.01722113
v 0.01402916 -0.01586423 0.01727088
v 0.01649364 -0.01586423 0.01921710
v 0.01648748 -0.01586423 0.03275961
v 0.01998713 -0.01586423 0.03353247
v 0.01646272 -0.01586423 0.03307246
v 0.01638932 -0.01586423 0.03337761
v 0.01646691 -0.01586423 0.01889028
v 0.01638712 -0.01586423 0.01857218
v 0.01625643 -0.01586423 0.01827144
v 0.01607835 -0.01586423 0.01799609
v 0.01585767 -0.01586423 0.01775352
v 0.01560031 -0.01586423 0.01755028
v 0.01371752 -0.01586423 0.01737294
v 0.01342674 -0.01586423 0.01752454
v 0.01316464 -0.01586423 0.01772163
v 0.01531320 -0.01586423 0.01739183
v 0.01500406 -0.01586423 0.01728243
v 0.01468120 -0.01586423 0.01722500
v -0.01648047 -0.01586423 0.01643175
v -0.01650524 -0.01586423 0.01674461
v -0.02000444 -0.01586423 0.01499301
v -0.01533095 -0.01586423 0.03211242
v -0.01502181 -0.01586423 0.03222181
v -0.02001286 -0.01586423 0.03351428
v -0.01469895 -0.01586423 0.03227921
v -0.01437105 -0.01586423 0.03228311
v -0.00269204 -0.01586423 0.03313095
v -0.00272797 -0.01586423 0.03278835
v -0.00270459 -0.01586423 0.03244467
v -0.01648466 -0.01586423 0.03061397
v -0.01640488 -0.01586423 0.03093203
v -0.01627418 -0.01586423 0.03123281
v -0.01609610 -0.01586423 0.03150816
v -0.01404692 -0.01586423 0.03223337
v -0.00229406 -0.01586423 0.03150745
v -0.00248436 -0.01586423 0.03179456
v -0.00262257 -0.01586423 0.03211011
v 0.00227631 -0.01586423 0.01799680
v 0.00246661 -0.01586423 0.01770965
v 0.00260482 -0.01586423 0.01739413
v 0.00268683 -0.01586423 0.01705958
v 0.00243044 -0.01586423 0.01573167
v 0.00222977 -0.01586423 0.01545167
v 0.00138762 -0.01586423 0.01487054
v 0.00105464 -0.01586423 0.01478225
v 0.00071146 -0.01586423 0.01475243
v -0.02284227 -0.01586423 0.01015701
v -0.01450433 -0.01586423 0.01474552
v -0.01481721 -0.01586423 0.01477000
v -0.01512241 -0.01586423 0.01484313
v -0.01541241 -0.01586423 0.01496309
v -0.01568007 -0.01586423 0.01512697
v -0.01591881 -0.01586423 0.01533066
v -0.02225600 -0.01586423 0.01138478
v -0.01651139 -0.01586423 0.03028711
v -0.01587542 -0.01586423 0.03175072
v -0.01561806 -0.01586423 0.03195396
v 0.00271022 -0.01586423 0.01671587
v 0.00267428 -0.01586423 0.01637329
v 0.00258009 -0.01586423 0.01604195
v 0.00198403 -0.01586423 0.01521029
v 0.00170051 -0.01586423 0.01501463
v -0.01612274 -0.01586423 0.01556921
v -0.01628684 -0.01586423 0.01583675
v -0.01640707 -0.01586423 0.01612664
v -0.01373527 -0.01586423 0.03213130
v -0.01344449 -0.01586423 0.03197970
v -0.00205731 -0.01586423 0.03125722
v -0.01318240 -0.01586423 0.03178262
v 0.00203955 -0.01586423 0.01824703
v -0.00259785 -0.01586423 0.03346230
v -0.00244819 -0.01586423 0.03377258
v -0.02001501 -0.01586423 0.03824301
v -0.00224752 -0.01586423 0.03405254
v -0.00200178 -0.01586423 0.03429396
v -0.00171826 -0.01586423 0.03448961
v -0.00140537 -0.01586423 0.03463371
v -0.00263485 -0.01586423 0.05911011
v -0.00271686 -0.01586423 0.05944467
v -0.01438333 -0.01586423 0.05928311
v -0.01405919 -0.01586423 0.05923336
v -0.00230634 -0.01586423 0.05850744
v -0.00249664 -0.01586423 0.05879456
v -0.02002514 -0.01586423 0.06051428
v -0.00274025 -0.01586423 0.05978834
v -0.00270431 -0.01586423 0.06013095
v 0.00137534 -0.01586423 0.04187054
v 0.00104237 -0.01586423 0.04178228
v 0.00959288 -0.01586423 0.03825648
v 0.00069919 -0.01586423 0.04175243
v -0.01649694 -0.01586423 0.05761397
v -0.01641715 -0.01586423 0.05793203
v 0.00241816 -0.01586423 0.04273167
v 0.00221749 -0.01586423 0.04245167
v -0.01451660 -0.01586423 0.04174551
v -0.01482949 -0.01586423 0.04177000
v -0.01513468 -0.01586423 0.04184313
v -0.01542469 -0.01586423 0.04196309
v -0.01569235 -0.01586423 0.04212697
v -0.01593109 -0.01586423 0.04233065
v -0.01374755 -0.01586423 0.05913130
v -0.01345677 -0.01586423 0.05897970
v -0.00206958 -0.01586423 0.05825722
v -0.01319467 -0.01586423 0.05878261
v 0.01315237 -0.01586423 0.04472163
v 0.00202728 -0.01586423 0.04524702
v 0.00226403 -0.01586423 0.04499680
v 0.00197175 -0.01586423 0.04221029
v 0.00168823 -0.01586423 0.04201463
v -0.01613501 -0.01586423 0.04256921
v -0.01629911 -0.01586423 0.04283674
v -0.01641934 -0.01586423 0.04312664
v -0.01628646 -0.01586423 0.05823281
v -0.01610838 -0.01586423 0.05850816
v -0.01588770 -0.01586423 0.05875072
v -0.01563034 -0.01586423 0.05895396
v -0.01534323 -0.01586423 0.05911242
v -0.01503409 -0.01586423 0.05922181
v -0.01471123 -0.01586423 0.05927921
v 0.00245433 -0.01586423 0.04470965
v 0.00259254 -0.01586423 0.04439413
v 0.00267455 -0.01586423 0.04405957
v -0.01649275 -0.01586423 0.04343175
v -0.01651751 -0.01586423 0.04374460
v -0.01652367 -0.01586423 0.05728711
v 0.00269794 -0.01586423 0.04371586
v 0.00266201 -0.01586423 0.04337329
v 0.00256782 -0.01586423 0.04304195
v -0.00261012 -0.01586423 0.06046229
v -0.00246047 -0.01586423 0.06077257
v -0.02002729 -0.01586423 0.06524301
v -0.00225980 -0.01586423 0.06105254
v -0.00201406 -0.01586423 0.06129395
v -0.00173054 -0.01586423 0.06148961
v -0.00141765 -0.01586423 0.06163370
v -0.01484176 -0.01586423 0.06876999
v -0.01514696 -0.01586423 0.06884313
v 0.00958060 -0.01586423 0.06525647
v 0.00240589 -0.01586423 0.06973166
v 0.00220521 -0.01586423 0.06945168
v 0.00195947 -0.01586423 0.06921028
v 0.00167595 -0.01586423 0.06901463
v 0.00136306 -0.01586423 0.06887053
v 0.00225175 -0.01586423 0.07199679
v 0.00244205 -0.01586423 0.07170966
v 0.01314009 -0.01586423 0.07172162
v 0.00258026 -0.01586423 0.07139413
v 0.00266228 -0.01586423 0.07105956
v -0.01407147 -0.01586423 0.08623334
v -0.00231861 -0.01586423 0.08550743
v -0.01439560 -0.01586423 0.08628311
v -0.00250892 -0.01586423 0.08579457
v -0.00264713 -0.01586423 0.08611011
v -0.01543696 -0.01586423 0.06896311
v -0.01570463 -0.01586423 0.06912695
v -0.01594336 -0.01586423 0.06933067
v -0.01650922 -0.01586423 0.08461396
v -0.01642943 -0.01586423 0.08493202
v -0.02003742 -0.01586423 0.08751428
v 0.00268566 -0.01586423 0.07071588
v 0.00264973 -0.01586423 0.07037327
v 0.00255554 -0.01586423 0.07004194
v 0.00103009 -0.01586423 0.06878225
v 0.00068691 -0.01586423 0.06875243
v -0.01452888 -0.01586423 0.06874551
v -0.01614729 -0.01586423 0.06956922
v -0.01631139 -0.01586423 0.06983672
v -0.01643162 -0.01586423 0.07012662
v -0.01472351 -0.01586423 0.08627922
v -0.01589997 -0.01586423 0.08575072
v -0.01564262 -0.01586423 0.08595396
v -0.00271659 -0.01586423 0.08713095
v -0.00275253 -0.01586423 0.08678836
v -0.00272914 -0.01586423 0.08644466
v -0.01375983 -0.01586423 0.08613130
v -0.01346905 -0.01586423 0.08597970
v -0.00208186 -0.01586423 0.08525721
v -0.01320695 -0.01586423 0.08578261
v 0.00201500 -0.01586423 0.07224702
v -0.01650503 -0.01586423 0.07043176
v -0.01652979 -0.01586423 0.07074462
v -0.01653595 -0.01586423 0.08428712
v -0.01629874 -0.01586423 0.08523279
v -0.01612066 -0.01586423 0.08550815
v -0.01535551 -0.01586423 0.08611240
v -0.01504637 -0.01586423 0.08622181
v -0.00262240 -0.01586423 0.08746229
v -0.00247275 -0.01586423 0.08777257
v -0.02003957 -0.01586423 0.09224302
v -0.00227208 -0.01586423 0.08805255
v -0.00202633 -0.01586423 0.08829395
v -0.00174281 -0.01586423 0.08848961
v -0.00142993 -0.01586423 0.08863370
v -0.01485404 -0.01586423 0.09576999
v -0.01515924 -0.01586423 0.09584313
v 0.00956832 -0.01586423 0.09225648
v 0.00239361 -0.01586423 0.09673166
v 0.00219294 -0.01586423 0.09645168
v 0.00194719 -0.01586423 0.09621028
v 0.00166367 -0.01586423 0.09601462
v 0.00135078 -0.01586423 0.09587053
v -0.00265940 -0.01586423 0.11311010
v -0.00274142 -0.01586423 0.11344468
v -0.01440788 -0.01586423 0.11328309
v -0.02004970 -0.01586423 0.11451427
v -0.00276480 -0.01586423 0.11378835
v -0.00272887 -0.01586423 0.11413095
v 0.00223947 -0.01586423 0.09899679
v 0.00242978 -0.01586423 0.09870966
v 0.01312781 -0.01586423 0.09872162
v 0.00256798 -0.01586423 0.09839413
v 0.00265000 -0.01586423 0.09805955
v -0.01544924 -0.01586423 0.09596310
v -0.01571691 -0.01586423 0.09612695
v -0.01595564 -0.01586423 0.09633066
v -0.01408375 -0.01586423 0.11323334
v -0.00233089 -0.01586423 0.11250744
v -0.00252120 -0.01586423 0.11279457
v 0.00101781 -0.01586423 0.09578226
v 0.00067463 -0.01586423 0.09575244
v -0.01454116 -0.01586423 0.09574552
v -0.01615957 -0.01586423 0.09656922
v -0.01632367 -0.01586423 0.09683672
v -0.01644390 -0.01586423 0.09712661
v 0.00267339 -0.01586423 0.09771587
v 0.00263745 -0.01586423 0.09737328
v 0.00254326 -0.01586423 0.09704193
v -0.01505865 -0.01586423 0.11322181
v -0.01536779 -0.01586423 0.11311240
v -0.01565490 -0.01586423 0.11295396
v -0.01473579 -0.01586423 0.11327922
v -0.01377210 -0.01586423 0.11313130
v -0.01348132 -0.01586423 0.11297969
v -0.00209414 -0.01586423 0.11225721
v -0.01321923 -0.01586423 0.11278261
v 0.00200272 -0.01586423 0.09924702
v -0.01631102 -0.01586423 0.11223280
v -0.01644171 -0.01586423 0.11193204
v -0.01652149 -0.01586423 0.11161396
v -0.01613294 -0.01586423 0.11250815
v -0.01591225 -0.01586423 0.11275071
v -0.01651730 -0.01586423 0.09743174
v -0.01654207 -0.01586423 0.09774461
v -0.01654823 -0.01586423 0.11128712
v -0.00263468 -0.01586423 0.11446229
v -0.00248503 -0.01586423 0.11477257
v -0.02005185 -0.01586423 0.11924302
v -0.00228435 -0.01586423 0.11505255
v -0.00203861 -0.01586423 0.11529395
v -0.00175509 -0.01586423 0.11548959
v -0.00144220 -0.01586423 0.11563370
v -0.01486632 -0.01586423 0.12276999
v -0.01517152 -0.01586423 0.12284312
v -0.00249731 -0.01586423 0.14177255
v -0.00229663 -0.01586423 0.14205255
v -0.02006412 -0.01586423 0.14624300
v -0.00205089 -0.01586423 0.14229395
v -0.00176737 -0.01586423 0.14248959
v -0.00145448 -0.01586423 0.14263370
v 0.00238133 -0.01586423 0.12373166
v 0.00218066 -0.01586423 0.12345168
v 0.00955605 -0.01586423 0.11925648
v -0.01349360 -0.01586423 0.13997968
v -0.01323151 -0.01586423 0.13978261
v -0.00253347 -0.01586423 0.13979455
v 0.00193492 -0.01586423 0.12321028
v 0.00165140 -0.01586423 0.12301462
v 0.00133851 -0.01586423 0.12287053
v 0.00100553 -0.01586423 0.12278226
v 0.00066235 -0.01586423 0.12275244
v -0.01455344 -0.01586423 0.12274552
v -0.01546152 -0.01586423 0.12296309
v -0.01572918 -0.01586423 0.12312694
v -0.01596792 -0.01586423 0.12333066
v -0.01617185 -0.01586423 0.12356922
v -0.01633595 -0.01586423 0.12383672
v -0.01645618 -0.01586423 0.12412661
v -0.00234317 -0.01586423 0.13950742
v -0.00267168 -0.01586423 0.14011010
v -0.01442016 -0.01586423 0.14028310
v -0.01409603 -0.01586423 0.14023334
v 0.01311553 -0.01586423 0.12572162
v 0.00255571 -0.01586423 0.12539412
v 0.00263772 -0.01586423 0.12505955
v 0.00199044 -0.01586423 0.12624702
v 0.00222720 -0.01586423 0.12599679
v 0.00241750 -0.01586423 0.12570966
v -0.01378438 -0.01586423 0.14013129
v 0.00266111 -0.01586423 0.12471587
v 0.00262517 -0.01586423 0.12437328
v 0.00253098 -0.01586423 0.12404192
v -0.01592453 -0.01586423 0.13975071
v -0.01566717 -0.01586423 0.13995394
v -0.01653377 -0.01586423 0.13861394
v -0.01645399 -0.01586423 0.13893202
v -0.01538006 -0.01586423 0.14011239
v -0.01507093 -0.01586423 0.14022180
v -0.01474806 -0.01586423 0.14027920
v -0.00210642 -0.01586423 0.13925721
v -0.00275370 -0.01586423 0.14044467
v -0.00277708 -0.01586423 0.14078834
v -0.00274115 -0.01586423 0.14113093
v -0.00264696 -0.01586423 0.14146228
v -0.01652958 -0.01586423 0.12443175
v -0.01655435 -0.01586423 0.12474461
v -0.01656051 -0.01586423 0.13828710
v -0.01632330 -0.01586423 0.13923278
v -0.01614521 -0.01586423 0.13950815
v 0.00236905 -0.01586423 0.15073166
v 0.00216838 -0.01586423 0.15045167
v 0.00954377 -0.01586423 0.14625646
v 0.00192264 -0.01586423 0.15021026
v 0.00163912 -0.01586423 0.15001462
v 0.00132623 -0.01586423 0.14987053
v -0.00268396 -0.01586423 0.16711010
v -0.00276597 -0.01586423 0.16744466
v -0.01443244 -0.01586423 0.16728308
v -0.01487860 -0.01586423 0.14977000
v -0.01518379 -0.01586423 0.14984311
v -0.02007425 -0.01586423 0.16851427
v -0.00278936 -0.01586423 0.16778835
v -0.00275342 -0.01586423 0.16813094
v 0.00099326 -0.01586423 0.14978225
v 0.00065007 -0.01586423 0.14975242
v -0.01456572 -0.01586423 0.14974550
v -0.01547380 -0.01586423 0.14996309
v -0.01574146 -0.01586423 0.15012696
v -0.01598020 -0.01586423 0.15033066
v 0.00221492 -0.01586423 0.15299680
v 0.00240522 -0.01586423 0.15270964
v 0.01310325 -0.01586423 0.15272161
v 0.00254343 -0.01586423 0.15239412
v 0.00262544 -0.01586423 0.15205955
v 0.00264883 -0.01586423 0.15171587
v 0.00261290 -0.01586423 0.15137326
v 0.00251871 -0.01586423 0.15104194
v -0.01618412 -0.01586423 0.15056921
v -0.01634823 -0.01586423 0.15083673
v -0.01646846 -0.01586423 0.15112662
v -0.01654605 -0.01586423 0.16561396
v -0.01646626 -0.01586423 0.16593203
v -0.01633557 -0.01586423 0.16623278
v -0.01615749 -0.01586423 0.16650815
v -0.01593681 -0.01586423 0.16675071
v -0.01567945 -0.01586423 0.16695394
v -0.01539234 -0.01586423 0.16711239
v -0.01508320 -0.01586423 0.16722180
v -0.01476034 -0.01586423 0.16727921
v -0.01379666 -0.01586423 0.16713129
v -0.00211869 -0.01586423 0.16625721
v -0.01410831 -0.01586423 0.16723335
v -0.00235545 -0.01586423 0.16650743
v -0.00254575 -0.01586423 0.16679456
v -0.01654186 -0.01586423 0.15143175
v -0.01656663 -0.01586423 0.15174461
v -0.01657278 -0.01586423 0.16528712
v -0.01350588 -0.01586423 0.16697969
v -0.01324379 -0.01586423 0.16678260
v 0.00197816 -0.01586423 0.15324701
v -0.00206317 -0.01586423 0.16929394
v -0.00177965 -0.01586423 0.16948960
v -0.02007640 -0.01586423 0.17324301
v -0.00146676 -0.01586423 0.16963368
v -0.00265923 -0.01586423 0.16846228
v -0.00250958 -0.01586423 0.16877256
v -0.00230891 -0.01586423 0.16905254
v 0.00235677 -0.01586423 0.17773165
v 0.00215610 -0.01586423 0.17745166
v 0.00953149 -0.01586423 0.17325648
v 0.00191036 -0.01586423 0.17721027
v 0.00162684 -0.01586423 0.17701462
v 0.00131395 -0.01586423 0.17687052
v -0.00269624 -0.01586423 0.19411008
v -0.00277825 -0.01586423 0.19444465
v -0.01444471 -0.01586423 0.19428310
v -0.01489087 -0.01586423 0.17676998
v -0.01519607 -0.01586423 0.17684312
v -0.02008653 -0.01586423 0.19551425
v -0.00280164 -0.01586423 0.19478835
v -0.00276570 -0.01586423 0.19513094
v 0.00220264 -0.01586423 0.17999678
v 0.00239294 -0.01586423 0.17970965
v 0.01309098 -0.01586423 0.17972161
v 0.00253115 -0.01586423 0.17939410
v 0.00261317 -0.01586423 0.17905954
v 0.00098098 -0.01586423 0.17678225
v 0.00063780 -0.01586423 0.17675243
v -0.01457799 -0.01586423 0.17674551
v -0.01655833 -0.01586423 0.19261395
v -0.01647854 -0.01586423 0.19293203
v -0.01594908 -0.01586423 0.19375071
v -0.01569173 -0.01586423 0.19395395
v -0.01540462 -0.01586423 0.19411239
v -0.01509548 -0.01586423 0.19422180
v -0.01548607 -0.01586423 0.17696309
v -0.01575374 -0.01586423 0.17712694
v -0.01599247 -0.01586423 0.17733066
v -0.01619640 -0.01586423 0.17756919
v -0.01636050 -0.01586423 0.17783671
v -0.01648073 -0.01586423 0.17812661
v -0.01477262 -0.01586423 0.19427921
v -0.01380894 -0.01586423 0.19413129
v -0.00213097 -0.01586423 0.19325720
v -0.01412058 -0.01586423 0.19423333
v -0.00236772 -0.01586423 0.19350743
v -0.00255803 -0.01586423 0.19379456
v 0.00263655 -0.01586423 0.17871587
v 0.00260062 -0.01586423 0.17837327
v 0.00250643 -0.01586423 0.17804192
v -0.01634785 -0.01586423 0.19323279
v -0.01616977 -0.01586423 0.19350816
v -0.01655414 -0.01586423 0.17843173
v -0.01657890 -0.01586423 0.17874459
v -0.01658506 -0.01586423 0.19228711
v -0.01351816 -0.01586423 0.19397969
v -0.01325606 -0.01586423 0.19378260
v 0.00196589 -0.01586423 0.18024701
v -0.00207545 -0.01586423 0.19629394
v -0.00179192 -0.01586423 0.19648958
v -0.02008868 -0.01586423 0.20024301
v -0.00147904 -0.01586423 0.19663369
v -0.00267151 -0.01586423 0.19546229
v -0.00252186 -0.01586423 0.19577256
v -0.00232119 -0.01586423 0.19605254
v 0.00161456 -0.01586423 0.20401461
v 0.00130167 -0.01586423 0.20387051
v 0.00951921 -0.01586423 0.20025647
v 0.00234450 -0.01586423 0.20473165
v 0.00214382 -0.01586423 0.20445167
v 0.00189808 -0.01586423 0.20421026
v -0.01490315 -0.01586423 0.20376998
v -0.01520835 -0.01586423 0.20384311
v 0.00219036 -0.01586423 0.20699678
v 0.00238066 -0.01586423 0.20670964
v 0.01307870 -0.01586423 0.20672160
v 0.00251887 -0.01586423 0.20639411
v 0.00260089 -0.01586423 0.20605955
v -0.00270852 -0.01586423 0.22111009
v -0.00279053 -0.01586423 0.22144466
v -0.01445699 -0.01586423 0.22128309
v -0.02009881 -0.01586423 0.22251426
v -0.00281392 -0.01586423 0.22178834
v -0.00277798 -0.01586423 0.22213093
v 0.00096870 -0.01586423 0.20378225
v 0.00062552 -0.01586423 0.20375242
v -0.01459027 -0.01586423 0.20374550
v -0.01549835 -0.01586423 0.20396308
v -0.01576602 -0.01586423 0.20412693
v -0.01600475 -0.01586423 0.20433066
v -0.01620868 -0.01586423 0.20456921
v -0.01637278 -0.01586423 0.20483671
v -0.01649301 -0.01586423 0.20512660
v -0.01382121 -0.01586423 0.22113128
v -0.00214325 -0.01586423 0.22025720
v -0.01413286 -0.01586423 0.22123333
v -0.00238000 -0.01586423 0.22050742
v -0.00257031 -0.01586423 0.22079455
v 0.00262428 -0.01586423 0.20571586
v 0.00258834 -0.01586423 0.20537327
v 0.00249415 -0.01586423 0.20504191
v -0.01657061 -0.01586423 0.21961394
v -0.01649082 -0.01586423 0.21993201
v -0.01596136 -0.01586423 0.22075070
v -0.01570401 -0.01586423 0.22095394
v -0.01541690 -0.01586423 0.22111239
v -0.01510776 -0.01586423 0.22122179
v -0.01478490 -0.01586423 0.22127920
v -0.01636013 -0.01586423 0.22023278
v -0.01618205 -0.01586423 0.22050815
v -0.01656641 -0.01586423 0.20543173
v -0.01659118 -0.01586423 0.20574460
v -0.01659734 -0.01586423 0.21928710
v -0.01353044 -0.01586423 0.22097968
v -0.01326834 -0.01586423 0.22078259
v 0.00195361 -0.01586423 0.20724701
v -0.00208772 -0.01586423 0.22329393
v -0.00180420 -0.01586423 0.22348958
v -0.02010084 -0.01586423 0.22699300
v -0.00149131 -0.01586423 0.22363368
v -0.00268379 -0.01586423 0.22246228
v -0.00253414 -0.01586423 0.22277255
v -0.00233346 -0.01586423 0.22305254
v 0.01471351 -0.01586423 0.22373421
v 0.01501871 -0.01586423 0.22366108
v 0.01989915 -0.01586423 0.22701119
v 0.01530871 -0.01586423 0.22354111
v 0.01557638 -0.01586423 0.22337726
v -0.00115834 -0.01586423 0.22372194
v -0.00081516 -0.01586423 0.22375177
v 0.00950705 -0.01586423 0.22700646
v 0.00950853 -0.01586423 0.22375646
v 0.01440063 -0.01586423 0.22375869
v 0.01638096 -0.01586423 0.20789026
v 0.01630118 -0.01586423 0.20757218
v 0.01991132 -0.01586423 0.20026120
v 0.01577172 -0.01586423 0.20675350
v 0.01551437 -0.01586423 0.20655026
v 0.01522726 -0.01586423 0.20639182
v 0.01491812 -0.01586423 0.20628241
v 0.01459526 -0.01586423 0.20622499
v 0.01426735 -0.01586423 0.20622110
v 0.01394322 -0.01586423 0.20627086
v 0.01363157 -0.01586423 0.20637292
v 0.01334079 -0.01586423 0.20652452
v 0.01617049 -0.01586423 0.20727142
v 0.01599241 -0.01586423 0.20699605
v 0.01581511 -0.01586423 0.22317355
v 0.01601904 -0.01586423 0.22293500
v 0.01990119 -0.01586423 0.22253245
v 0.01618314 -0.01586423 0.22266748
v 0.01630337 -0.01586423 0.22237759
v 0.01637678 -0.01586423 0.22207246
v 0.01640154 -0.01586423 0.22175961
v 0.01640770 -0.01586423 0.20821709
v 0.01472579 -0.01586423 0.19673423
v 0.01503099 -0.01586423 0.19666109
v 0.01532099 -0.01586423 0.19654112
v 0.01558865 -0.01586423 0.19637728
v -0.00114606 -0.01586423 0.19672195
v -0.00080288 -0.01586423 0.19675178
v 0.00952081 -0.01586423 0.19675647
v 0.01441291 -0.01586423 0.19675870
v 0.01639324 -0.01586423 0.18089026
v 0.01631346 -0.01586423 0.18057218
v 0.01992359 -0.01586423 0.17326120
v 0.01578400 -0.01586423 0.17975351
v 0.01552664 -0.01586423 0.17955026
v 0.01523954 -0.01586423 0.17939181
v 0.01493040 -0.01586423 0.17928242
v 0.01460753 -0.01586423 0.17922500
v 0.01427963 -0.01586423 0.17922111
v 0.01395550 -0.01586423 0.17927086
v 0.01364385 -0.01586423 0.17937293
v 0.01335307 -0.01586423 0.17952453
v 0.01618277 -0.01586423 0.18027142
v 0.01600468 -0.01586423 0.17999605
v 0.01582739 -0.01586423 0.19617356
v 0.01603132 -0.01586423 0.19593500
v 0.01991347 -0.01586423 0.19553244
v 0.01619542 -0.01586423 0.19566748
v 0.01631565 -0.01586423 0.19537759
v 0.01638905 -0.01586423 0.19507246
v 0.01641382 -0.01586423 0.19475961
v 0.01641998 -0.01586423 0.18121710
v 0.01473807 -0.01586423 0.16973422
v 0.01504326 -0.01586423 0.16966110
v 0.01533327 -0.01586423 0.16954113
v 0.01560093 -0.01586423 0.16937726
v -0.00113379 -0.01586423 0.16972196
v -0.00079060 -0.01586423 0.16975178
v 0.00953308 -0.01586423 0.16975648
v 0.01442519 -0.01586423 0.16975870
v 0.01993587 -0.01586423 0.14626119
v 0.01553892 -0.01586423 0.15255027
v 0.01525181 -0.01586423 0.15239181
v 0.01494267 -0.01586423 0.15228242
v 0.01461981 -0.01586423 0.15222499
v 0.01429191 -0.01586423 0.15222112
v 0.01396777 -0.01586423 0.15227087
v 0.01365613 -0.01586423 0.15237291
v 0.01336535 -0.01586423 0.15252451
v 0.01640552 -0.01586423 0.15389025
v 0.01632573 -0.01586423 0.15357219
v 0.01619504 -0.01586423 0.15327144
v 0.01583967 -0.01586423 0.16917354
v 0.01604360 -0.01586423 0.16893501
v 0.01992574 -0.01586423 0.16853246
v 0.01620769 -0.01586423 0.16866750
v 0.01632793 -0.01586423 0.16837759
v 0.01601696 -0.01586423 0.15299607
v 0.01579628 -0.01586423 0.15275351
v 0.01640133 -0.01586423 0.16807247
v 0.01642610 -0.01586423 0.16775961
v 0.01643225 -0.01586423 0.15421709
v 0.01994815 -0.01586423 0.11926121
v 0.01555120 -0.01586423 0.12555027
v 0.01526409 -0.01586423 0.12539183
v 0.01495495 -0.01586423 0.12528242
v 0.01463209 -0.01586423 0.12522501
v 0.01430418 -0.01586423 0.12522112
v 0.01398005 -0.01586423 0.12527087
v 0.01366841 -0.01586423 0.12537292
v 0.01337763 -0.01586423 0.12552453
v 0.01641780 -0.01586423 0.12689026
v 0.01633801 -0.01586423 0.12657219
v 0.01620732 -0.01586423 0.12627142
v 0.01602924 -0.01586423 0.12599607
v 0.01580855 -0.01586423 0.12575350
v 0.01475034 -0.01586423 0.14273422
v 0.01505554 -0.01586423 0.14266108
v -0.00112151 -0.01586423 0.14272197
v -0.00077833 -0.01586423 0.14275177
v 0.00954536 -0.01586423 0.14275646
v 0.01443746 -0.01586423 0.14275869
v 0.01534554 -0.01586423 0.14254111
v 0.01561321 -0.01586423 0.14237727
v 0.01585194 -0.01586423 0.14217356
v 0.01605587 -0.01586423 0.14193501
v 0.01621997 -0.01586423 0.14166749
v 0.01634020 -0.01586423 0.14137760
v 0.01641361 -0.01586423 0.14107247
v 0.01643837 -0.01586423 0.14075961
v 0.01644453 -0.01586423 0.12721710
v -0.00110923 -0.01586423 0.11572195
v -0.00076605 -0.01586423 0.11575179
v 0.00955764 -0.01586423 0.11575648
v 0.01444974 -0.01586423 0.11575871
v 0.01476262 -0.01586423 0.11573422
v 0.01506782 -0.01586423 0.11566110
v 0.01535782 -0.01586423 0.11554113
v 0.01562549 -0.01586423 0.11537727
v 0.01399233 -0.01586423 0.09827087
v 0.01368068 -0.01586423 0.09837293
v 0.01338991 -0.01586423 0.09852454
v 0.01586422 -0.01586423 0.11517357
v 0.01606815 -0.01586423 0.11493501
v 0.01995030 -0.01586423 0.11453246
v 0.01623225 -0.01586423 0.11466749
v 0.01635248 -0.01586423 0.11437760
v 0.01643007 -0.01586423 0.09989027
v 0.01635029 -0.01586423 0.09957219
v 0.01996043 -0.01586423 0.09226121
v 0.01621960 -0.01586423 0.09927143
v 0.01604152 -0.01586423 0.09899606
v 0.01582083 -0.01586423 0.09875352
v 0.01556348 -0.01586423 0.09855027
v 0.01527637 -0.01586423 0.09839183
v 0.01496723 -0.01586423 0.09828242
v 0.01464437 -0.01586423 0.09822501
v 0.01431646 -0.01586423 0.09822112
v 0.01642589 -0.01586423 0.11407247
v 0.01645065 -0.01586423 0.11375962
v 0.01645681 -0.01586423 0.10021711
v 0.01477490 -0.01586423 0.08873422
v 0.01508010 -0.01586423 0.08866111
v 0.01537010 -0.01586423 0.08854114
v 0.01563776 -0.01586423 0.08837727
v -0.00109695 -0.01586423 0.08872197
v -0.00075377 -0.01586423 0.08875179
v 0.00956992 -0.01586423 0.08875649
v 0.01446202 -0.01586423 0.08875871
v 0.01997270 -0.01586423 0.06526120
v 0.01644235 -0.01586423 0.07289027
v 0.01636257 -0.01586423 0.07257219
v 0.01583311 -0.01586423 0.07175350
v 0.01557575 -0.01586423 0.07155028
v 0.01528865 -0.01586423 0.07139182
v 0.01400461 -0.01586423 0.07127087
v 0.01369296 -0.01586423 0.07137294
v 0.01340218 -0.01586423 0.07152454
v 0.01587650 -0.01586423 0.08817355
v 0.01608043 -0.01586423 0.08793501
v 0.01996258 -0.01586423 0.08753247
v 0.01624453 -0.01586423 0.08766749
v 0.01636476 -0.01586423 0.08737760
v 0.01623188 -0.01586423 0.07227143
v 0.01605380 -0.01586423 0.07199608
v 0.01497951 -0.01586423 0.07128243
v 0.01465664 -0.01586423 0.07122501
v 0.01432874 -0.01586423 0.07122113
v 0.01643816 -0.01586423 0.08707247
v 0.01646293 -0.01586423 0.08675962
v 0.01646909 -0.01586423 0.07321711
v -0.00108467 -0.01586423 0.06172196
v -0.00074149 -0.01586423 0.06175178
v 0.00958219 -0.01586423 0.06175647
v 0.01447430 -0.01586423 0.06175870
v 0.01478718 -0.01586423 0.06173424
v 0.01509238 -0.01586423 0.06166111
v 0.01538238 -0.01586423 0.06154112
v 0.01565004 -0.01586423 0.06137727
v 0.01645463 -0.01586423 0.04589027
v 0.01637484 -0.01586423 0.04557218
v 0.01998498 -0.01586423 0.03826120
v 0.01624415 -0.01586423 0.04527143
v 0.01606607 -0.01586423 0.04499608
v 0.01584539 -0.01586423 0.04475352
v 0.01558803 -0.01586423 0.04455028
v 0.01530093 -0.01586423 0.04439182
v 0.01401688 -0.01586423 0.04427088
v 0.01370524 -0.01586423 0.04437294
v 0.01341446 -0.01586423 0.04452454
v 0.01588878 -0.01586423 0.06117356
v 0.01609271 -0.01586423 0.06093500
v 0.01997485 -0.01586423 0.06053247
v 0.01625681 -0.01586423 0.06066750
v 0.01637704 -0.01586423 0.06037760
v 0.01499178 -0.01586423 0.04428243
v 0.01466892 -0.01586423 0.04422500
v 0.01434102 -0.01586423 0.04422113
v 0.01645044 -0.01586423 0.06007249
v 0.01647521 -0.01586423 0.05975961
v 0.01648137 -0.01586423 0.04621710
v -0.00107240 -0.01586423 0.03472196
v -0.00072921 -0.01586423 0.03475178
v 0.00959447 -0.01586423 0.03475648
v 0.01448657 -0.01586423 0.03475870
v 0.01479946 -0.01586423 0.03473421
v 0.01510465 -0.01586423 0.03466111
v 0.01539466 -0.01586423 0.03454113
v 0.01566232 -0.01586423 0.03437728
v 0.01590105 -0.01586423 0.03417356
v 0.01610498 -0.01586423 0.03393500
v 0.01626908 -0.01586423 0.03366750
v -0.02000444 -0.00886423 0.01499301
v -0.02225600 -0.00886423 0.01138478
v 0.02362763 -0.01786423 0.00817814
v 0.02386132 -0.01786423 0.00746877
v 0.00025120 -0.01057431 -0.02499665
v 0.00001375 -0.01056423 -0.02499789
v 0.00001375 -0.00886423 -0.02499789
v -0.00155421 -0.01104440 -0.02494938
v -0.00192372 -0.01134275 -0.02492357
v -0.00422412 -0.00886423 -0.02463803
v -0.00223749 -0.01169925 -0.02489735
v -0.00248650 -0.01210366 -0.02487369
v -0.00022371 -0.01057431 -0.02499687
v -0.00069180 -0.01065458 -0.02498823
v -0.00113959 -0.01081279 -0.02497177
v -0.00266358 -0.01254432 -0.02485534
v -0.00276364 -0.01300858 -0.02484440
v -0.00278380 -0.01348306 -0.02484215
v -0.00272348 -0.01395413 -0.02484883
v -0.00422412 -0.01786423 -0.02463803
v -0.00258440 -0.01440823 -0.02486369
v -0.00237059 -0.01483229 -0.02488499
v -0.00208818 -0.01521412 -0.02491031
v -0.00174530 -0.01554273 -0.02493671
v -0.00045946 -0.01612395 -0.02499362
v 0.00001375 -0.01786423 -0.02499789
v -0.00091905 -0.01600428 -0.02498089
v -0.00135181 -0.01580867 -0.02496119
v 0.00239798 -0.01483229 -0.02488282
v 0.00261177 -0.01440823 -0.02486133
v 0.00425129 -0.01786423 -0.02463417
v 0.00275083 -0.01395413 -0.02484634
v 0.00281115 -0.01348306 -0.02483960
v 0.00001375 -0.01616423 -0.02499789
v 0.00048695 -0.01612395 -0.02499319
v 0.00094653 -0.01600428 -0.02498004
v 0.00137928 -0.01580867 -0.02495994
v 0.00177273 -0.01554273 -0.02493511
v 0.00211559 -0.01521412 -0.02490840
v 0.00425129 -0.00886423 -0.02463417
v 0.00279100 -0.01300858 -0.02484187
v 0.00269095 -0.01254432 -0.02485290
v 0.00251388 -0.01210366 -0.02487141
v 0.00226489 -0.01169925 -0.02489530
v 0.00195114 -0.01134275 -0.02492181
v 0.00158165 -0.01104440 -0.02494795
v 0.00116706 -0.01081279 -0.02497072
v 0.00071928 -0.01065458 -0.02498759
v 0.02386132 -0.00886423 0.00746877
v 0.02225039 -0.00886423 0.01140502
v 0.01999555 -0.00886423 0.01501120
v -0.02386334 -0.00886423 0.00744707
v 0.02498493 -0.01786423 -0.00093181
v 0.02498480 -0.01599863 -0.00093517
v 0.02499274 -0.01607388 -0.00069206
v 0.02489979 -0.01502920 0.00226462
v 0.02487591 -0.01462480 0.00251363
v 0.02478171 -0.01786423 0.00331645
v 0.02500136 -0.01615414 -0.00022398
v 0.02500114 -0.01615414 0.00025094
v 0.02499210 -0.01607388 0.00071901
v 0.02497523 -0.01591567 0.00116679
v 0.02495245 -0.01568405 0.00158139
v 0.02492631 -0.01538570 0.00195088
v 0.02485739 -0.01418413 0.00269069
v 0.02484636 -0.01371988 0.00279075
v 0.02484409 -0.01324539 0.00281089
v 0.02485084 -0.01277433 0.00275056
v 0.02486583 -0.01232023 0.00261153
v 0.02478171 -0.00886423 0.00331645
v 0.02488734 -0.01189617 0.00239773
v 0.02491291 -0.01151434 0.00211534
v 0.02493962 -0.01118573 0.00177248
v 0.02496443 -0.01091979 0.00137903
v 0.02500238 -0.01056423 0.00001348
v 0.02498493 -0.00886423 -0.00093181
v 0.02499768 -0.01060450 0.00048668
v 0.02498454 -0.01072417 0.00094627
v 0.02485333 -0.01277433 -0.00272374
v 0.02484664 -0.01324539 -0.00278405
v 0.02446509 -0.00886423 -0.00515306
v 0.02486819 -0.01232023 -0.00258467
v 0.02494122 -0.01118573 -0.00174555
v 0.02491482 -0.01151434 -0.00208843
v 0.02488950 -0.01189617 -0.00237085
v 0.02499811 -0.01060450 -0.00045973
v 0.02498539 -0.01072417 -0.00091930
v 0.02496568 -0.01091979 -0.00135208
v 0.02484889 -0.01371988 -0.00276390
v 0.02446509 -0.01786423 -0.00515306
v 0.02485983 -0.01418413 -0.00266383
v 0.02487818 -0.01462480 -0.00248676
v 0.02490184 -0.01502920 -0.00223776
v 0.02492807 -0.01538570 -0.00192396
v 0.02495387 -0.01568405 -0.00155448
v 0.02497628 -0.01591567 -0.00113985
v -0.02484857 -0.01277433 0.00272796
v -0.02484188 -0.01324539 0.00278830
v -0.02477996 -0.00886423 0.00329391
v -0.02497931 -0.00886423 -0.00095453
v -0.02499292 -0.01060450 -0.00048246
v -0.02499762 -0.01056423 -0.00000926
v -0.02491006 -0.01151434 0.00209268
v -0.02488475 -0.01189617 0.00237510
v -0.02486343 -0.01232023 0.00258892
v -0.02499336 -0.01060450 0.00046395
v -0.02498064 -0.01072417 0.00092355
v -0.02496092 -0.01091979 0.00135633
v -0.02493646 -0.01118573 0.00174980
v -0.02484413 -0.01371988 0.00276816
v -0.02477996 -0.01786423 0.00329391
v -0.02485507 -0.01418413 0.00266808
v -0.02487342 -0.01462480 0.00249101
v -0.02489708 -0.01502920 0.00224198
v -0.02492332 -0.01538570 0.00192821
v -0.02494911 -0.01568405 0.00155870
v -0.02497153 -0.01591567 0.00114407
v -0.02498798 -0.01607388 0.00069628
v -0.02497931 -0.01786423 -0.00095453
v -0.02499660 -0.01615414 0.00022820
v -0.02499638 -0.01615414 -0.00024671
v -0.02498734 -0.01607388 -0.00071479
v -0.02485263 -0.01418413 -0.00268644
v -0.02484160 -0.01371988 -0.00278650
v -0.02445563 -0.01786423 -0.00517530
v -0.02492155 -0.01538570 -0.00194663
v -0.02489503 -0.01502920 -0.00226040
v -0.02487115 -0.01462480 -0.00250938
v -0.02497918 -0.01599863 -0.00095789
v -0.02497048 -0.01591567 -0.00116257
v -0.02494769 -0.01568405 -0.00157717
v -0.02445563 -0.00886423 -0.00517530
v -0.02483934 -0.01324539 -0.00280664
v -0.02484608 -0.01277433 -0.00274634
v -0.02486107 -0.01232023 -0.00260728
v -0.02488258 -0.01189617 -0.00239348
v -0.02490815 -0.01151434 -0.00211109
v -0.02493486 -0.01118573 -0.00176823
v -0.02495968 -0.01091979 -0.00137478
v -0.02497979 -0.01072417 -0.00094202
v -0.02386334 -0.01786423 0.00744707
v -0.02363030 -0.01786423 0.00815665
v -0.00833966 -0.01786423 -0.02356501
v -0.00833966 -0.00886423 -0.02356501
v -0.01221377 -0.01786423 -0.02180994
v -0.01221377 -0.00886423 -0.02180994
v -0.01573431 -0.01786423 -0.01942357
v -0.01573431 -0.00886423 -0.01942357
v -0.01879938 -0.01786423 -0.01647495
v -0.01879938 -0.00886423 -0.01647495
v -0.02132030 -0.01786423 -0.01304946
v -0.02132030 -0.00886423 -0.01304946
v -0.02322408 -0.01786423 -0.00924622
v -0.02322408 -0.00886423 -0.00924622
v 0.02323724 -0.01786423 -0.00922509
v 0.02323724 -0.00886423 -0.00922509
v 0.02133692 -0.01786423 -0.01303006
v 0.02133692 -0.00886423 -0.01303006
v 0.01881912 -0.01786423 -0.01645784
v 0.01881912 -0.00886423 -0.01645784
v 0.01575672 -0.01786423 -0.01940925
v 0.01575672 -0.00886423 -0.01940925
v 0.01223836 -0.01786423 -0.02179882
v 0.01223836 -0.00886423 -0.02179882
v 0.00836585 -0.01786423 -0.02355741
v 0.00836585 -0.00886423 -0.02355741
v -0.00417066 -0.01060450 -0.00047299
v -0.00413689 -0.01065569 -0.00070955
v -0.00413689 -0.00886423 -0.00070955
v -0.00337352 -0.01462480 0.00250079
v -0.00326657 -0.01430135 0.00263917
v -0.00326657 -0.01786423 0.00263917
v 0.00363764 -0.01151434 0.00210566
v 0.00347935 -0.01184871 0.00235812
v 0.00348105 -0.00886423 0.00235559
v 0.00354912 -0.01502920 -0.00224747
v 0.00347889 -0.01487376 -0.00235452
v 0.00348319 -0.01786423 -0.00234817
v -0.00209785 -0.01521412 -0.00363505
v -0.00220365 -0.01508651 -0.00357186
v -0.00219809 -0.01786423 -0.00357531
v 0.00157208 -0.01104440 -0.00389351
v 0.00189709 -0.01130109 -0.00374620
v 0.00189494 -0.00886423 -0.00374730
v 0.00225518 -0.01169925 -0.00354258
v 0.00250411 -0.01210366 -0.00337151
v 0.00250137 -0.00886423 -0.00337352
v 0.00000429 -0.01616423 -0.00419787
v -0.00017397 -0.01786423 -0.00419417
v 0.00024302 -0.01615403 -0.00419099
v 0.00053775 -0.01786423 -0.00416363
v 0.00047748 -0.01612395 -0.00417092
v 0.00115926 -0.01591489 -0.00403542
v 0.00093703 -0.01600428 -0.00409256
v 0.00123406 -0.01786423 -0.00401323
v 0.00070988 -0.01607386 -0.00413786
v 0.00053814 -0.01611286 -0.00416357
v 0.00189992 -0.01542476 -0.00374480
v 0.00176313 -0.01554273 -0.00381099
v 0.00189494 -0.01786423 -0.00374730
v 0.00136973 -0.01580867 -0.00396907
v 0.00123494 -0.01587924 -0.00401295
v 0.00210592 -0.01521412 -0.00363313
v 0.00250137 -0.01786423 -0.00337352
v 0.00238823 -0.01483229 -0.00345442
v 0.00268112 -0.01254432 -0.00323276
v 0.00274085 -0.01277370 -0.00318234
v 0.00303592 -0.00886423 -0.00290264
v 0.00278113 -0.01300858 -0.00314726
v 0.00280122 -0.01324403 -0.00312940
v 0.00260138 -0.01231876 -0.00329715
v 0.00280128 -0.01348306 -0.00312937
v 0.00278097 -0.01372111 -0.00314738
v 0.00303592 -0.01786423 -0.00290264
v 0.00274098 -0.01395413 -0.00318222
v 0.00268048 -0.01418620 -0.00323328
v 0.00260197 -0.01440823 -0.00329670
v 0.00250857 -0.01461590 -0.00336818
v 0.00194150 -0.01134275 -0.00372345
v 0.00093738 -0.01072429 -0.00409247
v 0.00115754 -0.01081279 -0.00403591
v 0.00123406 -0.00886423 -0.00401323
v 0.00123497 -0.01084923 -0.00401295
v 0.00137122 -0.01092062 -0.00396855
v 0.00024174 -0.01057431 -0.00419105
v 0.00053775 -0.00886423 -0.00416363
v 0.00000408 -0.01056423 -0.00419787
v -0.00017397 -0.00886423 -0.00419417
v -0.00017405 -0.01056991 -0.00419417
v 0.00047886 -0.01060474 -0.00417077
v 0.00053813 -0.01061559 -0.00416357
v 0.00070980 -0.01065458 -0.00413786
v -0.00070128 -0.01065458 -0.00413850
v -0.00046969 -0.01060463 -0.00417126
v -0.00088061 -0.00886423 -0.00410400
v -0.00023317 -0.01057431 -0.00419127
v -0.00136329 -0.01092087 -0.00396964
v -0.00114911 -0.01081279 -0.00403696
v -0.00156185 -0.00886423 -0.00389573
v -0.00092934 -0.01072445 -0.00409322
v -0.00088107 -0.01070787 -0.00410391
v -0.00219809 -0.00886423 -0.00357531
v -0.00193336 -0.01134275 -0.00372521
v -0.00156378 -0.01104440 -0.00389493
v -0.00277102 -0.00886423 -0.00315195
v -0.00267342 -0.01254432 -0.00323519
v -0.00259386 -0.01231937 -0.00329933
v -0.00249628 -0.01210366 -0.00337378
v -0.00224720 -0.01169925 -0.00354463
v -0.00220109 -0.01163867 -0.00357345
v -0.00326417 -0.00886423 -0.00263789
v -0.00277351 -0.01300858 -0.00314979
v -0.00273309 -0.01277324 -0.00318493
v -0.00326417 -0.01786423 -0.00263789
v -0.00277102 -0.01786423 -0.00315195
v -0.00326417 -0.01430135 -0.00263789
v -0.00277327 -0.01372173 -0.00314997
v -0.00323267 -0.01418487 -0.00267639
v -0.00318217 -0.01395522 -0.00273625
v -0.00314720 -0.01300673 -0.00277639
v -0.00279363 -0.01324439 -0.00313194
v -0.00312910 -0.01324539 -0.00279677
v -0.00279367 -0.01348306 -0.00313191
v -0.00312914 -0.01348406 -0.00279674
v -0.00314699 -0.01371988 -0.00277664
v -0.00238033 -0.01483229 -0.00345658
v -0.00259421 -0.01440823 -0.00329906
v -0.00267310 -0.01418515 -0.00323543
v -0.00273333 -0.01395413 -0.00318471
v -0.00115044 -0.01591506 -0.00403656
v -0.00136136 -0.01580867 -0.00397031
v -0.00156185 -0.01786423 -0.00389573
v -0.00156637 -0.01568230 -0.00389390
v -0.00175490 -0.01554273 -0.00381259
v -0.00046893 -0.01612395 -0.00417135
v -0.00088061 -0.01786423 -0.00410400
v -0.00023447 -0.01615403 -0.00419120
v -0.00017405 -0.01615854 -0.00419417
v -0.00070125 -0.01607389 -0.00413853
v -0.00088106 -0.01602058 -0.00410391
v -0.00092855 -0.01600428 -0.00409341
v 0.00406734 -0.00886423 -0.00105433
v 0.00406734 -0.01077193 -0.00105433
v 0.00409791 -0.01072417 -0.00092880
v 0.00414300 -0.01065459 -0.00070160
v 0.00417581 -0.01060457 -0.00046956
v 0.00418741 -0.00886423 -0.00035216
v 0.00397481 -0.01091979 -0.00136162
v 0.00383033 -0.00886423 -0.00172613
v 0.00383033 -0.01116260 -0.00172613
v 0.00381702 -0.01118585 -0.00175531
v 0.00348319 -0.00886423 -0.00234817
v 0.00363955 -0.01151434 -0.00209810
v 0.00315427 -0.01371988 -0.00277377
v 0.00313645 -0.01348443 -0.00279386
v 0.00330401 -0.01440969 -0.00259386
v 0.00323968 -0.01418413 -0.00267366
v 0.00318933 -0.01395475 -0.00273344
v 0.00337828 -0.01462480 -0.00249654
v 0.00313640 -0.01324539 -0.00279392
v 0.00315441 -0.01300735 -0.00277362
v 0.00318921 -0.01277433 -0.00273359
v 0.00324020 -0.01254226 -0.00267305
v 0.00330355 -0.01232023 -0.00259447
v 0.00346109 -0.01189617 -0.00238059
v 0.00348149 -0.01184871 -0.00235071
v 0.00406734 -0.01786423 -0.00105433
v 0.00406734 -0.01595652 -0.00105433
v 0.00383033 -0.01786423 -0.00172613
v 0.00404145 -0.01591567 -0.00114937
v 0.00397430 -0.01580783 -0.00136312
v 0.00389915 -0.01568356 -0.00156478
v 0.00383033 -0.01556585 -0.00172613
v 0.00372970 -0.01538570 -0.00193360
v 0.00419555 -0.01615414 0.00024147
v 0.00420238 -0.01616423 0.00000423
v 0.00418709 -0.01786423 0.00036021
v 0.00418741 -0.01786423 -0.00035216
v 0.00419576 -0.01615413 -0.00023356
v 0.00418741 -0.01614148 -0.00035216
v 0.00414302 -0.01607388 -0.00070154
v 0.00406638 -0.01786423 0.00106228
v 0.00414237 -0.01607388 0.00070953
v 0.00418709 -0.01614148 0.00036021
v 0.00382875 -0.01786423 0.00173386
v 0.00382656 -0.01556205 0.00173868
v 0.00389802 -0.01568405 0.00157181
v 0.00397290 -0.01580759 0.00137141
v 0.00404025 -0.01591544 0.00115779
v 0.00406638 -0.01595652 0.00106228
v 0.00372794 -0.01538570 0.00194124
v 0.00348105 -0.01786423 0.00235559
v 0.00354708 -0.01502920 0.00225491
v 0.00303327 -0.00886423 0.00290965
v 0.00345892 -0.01189617 0.00238799
v 0.00330119 -0.01232023 0.00260172
v 0.00323750 -0.01254330 0.00268055
v 0.00318672 -0.01277433 0.00274071
v 0.00315196 -0.01300673 0.00278064
v 0.00313386 -0.01324539 0.00280102
v 0.00313389 -0.01348406 0.00280099
v 0.00303327 -0.01786423 0.00290965
v 0.00315175 -0.01371988 0.00278089
v 0.00318693 -0.01395522 0.00274050
v 0.00323725 -0.01418413 0.00268086
v 0.00330146 -0.01440909 0.00260136
v 0.00337601 -0.01462480 0.00250386
v 0.00347675 -0.01487376 0.00236194
v 0.00382875 -0.00886423 0.00173386
v 0.00382819 -0.01116357 0.00173508
v 0.00381548 -0.01118573 0.00176288
v 0.00418741 -0.01058697 -0.00035216
v 0.00420238 -0.01056423 0.00000402
v 0.00418709 -0.00886423 0.00036021
v 0.00418709 -0.01058697 0.00036021
v 0.00406638 -0.00886423 0.00106228
v 0.00417542 -0.01060450 0.00047721
v 0.00414238 -0.01065457 0.00070953
v 0.00409692 -0.01072438 0.00093738
v 0.00406638 -0.01077193 0.00106228
v 0.00397357 -0.01091979 0.00136949
v -0.00413753 -0.01065569 0.00071004
v -0.00413753 -0.00886423 0.00071004
v -0.00409315 -0.01072417 0.00093305
v -0.00395834 -0.00886423 0.00139951
v -0.00403620 -0.01081357 0.00115533
v -0.00397005 -0.01091979 0.00136587
v -0.00366521 -0.00886423 0.00204878
v -0.00381232 -0.01118573 0.00175941
v -0.00395784 -0.01093971 0.00140094
v -0.00329879 -0.01232023 0.00259872
v -0.00345634 -0.01189617 0.00238485
v -0.00326657 -0.00886423 0.00263917
v -0.00363480 -0.01151434 0.00210235
v -0.00366366 -0.01145819 0.00205156
v -0.00314952 -0.01371988 0.00277802
v -0.00313170 -0.01348443 0.00279811
v -0.00277389 -0.01786423 0.00315368
v -0.00318457 -0.01395475 0.00273769
v -0.00323492 -0.01418413 0.00267791
v -0.00313164 -0.01324539 0.00279817
v -0.00314966 -0.01300735 0.00277784
v -0.00277389 -0.00886423 0.00315368
v -0.00318446 -0.01277433 0.00273781
v -0.00326657 -0.01242711 0.00263917
v -0.00389469 -0.01568405 0.00156827
v -0.00366521 -0.01786423 0.00204878
v -0.00395834 -0.01578957 0.00139951
v -0.00395834 -0.01786423 0.00139951
v -0.00403669 -0.01591567 0.00115359
v -0.00372494 -0.01538570 0.00193785
v -0.00366233 -0.01526771 0.00205394
v -0.00354437 -0.01502920 0.00225169
v -0.00419101 -0.01615414 0.00023766
v -0.00417094 -0.01612372 0.00047479
v -0.00413753 -0.01786423 0.00071004
v -0.00413753 -0.01607277 0.00071004
v -0.00409260 -0.01600343 0.00093546
v -0.00419762 -0.01616423 0.00000020
v -0.00419762 -0.01786423 0.00000020
v -0.00419080 -0.01615414 -0.00023725
v -0.00413689 -0.01786423 -0.00070955
v -0.00417058 -0.01612382 -0.00047376
v -0.00395707 -0.01578957 -0.00139886
v -0.00403564 -0.01591567 -0.00115305
v -0.00395707 -0.01786423 -0.00139886
v -0.00409165 -0.01600328 -0.00093536
v -0.00413762 -0.01607388 -0.00070531
v -0.00389326 -0.01568405 -0.00156759
v -0.00366335 -0.01786423 -0.00204787
v -0.00372318 -0.01538570 -0.00193699
v -0.00337125 -0.01462480 -0.00249961
v -0.00354232 -0.01502920 -0.00225069
v -0.00366046 -0.01526771 -0.00205302
v -0.00366335 -0.00886423 -0.00204787
v -0.00366179 -0.01145819 -0.00205064
v -0.00363288 -0.01151434 -0.00210141
v -0.00345417 -0.01189617 -0.00238374
v -0.00329643 -0.01232023 -0.00259747
v -0.00326417 -0.01242711 -0.00263789
v -0.00318197 -0.01277433 -0.00273649
v -0.00395707 -0.00886423 -0.00139886
v -0.00409230 -0.01072417 -0.00093252
v -0.00403526 -0.01081339 -0.00115436
v -0.00396875 -0.01091988 -0.00136539
v -0.00395707 -0.01093889 -0.00139886
v -0.00381072 -0.01118573 -0.00175863
v -0.00417109 -0.01060450 0.00047342
v -0.00419094 -0.01057442 0.00023894
v -0.00419762 -0.00886423 0.00000020
v -0.00419762 -0.01056423 0.00000020
v -0.00419072 -0.01057443 -0.00023854
v 0.00249830 -0.00886423 0.00338005
v 0.00249830 -0.01786423 0.00338005
v 0.00189153 -0.00886423 0.00375327
v 0.00189153 -0.01786423 0.00375327
v 0.00123041 -0.00886423 0.00401857
v 0.00123041 -0.01786423 0.00401857
v 0.00053396 -0.00886423 0.00416834
v 0.00053396 -0.01786423 0.00416834
v -0.00017778 -0.00886423 0.00419826
v -0.00017778 -0.01786423 0.00419826
v -0.00088434 -0.00886423 0.00410745
v -0.00088434 -0.01786423 0.00410745
v -0.00156539 -0.00886423 0.00389855
v -0.00156539 -0.01786423 0.00389855
v -0.00220134 -0.00886423 0.00357755
v -0.00220134 -0.01786423 0.00357755
v -0.00208186 -0.00886423 0.08525721
v 0.01314009 -0.00886423 0.07172162
v 0.00258026 -0.00886423 0.07139413
v 0.01399381 -0.00886423 0.00948348
v 0.00936162 -0.00886423 0.31139332
v 0.00914207 -0.00886423 0.31128251
v 0.00625657 -0.00886423 0.31128248
v -0.02491337 -0.00886423 0.29668778
v -0.02511659 -0.00886423 0.30093604
v -0.01093176 -0.00886423 0.29119043
v -0.02146858 -0.00886423 0.31303426
v -0.01130866 -0.00886423 0.31094941
v -0.01144628 -0.00886423 0.31074558
v -0.01130783 -0.00886423 0.30912756
v -0.01113757 -0.00886423 0.30895011
v -0.01093977 -0.00886423 0.30880396
v -0.01072012 -0.00886423 0.30869331
v -0.00999526 -0.00886423 0.30860083
v -0.00930307 -0.00886423 0.30619321
v -0.01024097 -0.00886423 0.30859029
v -0.01021749 -0.00886423 0.30455456
v -0.01048493 -0.00886423 0.30862141
v -0.01084182 -0.00886423 0.30278497
v -0.01115811 -0.00886423 0.30093533
v -0.00975487 -0.00886423 0.30865277
v -0.00952670 -0.00886423 0.30874455
v -0.00812488 -0.00886423 0.30765373
v -0.01154748 -0.00886423 0.31052143
v -0.01160934 -0.00886423 0.31028340
v -0.02336890 -0.00886423 0.30922930
v -0.01163009 -0.00886423 0.31003835
v -0.01160912 -0.00886423 0.30979330
v -0.02459675 -0.00886423 0.30515727
v -0.01154704 -0.00886423 0.30955532
v -0.01144564 -0.00886423 0.30933129
v -0.00885853 -0.00886423 0.30944234
v -0.00877671 -0.00886423 0.30967427
v -0.00671681 -0.00886423 0.30889412
v -0.00931734 -0.00886423 0.30887360
v -0.00913279 -0.00886423 0.30903616
v -0.00897838 -0.00886423 0.30922759
v -0.00873526 -0.00886423 0.30991670
v -0.00873537 -0.00886423 0.31016263
v -0.00653491 -0.00886423 0.31127666
v -0.00877704 -0.00886423 0.31040503
v -0.00885908 -0.00886423 0.31063685
v -0.00897912 -0.00886423 0.31085152
v -0.00913371 -0.00886423 0.31104278
v -0.00511936 -0.00886423 0.30987871
v -0.00337850 -0.00886423 0.31057917
v 0.00566235 -0.00886423 0.30942561
v 0.00398639 -0.00886423 0.31026966
v 0.00219189 -0.00886423 0.31081833
v 0.00033048 -0.00886423 0.31105585
v -0.00154429 -0.00886423 0.31097533
v 0.00914319 -0.00886423 0.30881309
v 0.00936284 -0.00886423 0.30870244
v 0.00847060 -0.00886423 0.30695631
v 0.00952210 -0.00886423 0.30540209
v 0.00894440 -0.00886423 0.31113618
v 0.00877431 -0.00886423 0.31095854
v 0.00863668 -0.00886423 0.31075472
v 0.00847384 -0.00886423 0.30980243
v 0.00853592 -0.00886423 0.30956446
v 0.01055508 -0.00886423 0.31134317
v 0.01385657 -0.00886423 0.31128593
v 0.01076456 -0.00886423 0.31121431
v 0.01094925 -0.00886423 0.31105191
v 0.00717156 -0.00886423 0.30831047
v 0.01076562 -0.00886423 0.30888273
v 0.01095017 -0.00886423 0.30904529
v 0.01386170 -0.00886423 0.30000847
v 0.01110458 -0.00886423 0.30923673
v 0.00863733 -0.00886423 0.30934042
v 0.00877514 -0.00886423 0.30913669
v 0.00894539 -0.00886423 0.30895924
v 0.00959803 -0.00886423 0.30863055
v 0.00984199 -0.00886423 0.30859942
v 0.01029581 -0.00886423 0.30369253
v 0.01008770 -0.00886423 0.30860997
v 0.01076947 -0.00886423 0.30187680
v 0.01032810 -0.00886423 0.30866190
v 0.01055626 -0.00886423 0.30875368
v 0.00853548 -0.00886423 0.31053056
v 0.00847362 -0.00886423 0.31029253
v 0.00845287 -0.00886423 0.31004748
v 0.01122443 -0.00886423 0.30945148
v 0.01130625 -0.00886423 0.30968341
v 0.01134771 -0.00886423 0.30992584
v 0.01134759 -0.00886423 0.31017176
v 0.01130592 -0.00886423 0.31041416
v 0.01122388 -0.00886423 0.31064598
v 0.01110384 -0.00886423 0.31086065
v 0.00864646 -0.00886423 0.28925744
v 0.00878427 -0.00886423 0.28905374
v 0.00628165 -0.00886423 0.25613427
v 0.01033723 -0.00886423 0.28857893
v 0.01056539 -0.00886423 0.28867073
v 0.01388165 -0.00886423 0.25613773
v 0.01095839 -0.00886423 0.29096897
v 0.01077369 -0.00886423 0.29113136
v 0.00937075 -0.00886423 0.29131037
v 0.00847692 -0.00886423 0.29305570
v 0.00960588 -0.00886423 0.29138248
v 0.00952700 -0.00886423 0.29461087
v 0.00984981 -0.00886423 0.29141383
v 0.01009553 -0.00886423 0.29140351
v 0.01056421 -0.00886423 0.29126022
v 0.01033597 -0.00886423 0.29135182
v 0.00915120 -0.00886423 0.29119956
v 0.00895353 -0.00886423 0.29105323
v 0.00717911 -0.00886423 0.29170035
v 0.00895452 -0.00886423 0.28887626
v 0.00915232 -0.00886423 0.28873011
v 0.00937198 -0.00886423 0.28861950
v 0.00960717 -0.00886423 0.28854757
v 0.00985112 -0.00886423 0.28851645
v 0.01009684 -0.00886423 0.28852702
v 0.01077475 -0.00886423 0.28879978
v 0.01095930 -0.00886423 0.28896235
v 0.01111371 -0.00886423 0.28915375
v 0.01135684 -0.00886423 0.28984286
v 0.01135673 -0.00886423 0.29008882
v 0.01131505 -0.00886423 0.29033118
v 0.01029916 -0.00886423 0.29632114
v 0.01077117 -0.00886423 0.29813732
v 0.01092946 -0.00886423 0.30000713
v 0.00878344 -0.00886423 0.29087559
v 0.00864581 -0.00886423 0.29067177
v 0.00567092 -0.00886423 0.29058384
v 0.00854461 -0.00886423 0.29044761
v 0.00848275 -0.00886423 0.29020958
v 0.01123302 -0.00886423 0.29056303
v 0.01111298 -0.00886423 0.29077768
v 0.01123356 -0.00886423 0.28936853
v 0.01131538 -0.00886423 0.28960045
v 0.00846201 -0.00886423 0.28996451
v 0.00848297 -0.00886423 0.28971948
v 0.00854505 -0.00886423 0.28948151
v -0.00511038 -0.00886423 0.29012094
v -0.00336888 -0.00886423 0.28942206
v -0.00650983 -0.00886423 0.25612846
v -0.00153431 -0.00886423 0.28902756
v 0.00034053 -0.00886423 0.28894879
v 0.00220173 -0.00886423 0.28918796
v 0.00399572 -0.00886423 0.28973827
v -0.01112943 -0.00886423 0.29104410
v -0.01129952 -0.00886423 0.29086646
v -0.02012722 -0.00886423 0.28499299
v -0.01047579 -0.00886423 0.28853844
v -0.01023184 -0.00886423 0.28850731
v -0.02011409 -0.00886423 0.25612227
v -0.01071098 -0.00886423 0.28861036
v -0.01071221 -0.00886423 0.29130124
v -0.01115726 -0.00886423 0.29905882
v -0.01083928 -0.00886423 0.29720947
v -0.02399298 -0.00886423 0.29253543
v -0.00974699 -0.00886423 0.29134269
v -0.00998744 -0.00886423 0.29139438
v -0.00929744 -0.00886423 0.29380263
v -0.01119754 -0.00886423 0.29999707
v -0.00998613 -0.00886423 0.28851788
v -0.00974573 -0.00886423 0.28856979
v -0.00951757 -0.00886423 0.28866160
v -0.01021334 -0.00886423 0.29544045
v -0.01023316 -0.00886423 0.29140470
v -0.01047708 -0.00886423 0.29137335
v -0.02238206 -0.00886423 0.28859921
v -0.01143715 -0.00886423 0.29066264
v -0.01153835 -0.00886423 0.29043848
v -0.01160021 -0.00886423 0.29020045
v -0.01153791 -0.00886423 0.28947238
v -0.01143651 -0.00886423 0.28924831
v -0.01129870 -0.00886423 0.28904461
v -0.01112844 -0.00886423 0.28886713
v -0.01093064 -0.00886423 0.28872098
v -0.00884940 -0.00886423 0.28935939
v -0.00876758 -0.00886423 0.28959132
v -0.00811792 -0.00886423 0.29234321
v -0.00930927 -0.00886423 0.29112223
v -0.00951875 -0.00886423 0.29125109
v -0.00930821 -0.00886423 0.28879065
v -0.00912366 -0.00886423 0.28895321
v -0.00896925 -0.00886423 0.28914461
v -0.01162096 -0.00886423 0.28995537
v -0.01159999 -0.00886423 0.28971035
v -0.00872612 -0.00886423 0.28983373
v -0.00872624 -0.00886423 0.29007968
v -0.00670872 -0.00886423 0.29110407
v -0.00876791 -0.00886423 0.29032205
v -0.00884994 -0.00886423 0.29055390
v -0.00896998 -0.00886423 0.29076855
v -0.00912457 -0.00886423 0.29095984
v 0.01560031 -0.00886423 0.01755028
v 0.01585767 -0.00886423 0.01775352
v 0.01531320 -0.00886423 0.01739183
v 0.01435329 -0.00886423 0.01722113
v 0.01468120 -0.00886423 0.01722500
v 0.01500406 -0.00886423 0.01728243
v 0.01607835 -0.00886423 0.01799609
v 0.01625643 -0.00886423 0.01827144
v 0.01638712 -0.00886423 0.01857218
v 0.01646691 -0.00886423 0.01889028
v 0.01649364 -0.00886423 0.01921710
v 0.01998713 -0.00886423 0.03353247
v 0.01648748 -0.00886423 0.03275961
v 0.01646272 -0.00886423 0.03307246
v 0.01638932 -0.00886423 0.03337761
v 0.01626908 -0.00886423 0.03366750
v 0.01998498 -0.00886423 0.03826120
v 0.01610498 -0.00886423 0.03393500
v 0.01590105 -0.00886423 0.03417356
v 0.01566232 -0.00886423 0.03437728
v 0.01539466 -0.00886423 0.03454113
v 0.01398072 -0.00886423 0.03825847
v 0.01510465 -0.00886423 0.03466111
v 0.01479946 -0.00886423 0.03473421
v 0.01370524 -0.00886423 0.04437294
v 0.01401688 -0.00886423 0.04427088
v 0.01434102 -0.00886423 0.04422113
v 0.01558803 -0.00886423 0.04455028
v 0.01584539 -0.00886423 0.04475352
v 0.01606607 -0.00886423 0.04499608
v 0.01624415 -0.00886423 0.04527143
v 0.01637484 -0.00886423 0.04557218
v 0.01466892 -0.00886423 0.04422500
v 0.01499178 -0.00886423 0.04428243
v 0.01530093 -0.00886423 0.04439182
v 0.01645463 -0.00886423 0.04589027
v 0.01648137 -0.00886423 0.04621710
v 0.01997485 -0.00886423 0.06053247
v 0.01647521 -0.00886423 0.05975961
v 0.01645044 -0.00886423 0.06007249
v 0.01637704 -0.00886423 0.06037760
v 0.01625681 -0.00886423 0.06066750
v 0.01997270 -0.00886423 0.06526120
v 0.01609271 -0.00886423 0.06093500
v 0.01588878 -0.00886423 0.06117356
v 0.01565004 -0.00886423 0.06137727
v 0.01538238 -0.00886423 0.06154112
v 0.01396845 -0.00886423 0.06525847
v 0.01509238 -0.00886423 0.06166111
v 0.01478718 -0.00886423 0.06173424
v 0.01369296 -0.00886423 0.07137294
v 0.01400461 -0.00886423 0.07127087
v 0.01432874 -0.00886423 0.07122113
v 0.01557575 -0.00886423 0.07155028
v 0.01583311 -0.00886423 0.07175350
v 0.01605380 -0.00886423 0.07199608
v 0.01623188 -0.00886423 0.07227143
v 0.01636257 -0.00886423 0.07257219
v 0.01465664 -0.00886423 0.07122501
v 0.01497951 -0.00886423 0.07128243
v 0.01528865 -0.00886423 0.07139182
v 0.01643816 -0.00886423 0.08707247
v 0.01636476 -0.00886423 0.08737760
v 0.01996043 -0.00886423 0.09226121
v 0.01624453 -0.00886423 0.08766749
v 0.01608043 -0.00886423 0.08793501
v 0.01537010 -0.00886423 0.08854114
v 0.01395617 -0.00886423 0.09225848
v 0.01508010 -0.00886423 0.08866111
v 0.01477490 -0.00886423 0.08873422
v 0.01587650 -0.00886423 0.08817355
v 0.01563776 -0.00886423 0.08837727
v 0.01644235 -0.00886423 0.07289027
v 0.01646909 -0.00886423 0.07321711
v 0.01646293 -0.00886423 0.08675962
v 0.01368068 -0.00886423 0.09837293
v 0.01399233 -0.00886423 0.09827087
v 0.01395402 -0.00886423 0.09698722
v 0.01431646 -0.00886423 0.09822112
v 0.01464437 -0.00886423 0.09822501
v 0.01496723 -0.00886423 0.09828242
v 0.01995828 -0.00886423 0.09698995
v 0.01527637 -0.00886423 0.09839183
v 0.01556348 -0.00886423 0.09855027
v 0.01582083 -0.00886423 0.09875352
v 0.01604152 -0.00886423 0.09899606
v 0.01621960 -0.00886423 0.09927143
v 0.01635029 -0.00886423 0.09957219
v 0.01643007 -0.00886423 0.09989027
v 0.01645681 -0.00886423 0.10021711
v 0.01995030 -0.00886423 0.11453246
v 0.01645065 -0.00886423 0.11375962
v 0.01642589 -0.00886423 0.11407247
v 0.01635248 -0.00886423 0.11437760
v 0.01623225 -0.00886423 0.11466749
v 0.01994815 -0.00886423 0.11926121
v 0.01606815 -0.00886423 0.11493501
v 0.01586422 -0.00886423 0.11517357
v 0.01562549 -0.00886423 0.11537727
v 0.01535782 -0.00886423 0.11554113
v 0.01394389 -0.00886423 0.11925848
v 0.01506782 -0.00886423 0.11566110
v 0.01476262 -0.00886423 0.11573422
v 0.01398005 -0.00886423 0.12527087
v 0.01430418 -0.00886423 0.12522112
v 0.01555120 -0.00886423 0.12555027
v 0.01580855 -0.00886423 0.12575350
v 0.01463209 -0.00886423 0.12522501
v 0.01495495 -0.00886423 0.12528242
v 0.01526409 -0.00886423 0.12539183
v 0.01602924 -0.00886423 0.12599607
v 0.01620732 -0.00886423 0.12627142
v 0.01633801 -0.00886423 0.12657219
v 0.01641780 -0.00886423 0.12689026
v 0.01644453 -0.00886423 0.12721710
v 0.01993802 -0.00886423 0.14153246
v 0.01643837 -0.00886423 0.14075961
v 0.01641361 -0.00886423 0.14107247
v 0.01634020 -0.00886423 0.14137760
v 0.01621997 -0.00886423 0.14166749
v 0.01993587 -0.00886423 0.14626119
v 0.01605587 -0.00886423 0.14193501
v 0.01585194 -0.00886423 0.14217356
v 0.01561321 -0.00886423 0.14237727
v 0.01534554 -0.00886423 0.14254111
v 0.01393161 -0.00886423 0.14625846
v 0.01505554 -0.00886423 0.14266108
v 0.01475034 -0.00886423 0.14273422
v 0.01365613 -0.00886423 0.15237291
v 0.01396777 -0.00886423 0.15227087
v 0.01429191 -0.00886423 0.15222112
v 0.01553892 -0.00886423 0.15255027
v 0.01579628 -0.00886423 0.15275351
v 0.01461981 -0.00886423 0.15222499
v 0.01494267 -0.00886423 0.15228242
v 0.01525181 -0.00886423 0.15239181
v 0.01601696 -0.00886423 0.15299607
v 0.01619504 -0.00886423 0.15327144
v 0.01632573 -0.00886423 0.15357219
v 0.01640133 -0.00886423 0.16807247
v 0.01632793 -0.00886423 0.16837759
v 0.01992359 -0.00886423 0.17326120
v 0.01583967 -0.00886423 0.16917354
v 0.01560093 -0.00886423 0.16937726
v 0.01533327 -0.00886423 0.16954113
v 0.01391933 -0.00886423 0.17325847
v 0.01504326 -0.00886423 0.16966110
v 0.01473807 -0.00886423 0.16973422
v 0.01620769 -0.00886423 0.16866750
v 0.01604360 -0.00886423 0.16893501
v 0.01640552 -0.00886423 0.15389025
v 0.01643225 -0.00886423 0.15421709
v 0.01642610 -0.00886423 0.16775961
v 0.01391718 -0.00886423 0.17798720
v 0.01395550 -0.00886423 0.17927086
v 0.01427963 -0.00886423 0.17922111
v 0.01992144 -0.00886423 0.17798993
v 0.01552664 -0.00886423 0.17955026
v 0.01578400 -0.00886423 0.17975351
v 0.01460753 -0.00886423 0.17922500
v 0.01493040 -0.00886423 0.17928242
v 0.01523954 -0.00886423 0.17939181
v 0.01600468 -0.00886423 0.17999605
v 0.01618277 -0.00886423 0.18027142
v 0.01631346 -0.00886423 0.18057218
v 0.01639324 -0.00886423 0.18089026
v 0.01641998 -0.00886423 0.18121710
v 0.01991347 -0.00886423 0.19553244
v 0.01641382 -0.00886423 0.19475961
v 0.01638905 -0.00886423 0.19507246
v 0.01631565 -0.00886423 0.19537759
v 0.01619542 -0.00886423 0.19566748
v 0.01991132 -0.00886423 0.20026120
v 0.01603132 -0.00886423 0.19593500
v 0.01582739 -0.00886423 0.19617356
v 0.01558865 -0.00886423 0.19637728
v 0.01532099 -0.00886423 0.19654112
v 0.01390706 -0.00886423 0.20025847
v 0.01503099 -0.00886423 0.19666109
v 0.01472579 -0.00886423 0.19673423
v 0.01394322 -0.00886423 0.20627086
v 0.01426735 -0.00886423 0.20622110
v 0.01551437 -0.00886423 0.20655026
v 0.01577172 -0.00886423 0.20675350
v 0.01459526 -0.00886423 0.20622499
v 0.01491812 -0.00886423 0.20628241
v 0.01522726 -0.00886423 0.20639182
v 0.01599241 -0.00886423 0.20699605
v 0.01617049 -0.00886423 0.20727142
v 0.01630118 -0.00886423 0.20757218
v 0.01637678 -0.00886423 0.22207246
v 0.01630337 -0.00886423 0.22237759
v 0.01990119 -0.00886423 0.22253245
v 0.01638096 -0.00886423 0.20789026
v 0.01640770 -0.00886423 0.20821709
v 0.01640154 -0.00886423 0.22175961
v 0.01557638 -0.00886423 0.22337726
v 0.01530871 -0.00886423 0.22354111
v 0.01988591 -0.00886423 0.25614046
v 0.01501871 -0.00886423 0.22366108
v 0.01618314 -0.00886423 0.22266748
v 0.01601904 -0.00886423 0.22293500
v 0.01581511 -0.00886423 0.22317355
v 0.01471351 -0.00886423 0.22373421
v 0.01987278 -0.00886423 0.28501118
v 0.02464829 -0.00886423 0.29671032
v 0.02373168 -0.00886423 0.29255713
v 0.02212434 -0.00886423 0.28861945
v 0.02309242 -0.00886423 0.30925043
v 0.02432397 -0.00886423 0.30517952
v 0.02484765 -0.00886423 0.30095876
v 0.02118864 -0.00886423 0.31305365
v 0.00820800 -0.00886423 0.32356922
v 0.00984067 -0.00886423 0.31149681
v 0.00959674 -0.00886423 0.31146546
v 0.01008640 -0.00886423 0.31148649
v 0.01208210 -0.00886423 0.32181414
v 0.01032684 -0.00886423 0.31143477
v 0.01560264 -0.00886423 0.31942777
v 0.01866772 -0.00886423 0.31647915
v -0.00849751 -0.00886423 0.32356163
v -0.00438295 -0.00886423 0.32463838
v 0.00409246 -0.00886423 0.32464223
v -0.00014541 -0.00886423 0.32500208
v -0.01237002 -0.00886423 0.32180302
v -0.00999657 -0.00886423 0.31147735
v -0.01024229 -0.00886423 0.31148767
v -0.01048622 -0.00886423 0.31145633
v -0.01588839 -0.00886423 0.31941345
v -0.01072134 -0.00886423 0.31138419
v -0.01895078 -0.00886423 0.31646204
v -0.01094089 -0.00886423 0.31127337
v -0.01113856 -0.00886423 0.31112705
v -0.00931840 -0.00886423 0.31120518
v -0.00952788 -0.00886423 0.31133404
v -0.00975613 -0.00886423 0.31142564
v -0.01570401 -0.00886423 0.22095394
v -0.01596136 -0.00886423 0.22075070
v -0.02009881 -0.00886423 0.22251426
v -0.01353044 -0.00886423 0.22097968
v -0.01382121 -0.00886423 0.22113128
v -0.00649455 -0.00886423 0.22252045
v -0.01413286 -0.00886423 0.22123333
v -0.01445699 -0.00886423 0.22128309
v -0.01478490 -0.00886423 0.22127920
v -0.01510776 -0.00886423 0.22122179
v -0.01541690 -0.00886423 0.22111239
v -0.01618205 -0.00886423 0.22050815
v -0.01636013 -0.00886423 0.22023278
v -0.01649082 -0.00886423 0.21993201
v -0.02008868 -0.00886423 0.20024301
v -0.01549835 -0.00886423 0.20396308
v -0.01520835 -0.00886423 0.20384311
v -0.01656641 -0.00886423 0.20543173
v -0.01649301 -0.00886423 0.20512660
v -0.01637278 -0.00886423 0.20483671
v -0.01620868 -0.00886423 0.20456921
v -0.01600475 -0.00886423 0.20433066
v -0.01576602 -0.00886423 0.20412693
v -0.01657061 -0.00886423 0.21961394
v -0.01659734 -0.00886423 0.21928710
v -0.01659118 -0.00886423 0.20574460
v -0.00648442 -0.00886423 0.20024920
v -0.00648227 -0.00886423 0.19552044
v -0.02008653 -0.00886423 0.19551425
v -0.01351816 -0.00886423 0.19397969
v -0.01380894 -0.00886423 0.19413129
v -0.01509548 -0.00886423 0.19422180
v -0.01540462 -0.00886423 0.19411239
v -0.01569173 -0.00886423 0.19395395
v -0.01594908 -0.00886423 0.19375071
v -0.01412058 -0.00886423 0.19423333
v -0.01444471 -0.00886423 0.19428310
v -0.01477262 -0.00886423 0.19427921
v -0.01616977 -0.00886423 0.19350816
v -0.01634785 -0.00886423 0.19323279
v -0.01647854 -0.00886423 0.19293203
v -0.01655833 -0.00886423 0.19261395
v -0.01658506 -0.00886423 0.19228711
v -0.02007855 -0.00886423 0.17797174
v -0.01657890 -0.00886423 0.17874459
v -0.01655414 -0.00886423 0.17843173
v -0.01599247 -0.00886423 0.17733066
v -0.01575374 -0.00886423 0.17712694
v -0.02007640 -0.00886423 0.17324301
v -0.01548607 -0.00886423 0.17696309
v -0.01519607 -0.00886423 0.17684312
v -0.01648073 -0.00886423 0.17812661
v -0.01636050 -0.00886423 0.17783671
v -0.01619640 -0.00886423 0.17756919
v -0.00647214 -0.00886423 0.17324920
v -0.01324379 -0.00886423 0.16678260
v -0.01350588 -0.00886423 0.16697969
v -0.01476034 -0.00886423 0.16727921
v -0.01508320 -0.00886423 0.16722180
v -0.01539234 -0.00886423 0.16711239
v -0.01567945 -0.00886423 0.16695394
v -0.01593681 -0.00886423 0.16675071
v -0.01615749 -0.00886423 0.16650815
v -0.01633557 -0.00886423 0.16623278
v -0.01646626 -0.00886423 0.16593203
v -0.01379666 -0.00886423 0.16713129
v -0.01410831 -0.00886423 0.16723335
v -0.01443244 -0.00886423 0.16728308
v -0.01598020 -0.00886423 0.15033066
v -0.01574146 -0.00886423 0.15012696
v -0.02006412 -0.00886423 0.14624300
v -0.01547380 -0.00886423 0.14996309
v -0.01518379 -0.00886423 0.14984311
v -0.01654186 -0.00886423 0.15143175
v -0.01646846 -0.00886423 0.15112662
v -0.01634823 -0.00886423 0.15083673
v -0.01618412 -0.00886423 0.15056921
v -0.01654605 -0.00886423 0.16561396
v -0.01657278 -0.00886423 0.16528712
v -0.01656663 -0.00886423 0.15174461
v -0.00645987 -0.00886423 0.14624919
v -0.00645772 -0.00886423 0.14152046
v -0.02006197 -0.00886423 0.14151427
v -0.01349360 -0.00886423 0.13997968
v -0.01378438 -0.00886423 0.14013129
v -0.01507093 -0.00886423 0.14022180
v -0.01538006 -0.00886423 0.14011239
v -0.01566717 -0.00886423 0.13995394
v -0.01592453 -0.00886423 0.13975071
v -0.01409603 -0.00886423 0.14023334
v -0.01442016 -0.00886423 0.14028310
v -0.01474806 -0.00886423 0.14027920
v -0.01614521 -0.00886423 0.13950815
v -0.01632330 -0.00886423 0.13923278
v -0.01645399 -0.00886423 0.13893202
v -0.01517152 -0.00886423 0.12284312
v -0.02005185 -0.00886423 0.11924302
v -0.01546152 -0.00886423 0.12296309
v -0.01572918 -0.00886423 0.12312694
v -0.01633595 -0.00886423 0.12383672
v -0.01645618 -0.00886423 0.12412661
v -0.01652958 -0.00886423 0.12443175
v -0.01617185 -0.00886423 0.12356922
v -0.01596792 -0.00886423 0.12333066
v -0.01653377 -0.00886423 0.13861394
v -0.01656051 -0.00886423 0.13828710
v -0.01655435 -0.00886423 0.12474461
v -0.00644759 -0.00886423 0.11924920
v -0.00644544 -0.00886423 0.11452046
v -0.02004970 -0.00886423 0.11451427
v -0.01348132 -0.00886423 0.11297969
v -0.01377210 -0.00886423 0.11313130
v -0.01408375 -0.00886423 0.11323334
v -0.01440788 -0.00886423 0.11328309
v -0.01473579 -0.00886423 0.11327922
v -0.01505865 -0.00886423 0.11322181
v -0.01536779 -0.00886423 0.11311240
v -0.01565490 -0.00886423 0.11295396
v -0.01591225 -0.00886423 0.11275071
v -0.01613294 -0.00886423 0.11250815
v -0.01631102 -0.00886423 0.11223280
v -0.01644171 -0.00886423 0.11193204
v -0.01652149 -0.00886423 0.11161396
v -0.01654823 -0.00886423 0.11128712
v -0.02004172 -0.00886423 0.09697177
v -0.01654207 -0.00886423 0.09774461
v -0.01651730 -0.00886423 0.09743174
v -0.01644390 -0.00886423 0.09712661
v -0.01632367 -0.00886423 0.09683672
v -0.02003957 -0.00886423 0.09224302
v -0.01615957 -0.00886423 0.09656922
v -0.01595564 -0.00886423 0.09633066
v -0.01571691 -0.00886423 0.09612695
v -0.01544924 -0.00886423 0.09596310
v -0.01515924 -0.00886423 0.09584313
v -0.01472351 -0.00886423 0.08627922
v -0.01504637 -0.00886423 0.08622181
v -0.00643531 -0.00886423 0.09224921
v -0.01320695 -0.00886423 0.08578261
v -0.01346905 -0.00886423 0.08597970
v -0.01375983 -0.00886423 0.08613130
v -0.01407147 -0.00886423 0.08623334
v -0.01439560 -0.00886423 0.08628311
v -0.01535551 -0.00886423 0.08611240
v -0.01564262 -0.00886423 0.08595396
v -0.01589997 -0.00886423 0.08575072
v -0.01612066 -0.00886423 0.08550815
v -0.01629874 -0.00886423 0.08523279
v -0.01642943 -0.00886423 0.08493202
v -0.01650503 -0.00886423 0.07043176
v -0.01643162 -0.00886423 0.07012662
v -0.02002729 -0.00886423 0.06524301
v -0.01631139 -0.00886423 0.06983672
v -0.01614729 -0.00886423 0.06956922
v -0.01594336 -0.00886423 0.06933067
v -0.01570463 -0.00886423 0.06912695
v -0.01543696 -0.00886423 0.06896311
v -0.01514696 -0.00886423 0.06884313
v -0.01650922 -0.00886423 0.08461396
v -0.01653595 -0.00886423 0.08428712
v -0.01652979 -0.00886423 0.07074462
v -0.00642303 -0.00886423 0.06524920
v -0.00642088 -0.00886423 0.06052047
v -0.02002514 -0.00886423 0.06051428
v -0.01345677 -0.00886423 0.05897970
v -0.01374755 -0.00886423 0.05913130
v -0.01503409 -0.00886423 0.05922181
v -0.01534323 -0.00886423 0.05911242
v -0.01563034 -0.00886423 0.05895396
v -0.01588770 -0.00886423 0.05875072
v -0.01610838 -0.00886423 0.05850816
v -0.01628646 -0.00886423 0.05823281
v -0.01641715 -0.00886423 0.05793203
v -0.01405919 -0.00886423 0.05923336
v -0.01438333 -0.00886423 0.05928311
v -0.01471123 -0.00886423 0.05927921
v -0.01649275 -0.00886423 0.04343175
v -0.01641934 -0.00886423 0.04312664
v -0.02001501 -0.00886423 0.03824301
v -0.01593109 -0.00886423 0.04233065
v -0.01569235 -0.00886423 0.04212697
v -0.01542469 -0.00886423 0.04196309
v -0.01513468 -0.00886423 0.04184313
v -0.01629911 -0.00886423 0.04283674
v -0.01613501 -0.00886423 0.04256921
v -0.01649694 -0.00886423 0.05761397
v -0.01652367 -0.00886423 0.05728711
v -0.01651751 -0.00886423 0.04374460
v -0.00641075 -0.00886423 0.03824920
v -0.00640860 -0.00886423 0.03352047
v -0.02001286 -0.00886423 0.03351428
v -0.00639767 -0.00886423 0.00947421
v -0.01627418 -0.00886423 0.03123281
v -0.01640488 -0.00886423 0.03093203
v -0.01344449 -0.00886423 0.03197970
v -0.01373527 -0.00886423 0.03213130
v -0.01561806 -0.00886423 0.03195396
v -0.01533095 -0.00886423 0.03211242
v -0.01502181 -0.00886423 0.03222181
v -0.01587542 -0.00886423 0.03175072
v -0.01609610 -0.00886423 0.03150816
v -0.01404692 -0.00886423 0.03223337
v -0.01437105 -0.00886423 0.03228311
v -0.01469895 -0.00886423 0.03227921
v -0.01648466 -0.00886423 0.03061397
v -0.01651139 -0.00886423 0.03028711
v -0.01650524 -0.00886423 0.01674461
v -0.01648047 -0.00886423 0.01643175
v -0.01640707 -0.00886423 0.01612664
v -0.01628684 -0.00886423 0.01583675
v -0.01612274 -0.00886423 0.01556921
v -0.01591881 -0.00886423 0.01533066
v -0.01568007 -0.00886423 0.01512697
v -0.01481721 -0.00886423 0.01477000
v -0.01512241 -0.00886423 0.01484313
v -0.01541241 -0.00886423 0.01496309
v 0.00639381 -0.00886423 0.00948002
v -0.01490315 -0.00886423 0.20376998
v -0.01459027 -0.00886423 0.20374550
v -0.00648601 -0.00886423 0.20374919
v 0.00630706 -0.00886423 0.20025501
v 0.00062552 -0.00886423 0.20375242
v 0.00096870 -0.00886423 0.20378225
v 0.00130167 -0.00886423 0.20387051
v 0.00161456 -0.00886423 0.20401461
v -0.00268379 -0.00886423 0.22246228
v -0.00277798 -0.00886423 0.22213093
v -0.01326834 -0.00886423 0.22078259
v -0.00281392 -0.00886423 0.22178834
v -0.00279053 -0.00886423 0.22144466
v -0.00270852 -0.00886423 0.22111009
v -0.00257031 -0.00886423 0.22079455
v 0.00262428 -0.00886423 0.20571586
v 0.00260089 -0.00886423 0.20605955
v 0.01307870 -0.00886423 0.20672160
v 0.00251887 -0.00886423 0.20639411
v 0.00238066 -0.00886423 0.20670964
v 0.00189808 -0.00886423 0.20421026
v 0.00214382 -0.00886423 0.20445167
v 0.00234450 -0.00886423 0.20473165
v 0.00249415 -0.00886423 0.20504191
v 0.00258834 -0.00886423 0.20537327
v 0.00219036 -0.00886423 0.20699678
v 0.00195361 -0.00886423 0.20724701
v -0.00214325 -0.00886423 0.22025720
v -0.00238000 -0.00886423 0.22050742
v 0.01334079 -0.00886423 0.20652452
v 0.01363157 -0.00886423 0.20637292
v -0.00180420 -0.00886423 0.22348958
v -0.00149131 -0.00886423 0.22363368
v -0.00115834 -0.00886423 0.22372194
v -0.00208772 -0.00886423 0.22329393
v -0.00233346 -0.00886423 0.22305254
v -0.00253414 -0.00886423 0.22277255
v 0.01440063 -0.00886423 0.22375869
v 0.01389637 -0.00886423 0.22375846
v 0.00629637 -0.00886423 0.22375500
v -0.00081516 -0.00886423 0.22375177
v 0.00260062 -0.00886423 0.17837327
v 0.00263655 -0.00886423 0.17871587
v 0.01309098 -0.00886423 0.17972161
v 0.00235677 -0.00886423 0.17773165
v 0.00250643 -0.00886423 0.17804192
v 0.00631719 -0.00886423 0.17798374
v 0.00261317 -0.00886423 0.17905954
v 0.00253115 -0.00886423 0.17939410
v 0.00239294 -0.00886423 0.17970965
v -0.01325606 -0.00886423 0.19378260
v -0.00276570 -0.00886423 0.19513094
v -0.00280164 -0.00886423 0.19478835
v -0.00277825 -0.00886423 0.19444465
v -0.00269624 -0.00886423 0.19411008
v -0.00255803 -0.00886423 0.19379456
v 0.00220264 -0.00886423 0.17999678
v 0.00196589 -0.00886423 0.18024701
v -0.00213097 -0.00886423 0.19325720
v -0.00236772 -0.00886423 0.19350743
v 0.00098098 -0.00886423 0.17678225
v 0.00131395 -0.00886423 0.17687052
v 0.00631934 -0.00886423 0.17325502
v 0.00162684 -0.00886423 0.17701462
v 0.00191036 -0.00886423 0.17721027
v 0.00215610 -0.00886423 0.17745166
v -0.01489087 -0.00886423 0.17676998
v -0.01457799 -0.00886423 0.17674551
v -0.00647373 -0.00886423 0.17674920
v 0.00063780 -0.00886423 0.17675243
v -0.00272797 -0.00886423 0.03278835
v -0.00270459 -0.00886423 0.03244467
v -0.01318240 -0.00886423 0.03178262
v -0.01450433 -0.00886423 0.01474552
v -0.00640007 -0.00886423 0.01474920
v 0.00071146 -0.00886423 0.01475243
v 0.00105464 -0.00886423 0.01478225
v -0.00262257 -0.00886423 0.03211011
v -0.00248436 -0.00886423 0.03179456
v 0.00203955 -0.00886423 0.01824703
v 0.00227631 -0.00886423 0.01799680
v -0.00269204 -0.00886423 0.03313095
v 0.00138762 -0.00886423 0.01487054
v 0.00170051 -0.00886423 0.01501463
v 0.00198403 -0.00886423 0.01521029
v 0.00222977 -0.00886423 0.01545167
v 0.00243044 -0.00886423 0.01573167
v 0.01316464 -0.00886423 0.01772163
v 0.00258009 -0.00886423 0.01604195
v 0.00267428 -0.00886423 0.01637329
v 0.00271022 -0.00886423 0.01671587
v 0.00268683 -0.00886423 0.01705958
v 0.00260482 -0.00886423 0.01739413
v 0.00246661 -0.00886423 0.01770965
v -0.00229406 -0.00886423 0.03150745
v -0.00205731 -0.00886423 0.03125722
v -0.00274025 -0.00886423 0.05978834
v -0.00271686 -0.00886423 0.05944467
v -0.01319467 -0.00886423 0.05878261
v 0.00168823 -0.00886423 0.04201463
v 0.00638073 -0.00886423 0.03825501
v 0.00137534 -0.00886423 0.04187054
v 0.00104237 -0.00886423 0.04178228
v -0.00263485 -0.00886423 0.05911011
v -0.00249664 -0.00886423 0.05879456
v 0.00202728 -0.00886423 0.04524702
v 0.00226403 -0.00886423 0.04499680
v -0.01482949 -0.00886423 0.04177000
v -0.01451660 -0.00886423 0.04174551
v -0.00641235 -0.00886423 0.04174920
v 0.00069919 -0.00886423 0.04175243
v 0.00197175 -0.00886423 0.04221029
v 0.00221749 -0.00886423 0.04245167
v 0.00241816 -0.00886423 0.04273167
v 0.01315237 -0.00886423 0.04472163
v 0.00256782 -0.00886423 0.04304195
v 0.00266201 -0.00886423 0.04337329
v -0.00270431 -0.00886423 0.06013095
v 0.01341446 -0.00886423 0.04452454
v 0.00269794 -0.00886423 0.04371586
v 0.00267455 -0.00886423 0.04405957
v 0.00259254 -0.00886423 0.04439413
v 0.00245433 -0.00886423 0.04470965
v -0.00230634 -0.00886423 0.05850744
v -0.00206958 -0.00886423 0.05825722
v -0.00201406 -0.00886423 0.06129395
v -0.00225980 -0.00886423 0.06105254
v -0.00246047 -0.00886423 0.06077257
v -0.00261012 -0.00886423 0.06046229
v -0.00108467 -0.00886423 0.06172196
v -0.00141765 -0.00886423 0.06163370
v -0.00173054 -0.00886423 0.06148961
v 0.01447430 -0.00886423 0.06175870
v 0.01397004 -0.00886423 0.06175847
v 0.00636845 -0.00886423 0.06525501
v 0.00637004 -0.00886423 0.06175501
v -0.00074149 -0.00886423 0.06175178
v 0.00201500 -0.00886423 0.07224702
v -0.00250892 -0.00886423 0.08579457
v -0.00109695 -0.00886423 0.08872197
v -0.00142993 -0.00886423 0.08863370
v -0.00174281 -0.00886423 0.08848961
v -0.00202633 -0.00886423 0.08829395
v -0.00271659 -0.00886423 0.08713095
v -0.00275253 -0.00886423 0.08678836
v -0.01484176 -0.00886423 0.06876999
v -0.01452888 -0.00886423 0.06874551
v -0.00642462 -0.00886423 0.06874919
v 0.00068691 -0.00886423 0.06875243
v 0.00103009 -0.00886423 0.06878225
v 0.00136306 -0.00886423 0.06887053
v 0.00167595 -0.00886423 0.06901463
v 0.00195947 -0.00886423 0.06921028
v 0.00220521 -0.00886423 0.06945168
v 0.00240589 -0.00886423 0.06973166
v 0.00255554 -0.00886423 0.07004194
v 0.00264973 -0.00886423 0.07037327
v 0.00268566 -0.00886423 0.07071588
v 0.00266228 -0.00886423 0.07105956
v -0.00272914 -0.00886423 0.08644466
v -0.00264713 -0.00886423 0.08611011
v -0.00231861 -0.00886423 0.08550743
v 0.00244205 -0.00886423 0.07170966
v 0.00225175 -0.00886423 0.07199679
v 0.01340218 -0.00886423 0.07152454
v -0.00227208 -0.00886423 0.08805255
v -0.00247275 -0.00886423 0.08777257
v -0.00262240 -0.00886423 0.08746229
v 0.01446202 -0.00886423 0.08875871
v 0.01395776 -0.00886423 0.08875848
v 0.00635617 -0.00886423 0.09225502
v 0.00635776 -0.00886423 0.08875502
v -0.00075377 -0.00886423 0.08875179
v 0.01342674 -0.00886423 0.01752454
v 0.01371752 -0.00886423 0.01737294
v 0.01402916 -0.00886423 0.01727088
v -0.00107240 -0.00886423 0.03472196
v -0.00140537 -0.00886423 0.03463371
v -0.00171826 -0.00886423 0.03448961
v -0.00200178 -0.00886423 0.03429396
v -0.00224752 -0.00886423 0.03405254
v -0.00244819 -0.00886423 0.03377258
v -0.00259785 -0.00886423 0.03346230
v 0.01448657 -0.00886423 0.03475870
v 0.01398232 -0.00886423 0.03475847
v 0.00638232 -0.00886423 0.03475501
v -0.00072921 -0.00886423 0.03475178
v -0.01486632 -0.00886423 0.12276999
v -0.01455344 -0.00886423 0.12274552
v -0.00644918 -0.00886423 0.12274920
v 0.00634389 -0.00886423 0.11925502
v 0.00066235 -0.00886423 0.12275244
v 0.00100553 -0.00886423 0.12278226
v 0.00133851 -0.00886423 0.12287053
v 0.00165140 -0.00886423 0.12301462
v 0.00193492 -0.00886423 0.12321028
v 0.00218066 -0.00886423 0.12345168
v 0.00238133 -0.00886423 0.12373166
v 0.00253098 -0.00886423 0.12404192
v 0.01311553 -0.00886423 0.12572162
v 0.00262517 -0.00886423 0.12437328
v -0.00277708 -0.00886423 0.14078834
v -0.00275370 -0.00886423 0.14044467
v -0.01323151 -0.00886423 0.13978261
v -0.00267168 -0.00886423 0.14011010
v -0.00253347 -0.00886423 0.13979455
v 0.00255571 -0.00886423 0.12539412
v 0.00241750 -0.00886423 0.12570966
v 0.00266111 -0.00886423 0.12471587
v 0.00263772 -0.00886423 0.12505955
v -0.00274115 -0.00886423 0.14113093
v 0.00222720 -0.00886423 0.12599679
v 0.00199044 -0.00886423 0.12624702
v -0.00210642 -0.00886423 0.13925721
v -0.00234317 -0.00886423 0.13950742
v -0.01487860 -0.00886423 0.14977000
v -0.01456572 -0.00886423 0.14974550
v -0.00646146 -0.00886423 0.14974919
v 0.00633161 -0.00886423 0.14625500
v 0.00065007 -0.00886423 0.14975242
v -0.00268396 -0.00886423 0.16711010
v -0.00254575 -0.00886423 0.16679456
v 0.00099326 -0.00886423 0.14978225
v 0.00132623 -0.00886423 0.14987053
v 0.00163912 -0.00886423 0.15001462
v -0.00113379 -0.00886423 0.16972196
v -0.00146676 -0.00886423 0.16963368
v -0.00177965 -0.00886423 0.16948960
v -0.00206317 -0.00886423 0.16929394
v 0.00261290 -0.00886423 0.15137326
v 0.00264883 -0.00886423 0.15171587
v 0.01310325 -0.00886423 0.15272161
v 0.00251871 -0.00886423 0.15104194
v -0.00275342 -0.00886423 0.16813094
v -0.00278936 -0.00886423 0.16778835
v -0.00276597 -0.00886423 0.16744466
v -0.00230891 -0.00886423 0.16905254
v -0.00250958 -0.00886423 0.16877256
v -0.00265923 -0.00886423 0.16846228
v 0.00192264 -0.00886423 0.15021026
v 0.00216838 -0.00886423 0.15045167
v 0.00236905 -0.00886423 0.15073166
v 0.00262544 -0.00886423 0.15205955
v 0.00254343 -0.00886423 0.15239412
v 0.00240522 -0.00886423 0.15270964
v 0.01336535 -0.00886423 0.15252451
v 0.00221492 -0.00886423 0.15299680
v 0.00197816 -0.00886423 0.15324701
v -0.00211869 -0.00886423 0.16625721
v -0.00235545 -0.00886423 0.16650743
v 0.01442519 -0.00886423 0.16975870
v 0.01392093 -0.00886423 0.16975847
v 0.00632093 -0.00886423 0.16975502
v -0.00079060 -0.00886423 0.16975178
v 0.01335307 -0.00886423 0.17952453
v 0.01364385 -0.00886423 0.17937293
v -0.00114606 -0.00886423 0.19672195
v -0.00147904 -0.00886423 0.19663369
v -0.00179192 -0.00886423 0.19648958
v -0.00207545 -0.00886423 0.19629394
v -0.00232119 -0.00886423 0.19605254
v -0.00252186 -0.00886423 0.19577256
v -0.00267151 -0.00886423 0.19546229
v 0.01441291 -0.00886423 0.19675870
v 0.01390865 -0.00886423 0.19675847
v 0.00630865 -0.00886423 0.19675501
v -0.00080288 -0.00886423 0.19675178
v 0.00239361 -0.00886423 0.09673166
v 0.00254326 -0.00886423 0.09704193
v 0.00635402 -0.00886423 0.09698377
v 0.00263745 -0.00886423 0.09737328
v 0.00267339 -0.00886423 0.09771587
v 0.00265000 -0.00886423 0.09805955
v 0.01312781 -0.00886423 0.09872162
v 0.00256798 -0.00886423 0.09839413
v 0.00242978 -0.00886423 0.09870966
v -0.01321923 -0.00886423 0.11278261
v -0.00272887 -0.00886423 0.11413095
v -0.00276480 -0.00886423 0.11378835
v -0.00274142 -0.00886423 0.11344468
v -0.00265940 -0.00886423 0.11311010
v -0.00252120 -0.00886423 0.11279457
v 0.01338991 -0.00886423 0.09852454
v 0.00223947 -0.00886423 0.09899679
v 0.00200272 -0.00886423 0.09924702
v -0.00209414 -0.00886423 0.11225721
v -0.00233089 -0.00886423 0.11250744
v -0.00110923 -0.00886423 0.11572195
v -0.00144220 -0.00886423 0.11563370
v -0.00175509 -0.00886423 0.11548959
v -0.00203861 -0.00886423 0.11529395
v -0.00228435 -0.00886423 0.11505255
v -0.00248503 -0.00886423 0.11477257
v -0.00263468 -0.00886423 0.11446229
v 0.01444974 -0.00886423 0.11575871
v 0.01394548 -0.00886423 0.11575848
v 0.00634548 -0.00886423 0.11575502
v -0.00076605 -0.00886423 0.11575179
v 0.00101781 -0.00886423 0.09578226
v 0.00135078 -0.00886423 0.09587053
v -0.01485404 -0.00886423 0.09576999
v -0.01454116 -0.00886423 0.09574552
v -0.00643690 -0.00886423 0.09574921
v 0.00067463 -0.00886423 0.09575244
v 0.00166367 -0.00886423 0.09601462
v 0.00194719 -0.00886423 0.09621028
v 0.00219294 -0.00886423 0.09645168
v 0.01337763 -0.00886423 0.12552453
v 0.01366841 -0.00886423 0.12537292
v -0.00112151 -0.00886423 0.14272197
v -0.00145448 -0.00886423 0.14263370
v -0.00176737 -0.00886423 0.14248959
v -0.00205089 -0.00886423 0.14229395
v -0.00229663 -0.00886423 0.14205255
v -0.00249731 -0.00886423 0.14177255
v -0.00264696 -0.00886423 0.14146228
v 0.01443746 -0.00886423 0.14275869
v 0.01393320 -0.00886423 0.14275846
v 0.00633321 -0.00886423 0.14275500
v -0.00077833 -0.00886423 0.14275177
v 0.01987505 -0.02286423 0.28001119
v 0.01989915 -0.02286423 0.22701119
v -0.02012313 -0.02286423 0.27599299
v -0.02010084 -0.02286423 0.22699300
v -0.00412495 -0.02286423 0.28000027
v -0.00412313 -0.02286423 0.27600027
v 0.01587687 -0.02286423 0.27600936
v 0.01589733 -0.02286423 0.23100938
v -0.01610266 -0.02286423 0.23099483
v -0.01612313 -0.02286423 0.27599481
f 1 2 3
f 4 5 6
f 6 5 7
f 6 7 8
f 9 10 11
f 11 10 12
f 13 14 15
f 15 16 13
f 13 16 17
f 13 17 18
f 13 19 14
f 14 19 20
f 14 20 21
f 21 20 22
f 23 24 11
f 11 24 25
f 11 25 9
f 26 27 28
f 28 27 29
f 28 29 30
f 30 29 31
f 30 31 12
f 12 31 32
f 12 32 11
f 33 34 35
f 18 36 13
f 13 36 37
f 13 37 38
f 38 39 13
f 13 39 40
f 13 40 41
f 42 43 20
f 20 43 44
f 20 44 22
f 26 45 27
f 27 45 46
f 27 46 34
f 34 46 47
f 34 47 35
f 40 48 41
f 41 48 49
f 41 49 50
f 50 49 51
f 50 51 23
f 23 51 52
f 23 52 24
f 8 53 6
f 6 53 42
f 6 42 2
f 2 42 20
f 2 20 3
f 54 55 6
f 6 55 56
f 6 56 4
f 4 56 33
f 4 33 57
f 57 33 35
f 3 58 1
f 1 58 59
f 1 59 60
f 61 62 63
f 64 65 66
f 63 62 67
f 68 69 65
f 65 69 70
f 65 70 66
f 66 71 64
f 64 71 72
f 64 72 63
f 63 72 73
f 63 73 61
f 74 75 76
f 76 75 77
f 75 78 77
f 77 78 11
f 77 11 79
f 79 11 32
f 78 80 11
f 11 80 81
f 11 81 82
f 82 81 83
f 82 83 84
f 84 83 85
f 84 85 68
f 68 85 86
f 68 86 69
f 62 87 67
f 67 87 88
f 67 88 89
f 89 88 90
f 89 90 91
f 74 76 92
f 92 76 93
f 92 93 94
f 94 93 95
f 94 95 96
f 90 97 91
f 91 97 98
f 91 98 99
f 99 98 100
f 99 100 101
f 102 103 95
f 95 103 104
f 95 104 96
f 99 105 106
f 107 105 108
f 108 105 99
f 108 99 109
f 109 99 101
f 107 110 105
f 105 110 111
f 105 111 112
f 112 111 113
f 113 114 112
f 112 114 115
f 112 115 102
f 102 115 116
f 102 116 103
f 99 117 118
f 118 117 119
f 118 119 120
f 106 121 99
f 99 121 122
f 99 122 123
f 124 125 126
f 126 125 127
f 126 127 123
f 127 128 123
f 123 128 129
f 123 129 99
f 99 129 130
f 99 130 117
f 119 131 120
f 120 131 132
f 120 132 133
f 134 135 136
f 136 135 137
f 136 137 138
f 134 139 135
f 135 139 140
f 135 140 141
f 140 142 141
f 141 142 143
f 141 143 144
f 143 145 144
f 144 145 146
f 144 146 124
f 124 146 147
f 124 147 125
f 132 148 133
f 133 148 149
f 133 149 150
f 149 151 150
f 150 151 152
f 150 152 153
f 154 155 156
f 156 155 157
f 138 137 157
f 157 137 158
f 157 158 156
f 159 160 154
f 154 160 161
f 154 161 155
f 162 163 164
f 164 165 162
f 162 165 166
f 162 166 167
f 152 168 153
f 153 168 169
f 153 169 163
f 163 169 170
f 163 170 164
f 166 171 167
f 167 171 172
f 167 172 173
f 173 172 174
f 173 174 159
f 159 174 175
f 159 175 160
f 176 177 178
f 179 180 181
f 178 177 182
f 183 184 185
f 185 184 186
f 185 186 187
f 188 189 190
f 191 192 193
f 180 194 181
f 181 194 195
f 181 195 185
f 185 195 196
f 185 196 183
f 187 197 185
f 185 197 198
f 185 198 199
f 190 200 188
f 188 200 201
f 188 201 178
f 178 201 202
f 178 202 176
f 54 6 203
f 203 6 185
f 203 185 204
f 204 185 199
f 204 199 205
f 205 199 206
f 205 206 207
f 207 206 208
f 207 208 189
f 189 208 209
f 189 209 190
f 177 210 182
f 182 210 211
f 182 211 212
f 212 211 213
f 212 213 214
f 214 213 215
f 214 215 154
f 154 215 216
f 154 216 159
f 159 216 192
f 159 192 217
f 191 218 192
f 192 218 219
f 192 219 217
f 193 220 191
f 191 220 221
f 191 221 222
f 222 223 191
f 191 223 224
f 191 224 225
f 225 226 191
f 191 226 227
f 191 227 181
f 181 227 228
f 181 228 179
f 229 230 231
f 231 230 232
f 233 234 230
f 235 229 236
f 236 229 237
f 236 237 238
f 238 237 239
f 235 240 229
f 229 240 241
f 229 241 242
f 242 243 229
f 229 243 244
f 229 244 245
f 234 246 230
f 230 246 247
f 230 247 248
f 245 249 229
f 229 249 250
f 229 250 230
f 230 250 251
f 230 251 233
f 252 253 254
f 255 256 257
f 257 256 258
f 257 258 259
f 260 257 261
f 261 257 262
f 263 264 257
f 257 264 265
f 257 265 266
f 267 268 259
f 259 268 269
f 259 269 257
f 257 269 270
f 257 270 262
f 271 272 248
f 248 272 273
f 248 273 274
f 230 275 276
f 277 278 230
f 230 278 279
f 230 279 280
f 280 279 281
f 281 282 280
f 280 282 283
f 280 283 284
f 284 285 280
f 280 285 286
f 280 286 287
f 254 253 257
f 257 253 288
f 257 288 263
f 266 289 257
f 257 289 290
f 257 290 255
f 274 291 248
f 248 291 292
f 248 292 230
f 230 292 293
f 230 293 275
f 276 294 230
f 230 294 295
f 230 295 277
f 286 296 287
f 287 296 297
f 287 297 254
f 254 297 298
f 254 298 252
f 267 299 268
f 268 299 300
f 268 300 301
f 301 300 302
f 301 302 248
f 248 302 303
f 248 303 271
f 260 304 257
f 257 304 305
f 257 305 306
f 306 305 307
f 307 308 306
f 306 308 309
f 306 309 310
f 311 312 313
f 314 315 313
f 313 315 316
f 313 316 311
f 317 318 319
f 320 321 322
f 322 321 323
f 322 323 306
f 324 325 317
f 326 327 322
f 323 328 306
f 306 328 329
f 306 329 330
f 330 331 306
f 306 331 332
f 306 332 333
f 314 334 315
f 315 334 335
f 315 335 336
f 336 335 337
f 336 337 338
f 338 337 339
f 338 339 340
f 327 341 322
f 322 341 342
f 322 342 320
f 333 343 306
f 306 343 344
f 306 344 345
f 325 346 317
f 317 346 347
f 317 347 348
f 348 349 317
f 317 349 350
f 317 350 351
f 312 318 313
f 313 318 317
f 313 317 352
f 352 317 351
f 340 353 338
f 338 353 354
f 338 354 355
f 345 356 306
f 306 356 357
f 306 357 317
f 317 357 358
f 317 358 324
f 355 359 338
f 338 359 360
f 338 360 322
f 322 360 361
f 322 361 326
f 319 362 317
f 317 362 363
f 317 363 364
f 364 363 365
f 365 366 364
f 364 366 367
f 364 367 368
f 369 370 364
f 371 372 373
f 373 374 371
f 371 374 375
f 371 375 376
f 377 378 379
f 379 378 380
f 379 380 381
f 382 383 384
f 384 383 385
f 384 385 386
f 370 387 364
f 364 387 388
f 364 388 389
f 390 391 392
f 381 393 379
f 379 393 394
f 379 394 371
f 371 394 395
f 371 395 372
f 376 396 371
f 371 396 397
f 371 397 364
f 364 397 398
f 364 398 369
f 389 399 364
f 364 399 400
f 364 400 401
f 392 402 384
f 392 403 404
f 405 392 406
f 406 392 384
f 406 384 407
f 407 384 386
f 382 408 383
f 383 408 409
f 383 409 410
f 410 409 411
f 410 411 379
f 379 411 412
f 379 412 377
f 401 413 364
f 364 413 414
f 364 414 392
f 392 414 415
f 392 415 390
f 391 416 392
f 392 416 417
f 392 417 403
f 404 418 392
f 392 418 419
f 392 419 402
f 405 420 392
f 392 420 421
f 392 421 422
f 422 421 423
f 423 424 422
f 422 424 425
f 422 425 426
f 427 428 422
f 429 430 431
f 431 432 429
f 429 432 433
f 429 433 434
f 435 436 437
f 438 439 440
f 441 442 443
f 443 442 444
f 443 444 445
f 428 446 422
f 422 446 447
f 422 447 448
f 449 450 437
f 437 450 451
f 437 451 435
f 434 452 429
f 429 452 453
f 429 453 422
f 422 453 454
f 422 454 427
f 448 455 422
f 422 455 456
f 422 456 457
f 445 458 443
f 443 458 459
f 443 459 429
f 429 459 460
f 429 460 430
f 461 438 462
f 462 438 463
f 436 439 437
f 437 439 438
f 437 438 464
f 464 438 461
f 449 465 450
f 450 465 466
f 450 466 467
f 467 466 468
f 467 468 443
f 443 468 469
f 443 469 441
f 470 438 471
f 471 438 472
f 470 473 438
f 438 473 474
f 438 474 463
f 457 475 422
f 422 475 476
f 422 476 438
f 438 476 477
f 438 477 472
f 440 478 438
f 438 478 479
f 438 479 480
f 480 479 481
f 481 482 480
f 480 482 483
f 480 483 484
f 485 486 480
f 487 488 489
f 488 490 489
f 489 490 491
f 489 491 492
f 493 494 495
f 496 497 498
f 494 499 495
f 495 499 500
f 495 500 501
f 501 502 495
f 495 502 503
f 495 503 480
f 480 503 504
f 480 504 485
f 486 505 480
f 480 505 506
f 480 506 507
f 507 508 480
f 480 508 509
f 480 509 510
f 498 497 511
f 512 513 514
f 515 516 517
f 518 519 515
f 515 519 520
f 515 520 516
f 512 514 498
f 498 514 521
f 498 521 496
f 517 522 515
f 515 522 523
f 515 523 495
f 495 523 524
f 495 524 493
f 525 526 489
f 527 528 489
f 526 529 489
f 489 529 530
f 489 530 531
f 518 515 497
f 497 515 532
f 497 532 511
f 512 533 513
f 513 533 534
f 513 534 531
f 531 534 535
f 531 535 489
f 489 535 536
f 489 536 487
f 510 537 480
f 480 537 538
f 480 538 489
f 489 538 539
f 489 539 527
f 528 540 489
f 489 540 541
f 489 541 525
f 542 543 544
f 543 545 544
f 544 545 546
f 544 546 547
f 548 549 550
f 489 551 552
f 553 554 555
f 547 556 544
f 544 556 557
f 544 557 489
f 489 557 558
f 489 558 551
f 552 559 489
f 489 559 560
f 489 560 561
f 562 563 564
f 564 563 565
f 564 565 566
f 566 567 564
f 564 567 568
f 564 568 544
f 544 568 569
f 544 569 542
f 561 570 489
f 489 570 571
f 489 571 572
f 553 573 574
f 574 575 553
f 553 575 576
f 553 576 577
f 577 578 553
f 553 578 579
f 553 579 580
f 549 554 550
f 550 554 553
f 550 553 581
f 581 553 580
f 582 583 584
f 584 583 585
f 584 585 550
f 550 585 586
f 550 586 548
f 572 587 489
f 489 587 588
f 489 588 553
f 553 588 589
f 553 589 573
f 582 590 583
f 583 590 591
f 583 591 564
f 564 591 592
f 564 592 562
f 593 594 595
f 595 594 596
f 555 597 553
f 553 597 598
f 553 598 595
f 595 598 599
f 595 599 593
f 600 601 602
f 601 603 602
f 602 603 604
f 602 604 605
f 606 607 608
f 595 609 610
f 611 612 613
f 614 615 616
f 616 615 617
f 616 617 618
f 605 619 602
f 602 619 620
f 602 620 595
f 595 620 621
f 595 621 609
f 622 623 611
f 624 625 611
f 611 625 626
f 611 626 627
f 610 628 595
f 595 628 629
f 595 629 630
f 630 631 595
f 595 631 632
f 595 632 633
f 607 612 608
f 608 612 611
f 608 611 634
f 634 611 627
f 635 636 637
f 637 636 638
f 637 638 608
f 608 638 639
f 608 639 606
f 618 640 616
f 616 640 641
f 616 641 602
f 602 641 642
f 602 642 600
f 623 643 611
f 611 643 644
f 611 644 624
f 633 645 595
f 595 645 646
f 595 646 611
f 611 646 647
f 611 647 622
f 635 648 636
f 636 648 649
f 636 649 616
f 616 649 650
f 616 650 614
f 651 652 653
f 653 652 654
f 613 655 611
f 611 655 656
f 611 656 653
f 653 656 657
f 653 657 651
f 658 659 660
f 661 662 660
f 660 662 663
f 660 663 658
f 653 664 665
f 666 667 668
f 668 667 669
f 668 669 670
f 671 672 673
f 674 675 676
f 659 677 660
f 660 677 678
f 660 678 653
f 653 678 679
f 653 679 664
f 665 680 653
f 653 680 681
f 653 681 682
f 682 683 653
f 653 683 684
f 653 684 685
f 686 687 688
f 688 687 689
f 688 689 673
f 673 689 690
f 673 690 671
f 670 691 668
f 668 691 692
f 668 692 660
f 660 692 693
f 660 693 661
f 694 695 674
f 696 697 674
f 674 697 698
f 674 698 699
f 672 675 673
f 673 675 674
f 673 674 700
f 700 674 699
f 695 701 674
f 674 701 702
f 674 702 696
f 685 703 653
f 653 703 704
f 653 704 674
f 674 704 705
f 674 705 694
f 686 706 687
f 687 706 707
f 687 707 668
f 668 707 708
f 668 708 666
f 709 710 711
f 711 710 712
f 676 713 674
f 674 713 714
f 674 714 711
f 711 714 715
f 711 715 709
f 716 717 718
f 718 717 719
f 718 719 720
f 712 721 711
f 711 721 722
f 711 722 723
f 723 722 724
f 723 724 718
f 718 724 725
f 718 725 716
f 726 727 728
f 729 730 728
f 728 730 731
f 731 732 728
f 728 732 733
f 728 733 660
f 660 733 734
f 660 734 735
f 735 736 660
f 660 736 737
f 660 737 668
f 727 738 728
f 728 738 739
f 728 739 729
f 720 740 718
f 718 740 741
f 718 741 742
f 742 741 743
f 742 743 744
f 744 745 742
f 742 745 746
f 742 746 728
f 728 746 747
f 728 747 726
f 748 749 728
f 728 749 750
f 728 750 751
f 654 752 653
f 653 752 753
f 653 753 660
f 660 753 754
f 660 754 728
f 728 754 755
f 728 755 748
f 756 757 758
f 759 760 758
f 758 760 761
f 761 762 758
f 758 762 763
f 758 763 602
f 602 763 764
f 602 764 765
f 765 766 602
f 602 766 767
f 602 767 616
f 757 768 758
f 758 768 769
f 758 769 759
f 751 770 728
f 728 770 771
f 728 771 772
f 772 771 773
f 772 773 774
f 774 775 772
f 772 775 776
f 772 776 758
f 758 776 777
f 758 777 756
f 778 779 758
f 758 779 780
f 758 780 781
f 596 782 595
f 595 782 783
f 595 783 602
f 602 783 784
f 602 784 758
f 758 784 785
f 758 785 778
f 786 787 788
f 788 789 786
f 786 789 790
f 786 790 544
f 544 790 791
f 544 791 792
f 792 793 544
f 544 793 794
f 544 794 564
f 795 796 786
f 786 796 797
f 781 798 758
f 758 798 799
f 758 799 800
f 800 799 801
f 800 801 802
f 797 803 786
f 786 803 804
f 786 804 787
f 802 805 800
f 800 805 806
f 800 806 786
f 786 806 807
f 786 807 795
f 808 809 810
f 810 811 808
f 808 811 812
f 808 812 495
f 495 812 813
f 495 813 814
f 814 815 495
f 495 815 816
f 495 816 515
f 817 818 808
f 808 818 819
f 819 820 808
f 808 820 821
f 808 821 809
f 786 822 823
f 492 824 489
f 489 824 825
f 489 825 544
f 544 825 826
f 544 826 786
f 786 826 827
f 786 827 822
f 823 828 786
f 786 828 829
f 786 829 830
f 830 831 786
f 786 831 832
f 786 832 833
f 833 834 786
f 786 834 835
f 786 835 808
f 808 835 836
f 808 836 817
f 484 837 480
f 480 837 838
f 480 838 495
f 495 838 839
f 495 839 808
f 808 839 840
f 808 840 841
f 841 842 808
f 808 842 843
f 808 843 844
f 845 846 429
f 429 846 847
f 429 847 443
f 844 848 808
f 808 848 849
f 808 849 850
f 850 849 851
f 850 851 852
f 853 854 855
f 855 854 856
f 855 856 857
f 857 858 855
f 855 858 859
f 855 859 860
f 860 861 855
f 855 861 862
f 855 862 429
f 429 862 863
f 429 863 845
f 852 864 850
f 850 864 865
f 850 865 855
f 855 865 866
f 855 866 853
f 867 868 855
f 855 868 869
f 855 869 870
f 426 871 422
f 422 871 872
f 422 872 429
f 429 872 873
f 429 873 855
f 855 873 874
f 855 874 867
f 875 876 877
f 878 879 875
f 875 879 880
f 881 882 371
f 371 882 883
f 371 883 379
f 870 884 855
f 855 884 885
f 855 885 886
f 886 885 887
f 886 887 888
f 877 889 875
f 875 889 890
f 875 890 878
f 880 891 875
f 875 891 892
f 875 892 371
f 371 892 893
f 371 893 881
f 888 894 886
f 886 894 895
f 886 895 875
f 875 895 896
f 875 896 876
f 368 897 364
f 364 897 898
f 364 898 371
f 371 898 899
f 371 899 875
f 875 899 900
f 875 900 901
f 901 902 875
f 875 902 903
f 875 903 904
f 905 906 907
f 907 906 908
f 907 908 909
f 909 910 907
f 907 910 911
f 907 911 912
f 913 914 322
f 322 914 915
f 322 915 338
f 904 916 875
f 875 916 917
f 875 917 918
f 918 917 919
f 918 919 920
f 912 921 907
f 907 921 922
f 907 922 322
f 322 922 923
f 322 923 913
f 920 924 918
f 918 924 925
f 918 925 907
f 907 925 926
f 907 926 905
f 310 927 306
f 306 927 928
f 306 928 322
f 322 928 929
f 322 929 907
f 907 929 930
f 907 930 931
f 931 932 907
f 907 932 933
f 907 933 934
f 934 935 907
f 907 935 936
f 907 936 237
f 237 936 937
f 237 937 239
f 254 938 939
f 232 940 941
f 942 943 944
f 945 946 947
f 947 946 948
f 947 948 949
f 943 950 944
f 944 950 951
f 944 951 947
f 947 951 952
f 947 952 945
f 949 953 947
f 947 953 954
f 947 954 955
f 955 956 957
f 957 956 958
f 958 959 957
f 957 959 960
f 957 960 961
f 962 963 964
f 964 963 957
f 964 957 965
f 965 957 961
f 966 967 968
f 968 967 969
f 968 969 970
f 962 971 963
f 963 971 972
f 963 972 968
f 968 972 973
f 968 973 974
f 974 975 968
f 968 975 976
f 968 976 966
f 977 978 979
f 979 980 977
f 977 980 981
f 977 981 982
f 982 983 977
f 977 983 984
f 977 984 944
f 944 984 985
f 944 985 942
f 231 232 986
f 986 987 231
f 231 987 988
f 231 988 229
f 989 280 939
f 939 280 287
f 939 287 254
f 990 991 992
f 993 994 995
f 992 996 990
f 990 996 997
f 990 997 995
f 995 997 998
f 995 998 999
f 999 1000 995
f 995 1000 1001
f 995 1001 993
f 994 1002 995
f 995 1002 1003
f 995 1003 1004
f 1005 1006 1007
f 1007 1006 1008
f 1008 1009 1007
f 1007 1009 1010
f 1007 1010 1011
f 1012 1013 1014
f 1014 1013 1007
f 1014 1007 1015
f 1015 1007 1011
f 1016 1017 1018
f 1016 1018 1019
f 1020 1021 1018
f 1018 1021 1022
f 1018 1022 1019
f 1012 1023 1013
f 1013 1023 1024
f 1013 1024 1018
f 1018 1024 1025
f 1018 1025 1020
f 1017 1026 1027
f 1026 1028 1027
f 1027 1028 1029
f 1027 1029 1030
f 1030 1031 1027
f 1027 1031 1032
f 1027 1032 990
f 990 1032 1033
f 990 1033 991
f 1034 1035 1036
f 1037 1038 1039
f 1040 1041 1036
f 1036 1041 1042
f 1036 1042 1034
f 1037 1039 1036
f 1036 1039 1043
f 1036 1043 1044
f 1044 1045 1036
f 1036 1045 1046
f 1036 1046 1040
f 1035 1047 1048
f 1048 1047 1049
f 1048 1049 1050
f 1050 1051 1048
f 1048 1051 1052
f 1048 1052 1053
f 1053 1054 1048
f 1048 1054 1055
f 1048 1055 1056
f 1055 1057 1056
f 1056 1057 1058
f 1056 1058 1059
f 1060 1061 1062
f 1063 1064 1062
f 1062 1064 1065
f 1062 1065 1060
f 1059 1066 1056
f 1056 1066 1067
f 1056 1067 1062
f 1062 1067 1068
f 1062 1068 1063
f 1069 1070 1071
f 1071 1072 1069
f 1069 1072 1073
f 1069 1073 1074
f 1074 1075 1069
f 1069 1075 1076
f 1069 1076 1037
f 1037 1076 1077
f 1037 1077 1038
f 1035 1048 1036
f 1036 1048 1078
f 1036 1078 989
f 989 1078 1079
f 989 1079 280
f 955 957 947
f 947 957 1080
f 947 1080 1081
f 1081 1080 1082
f 1081 1082 1083
f 1083 1082 1084
f 1083 1084 1085
f 1085 1084 1086
f 1085 1086 1087
f 1087 1086 1088
f 1087 1088 1089
f 1089 1088 1090
f 1089 1090 1091
f 1091 1090 1062
f 1091 1062 1069
f 1069 1062 1061
f 1069 1061 1070
f 1017 1027 1018
f 1018 1027 1092
f 1018 1092 1093
f 1093 1092 1094
f 1093 1094 1095
f 1095 1094 1096
f 1095 1096 1097
f 1097 1096 1098
f 1097 1098 1099
f 1099 1098 1100
f 1099 1100 1101
f 1101 1100 1102
f 1101 1102 1103
f 1103 1102 968
f 1103 968 977
f 977 968 970
f 977 970 978
f 232 941 986
f 986 941 995
f 986 995 1007
f 1007 995 1004
f 1007 1004 1005
f 1104 1105 1106
f 1107 1108 1109
f 1110 1111 1112
f 1113 1114 1115
f 1116 1117 1118
f 1119 1120 1121
f 1122 1123 1124
f 1125 1126 1127
f 1127 1126 1128
f 1127 1128 1129
f 1130 1131 1132
f 1132 1131 1133
f 1132 1133 1128
f 1128 1133 1134
f 1128 1134 1129
f 1135 1136 1137
f 1137 1136 1138
f 1137 1138 1132
f 1132 1138 1139
f 1132 1139 1130
f 1135 1137 1140
f 1140 1137 1141
f 1140 1141 1142
f 1143 1144 1145
f 1145 1144 1146
f 1145 1146 1147
f 1124 1123 1145
f 1145 1123 1148
f 1145 1148 1143
f 1149 1150 1151
f 1151 1150 1152
f 1152 1153 1151
f 1151 1153 1154
f 1151 1154 1141
f 1141 1154 1155
f 1141 1155 1142
f 1121 1120 1124
f 1124 1120 1156
f 1124 1156 1122
f 1157 1158 1159
f 1159 1158 1160
f 1159 1160 1121
f 1121 1160 1161
f 1121 1161 1119
f 1162 1163 1164
f 1164 1163 1165
f 1164 1165 1166
f 1162 1167 1163
f 1163 1167 1168
f 1163 1168 1159
f 1159 1168 1169
f 1159 1169 1157
f 1170 1171 1172
f 1172 1171 1165
f 1165 1171 1173
f 1165 1173 1166
f 1174 1175 1176
f 1176 1175 1177
f 1176 1177 1172
f 1172 1177 1178
f 1172 1178 1170
f 1179 1180 1176
f 1176 1180 1181
f 1176 1181 1174
f 1182 1183 1184
f 1184 1185 1182
f 1182 1185 1186
f 1182 1186 1179
f 1179 1186 1187
f 1179 1187 1180
f 1188 1189 1182
f 1182 1189 1190
f 1182 1190 1183
f 1191 1192 1193
f 1193 1192 1194
f 1193 1194 1195
f 1195 1194 1196
f 1189 1197 1198
f 1198 1197 1199
f 1198 1199 1200
f 1200 1199 1201
f 1200 1201 1194
f 1194 1201 1202
f 1194 1202 1196
f 1118 1117 1192
f 1192 1117 1203
f 1192 1203 1204
f 1204 1205 1192
f 1192 1205 1206
f 1192 1206 1194
f 1207 1208 1209
f 1209 1208 1210
f 1209 1210 1118
f 1118 1210 1211
f 1118 1211 1116
f 1212 1213 1214
f 1214 1213 1126
f 1214 1126 1215
f 1215 1126 1125
f 1212 1216 1213
f 1213 1216 1217
f 1213 1217 1209
f 1209 1217 1218
f 1209 1218 1207
f 1219 1220 1221
f 1221 1222 1219
f 1219 1222 1223
f 1219 1223 1224
f 1220 1219 1225
f 1225 1219 1226
f 1225 1226 1227
f 1227 1226 1228
f 1228 1226 1229
f 1228 1229 1230
f 1231 1232 1151
f 1233 1234 1151
f 1151 1234 1235
f 1151 1235 1231
f 1115 1114 1151
f 1151 1114 1236
f 1151 1236 1233
f 1147 1149 1145
f 1145 1149 1151
f 1145 1151 1237
f 1237 1151 1232
f 1237 1238 1145
f 1145 1238 1239
f 1145 1239 1240
f 1240 1241 1145
f 1145 1241 1242
f 1145 1242 1229
f 1229 1242 1243
f 1229 1243 1230
f 1244 1245 1246
f 1246 1245 1247
f 1246 1247 1248
f 1248 1249 1246
f 1246 1249 1250
f 1246 1250 1115
f 1115 1250 1251
f 1115 1251 1113
f 1252 1253 1254
f 1254 1253 1255
f 1253 1256 1255
f 1255 1256 1257
f 1255 1257 1244
f 1244 1257 1258
f 1244 1258 1245
f 1259 1260 1254
f 1254 1260 1261
f 1254 1261 1252
f 1262 1263 1264
f 1264 1265 1262
f 1262 1265 1266
f 1262 1266 1259
f 1259 1266 1267
f 1259 1267 1260
f 1263 1262 1268
f 1268 1262 1269
f 1268 1269 1270
f 1112 1111 1271
f 1271 1111 1272
f 1271 1272 1273
f 1273 1274 1271
f 1271 1274 1275
f 1271 1275 1276
f 1277 1278 1279
f 1278 1280 1279
f 1279 1280 1281
f 1279 1281 1282
f 1282 1283 1279
f 1279 1283 1284
f 1279 1284 1269
f 1269 1284 1285
f 1269 1285 1270
f 1286 1287 1112
f 1112 1287 1288
f 1112 1288 1110
f 1223 1289 1224
f 1224 1289 1290
f 1224 1290 1291
f 1291 1290 1292
f 1291 1292 1293
f 1293 1292 1294
f 1293 1294 1295
f 1295 1296 1293
f 1293 1296 1297
f 1293 1297 1286
f 1286 1297 1298
f 1286 1298 1287
f 1299 1300 1301
f 1301 1300 1302
f 1301 1302 1303
f 1303 1302 1304
f 1305 1306 1302
f 1302 1306 1307
f 1302 1307 1304
f 1308 1309 1310
f 1310 1309 1311
f 1310 1311 1305
f 1305 1311 1312
f 1305 1312 1306
f 1313 1314 1315
f 1313 1315 1316
f 1109 1108 1315
f 1315 1108 1317
f 1315 1317 1316
f 1318 1319 1320
f 1320 1319 1321
f 1320 1321 1310
f 1310 1321 1322
f 1310 1322 1308
f 1323 1324 1325
f 1325 1324 1326
f 1325 1326 1327
f 1323 1328 1324
f 1324 1328 1329
f 1324 1329 1109
f 1109 1329 1330
f 1109 1330 1107
f 1331 1332 1333
f 1333 1332 1334
f 1333 1334 1326
f 1326 1334 1335
f 1326 1335 1327
f 1331 1333 1336
f 1336 1333 1337
f 1336 1337 1338
f 1338 1337 1339
f 1338 1339 1340
f 1341 1342 1343
f 1343 1342 1344
f 1343 1344 1339
f 1339 1344 1345
f 1339 1345 1340
f 1341 1343 1346
f 1346 1343 1347
f 1346 1347 1348
f 1193 1349 1191
f 1191 1349 1350
f 1191 1350 1347
f 1347 1350 1351
f 1347 1351 1348
f 1352 1353 1188
f 1188 1353 1354
f 1188 1354 1355
f 1355 1356 1188
f 1188 1356 1357
f 1188 1357 1189
f 1189 1357 1358
f 1189 1358 1197
f 1106 1105 1359
f 1359 1105 1360
f 1359 1360 1361
f 1361 1362 1359
f 1359 1362 1363
f 1359 1363 1352
f 1352 1363 1364
f 1352 1364 1353
f 1299 1365 1300
f 1300 1365 1366
f 1300 1366 1367
f 1367 1366 1368
f 1367 1368 1106
f 1106 1368 1369
f 1106 1369 1104
f 1276 1277 1271
f 1271 1277 1279
f 1271 1279 1370
f 1370 1279 1371
f 1370 1371 1372
f 1372 1371 1373
f 1372 1373 1374
f 1374 1373 1375
f 1374 1375 1376
f 1376 1375 1377
f 1376 1377 1378
f 1378 1377 1379
f 1378 1379 1380
f 1380 1379 1381
f 1380 1381 1382
f 1382 1381 1383
f 1382 1383 1384
f 1384 1383 1385
f 1384 1385 1320
f 1320 1385 1315
f 1320 1315 1318
f 1318 1315 1314
f 1386 1387 1388
f 1097 1099 1389
f 1390 1391 1392
f 1393 1394 1395
f 1396 1397 1398
f 1399 1400 1394
f 1394 1400 1401
f 1394 1401 1402
f 1403 1404 1405
f 1405 1404 1406
f 1405 1406 1407
f 1407 1406 1408
f 1407 1408 1402
f 1402 1408 1409
f 1402 1409 1394
f 1403 1410 1404
f 1404 1410 1411
f 1404 1411 1412
f 1398 1413 1396
f 1396 1413 1414
f 1396 1414 1415
f 1414 1416 1415
f 1415 1416 1417
f 1415 1417 1418
f 1418 1417 1419
f 1418 1419 1394
f 1394 1419 1420
f 1394 1420 1399
f 1421 1422 1423
f 1411 1424 1412
f 1412 1424 1425
f 1412 1425 1423
f 1423 1425 1426
f 1423 1426 1421
f 1427 1428 1429
f 1429 1428 1430
f 1430 1431 1429
f 1429 1431 1432
f 1429 1432 1433
f 1422 1427 1423
f 1423 1427 1429
f 1423 1429 1434
f 1434 1429 1435
f 1392 1436 1437
f 1437 1438 1392
f 1392 1438 1439
f 1392 1439 1429
f 1429 1439 1440
f 1429 1440 1435
f 1441 1442 1443
f 1443 1442 1444
f 1391 1445 1392
f 1392 1445 1446
f 1392 1446 1447
f 1448 1449 1436
f 1450 1451 1452
f 1452 1451 1453
f 1436 1449 1454
f 1455 1456 1457
f 1457 1456 1458
f 1449 1459 1454
f 1454 1459 1460
f 1454 1460 1443
f 1443 1460 1461
f 1443 1461 1441
f 1442 1462 1444
f 1444 1462 1463
f 1444 1463 1464
f 1464 1463 1465
f 1464 1465 1466
f 1466 1465 1467
f 1466 1467 1457
f 1457 1467 1468
f 1457 1468 1455
f 1447 1469 1392
f 1392 1469 1470
f 1392 1470 1436
f 1436 1470 1471
f 1436 1471 1448
f 1472 1473 1451
f 1473 1474 1451
f 1451 1474 1475
f 1451 1475 1476
f 1476 1477 1451
f 1451 1477 1478
f 1451 1478 1453
f 1479 1480 1481
f 1482 1483 1484
f 1457 1485 1486
f 1487 1488 1489
f 1489 1488 1490
f 1489 1490 1491
f 1491 1490 1492
f 1486 1493 1457
f 1457 1493 1494
f 1457 1494 1492
f 1487 1495 1488
f 1488 1495 1496
f 1488 1496 1497
f 1480 1498 1481
f 1481 1498 1499
f 1481 1499 1500
f 1500 1501 1481
f 1481 1501 1502
f 1481 1502 1484
f 1484 1502 1503
f 1484 1503 1482
f 1483 1504 1484
f 1484 1504 1505
f 1484 1505 1506
f 1484 1507 1457
f 1457 1507 1508
f 1457 1508 1509
f 1490 1510 1492
f 1492 1510 1511
f 1492 1511 1457
f 1457 1511 1512
f 1457 1512 1466
f 1496 1513 1497
f 1497 1513 1514
f 1497 1514 1515
f 1515 1514 1516
f 1515 1516 1517
f 1509 1518 1457
f 1457 1518 1519
f 1457 1519 1485
f 1506 1520 1484
f 1484 1520 1521
f 1484 1521 1507
f 1517 1522 1515
f 1515 1522 1523
f 1515 1523 1524
f 1525 1526 1527
f 1527 1526 1528
f 1527 1528 1481
f 1481 1528 1529
f 1481 1529 1530
f 1524 1479 1515
f 1515 1479 1481
f 1515 1481 1531
f 1531 1481 1530
f 1532 1533 1534
f 1535 1536 1527
f 1537 1538 1535
f 1539 1540 1541
f 1393 1395 1542
f 1543 1544 1545
f 1539 1395 1540
f 1540 1395 1394
f 1540 1394 1546
f 1546 1394 1409
f 1536 1547 1527
f 1527 1547 1548
f 1527 1548 1549
f 1545 1544 1550
f 1550 1544 1551
f 1550 1551 1541
f 1541 1551 1552
f 1541 1552 1539
f 1532 1534 1395
f 1395 1534 1553
f 1395 1553 1542
f 1533 1554 1534
f 1534 1554 1555
f 1534 1555 1556
f 1534 1557 1558
f 1558 1559 1534
f 1534 1559 1560
f 1534 1560 1537
f 1537 1560 1561
f 1537 1561 1538
f 1562 1563 1525
f 1564 1565 1545
f 1545 1565 1566
f 1545 1566 1543
f 1549 1567 1527
f 1527 1567 1568
f 1527 1568 1525
f 1525 1568 1569
f 1525 1569 1562
f 1556 1570 1534
f 1534 1570 1571
f 1534 1571 1557
f 1563 1572 1525
f 1525 1572 1573
f 1525 1573 1574
f 1574 1573 1575
f 1575 1576 1574
f 1574 1576 1577
f 1574 1577 1564
f 1564 1577 1578
f 1564 1578 1565
f 1579 1580 988
f 1579 988 1581
f 1582 1583 1389
f 1389 1583 1584
f 1389 1584 1581
f 1580 1585 988
f 988 1585 1586
f 988 1586 1587
f 1587 1588 988
f 988 1588 1589
f 988 1589 1590
f 1590 1589 1591
f 1590 1591 1592
f 1592 1593 1590
f 1590 1593 1594
f 1590 1594 1595
f 1595 1594 1596
f 1595 1596 1597
f 1597 1598 1595
f 1595 1598 1599
f 1595 1599 1600
f 1600 1599 1601
f 1600 1601 1602
f 1603 1604 1600
f 1600 1604 1605
f 1595 1606 1607
f 1607 1608 1595
f 1595 1608 1609
f 1595 1609 1610
f 1605 1611 1600
f 1600 1611 1612
f 1600 1612 1595
f 1595 1612 1613
f 1595 1613 1606
f 1610 1614 1595
f 1595 1614 1615
f 1595 1615 1616
f 1616 1615 1617
f 1616 1617 1618
f 1618 1619 1616
f 1616 1619 1620
f 1616 1620 1621
f 1621 1620 1622
f 1621 1622 1623
f 1623 1624 1621
f 1621 1624 1625
f 1621 1625 1626
f 1626 1625 1627
f 1626 1627 1628
f 1629 1630 1626
f 1626 1630 1631
f 1621 1632 1633
f 1633 1634 1621
f 1621 1634 1635
f 1621 1635 1636
f 1631 1637 1626
f 1626 1637 1638
f 1626 1638 1621
f 1621 1638 1639
f 1621 1639 1632
f 1640 1641 1642
f 1642 1641 1643
f 1642 1643 1644
f 1642 1645 1646
f 1646 1645 1647
f 1646 1647 1648
f 1644 1649 1642
f 1642 1649 1650
f 1642 1650 1645
f 1636 1651 1621
f 1621 1651 1652
f 1621 1652 1642
f 1642 1652 1653
f 1642 1653 1640
f 1654 1655 1656
f 1656 1655 1657
f 1657 1658 1656
f 1656 1658 1659
f 1656 1659 1660
f 1659 1661 1660
f 1660 1661 1662
f 1660 1662 1663
f 1663 1664 1660
f 1660 1664 1665
f 1660 1665 1666
f 1666 1667 1660
f 1660 1667 1668
f 1660 1668 1669
f 1669 1668 1670
f 1669 1670 1671
f 1671 1672 1669
f 1669 1672 1673
f 1669 1673 1674
f 1674 1673 1675
f 1674 1675 1676
f 1676 1677 1674
f 1674 1677 1678
f 1674 1678 1679
f 1679 1678 1680
f 1679 1680 1681
f 1679 1682 1683
f 1674 1684 1685
f 1683 1686 1679
f 1679 1686 1687
f 1679 1687 1674
f 1674 1687 1688
f 1674 1688 1684
f 1685 1689 1674
f 1674 1689 1690
f 1674 1690 1691
f 1691 1692 1674
f 1674 1692 1693
f 1674 1693 1694
f 1694 1693 1695
f 1694 1695 1696
f 1696 1697 1694
f 1694 1697 1698
f 1694 1698 1699
f 1699 1698 1700
f 1699 1700 1701
f 1701 1702 1699
f 1699 1702 1703
f 1699 1703 1704
f 1704 1703 1705
f 1704 1705 1706
f 1707 1708 1704
f 1704 1708 1709
f 1699 1710 1711
f 1709 1712 1704
f 1704 1712 1713
f 1704 1713 1699
f 1699 1713 1714
f 1699 1714 1710
f 1711 1715 1699
f 1699 1715 1716
f 1699 1716 1717
f 1718 1719 1720
f 1721 1722 1720
f 1720 1722 1723
f 1720 1723 1724
f 1724 1723 1725
f 1724 1725 1726
f 1719 1727 1720
f 1720 1727 1728
f 1720 1728 1721
f 1717 1729 1699
f 1699 1729 1730
f 1699 1730 1720
f 1720 1730 1731
f 1720 1731 1718
f 1732 1733 1734
f 1735 1736 1737
f 1734 1738 1732
f 1732 1738 1739
f 1732 1739 1735
f 1735 1739 1740
f 1735 1740 1736
f 1737 1741 1735
f 1735 1741 1742
f 1735 1742 1743
f 1743 1744 1735
f 1735 1744 1745
f 1735 1745 1746
f 1746 1745 1747
f 1746 1747 1748
f 1748 1749 1746
f 1746 1749 1750
f 1746 1750 1751
f 1751 1750 1752
f 1751 1752 1753
f 1753 1754 1751
f 1751 1754 1755
f 1751 1755 1756
f 1756 1755 1757
f 1756 1757 1758
f 1756 1759 1760
f 1751 1761 1762
f 1760 1763 1756
f 1756 1763 1764
f 1756 1764 1751
f 1751 1764 1765
f 1751 1765 1761
f 1762 1766 1751
f 1751 1766 1767
f 1751 1767 1768
f 1769 1770 1771
f 1768 1772 1751
f 1751 1772 1773
f 1751 1773 1771
f 1771 1773 1774
f 1771 1774 1769
f 1775 1776 1777
f 1777 1776 1778
f 1770 1779 1771
f 1771 1779 1780
f 1771 1780 1777
f 1777 1780 1781
f 1777 1781 1775
f 1778 1782 1777
f 1777 1782 1484
f 1777 1484 1783
f 1783 1484 1457
f 1784 1785 1457
f 1457 1785 1786
f 1457 1786 1783
f 1787 1788 1457
f 1457 1788 1789
f 1457 1789 1784
f 1790 1787 1451
f 1451 1787 1457
f 1451 1457 1472
f 1472 1457 1458
f 1791 1792 1793
f 1792 1791 1794
f 1794 1791 1795
f 1794 1795 1796
f 1796 1795 1450
f 1450 1795 1797
f 1450 1797 1451
f 1451 1797 1798
f 1451 1798 1790
f 1429 1799 1800
f 1793 1390 1791
f 1791 1390 1392
f 1791 1392 1801
f 1801 1392 1429
f 1801 1429 1802
f 1802 1429 1800
f 1803 1799 1804
f 1804 1805 1803
f 1803 1805 1806
f 1803 1806 1807
f 1807 1806 1808
f 1807 1808 1809
f 1809 1808 1810
f 1809 1810 1396
f 1396 1810 1811
f 1396 1811 1397
f 1433 1812 1429
f 1429 1812 1813
f 1429 1813 1799
f 1799 1813 1814
f 1799 1814 1804
f 1815 1816 1817
f 1818 1819 1820
f 1820 1819 1821
f 1820 1821 1822
f 1823 1824 1817
f 1817 1824 1825
f 1817 1825 1815
f 1535 1527 1537
f 1537 1527 1820
f 1537 1820 1817
f 1817 1820 1822
f 1817 1822 1823
f 1816 1826 1817
f 1817 1826 1827
f 1817 1827 1828
f 1829 1830 1831
f 1832 1833 1829
f 1829 1833 1834
f 1829 1834 1835
f 1835 1836 1829
f 1829 1836 1837
f 1829 1837 1830
f 1828 1838 1817
f 1817 1838 1839
f 1817 1839 1829
f 1829 1839 1840
f 1829 1840 1832
f 1841 1842 1829
f 1829 1842 1843
f 1844 1845 1842
f 1846 1847 1843
f 1843 1847 1848
f 1843 1848 1849
f 1845 1850 1842
f 1842 1850 1851
f 1842 1851 1843
f 1843 1851 1852
f 1843 1852 1846
f 1849 1853 1843
f 1843 1853 1854
f 1843 1854 1855
f 1855 1856 1843
f 1843 1856 1857
f 1843 1857 1858
f 1858 1857 1859
f 1858 1859 1860
f 1861 1862 1863
f 1863 1862 1864
f 1863 1864 1865
f 1860 1866 1858
f 1858 1866 1867
f 1858 1867 1863
f 1863 1867 1868
f 1863 1868 1861
f 1869 1870 1871
f 1863 1872 1873
f 1873 1874 1863
f 1863 1874 1875
f 1863 1875 1876
f 1876 1877 1863
f 1863 1877 1878
f 1863 1878 1879
f 1871 1880 1869
f 1869 1880 1881
f 1869 1881 1863
f 1863 1881 1882
f 1863 1882 1872
f 1883 1884 1885
f 1885 1884 1886
f 1885 1886 1887
f 1888 1889 1885
f 1889 1890 1885
f 1885 1890 1891
f 1885 1891 1883
f 1879 1892 1863
f 1863 1892 1893
f 1863 1893 1885
f 1885 1893 1894
f 1885 1894 1888
f 1895 1896 1885
f 1885 1896 1897
f 1896 1898 1899
f 1900 1901 1897
f 1897 1901 1902
f 1897 1902 1903
f 1899 1904 1896
f 1896 1904 1905
f 1896 1905 1897
f 1897 1905 1906
f 1897 1906 1900
f 1903 1907 1897
f 1897 1907 1908
f 1897 1908 1909
f 1910 1911 1912
f 1912 1911 1913
f 1914 1911 1915
f 1915 1911 1916
f 1914 1917 1911
f 1911 1917 1918
f 1911 1918 1913
f 1909 1919 1897
f 1897 1919 1920
f 1897 1920 1911
f 1911 1920 1921
f 1911 1921 1916
f 1922 1923 1911
f 1911 1923 1924
f 1925 1926 1923
f 1926 1927 1923
f 1923 1927 1928
f 1923 1928 1924
f 1924 1928 1929
f 1924 1929 1930
f 1930 1931 1924
f 1924 1931 1932
f 1924 1932 1933
f 1933 1934 1924
f 1924 1934 1935
f 1924 1935 1936
f 1936 1937 1924
f 1924 1937 1938
f 1924 1938 1939
f 1939 1938 1940
f 1939 1940 1941
f 1941 1942 1939
f 1939 1942 1943
f 1939 1943 1944
f 1944 1943 1945
f 1944 1945 1946
f 1946 1947 1944
f 1944 1947 1948
f 1944 1948 1949
f 1950 1951 1944
f 1952 1953 1954
f 1954 1955 1952
f 1952 1955 1956
f 1952 1956 1944
f 1944 1956 1957
f 1944 1957 1950
f 1951 1958 1944
f 1944 1958 1959
f 1944 1959 1960
f 1960 1961 1944
f 1944 1961 1962
f 1944 1962 1963
f 1964 1965 1966
f 1965 1967 1966
f 1966 1967 1968
f 1966 1968 1969
f 1969 1970 1966
f 1966 1970 1971
f 1966 1971 1972
f 1963 1973 1944
f 1944 1973 1974
f 1944 1974 1966
f 1966 1974 1975
f 1966 1975 1964
f 1976 1977 1966
f 1966 1977 1978
f 1979 1980 1977
f 1981 1982 1978
f 1978 1982 1983
f 1978 1983 1984
f 1984 1985 1978
f 1978 1985 1986
f 1978 1986 1987
f 1980 1988 1977
f 1977 1988 1989
f 1977 1989 1978
f 1978 1989 1990
f 1978 1990 1981
f 1991 1992 1993
f 1994 1995 1993
f 1993 1995 1996
f 1993 1996 1997
f 1992 1998 1993
f 1993 1998 1999
f 1993 1999 1994
f 1987 2000 1978
f 1978 2000 2001
f 1978 2001 1993
f 1993 2001 2002
f 1993 2002 1991
f 2003 2004 1993
f 1993 2004 2005
f 2006 939 938
f 2007 2008 2005
f 2009 2010 2004
f 2011 2005 2012
f 2012 2005 2013
f 2011 2014 2005
f 2005 2014 2015
f 2005 2015 2007
f 2010 2016 2004
f 2004 2016 2017
f 2004 2017 2005
f 2005 2017 2018
f 2005 2018 2013
f 2008 2019 2005
f 2005 2019 2020
f 2005 2020 938
f 938 2020 2021
f 2021 2022 938
f 938 2022 2023
f 938 2023 2024
f 2024 2025 938
f 938 2025 2026
f 938 2026 2027
f 2028 2006 2029
f 2029 2006 938
f 2029 938 2030
f 2030 938 2027
f 2006 1081 1083
f 1037 1036 2006
f 2006 1036 989
f 2006 989 939
f 1083 1085 2006
f 2006 1085 1087
f 2006 1087 1089
f 1089 1091 2006
f 2006 1091 1069
f 2006 1069 1037
f 1359 1352 1081
f 1081 1352 1188
f 1081 1188 1182
f 1103 1121 1124
f 1293 1286 2031
f 2031 1286 1112
f 1305 1302 2006
f 1124 1145 1103
f 1103 1145 1229
f 1103 1229 1226
f 1226 1219 1103
f 1103 1219 1224
f 1103 1224 2031
f 2031 1224 1291
f 2031 1291 1293
f 1112 1271 2031
f 2031 1271 1370
f 2031 1370 1372
f 1372 1374 2031
f 2031 1374 1376
f 2031 1376 2006
f 2006 1376 1378
f 1302 1300 2006
f 2006 1300 1367
f 2006 1367 1081
f 1081 1367 1106
f 1081 1106 1359
f 1182 1179 1081
f 1081 1179 1176
f 1081 1176 947
f 947 1176 1172
f 947 1172 944
f 944 1172 1165
f 944 1165 977
f 977 1165 1163
f 977 1163 1103
f 1103 1163 1159
f 1103 1159 1121
f 1378 1380 2006
f 2006 1380 1382
f 2006 1382 1384
f 1384 1320 2006
f 2006 1320 1310
f 2006 1310 1305
f 1389 1099 2031
f 2031 1099 1101
f 2031 1101 1103
f 1581 988 1389
f 1389 988 987
f 1389 987 986
f 986 1007 1389
f 1389 1007 1013
f 1389 1013 1018
f 1018 1093 1389
f 1389 1093 1095
f 1389 1095 1097
f 1831 2032 1829
f 1829 2032 2033
f 1829 2033 1841
f 1841 2033 2034
f 1841 2034 2035
f 2035 2034 2036
f 2036 2037 2035
f 2035 2037 2038
f 2035 2038 2039
f 1820 2040 2041
f 1818 1820 2042
f 2042 1820 2041
f 2042 2041 2043
f 2043 2044 2042
f 2042 2044 2045
f 2042 2045 2046
f 2047 2048 2049
f 2049 2048 2050
f 2049 2050 2051
f 2039 2052 2035
f 2035 2052 2053
f 2035 2053 2054
f 2054 2055 2049
f 2049 2055 2056
f 2049 2056 2047
f 2051 2057 2049
f 2049 2057 2058
f 2049 2058 2059
f 2059 2058 2042
f 2059 2042 2060
f 2060 2042 2046
f 2054 2049 2035
f 2035 2049 2061
f 2035 2061 1756
f 1756 2061 2062
f 1756 2062 1759
f 2063 1527 2064
f 2064 1527 2065
f 2063 2066 1527
f 1527 2066 2067
f 1527 2067 1820
f 1820 2067 2068
f 1820 2068 2040
f 1782 2069 1484
f 1484 2069 2070
f 1484 2070 1481
f 1481 2070 2071
f 1481 2071 1527
f 1527 2071 2072
f 1527 2072 2065
f 2073 2074 2075
f 2076 2077 2078
f 2078 2077 2073
f 2074 2079 2075
f 2075 2079 2080
f 2075 2080 2081
f 1844 1842 2082
f 2082 1842 2083
f 2082 2083 2084
f 2084 2085 2082
f 2082 2085 2086
f 2082 2086 2087
f 2081 2088 2075
f 2075 2088 2089
f 2075 2089 2090
f 2090 2089 2082
f 2090 2082 2091
f 2091 2082 2087
f 2092 2093 2094
f 2093 2095 2094
f 2094 2095 2096
f 2094 2096 2097
f 1865 2098 1863
f 1863 2098 2099
f 1863 2099 1869
f 1869 2099 2100
f 1869 2100 2094
f 2094 2100 2101
f 2094 2101 2092
f 2102 2103 2104
f 2028 2105 2006
f 2006 2105 2106
f 2006 2106 2031
f 2031 2106 2107
f 2031 2107 2108
f 2103 2109 2104
f 2104 2109 2110
f 2104 2110 2111
f 2111 2110 2112
f 2009 2004 2104
f 2104 2004 2113
f 2104 2113 2102
f 2108 2114 2031
f 2031 2114 2115
f 2031 2115 2116
f 2116 2117 2031
f 2031 2117 2118
f 2031 2118 2119
f 2119 2118 2120
f 2119 2120 2121
f 2121 2122 2119
f 2119 2122 2123
f 2119 2123 2124
f 2112 2110 2125
f 2125 2110 2126
f 2125 2126 2124
f 2124 2126 2127
f 2124 2127 2119
f 2128 2129 2130
f 2131 2132 2133
f 2133 2132 2134
f 2129 2135 2130
f 2130 2135 2136
f 2130 2136 2137
f 2137 2136 2138
f 1997 2139 1993
f 1993 2139 2140
f 1993 2140 2003
f 2003 2140 2141
f 2003 2141 2132
f 2132 2141 2142
f 2132 2142 2134
f 2131 2143 2132
f 2132 2143 2144
f 2132 2144 2145
f 2146 2147 2148
f 1979 1977 2130
f 2130 1977 2149
f 2130 2149 2128
f 1603 1600 2150
f 2150 1600 2132
f 2150 2132 2146
f 2146 2132 2145
f 2146 2145 2147
f 2148 2151 2146
f 2146 2151 2152
f 2146 2152 2153
f 2138 2136 2154
f 2154 2136 2155
f 2154 2155 2153
f 2153 2155 2156
f 2153 2156 2146
f 2157 2158 1976
f 1976 2158 2159
f 1976 2159 1977
f 1977 2159 2160
f 1977 2160 2149
f 2161 2162 1976
f 1976 2162 2163
f 1976 2163 2157
f 1628 2164 1626
f 1626 2164 2165
f 1626 2165 2166
f 2166 2165 2167
f 2166 2167 1976
f 1976 2167 2168
f 1976 2168 2161
f 2169 1953 2170
f 2171 2172 1952
f 1952 2172 2173
f 1952 2173 2174
f 2175 2176 1953
f 1972 2177 1966
f 1966 2177 2178
f 1966 2178 1976
f 1976 2178 2179
f 1976 2179 2166
f 2166 2179 2180
f 2180 2181 2166
f 2166 2181 2182
f 2166 2182 2183
f 2183 2184 2166
f 2166 2184 2185
f 2166 2185 2186
f 2187 2188 1387
f 2188 2189 1387
f 1387 2189 2190
f 1387 2190 1388
f 2176 2191 1953
f 1953 2191 2192
f 1953 2192 2170
f 1386 1388 2193
f 2193 1388 2194
f 2193 2194 2170
f 2170 2194 2195
f 2170 2195 2169
f 1629 1626 2196
f 2196 1626 2166
f 2196 2166 1387
f 1387 2166 2186
f 1387 2186 2187
f 2174 2197 1952
f 1952 2197 2198
f 1952 2198 1953
f 1953 2198 2199
f 1953 2199 2175
f 1648 2200 1646
f 1646 2200 2201
f 1646 2201 2202
f 2202 2201 2203
f 2202 2203 1952
f 1952 2203 2204
f 1952 2204 2171
f 2119 2205 2031
f 2031 2205 2206
f 2031 2206 1389
f 1389 2206 2207
f 1389 2207 1582
f 2208 2209 2003
f 2003 2209 2210
f 2003 2210 2211
f 2211 2212 2003
f 2003 2212 2213
f 2003 2213 2004
f 2004 2213 2214
f 2004 2214 2113
f 1602 2215 1600
f 1600 2215 2216
f 1600 2216 2132
f 2132 2216 2217
f 2132 2217 2003
f 2003 2217 2218
f 2003 2218 2208
f 1910 2219 1911
f 1911 2219 2220
f 1911 2220 1922
f 1922 2220 2221
f 1922 2221 2222
f 2222 2221 2223
f 2223 2224 2222
f 2222 2224 2225
f 2222 2225 2226
f 2226 2227 2222
f 2222 2227 2228
f 2222 2228 2229
f 2229 2230 2231
f 2231 2230 2232
f 2233 2234 2235
f 2235 2234 2236
f 2235 2236 2237
f 2231 2238 2239
f 2232 2240 2231
f 2231 2240 2241
f 2231 2241 2238
f 1898 1896 2235
f 2235 1896 2242
f 2235 2242 2233
f 2239 2243 2231
f 2231 2243 2244
f 2231 2244 2245
f 2245 2244 2235
f 2245 2235 2246
f 2246 2235 2237
f 1887 2247 1885
f 1885 2247 2248
f 1885 2248 1895
f 1895 2248 2249
f 1895 2249 2250
f 2250 2249 2251
f 2252 2253 1870
f 2251 2254 2250
f 2250 2254 2255
f 2250 2255 2256
f 2257 2258 1869
f 1869 2258 2259
f 1869 2259 2260
f 2261 2262 2263
f 2261 2263 2264
f 2265 2266 1870
f 1870 2266 2267
f 1870 2267 2252
f 2260 2268 1869
f 1869 2268 2269
f 1869 2269 1870
f 1870 2269 2270
f 1870 2270 2265
f 2256 2271 2250
f 2250 2271 2272
f 2250 2272 2273
f 2262 2274 2263
f 2263 2274 2275
f 2263 2275 2276
f 1707 1704 2277
f 2277 1704 2250
f 2277 2250 2263
f 2263 2250 2273
f 2263 2273 2264
f 2276 2278 2263
f 2263 2278 2279
f 2263 2279 2280
f 2280 2279 1870
f 2280 1870 2281
f 2281 1870 2253
f 1726 2282 1724
f 1724 2282 2283
f 1724 2283 2094
f 2094 2283 2284
f 2094 2284 1869
f 1869 2284 2285
f 1869 2285 2257
f 2073 2075 2078
f 2078 2075 2286
f 2078 2286 1732
f 1732 2286 2287
f 1732 2287 1733
f 2288 2289 1841
f 1841 2289 2290
f 1841 2290 2291
f 2291 2292 1841
f 1841 2292 2293
f 1841 2293 1842
f 1842 2293 2294
f 1842 2294 2083
f 1758 2295 1756
f 1756 2295 2296
f 1756 2296 2035
f 2035 2296 2297
f 2035 2297 1841
f 1841 2297 2298
f 1841 2298 2288
f 2299 2300 2301
f 2301 2300 2302
f 2303 2304 2305
f 2305 2304 2306
f 2305 2306 2307
f 1925 1923 2308
f 2308 1923 2309
f 2308 2309 2310
f 2310 2311 2308
f 2308 2311 2312
f 2308 2312 2313
f 1654 1656 2314
f 2314 1656 2301
f 2314 2301 2305
f 2305 2301 2302
f 2305 2302 2303
f 2307 2315 2305
f 2305 2315 2316
f 2305 2316 2317
f 2317 2316 2308
f 2317 2308 2318
f 2318 2308 2313
f 2319 2320 1922
f 1922 2320 2321
f 1922 2321 2322
f 2322 2323 1922
f 1922 2323 2324
f 1922 2324 1923
f 1923 2324 2325
f 1923 2325 2309
f 1681 2326 1679
f 1679 2326 2327
f 1679 2327 2222
f 2222 2327 2328
f 2222 2328 1922
f 1922 2328 2329
f 1922 2329 2319
f 2330 2331 2202
f 1949 2332 1944
f 1944 2332 2333
f 1944 2333 1952
f 1952 2333 2334
f 1952 2334 2202
f 2202 2334 2335
f 2202 2335 2330
f 2331 2336 2202
f 2202 2336 2337
f 2202 2337 2338
f 2229 2231 2222
f 2222 2231 2339
f 2222 2339 1679
f 1679 2339 2340
f 1679 2340 1682
f 2341 2342 1895
f 1895 2342 2343
f 1895 2343 2344
f 2344 2345 1895
f 1895 2345 2346
f 1895 2346 1896
f 1896 2346 2347
f 1896 2347 2242
f 1706 2348 1704
f 1704 2348 2349
f 1704 2349 2250
f 2250 2349 2350
f 2250 2350 1895
f 1895 2350 2351
f 1895 2351 2341
f 1735 1720 1732
f 1732 1720 1724
f 1732 1724 2078
f 2078 1724 2094
f 2078 2094 2076
f 2076 2094 2097
f 1660 1642 1656
f 1656 1642 1646
f 1656 1646 2301
f 2301 1646 2202
f 2301 2202 2299
f 2299 2202 2338
f 1777 1783 181
f 181 1783 191
f 2352 2353 718
f 181 2352 1777
f 1777 2352 718
f 1777 718 1771
f 1771 718 742
f 1771 742 1751
f 1751 742 728
f 1751 728 1746
f 1746 728 772
f 1746 772 1735
f 1735 772 758
f 1735 758 1720
f 1720 758 800
f 1720 800 1699
f 1699 800 786
f 229 988 237
f 237 988 1590
f 237 1590 907
f 907 1590 1595
f 907 1595 918
f 918 1595 1616
f 918 1616 875
f 875 1616 1621
f 875 1621 886
f 886 1621 1642
f 886 1642 855
f 855 1642 1660
f 855 1660 850
f 850 1660 1669
f 850 1669 808
f 808 1669 1674
f 808 1674 786
f 786 1674 1694
f 786 1694 1699
f 191 1783 1786
f 191 1786 218
f 218 1786 1785
f 218 1785 219
f 219 1785 1784
f 219 1784 217
f 217 1784 159
f 159 1784 1789
f 159 1789 173
f 173 1789 1788
f 173 1788 167
f 167 1788 1787
f 167 1787 162
f 162 1787 1790
f 162 1790 163
f 163 1790 1798
f 163 1798 153
f 153 1798 1797
f 153 1797 150
f 150 1797 1795
f 150 1795 133
f 133 1795 1791
f 133 1791 120
f 120 1791 1801
f 120 1801 118
f 118 1801 1802
f 118 1802 99
f 99 1802 1800
f 99 1800 91
f 91 1800 1799
f 91 1799 89
f 89 1799 1803
f 89 1803 67
f 67 1803 1807
f 67 1807 63
f 63 1807 1809
f 63 1809 64
f 64 1809 1396
f 64 1396 65
f 65 1396 1415
f 65 1415 68
f 68 1415 1418
f 68 1418 84
f 84 1418 1394
f 84 1394 82
f 82 1394 11
f 11 1394 1393
f 11 1393 23
f 23 1393 1542
f 23 1542 50
f 50 1542 1553
f 50 1553 41
f 41 1553 1534
f 41 1534 13
f 1817 674 711
f 13 1534 19
f 19 1534 1537
f 19 1537 2354
f 1817 711 1537
f 1537 711 2355
f 1537 2355 2354
f 674 1817 653
f 653 1817 1829
f 653 1829 611
f 611 1829 1843
f 611 1843 595
f 1843 1858 595
f 595 1858 1863
f 595 1863 553
f 553 1863 489
f 1863 1885 489
f 489 1885 1897
f 489 1897 480
f 480 1897 1911
f 480 1911 438
f 438 1911 1924
f 438 1924 422
f 422 1924 1939
f 422 1939 1944
f 938 254 2005
f 2005 254 257
f 2005 257 1993
f 1993 257 306
f 1993 306 1978
f 1978 306 317
f 1978 317 1966
f 1966 317 364
f 1966 364 1944
f 1944 364 392
f 1944 392 422
f 1439 122 1440
f 1440 122 121
f 1440 121 1435
f 1435 121 106
f 1435 106 1434
f 1434 106 105
f 1434 105 1423
f 1423 105 112
f 1423 112 1412
f 1412 112 102
f 1412 102 1404
f 1404 102 95
f 1404 95 1406
f 1406 95 93
f 1406 93 1408
f 1408 93 76
f 1408 76 1409
f 1409 76 77
f 1409 77 1546
f 1546 77 79
f 1546 79 1540
f 1540 79 32
f 1540 32 1541
f 1541 32 31
f 1541 31 1550
f 1550 31 29
f 1550 29 1545
f 1545 29 27
f 1545 27 1564
f 1564 27 34
f 1564 34 1574
f 1574 34 33
f 1574 33 1525
f 1525 33 56
f 1525 56 1526
f 1526 56 55
f 1526 55 1528
f 55 54 1528
f 1528 54 203
f 1528 203 1529
f 1529 203 204
f 1529 204 1530
f 1530 204 205
f 1530 205 1531
f 1531 205 207
f 1531 207 1515
f 1515 207 189
f 1515 189 1497
f 1497 189 188
f 1497 188 1488
f 1488 188 178
f 1488 178 1490
f 1490 178 182
f 1490 182 1510
f 1510 182 212
f 1510 212 1511
f 1511 212 214
f 1511 214 1512
f 1512 214 154
f 1512 154 1466
f 1466 154 156
f 1466 156 1464
f 1464 156 158
f 1464 158 1444
f 1444 158 137
f 1444 137 1443
f 1443 137 135
f 1443 135 1454
f 1454 135 141
f 1454 141 1436
f 1436 141 144
f 1436 144 1437
f 1437 144 124
f 1437 124 1438
f 1438 124 126
f 1438 126 1439
f 1439 126 123
f 1439 123 122
f 1471 147 1448
f 1448 147 146
f 1448 146 1449
f 1449 146 145
f 1449 145 1459
f 1459 145 143
f 1459 143 1460
f 1460 143 142
f 1460 142 1461
f 1461 142 140
f 1461 140 1441
f 1441 140 139
f 1441 139 1442
f 1442 139 134
f 1442 134 1462
f 1462 134 136
f 1462 136 1463
f 1463 136 138
f 1463 138 1465
f 1465 138 157
f 1465 157 1467
f 1467 157 155
f 1467 155 1468
f 1468 155 161
f 1468 161 1455
f 1455 161 160
f 1455 160 1456
f 1456 160 175
f 1456 175 1458
f 1458 175 174
f 1458 174 1472
f 1472 174 172
f 1472 172 1473
f 1473 172 171
f 1473 171 1474
f 1474 171 166
f 1474 166 1475
f 1475 166 165
f 1475 165 1476
f 1476 165 164
f 1476 164 1477
f 1477 164 170
f 1477 170 1478
f 1478 170 169
f 1478 169 1453
f 1453 169 168
f 1453 168 1452
f 1452 168 152
f 1452 152 1450
f 1450 152 151
f 1450 151 1796
f 1796 151 149
f 1796 149 1794
f 1794 149 148
f 1794 148 1792
f 1792 148 132
f 1792 132 1793
f 1793 132 131
f 1793 131 1390
f 1390 131 119
f 1390 119 1391
f 1391 119 117
f 1391 117 1445
f 1445 117 130
f 1445 130 1446
f 1446 130 129
f 1446 129 1447
f 1447 129 128
f 1447 128 1469
f 1469 128 127
f 1469 127 1470
f 1470 127 125
f 1470 125 1471
f 1471 125 147
f 1416 69 1417
f 1417 69 86
f 1417 86 1419
f 1419 86 85
f 1419 85 1420
f 1420 85 83
f 1420 83 1399
f 1399 83 81
f 1399 81 1400
f 1400 81 80
f 1400 80 1401
f 1401 80 78
f 1401 78 1402
f 1402 78 75
f 1402 75 1407
f 1407 75 74
f 1407 74 1405
f 1405 74 92
f 1405 92 1403
f 1403 92 94
f 1403 94 1410
f 1410 94 96
f 1410 96 1411
f 1411 96 104
f 1411 104 1424
f 1424 104 103
f 1424 103 1425
f 1425 103 116
f 1425 116 1426
f 1426 116 115
f 1426 115 1421
f 1421 115 114
f 1421 114 1422
f 1422 114 113
f 1422 113 1427
f 1427 113 111
f 1427 111 1428
f 1428 111 110
f 1428 110 1430
f 1430 110 107
f 1430 107 1431
f 1431 107 108
f 1431 108 1432
f 1432 108 109
f 1432 109 1433
f 1433 109 101
f 1433 101 1812
f 1812 101 100
f 1812 100 1813
f 1813 100 98
f 1813 98 1814
f 1814 98 97
f 1814 97 1804
f 1804 97 90
f 1804 90 1805
f 1805 90 88
f 1805 88 1806
f 1806 88 87
f 1806 87 1808
f 1808 87 62
f 1808 62 1810
f 1810 62 61
f 1810 61 1811
f 1811 61 73
f 1811 73 1397
f 1397 73 72
f 1397 72 1398
f 1398 72 71
f 1398 71 1413
f 1413 71 66
f 1413 66 1414
f 1414 66 70
f 1414 70 1416
f 1416 70 69
f 1570 49 1571
f 1571 49 48
f 1571 48 1557
f 1557 48 40
f 1557 40 1558
f 1558 40 39
f 1558 39 1559
f 1559 39 38
f 1559 38 1560
f 1560 38 37
f 1560 37 1561
f 1561 37 36
f 1561 36 1538
f 1538 36 18
f 1538 18 1535
f 1535 18 17
f 1535 17 1536
f 1536 17 16
f 1536 16 1547
f 1547 16 15
f 1547 15 1548
f 1548 15 14
f 1548 14 1549
f 1549 14 21
f 1549 21 1567
f 1567 21 22
f 1567 22 1568
f 1568 22 44
f 1568 44 1569
f 1569 44 43
f 1569 43 1562
f 1562 43 42
f 1562 42 1563
f 1563 42 53
f 1563 53 1572
f 1572 53 8
f 1572 8 1573
f 1573 8 7
f 1573 7 1575
f 1575 7 5
f 1575 5 1576
f 1576 5 4
f 1576 4 1577
f 1577 4 57
f 1577 57 1578
f 1578 57 35
f 1578 35 1565
f 1565 35 47
f 1565 47 1566
f 1566 47 46
f 1566 46 1543
f 1543 46 45
f 1543 45 1544
f 1544 45 26
f 1544 26 1551
f 1551 26 28
f 1551 28 1552
f 1552 28 30
f 1552 30 1539
f 1539 30 12
f 1539 12 1395
f 1395 12 10
f 1395 10 1532
f 1532 10 9
f 1532 9 1533
f 1533 9 25
f 1533 25 1554
f 1554 25 24
f 1554 24 1555
f 1555 24 52
f 1555 52 1556
f 1556 52 51
f 1556 51 1570
f 1570 51 49
f 1522 208 1523
f 1523 208 206
f 1523 206 1524
f 1524 206 199
f 1524 199 1479
f 1479 199 198
f 1479 198 1480
f 1480 198 197
f 1480 197 1498
f 1498 197 187
f 1498 187 1499
f 1499 187 186
f 1499 186 1500
f 1500 186 184
f 1500 184 1501
f 1501 184 183
f 1501 183 1502
f 1502 183 196
f 1502 196 1503
f 1503 196 195
f 1503 195 1482
f 1482 195 194
f 1482 194 1483
f 1483 194 180
f 1483 180 1504
f 1504 180 179
f 1504 179 1505
f 1505 179 228
f 1505 228 1506
f 1506 228 227
f 1506 227 1520
f 1520 227 226
f 1520 226 1521
f 1521 226 225
f 1521 225 1507
f 1507 225 224
f 1507 224 1508
f 1508 224 223
f 1508 223 1509
f 1509 223 222
f 1509 222 1518
f 1518 222 221
f 1518 221 1519
f 1519 221 220
f 1519 220 1485
f 1485 220 193
f 1485 193 1486
f 1486 193 192
f 1486 192 1493
f 1493 192 216
f 1493 216 1494
f 1494 216 215
f 1494 215 1492
f 1492 215 213
f 1492 213 1491
f 1491 213 211
f 1491 211 1489
f 1489 211 210
f 1489 210 1487
f 1487 210 177
f 1487 177 1495
f 1495 177 176
f 1495 176 1496
f 1496 176 202
f 1496 202 1513
f 1513 202 201
f 1513 201 1514
f 1514 201 200
f 1514 200 1516
f 1516 200 190
f 1516 190 1517
f 1517 190 209
f 1517 209 1522
f 1522 209 208
f 940 1377 1375
f 1375 1373 940
f 940 1373 1371
f 940 1371 1279
f 1079 1109 1315
f 1377 940 1379
f 1379 940 1079
f 1379 1079 1381
f 1315 1385 1079
f 1079 1385 1383
f 1079 1383 1381
f 1279 1269 940
f 940 1269 1262
f 940 1262 941
f 941 1262 1259
f 941 1259 995
f 995 1259 1254
f 995 1254 990
f 990 1254 1255
f 990 1255 1027
f 1027 1255 1244
f 1027 1244 1092
f 1092 1244 1246
f 1092 1246 1094
f 1094 1246 1115
f 1094 1115 1096
f 1096 1115 1151
f 1096 1151 1098
f 1098 1151 1141
f 1098 1141 1100
f 1100 1141 1137
f 1100 1137 1102
f 1102 1137 1132
f 1102 1132 968
f 968 1132 1128
f 968 1128 963
f 963 1128 1126
f 963 1126 957
f 957 1126 1213
f 957 1213 1080
f 1080 1213 1209
f 1080 1209 1082
f 1082 1209 1118
f 1082 1118 1084
f 1084 1118 1192
f 1084 1192 1086
f 1086 1192 1191
f 1086 1191 1088
f 1088 1191 1347
f 1088 1347 1090
f 1090 1347 1343
f 1090 1343 1062
f 1062 1343 1339
f 1062 1339 1056
f 1056 1339 1337
f 1056 1337 1048
f 1048 1337 1333
f 1048 1333 1078
f 1078 1333 1326
f 1078 1326 1079
f 1079 1326 1324
f 1079 1324 1109
f 974 1138 1136
f 1138 974 1139
f 972 971 1125
f 1125 1127 972
f 972 1127 1129
f 972 1129 973
f 973 1129 1134
f 1134 1133 973
f 973 1133 1131
f 973 1131 974
f 974 1131 1130
f 974 1130 1139
f 1135 976 1136
f 1136 976 975
f 1136 975 974
f 1135 1140 976
f 976 1140 1142
f 976 1142 966
f 966 1142 1155
f 966 1155 967
f 1155 1154 967
f 967 1154 1153
f 967 1153 969
f 1153 1152 969
f 969 1152 1150
f 969 1150 970
f 1150 1149 970
f 970 1149 1147
f 970 1147 978
f 1147 1146 978
f 978 1146 1144
f 978 1144 979
f 1144 1143 979
f 979 1143 1148
f 979 1148 980
f 1148 1123 980
f 980 1123 1122
f 980 1122 981
f 981 1122 1156
f 981 1156 982
f 982 1156 983
f 983 1156 1120
f 983 1120 1119
f 1119 1161 983
f 983 1161 1160
f 983 1160 984
f 1169 985 1157
f 1157 985 984
f 1157 984 1158
f 1158 984 1160
f 1169 1168 985
f 985 1168 1167
f 985 1167 942
f 942 1167 1162
f 942 1162 943
f 943 1162 1164
f 943 1164 950
f 1164 1166 950
f 950 1166 1173
f 950 1173 951
f 1173 1171 951
f 951 1171 1170
f 951 1170 952
f 952 1170 1178
f 1178 1177 952
f 952 1177 1175
f 952 1175 945
f 945 1175 1174
f 1174 1181 945
f 945 1181 1180
f 945 1180 946
f 946 1180 1187
f 946 1187 948
f 1187 1186 948
f 948 1186 1185
f 948 1185 949
f 949 1185 1184
f 949 1184 953
f 1184 1183 953
f 953 1183 1190
f 953 1190 954
f 1190 1189 954
f 954 1189 1198
f 954 1198 955
f 1198 1200 955
f 955 1200 1194
f 955 1194 956
f 1194 1206 956
f 956 1206 1205
f 956 1205 958
f 1205 1204 958
f 958 1204 1203
f 958 1203 959
f 959 1203 1117
f 959 1117 960
f 1117 1116 960
f 960 1116 1211
f 960 1211 961
f 961 1211 1210
f 961 1210 965
f 1218 964 1207
f 1207 964 965
f 1207 965 1208
f 1208 965 1210
f 1218 1217 964
f 964 1217 1216
f 964 1216 962
f 1216 1212 962
f 962 1212 1214
f 962 1214 971
f 971 1214 1215
f 971 1215 1125
f 1024 1023 1223
f 1223 1222 1024
f 1024 1222 1221
f 1024 1221 1025
f 1221 1220 1025
f 1025 1220 1225
f 1025 1225 1020
f 1020 1225 1227
f 1227 1228 1020
f 1020 1228 1230
f 1020 1230 1021
f 1021 1230 1243
f 1021 1243 1022
f 1243 1242 1022
f 1022 1242 1241
f 1022 1241 1019
f 1019 1241 1240
f 1019 1240 1016
f 1240 1239 1016
f 1016 1239 1238
f 1016 1238 1017
f 1238 1237 1017
f 1017 1237 1232
f 1017 1232 1026
f 1232 1231 1026
f 1026 1231 1235
f 1026 1235 1028
f 1235 1234 1028
f 1028 1234 1233
f 1028 1233 1029
f 1233 1236 1029
f 1029 1236 1114
f 1029 1114 1030
f 1114 1113 1030
f 1030 1113 1251
f 1030 1251 1031
f 1031 1251 1250
f 1031 1250 1032
f 1250 1249 1032
f 1032 1249 1248
f 1032 1248 1033
f 1033 1248 1247
f 1033 1247 991
f 991 1247 1245
f 991 1245 992
f 1245 1258 992
f 992 1258 1257
f 992 1257 996
f 996 1257 1256
f 996 1256 997
f 1256 1253 997
f 997 1253 1252
f 997 1252 998
f 1252 1261 998
f 998 1261 1260
f 998 1260 999
f 1260 1267 999
f 999 1267 1266
f 999 1266 1000
f 1266 1265 1000
f 1000 1265 1264
f 1000 1264 1001
f 1001 1264 1263
f 1263 1268 1001
f 1001 1268 1270
f 1001 1270 993
f 993 1270 1285
f 993 1285 994
f 1285 1284 994
f 994 1284 1283
f 994 1283 1002
f 1283 1282 1002
f 1002 1282 1281
f 1002 1281 1003
f 1281 1280 1003
f 1003 1280 1278
f 1003 1278 1004
f 1278 1277 1004
f 1004 1277 1276
f 1004 1276 1005
f 1276 1275 1005
f 1005 1275 1274
f 1005 1274 1006
f 1274 1273 1006
f 1006 1273 1272
f 1006 1272 1008
f 1008 1272 1111
f 1008 1111 1009
f 1009 1111 1110
f 1009 1110 1288
f 1287 1011 1288
f 1288 1011 1010
f 1288 1010 1009
f 1287 1298 1011
f 1011 1298 1297
f 1011 1297 1015
f 1297 1296 1015
f 1015 1296 1295
f 1015 1295 1014
f 1295 1294 1014
f 1014 1294 1292
f 1014 1292 1012
f 1012 1292 1290
f 1012 1290 1023
f 1023 1290 1289
f 1023 1289 1223
f 1068 1346 1348
f 1044 1043 1365
f 1365 1299 1044
f 1044 1299 1301
f 1044 1301 1045
f 1301 1303 1045
f 1045 1303 1304
f 1045 1304 1046
f 1304 1307 1046
f 1046 1307 1306
f 1046 1306 1040
f 1040 1306 1312
f 1312 1311 1040
f 1040 1311 1309
f 1040 1309 1041
f 1041 1309 1308
f 1041 1308 1042
f 1042 1308 1322
f 1042 1322 1034
f 1322 1321 1034
f 1034 1321 1319
f 1034 1319 1035
f 1319 1318 1035
f 1035 1318 1314
f 1035 1314 1047
f 1314 1313 1047
f 1047 1313 1316
f 1047 1316 1049
f 1316 1317 1049
f 1049 1317 1108
f 1049 1108 1050
f 1108 1107 1050
f 1050 1107 1330
f 1050 1330 1051
f 1051 1330 1329
f 1051 1329 1052
f 1329 1328 1052
f 1052 1328 1323
f 1052 1323 1053
f 1053 1323 1325
f 1053 1325 1054
f 1325 1327 1054
f 1054 1327 1335
f 1054 1335 1055
f 1335 1334 1055
f 1055 1334 1332
f 1055 1332 1057
f 1332 1331 1057
f 1057 1331 1336
f 1057 1336 1058
f 1058 1336 1338
f 1058 1338 1059
f 1338 1340 1059
f 1059 1340 1345
f 1059 1345 1066
f 1066 1345 1344
f 1066 1344 1067
f 1067 1344 1342
f 1067 1342 1068
f 1068 1342 1341
f 1068 1341 1346
f 1351 1064 1348
f 1348 1064 1063
f 1348 1063 1068
f 1351 1350 1064
f 1064 1350 1349
f 1064 1349 1065
f 1065 1349 1193
f 1065 1193 1060
f 1193 1195 1060
f 1060 1195 1196
f 1060 1196 1061
f 1196 1202 1061
f 1061 1202 1201
f 1061 1201 1070
f 1201 1199 1070
f 1070 1199 1197
f 1070 1197 1071
f 1197 1358 1071
f 1071 1358 1357
f 1071 1357 1072
f 1354 1073 1355
f 1355 1073 1072
f 1355 1072 1356
f 1356 1072 1357
f 1353 1075 1354
f 1354 1075 1074
f 1354 1074 1073
f 1353 1364 1075
f 1075 1364 1363
f 1075 1363 1076
f 1363 1362 1076
f 1076 1362 1361
f 1076 1361 1077
f 1361 1360 1077
f 1077 1360 1105
f 1077 1105 1038
f 1105 1104 1038
f 1038 1104 1369
f 1038 1369 1039
f 1039 1369 1368
f 1039 1368 1043
f 1043 1368 1366
f 1043 1366 1365
f 6 2356 185
f 185 2356 2352
f 185 2352 181
f 2357 2356 2
f 2 2356 6
f 60 2358 1
f 1 2358 2357
f 1 2357 2
f 2359 2358 59
f 59 2358 60
f 2359 59 2360
f 2360 59 58
f 2360 58 3
f 2361 2360 20
f 20 2360 3
f 2354 2361 19
f 19 2361 20
f 2355 711 2353
f 2353 711 723
f 2353 723 718
f 2361 2354 2360
f 2360 2354 2355
f 2360 2355 2359
f 2359 2355 2353
f 2359 2353 2358
f 2358 2353 2352
f 2358 2352 2357
f 2357 2352 2356
f 1840 704 1832
f 1832 704 703
f 1832 703 1833
f 1833 703 685
f 1833 685 1834
f 1834 685 684
f 1834 684 1835
f 1835 684 683
f 1835 683 1836
f 1836 683 682
f 1836 682 1837
f 1837 682 681
f 1837 681 1830
f 1830 681 680
f 1830 680 1831
f 1831 680 665
f 1831 665 2032
f 2032 665 664
f 2032 664 2033
f 2033 664 679
f 1840 1839 704
f 704 1839 705
f 2042 707 1818
f 1818 707 706
f 1818 706 1819
f 1819 706 686
f 1819 686 1821
f 1821 686 688
f 1821 688 1822
f 1822 688 673
f 1822 673 1823
f 1823 673 700
f 1823 700 1824
f 1824 700 699
f 1824 699 1825
f 1825 699 698
f 1825 698 1815
f 1815 698 697
f 1815 697 1816
f 1816 697 696
f 1816 696 1826
f 1826 696 702
f 1826 702 1827
f 1827 702 701
f 1827 701 1828
f 1828 701 695
f 1828 695 1838
f 1838 695 694
f 1838 694 1839
f 1839 694 705
f 2042 2058 707
f 707 2058 708
f 2036 678 2037
f 2037 678 677
f 2037 677 2038
f 2038 677 659
f 2038 659 2039
f 2039 659 658
f 2039 658 2052
f 2052 658 663
f 2052 663 2053
f 2053 663 662
f 2053 662 2054
f 2054 662 661
f 2054 661 2055
f 2055 661 693
f 2055 693 2056
f 2056 693 692
f 2056 692 2047
f 2047 692 691
f 2047 691 2048
f 2048 691 670
f 2048 670 2050
f 2050 670 669
f 2050 669 2051
f 2051 669 667
f 2051 667 2057
f 2057 667 666
f 2057 666 2058
f 2058 666 708
f 2033 679 2034
f 2034 679 678
f 2034 678 2036
f 2072 722 2065
f 2065 722 721
f 2065 721 2064
f 2064 721 712
f 2064 712 2063
f 2063 712 710
f 2063 710 2066
f 2066 710 709
f 2066 709 2067
f 2067 709 715
f 2067 715 2068
f 2068 715 714
f 2068 714 2040
f 2040 714 713
f 2040 713 2041
f 2041 713 676
f 2041 676 2043
f 2043 676 675
f 2043 675 2044
f 2044 675 672
f 2044 672 2045
f 2045 672 671
f 2045 671 2046
f 2046 671 690
f 2046 690 2060
f 2060 690 689
f 2060 689 2059
f 2059 689 687
f 724 722 2072
f 2069 725 2070
f 2070 725 724
f 2070 724 2071
f 2071 724 2072
f 1774 746 1769
f 1769 746 745
f 1769 745 1770
f 1770 745 744
f 1770 744 1779
f 1779 744 743
f 1779 743 1780
f 1780 743 741
f 1780 741 1781
f 1781 741 740
f 1781 740 1775
f 1775 740 720
f 1775 720 1776
f 1776 720 719
f 1776 719 1778
f 1778 719 717
f 1778 717 1782
f 1782 717 716
f 1782 716 2069
f 2069 716 725
f 1774 1773 746
f 746 1773 747
f 2049 668 2061
f 2061 668 737
f 2061 737 2062
f 2062 737 736
f 2062 736 1759
f 1759 736 735
f 1759 735 1760
f 1760 735 734
f 1760 734 1763
f 1763 734 733
f 1763 733 1764
f 1764 733 732
f 1764 732 1765
f 1765 732 731
f 1765 731 1761
f 1761 731 730
f 1761 730 1762
f 1762 730 729
f 1762 729 1766
f 1766 729 739
f 1766 739 1767
f 1767 739 738
f 1767 738 1768
f 1768 738 727
f 1768 727 1772
f 1772 727 726
f 1772 726 1773
f 1773 726 747
f 2049 2059 668
f 668 2059 687
f 1859 646 1860
f 1860 646 645
f 1860 645 1866
f 1866 645 633
f 1866 633 1867
f 1867 633 632
f 1867 632 1868
f 1868 632 631
f 1868 631 1861
f 1861 631 630
f 1861 630 1862
f 1862 630 629
f 1862 629 1864
f 1864 629 628
f 1864 628 1865
f 1865 628 610
f 1865 610 2098
f 2098 610 609
f 2098 609 2099
f 2099 609 621
f 1859 1857 646
f 646 1857 647
f 2082 649 1844
f 1844 649 648
f 1844 648 1845
f 1845 648 635
f 1845 635 1850
f 1850 635 637
f 1850 637 1851
f 1851 637 608
f 1851 608 1852
f 1852 608 634
f 1852 634 1846
f 1846 634 627
f 1846 627 1847
f 1847 627 626
f 1847 626 1848
f 1848 626 625
f 1848 625 1849
f 1849 625 624
f 1849 624 1853
f 1853 624 644
f 1853 644 1854
f 1854 644 643
f 1854 643 1855
f 1855 643 623
f 1855 623 1856
f 1856 623 622
f 1856 622 1857
f 1857 622 647
f 2082 2089 649
f 649 2089 650
f 2101 620 2092
f 2092 620 619
f 2092 619 2093
f 2093 619 605
f 2093 605 2095
f 2095 605 604
f 2095 604 2096
f 2096 604 603
f 2096 603 2097
f 2097 603 601
f 2097 601 2076
f 2076 601 600
f 2076 600 2077
f 2077 600 642
f 2077 642 2073
f 2073 642 641
f 2073 641 2074
f 2074 641 640
f 2074 640 2079
f 2079 640 618
f 2079 618 2080
f 2080 618 617
f 2080 617 2081
f 2081 617 615
f 2081 615 2088
f 2088 615 614
f 2088 614 2089
f 2089 614 650
f 2099 621 2100
f 2100 621 620
f 2100 620 2101
f 2021 253 2022
f 2022 253 252
f 2022 252 2023
f 2023 252 298
f 2023 298 2024
f 2024 298 297
f 2024 297 2025
f 2025 297 296
f 2025 296 2026
f 2026 296 286
f 2026 286 2027
f 2027 286 285
f 2027 285 2030
f 2030 285 284
f 2030 284 2029
f 2029 284 283
f 2029 283 2028
f 2028 283 282
f 2028 282 2105
f 2105 282 281
f 2021 2020 253
f 253 2020 288
f 2104 302 2009
f 2009 302 300
f 2009 300 2010
f 2010 300 299
f 2010 299 2016
f 2016 299 267
f 2016 267 2017
f 2017 267 259
f 2017 259 2018
f 2018 259 258
f 2018 258 2013
f 2013 258 256
f 2013 256 2012
f 2012 256 255
f 2012 255 2011
f 2011 255 290
f 2011 290 2014
f 2014 290 289
f 2014 289 2015
f 2015 289 266
f 2015 266 2007
f 2007 266 265
f 2007 265 2008
f 2008 265 264
f 2008 264 2019
f 2019 264 263
f 2019 263 2020
f 2020 263 288
f 2104 2111 302
f 302 2111 303
f 2107 279 2108
f 2108 279 278
f 2108 278 2114
f 2114 278 277
f 2114 277 2115
f 2115 277 295
f 2115 295 2116
f 2116 295 294
f 2116 294 2117
f 2117 294 276
f 2117 276 2118
f 2118 276 275
f 2118 275 2120
f 2120 275 293
f 2120 293 2121
f 2121 293 292
f 2121 292 2122
f 2122 292 291
f 2122 291 2123
f 2123 291 274
f 2123 274 2124
f 2124 274 273
f 2124 273 2125
f 2125 273 272
f 2125 272 2112
f 2112 272 271
f 2112 271 2111
f 2111 271 303
f 2105 281 2106
f 2106 281 279
f 2106 279 2107
f 2168 898 2161
f 2161 898 897
f 2161 897 2162
f 2162 897 368
f 2162 368 2163
f 2163 368 367
f 2163 367 2157
f 2157 367 366
f 2157 366 2158
f 2158 366 365
f 2158 365 2159
f 2159 365 363
f 2159 363 2160
f 2160 363 362
f 2160 362 2149
f 2149 362 319
f 2149 319 2128
f 2128 319 318
f 2128 318 2129
f 2129 318 312
f 2129 312 2135
f 2135 312 311
f 2135 311 2136
f 2136 311 316
f 2136 316 2155
f 2155 316 315
f 2155 315 2156
f 2156 315 336
f 899 898 2168
f 2164 900 2165
f 2165 900 899
f 2165 899 2167
f 2167 899 2168
f 1617 925 1618
f 1618 925 924
f 1618 924 1619
f 1619 924 920
f 1619 920 1620
f 1620 920 919
f 1620 919 1622
f 1622 919 917
f 1622 917 1623
f 1623 917 916
f 1623 916 1624
f 1624 916 904
f 1624 904 1625
f 1625 904 903
f 1625 903 1627
f 1627 903 902
f 1627 902 1628
f 1628 902 901
f 1628 901 2164
f 2164 901 900
f 1617 1615 925
f 925 1615 926
f 2146 338 2150
f 2150 338 915
f 2150 915 1603
f 1603 915 914
f 1603 914 1604
f 1604 914 913
f 1604 913 1605
f 1605 913 923
f 1605 923 1611
f 1611 923 922
f 1611 922 1612
f 1612 922 921
f 1612 921 1613
f 1613 921 912
f 1613 912 1606
f 1606 912 911
f 1606 911 1607
f 1607 911 910
f 1607 910 1608
f 1608 910 909
f 1608 909 1609
f 1609 909 908
f 1609 908 1610
f 1610 908 906
f 1610 906 1614
f 1614 906 905
f 1614 905 1615
f 1615 905 926
f 2146 2156 338
f 338 2156 336
f 2002 357 1991
f 1991 357 356
f 1991 356 1992
f 1992 356 345
f 1992 345 1998
f 1998 345 344
f 1998 344 1999
f 1999 344 343
f 1999 343 1994
f 1994 343 333
f 1994 333 1995
f 1995 333 332
f 1995 332 1996
f 1996 332 331
f 1996 331 1997
f 1997 331 330
f 1997 330 2139
f 2139 330 329
f 2139 329 2140
f 2140 329 328
f 2002 2001 357
f 357 2001 358
f 2130 337 1979
f 1979 337 335
f 1979 335 1980
f 1980 335 334
f 1980 334 1988
f 1988 334 314
f 1988 314 1989
f 1989 314 313
f 1989 313 1990
f 1990 313 352
f 1990 352 1981
f 1981 352 351
f 1981 351 1982
f 1982 351 350
f 1982 350 1983
f 1983 350 349
f 1983 349 1984
f 1984 349 348
f 1984 348 1985
f 1985 348 347
f 1985 347 1986
f 1986 347 346
f 1986 346 1987
f 1987 346 325
f 1987 325 2000
f 2000 325 324
f 2000 324 2001
f 2001 324 358
f 2130 2137 337
f 337 2137 339
f 2142 323 2134
f 2134 323 321
f 2134 321 2133
f 2133 321 320
f 2133 320 2131
f 2131 320 342
f 2131 342 2143
f 2143 342 341
f 2143 341 2144
f 2144 341 327
f 2144 327 2145
f 2145 327 326
f 2145 326 2147
f 2147 326 361
f 2147 361 2148
f 2148 361 360
f 2148 360 2151
f 2151 360 359
f 2151 359 2152
f 2152 359 355
f 2152 355 2153
f 2153 355 354
f 2153 354 2154
f 2154 354 353
f 2154 353 2138
f 2138 353 340
f 2138 340 2137
f 2137 340 339
f 2140 328 2141
f 2141 328 323
f 2141 323 2142
f 2204 872 2171
f 2171 872 871
f 2171 871 2172
f 2172 871 426
f 2172 426 2173
f 2173 426 425
f 2173 425 2174
f 2174 425 424
f 2174 424 2197
f 2197 424 423
f 2197 423 2198
f 2198 423 421
f 2198 421 2199
f 2199 421 420
f 2199 420 2175
f 2175 420 405
f 2175 405 2176
f 2176 405 406
f 2176 406 2191
f 2191 406 407
f 2191 407 2192
f 2192 407 386
f 2192 386 2170
f 2170 386 385
f 2170 385 2193
f 2193 385 383
f 2193 383 1386
f 1386 383 410
f 873 872 2204
f 2200 874 2201
f 2201 874 873
f 2201 873 2203
f 2203 873 2204
f 1653 895 1640
f 1640 895 894
f 1640 894 1641
f 1641 894 888
f 1641 888 1643
f 1643 888 887
f 1643 887 1644
f 1644 887 885
f 1644 885 1649
f 1649 885 884
f 1649 884 1650
f 1650 884 870
f 1650 870 1645
f 1645 870 869
f 1645 869 1647
f 1647 869 868
f 1647 868 1648
f 1648 868 867
f 1648 867 2200
f 2200 867 874
f 1653 1652 895
f 895 1652 896
f 1387 379 2196
f 2196 379 883
f 2196 883 1629
f 1629 883 882
f 1629 882 1630
f 1630 882 881
f 1630 881 1631
f 1631 881 893
f 1631 893 1637
f 1637 893 892
f 1637 892 1638
f 1638 892 891
f 1638 891 1639
f 1639 891 880
f 1639 880 1632
f 1632 880 879
f 1632 879 1633
f 1633 879 878
f 1633 878 1634
f 1634 878 890
f 1634 890 1635
f 1635 890 889
f 1635 889 1636
f 1636 889 877
f 1636 877 1651
f 1651 877 876
f 1651 876 1652
f 1652 876 896
f 1387 1386 379
f 379 1386 410
f 2218 928 2208
f 2208 928 927
f 2208 927 2209
f 2209 927 310
f 2209 310 2210
f 2210 310 309
f 2210 309 2211
f 2211 309 308
f 2211 308 2212
f 2212 308 307
f 2212 307 2213
f 2213 307 305
f 2213 305 2214
f 2214 305 304
f 2214 304 2113
f 2113 304 260
f 2113 260 2102
f 2102 260 261
f 2102 261 2103
f 2103 261 262
f 2103 262 2109
f 2109 262 270
f 2109 270 2110
f 2110 270 269
f 2110 269 2126
f 2126 269 268
f 2126 268 2127
f 2127 268 301
f 929 928 2218
f 2215 930 2216
f 2216 930 929
f 2216 929 2217
f 2217 929 2218
f 1591 236 1592
f 1592 236 238
f 1592 238 1593
f 1593 238 239
f 1593 239 1594
f 1594 239 937
f 1594 937 1596
f 1596 937 936
f 1596 936 1597
f 1597 936 935
f 1597 935 1598
f 1598 935 934
f 1598 934 1599
f 1599 934 933
f 1599 933 1601
f 1601 933 932
f 1601 932 1602
f 1602 932 931
f 1602 931 2215
f 2215 931 930
f 1591 1589 236
f 236 1589 235
f 2119 248 2205
f 2205 248 247
f 2205 247 2206
f 2206 247 246
f 2206 246 2207
f 2207 246 234
f 2207 234 1582
f 1582 234 233
f 1582 233 1583
f 1583 233 251
f 1583 251 1584
f 1584 251 250
f 1584 250 1581
f 1581 250 249
f 1581 249 1579
f 1579 249 245
f 1579 245 1580
f 1580 245 244
f 1580 244 1585
f 1585 244 243
f 1585 243 1586
f 1586 243 242
f 1586 242 1587
f 1587 242 241
f 1587 241 1588
f 1588 241 240
f 1588 240 1589
f 1589 240 235
f 2119 2127 248
f 248 2127 301
f 1921 538 1916
f 1916 538 537
f 1916 537 1915
f 1915 537 510
f 1915 510 1914
f 1914 510 509
f 1914 509 1917
f 1917 509 508
f 1917 508 1918
f 1918 508 507
f 1918 507 1913
f 1913 507 506
f 1913 506 1912
f 1912 506 505
f 1912 505 1910
f 1910 505 486
f 1910 486 2219
f 2219 486 485
f 2219 485 2220
f 2220 485 504
f 1921 1920 538
f 538 1920 539
f 2235 497 1898
f 1898 497 496
f 1898 496 1899
f 1899 496 521
f 1899 521 1904
f 1904 521 514
f 1904 514 1905
f 1905 514 513
f 1905 513 1906
f 1906 513 531
f 1906 531 1900
f 1900 531 530
f 1900 530 1901
f 1901 530 529
f 1901 529 1902
f 1902 529 526
f 1902 526 1903
f 1903 526 525
f 1903 525 1907
f 1907 525 541
f 1907 541 1908
f 1908 541 540
f 1908 540 1909
f 1909 540 528
f 1909 528 1919
f 1919 528 527
f 1919 527 1920
f 1920 527 539
f 2235 2244 497
f 497 2244 518
f 2223 503 2224
f 2224 503 502
f 2224 502 2225
f 2225 502 501
f 2225 501 2226
f 2226 501 500
f 2226 500 2227
f 2227 500 499
f 2227 499 2228
f 2228 499 494
f 2228 494 2229
f 2229 494 493
f 2229 493 2230
f 2230 493 524
f 2230 524 2232
f 2232 524 523
f 2232 523 2240
f 2240 523 522
f 2240 522 2241
f 2241 522 517
f 2241 517 2238
f 2238 517 516
f 2238 516 2239
f 2239 516 520
f 2239 520 2243
f 2243 520 519
f 2243 519 2244
f 2244 519 518
f 2220 504 2221
f 2221 504 503
f 2221 503 2223
f 2285 783 2257
f 2257 783 782
f 2257 782 2258
f 2258 782 596
f 2258 596 2259
f 2259 596 594
f 2259 594 2260
f 2260 594 593
f 2260 593 2268
f 2268 593 599
f 2268 599 2269
f 2269 599 598
f 2269 598 2270
f 2270 598 597
f 2270 597 2265
f 2265 597 555
f 2265 555 2266
f 2266 555 554
f 2266 554 2267
f 2267 554 549
f 2267 549 2252
f 2252 549 548
f 2252 548 2253
f 2253 548 586
f 2253 586 2281
f 2281 586 585
f 2281 585 2280
f 2280 585 583
f 784 783 2285
f 2282 785 2283
f 2283 785 784
f 2283 784 2284
f 2284 784 2285
f 1731 806 1718
f 1718 806 805
f 1718 805 1719
f 1719 805 802
f 1719 802 1727
f 1727 802 801
f 1727 801 1728
f 1728 801 799
f 1728 799 1721
f 1721 799 798
f 1721 798 1722
f 1722 798 781
f 1722 781 1723
f 1723 781 780
f 1723 780 1725
f 1725 780 779
f 1725 779 1726
f 1726 779 778
f 1726 778 2282
f 2282 778 785
f 1731 1730 806
f 806 1730 807
f 2263 564 2277
f 2277 564 794
f 2277 794 1707
f 1707 794 793
f 1707 793 1708
f 1708 793 792
f 1708 792 1709
f 1709 792 791
f 1709 791 1712
f 1712 791 790
f 1712 790 1713
f 1713 790 789
f 1713 789 1714
f 1714 789 788
f 1714 788 1710
f 1710 788 787
f 1710 787 1711
f 1711 787 804
f 1711 804 1715
f 1715 804 803
f 1715 803 1716
f 1716 803 797
f 1716 797 1717
f 1717 797 796
f 1717 796 1729
f 1729 796 795
f 1729 795 1730
f 1730 795 807
f 2263 2280 564
f 564 2280 583
f 1894 588 1888
f 1888 588 587
f 1888 587 1889
f 1889 587 572
f 1889 572 1890
f 1890 572 571
f 1890 571 1891
f 1891 571 570
f 1891 570 1883
f 1883 570 561
f 1883 561 1884
f 1884 561 560
f 1884 560 1886
f 1886 560 559
f 1886 559 1887
f 1887 559 552
f 1887 552 2247
f 2247 552 551
f 2247 551 2248
f 2248 551 558
f 1894 1893 588
f 588 1893 589
f 1870 591 1871
f 1871 591 590
f 1871 590 1880
f 1880 590 582
f 1880 582 1881
f 1881 582 584
f 1881 584 1882
f 1882 584 550
f 1882 550 1872
f 1872 550 581
f 1872 581 1873
f 1873 581 580
f 1873 580 1874
f 1874 580 579
f 1874 579 1875
f 1875 579 578
f 1875 578 1876
f 1876 578 577
f 1876 577 1877
f 1877 577 576
f 1877 576 1878
f 1878 576 575
f 1878 575 1879
f 1879 575 574
f 1879 574 1892
f 1892 574 573
f 1892 573 1893
f 1893 573 589
f 1870 2279 591
f 591 2279 592
f 2251 557 2254
f 2254 557 556
f 2254 556 2255
f 2255 556 547
f 2255 547 2256
f 2256 547 546
f 2256 546 2271
f 2271 546 545
f 2271 545 2272
f 2272 545 543
f 2272 543 2273
f 2273 543 542
f 2273 542 2264
f 2264 542 569
f 2264 569 2261
f 2261 569 568
f 2261 568 2262
f 2262 568 567
f 2262 567 2274
f 2274 567 566
f 2274 566 2275
f 2275 566 565
f 2275 565 2276
f 2276 565 563
f 2276 563 2278
f 2278 563 562
f 2278 562 2279
f 2279 562 592
f 2248 558 2249
f 2249 558 557
f 2249 557 2251
f 2298 753 2288
f 2288 753 752
f 2288 752 2289
f 2289 752 654
f 2289 654 2290
f 2290 654 652
f 2290 652 2291
f 2291 652 651
f 2291 651 2292
f 2292 651 657
f 2292 657 2293
f 2293 657 656
f 2293 656 2294
f 2294 656 655
f 2294 655 2083
f 2083 655 613
f 2083 613 2084
f 2084 613 612
f 2084 612 2085
f 2085 612 607
f 2085 607 2086
f 2086 607 606
f 2086 606 2087
f 2087 606 639
f 2087 639 2091
f 2091 639 638
f 2091 638 2090
f 2090 638 636
f 754 753 2298
f 2295 755 2296
f 2296 755 754
f 2296 754 2297
f 2297 754 2298
f 1747 776 1748
f 1748 776 775
f 1748 775 1749
f 1749 775 774
f 1749 774 1750
f 1750 774 773
f 1750 773 1752
f 1752 773 771
f 1752 771 1753
f 1753 771 770
f 1753 770 1754
f 1754 770 751
f 1754 751 1755
f 1755 751 750
f 1755 750 1757
f 1757 750 749
f 1757 749 1758
f 1758 749 748
f 1758 748 2295
f 2295 748 755
f 1747 1745 776
f 776 1745 777
f 2075 616 2286
f 2286 616 767
f 2286 767 2287
f 2287 767 766
f 2287 766 1733
f 1733 766 765
f 1733 765 1734
f 1734 765 764
f 1734 764 1738
f 1738 764 763
f 1738 763 1739
f 1739 763 762
f 1739 762 1740
f 1740 762 761
f 1740 761 1736
f 1736 761 760
f 1736 760 1737
f 1737 760 759
f 1737 759 1741
f 1741 759 769
f 1741 769 1742
f 1742 769 768
f 1742 768 1743
f 1743 768 757
f 1743 757 1744
f 1744 757 756
f 1744 756 1745
f 1745 756 777
f 2075 2090 616
f 616 2090 636
f 1975 414 1964
f 1964 414 413
f 1964 413 1965
f 1965 413 401
f 1965 401 1967
f 1967 401 400
f 1967 400 1968
f 1968 400 399
f 1968 399 1969
f 1969 399 389
f 1969 389 1970
f 1970 389 388
f 1970 388 1971
f 1971 388 387
f 1971 387 1972
f 1972 387 370
f 1972 370 2177
f 2177 370 369
f 2177 369 2178
f 2178 369 398
f 1975 1974 414
f 414 1974 415
f 1953 411 1954
f 1954 411 409
f 1954 409 1955
f 1955 409 408
f 1955 408 1956
f 1956 408 382
f 1956 382 1957
f 1957 382 384
f 1957 384 1950
f 1950 384 402
f 1950 402 1951
f 1951 402 419
f 1951 419 1958
f 1958 419 418
f 1958 418 1959
f 1959 418 404
f 1959 404 1960
f 1960 404 403
f 1960 403 1961
f 1961 403 417
f 1961 417 1962
f 1962 417 416
f 1962 416 1963
f 1963 416 391
f 1963 391 1973
f 1973 391 390
f 1973 390 1974
f 1974 390 415
f 1953 2169 411
f 411 2169 412
f 2180 397 2181
f 2181 397 396
f 2181 396 2182
f 2182 396 376
f 2182 376 2183
f 2183 376 375
f 2183 375 2184
f 2184 375 374
f 2184 374 2185
f 2185 374 373
f 2185 373 2186
f 2186 373 372
f 2186 372 2187
f 2187 372 395
f 2187 395 2188
f 2188 395 394
f 2188 394 2189
f 2189 394 393
f 2189 393 2190
f 2190 393 381
f 2190 381 1388
f 1388 381 380
f 1388 380 2194
f 2194 380 378
f 2194 378 2195
f 2195 378 377
f 2195 377 2169
f 2169 377 412
f 2178 398 2179
f 2179 398 397
f 2179 397 2180
f 2329 838 2319
f 2319 838 837
f 2319 837 2320
f 2320 837 484
f 2320 484 2321
f 2321 484 483
f 2321 483 2322
f 2322 483 482
f 2322 482 2323
f 2323 482 481
f 2323 481 2324
f 2324 481 479
f 2324 479 2325
f 2325 479 478
f 2325 478 2309
f 2309 478 440
f 2309 440 2310
f 2310 440 439
f 2310 439 2311
f 2311 439 436
f 2311 436 2312
f 2312 436 435
f 2312 435 2313
f 2313 435 451
f 2313 451 2318
f 2318 451 450
f 2318 450 2317
f 2317 450 467
f 839 838 2329
f 2326 840 2327
f 2327 840 839
f 2327 839 2328
f 2328 839 2329
f 1670 865 1671
f 1671 865 864
f 1671 864 1672
f 1672 864 852
f 1672 852 1673
f 1673 852 851
f 1673 851 1675
f 1675 851 849
f 1675 849 1676
f 1676 849 848
f 1676 848 1677
f 1677 848 844
f 1677 844 1678
f 1678 844 843
f 1678 843 1680
f 1680 843 842
f 1680 842 1681
f 1681 842 841
f 1681 841 2326
f 2326 841 840
f 1670 1668 865
f 865 1668 866
f 2305 443 2314
f 2314 443 847
f 2314 847 1654
f 1654 847 846
f 1654 846 1655
f 1655 846 845
f 1655 845 1657
f 1657 845 863
f 1657 863 1658
f 1658 863 862
f 1658 862 1659
f 1659 862 861
f 1659 861 1661
f 1661 861 860
f 1661 860 1662
f 1662 860 859
f 1662 859 1663
f 1663 859 858
f 1663 858 1664
f 1664 858 857
f 1664 857 1665
f 1665 857 856
f 1665 856 1666
f 1666 856 854
f 1666 854 1667
f 1667 854 853
f 1667 853 1668
f 1668 853 866
f 2305 2317 443
f 443 2317 467
f 1940 476 1941
f 1941 476 475
f 1941 475 1942
f 1942 475 457
f 1942 457 1943
f 1943 457 456
f 1943 456 1945
f 1945 456 455
f 1945 455 1946
f 1946 455 448
f 1946 448 1947
f 1947 448 447
f 1947 447 1948
f 1948 447 446
f 1948 446 1949
f 1949 446 428
f 1949 428 2332
f 2332 428 427
f 2332 427 2333
f 2333 427 454
f 1940 1938 476
f 476 1938 477
f 2308 468 1925
f 1925 468 466
f 1925 466 1926
f 1926 466 465
f 1926 465 1927
f 1927 465 449
f 1927 449 1928
f 1928 449 437
f 1928 437 1929
f 1929 437 464
f 1929 464 1930
f 1930 464 461
f 1930 461 1931
f 1931 461 462
f 1931 462 1932
f 1932 462 463
f 1932 463 1933
f 1933 463 474
f 1933 474 1934
f 1934 474 473
f 1934 473 1935
f 1935 473 470
f 1935 470 1936
f 1936 470 471
f 1936 471 1937
f 1937 471 472
f 1937 472 1938
f 1938 472 477
f 2308 2316 468
f 468 2316 469
f 2335 453 2330
f 2330 453 452
f 2330 452 2331
f 2331 452 434
f 2331 434 2336
f 2336 434 433
f 2336 433 2337
f 2337 433 432
f 2337 432 2338
f 2338 432 431
f 2338 431 2299
f 2299 431 430
f 2299 430 2300
f 2300 430 460
f 2300 460 2302
f 2302 460 459
f 2302 459 2303
f 2303 459 458
f 2303 458 2304
f 2304 458 445
f 2304 445 2306
f 2306 445 444
f 2306 444 2307
f 2307 444 442
f 2307 442 2315
f 2315 442 441
f 2315 441 2316
f 2316 441 469
f 2333 454 2334
f 2334 454 453
f 2334 453 2335
f 2351 825 2341
f 2341 825 824
f 2341 824 2342
f 2342 824 492
f 2342 492 2343
f 2343 492 491
f 2343 491 2344
f 2344 491 490
f 2344 490 2345
f 2345 490 488
f 2345 488 2346
f 2346 488 487
f 2346 487 2347
f 2347 487 536
f 2347 536 2242
f 2242 536 535
f 2242 535 2233
f 2233 535 534
f 2233 534 2234
f 2234 534 533
f 2234 533 2236
f 2236 533 512
f 2236 512 2237
f 2237 512 498
f 2237 498 2246
f 2246 498 511
f 2246 511 2245
f 2245 511 532
f 826 825 2351
f 2348 827 2349
f 2349 827 826
f 2349 826 2350
f 2350 826 2351
f 1695 835 1696
f 1696 835 834
f 1696 834 1697
f 1697 834 833
f 1697 833 1698
f 1698 833 832
f 1698 832 1700
f 1700 832 831
f 1700 831 1701
f 1701 831 830
f 1701 830 1702
f 1702 830 829
f 1702 829 1703
f 1703 829 828
f 1703 828 1705
f 1705 828 823
f 1705 823 1706
f 1706 823 822
f 1706 822 2348
f 2348 822 827
f 1695 1693 835
f 835 1693 836
f 2231 515 2339
f 2339 515 816
f 2339 816 2340
f 2340 816 815
f 2340 815 1682
f 1682 815 814
f 1682 814 1683
f 1683 814 813
f 1683 813 1686
f 1686 813 812
f 1686 812 1687
f 1687 812 811
f 1687 811 1688
f 1688 811 810
f 1688 810 1684
f 1684 810 809
f 1684 809 1685
f 1685 809 821
f 1685 821 1689
f 1689 821 820
f 1689 820 1690
f 1690 820 819
f 1690 819 1691
f 1691 819 818
f 1691 818 1692
f 1692 818 817
f 1692 817 1693
f 1693 817 836
f 2231 2245 515
f 515 2245 532
f 280 1079 230
f 230 1079 940
f 230 940 232

