# https://github.com/mikedh/trimesh
v -0.00003130 -0.04675000 0.23190993
v -0.02003129 -0.04675000 0.23190942
v -0.02003135 -0.04675000 0.23402046
v 0.01996865 -0.04675000 0.23402150
v 0.01996880 -0.04675000 0.22816045
v 0.01621880 -0.04675000 0.22816036
v -0.00003120 -0.04675000 0.22815993
v 0.01621935 -0.04675000 0.20716036
v -0.01628120 -0.04675000 0.22815951
v -0.01628065 -0.04675000 0.20715951
v -0.00529290 -0.04675000 0.02445973
v -0.00934729 -0.04675000 0.02321796
v -0.02003056 -0.04675000 0.20340942
v -0.01313351 -0.04675000 0.02130886
v 0.01997433 -0.04675000 0.01502150
v 0.01802317 -0.04675000 0.01731991
v 0.01996944 -0.04675000 0.20341045
v 0.01484003 -0.04675000 0.02012130
v 0.01122923 -0.04675000 0.02234442
v 0.00729467 -0.04675000 0.02392535
v 0.00314952 -0.04675000 0.02481858
v -0.00108696 -0.04675000 0.02499843
v -0.01654264 -0.04675000 0.01878737
v -0.01947658 -0.04675000 0.01572598
v -0.02002567 -0.04675000 0.01502046
v 0.00945893 -0.05575000 0.23871979
v 0.00923073 -0.05575000 0.23881148
v 0.00630103 -0.05575000 0.23880614
v 0.00409363 -0.05575000 0.26028818
v 0.00576945 -0.05575000 0.25944330
v 0.00630044 -0.05575000 0.26123614
v -0.00427011 -0.05575000 0.27465909
v -0.00838513 -0.05575000 0.27358411
v -0.00636456 -0.05575000 0.26123582
v 0.01997433 -0.05575000 0.01502150
v 0.01997157 -0.05575000 0.12143899
v 0.01118657 -0.05575000 0.12143877
v 0.01996862 -0.05575000 0.23502150
v 0.02222173 -0.05575000 0.23862879
v 0.01118353 -0.05575000 0.23880627
v 0.02416788 -0.05575000 0.00632105
v 0.02275516 -0.05575000 0.01031912
v 0.01484107 -0.05575000 -0.02007858
v 0.02068710 -0.05575000 0.01402088
v 0.01123039 -0.05575000 -0.02230185
v 0.02488460 -0.05575000 0.00214177
v 0.01802407 -0.05575000 -0.01727701
v 0.02068782 -0.05575000 -0.01397784
v 0.02275570 -0.05575000 -0.01027598
v 0.02416821 -0.05575000 -0.00627786
v 0.02488471 -0.05575000 -0.00209852
v 0.00630407 -0.05575000 0.12143864
v 0.00729591 -0.05575000 -0.02388300
v 0.00300701 -0.05575000 -0.00288510
v 0.00247227 -0.05575000 -0.00335572
v -0.00222728 -0.05575000 -0.00355549
v -0.00280003 -0.05575000 -0.00313192
v -0.00934609 -0.05575000 -0.02317650
v 0.00186567 -0.05575000 -0.00372928
v 0.00120468 -0.05575000 -0.00399489
v 0.00315081 -0.05575000 -0.02477642
v 0.00050830 -0.05575000 -0.00414499
v -0.00108566 -0.05575000 -0.02495653
v -0.00020343 -0.05575000 -0.00417525
v -0.00529163 -0.05575000 -0.02441803
v -0.00091003 -0.05575000 -0.00408479
v -0.00159118 -0.05575000 -0.00387619
v -0.00329296 -0.05575000 -0.00261762
v -0.00369189 -0.05575000 -0.00202742
v -0.00398533 -0.05575000 -0.00137832
v -0.00416488 -0.05575000 0.00073068
v -0.00398540 -0.05575000 0.00142008
v -0.00636093 -0.05575000 0.12143831
v -0.00280020 -0.05575000 0.00317374
v -0.00222746 -0.05575000 0.00359734
v -0.00159138 -0.05575000 0.00391807
v 0.00120447 -0.05575000 0.00403691
v 0.00186548 -0.05575000 0.00377133
v 0.00247209 -0.05575000 0.00339782
v -0.00369199 -0.05575000 0.00206919
v -0.00329310 -0.05575000 0.00265941
v -0.00091024 -0.05575000 0.00412670
v -0.00020364 -0.05575000 0.00421717
v 0.00050809 -0.05575000 0.00418698
v 0.00300686 -0.05575000 0.00292722
v 0.00345440 -0.05575000 0.00237297
v 0.00380183 -0.05575000 0.00175106
v -0.00416485 -0.05575000 -0.00068894
v -0.00422528 -0.05575000 0.00002087
v 0.00403917 -0.05575000 0.00107940
v 0.00415958 -0.05575000 0.00037726
v 0.00415960 -0.05575000 -0.00033511
v 0.00403922 -0.05575000 -0.00103723
v 0.00380192 -0.05575000 -0.00170890
v 0.00345452 -0.05575000 -0.00233080
v -0.01124343 -0.05575000 0.12143819
v -0.01313241 -0.05575000 -0.02126757
v -0.02359743 -0.05575000 0.00834886
v -0.02466579 -0.05575000 0.00424535
v -0.02185032 -0.05575000 -0.01217197
v -0.01947577 -0.05575000 -0.01568503
v -0.01654166 -0.05575000 -0.01874626
v -0.02003138 -0.05575000 0.23502046
v -0.02002843 -0.05575000 0.12143796
v -0.02002567 -0.05575000 0.01502046
v -0.02185095 -0.05575000 0.01221280
v -0.02502528 -0.05575000 0.00002033
v -0.02466557 -0.05575000 -0.00420466
v -0.02359700 -0.05575000 -0.00830812
v -0.01124647 -0.05575000 0.23880569
v -0.02228467 -0.05575000 0.23862763
v -0.01126777 -0.05575000 0.23950843
v -0.01124677 -0.05575000 0.25002069
v -0.02501391 -0.05575000 0.25096564
v -0.02481251 -0.05575000 0.24671729
v -0.01134971 -0.05575000 0.23974032
v -0.01139128 -0.05575000 0.23998272
v -0.02389391 -0.05575000 0.24256456
v -0.01139129 -0.05575000 0.24022866
v -0.01134973 -0.05575000 0.24047105
v -0.01126780 -0.05575000 0.24070294
v -0.01126829 -0.05575000 0.25933843
v -0.01135022 -0.05575000 0.25957032
v -0.02449226 -0.05575000 0.25518664
v -0.02326267 -0.05575000 0.25925814
v -0.01139179 -0.05575000 0.25981272
v -0.01139180 -0.05575000 0.26005865
v -0.02136071 -0.05575000 0.26306230
v -0.01225839 -0.05575000 0.27182716
v -0.01577779 -0.05575000 0.26943909
v -0.01124706 -0.05575000 0.26123569
v -0.01884145 -0.05575000 0.26648900
v -0.01013123 -0.05575000 0.26137397
v -0.00988552 -0.05575000 0.26138442
v 0.00832038 -0.05575000 0.27358455
v 0.00420530 -0.05575000 0.27465931
v -0.00003241 -0.05575000 0.27502098
v 0.00969876 -0.05575000 0.26137449
v 0.01219373 -0.05575000 0.27182780
v 0.00994448 -0.05575000 0.26138493
v 0.02129651 -0.05575000 0.26306340
v 0.01877706 -0.05575000 0.26648998
v 0.01118294 -0.05575000 0.26123627
v 0.01571325 -0.05575000 0.26943990
v 0.02319866 -0.05575000 0.25925935
v 0.01131211 -0.05575000 0.26018133
v 0.01133298 -0.05575000 0.25993627
v 0.01131213 -0.05575000 0.25969122
v 0.02442847 -0.05575000 0.25518791
v 0.01125016 -0.05575000 0.25945322
v 0.01114887 -0.05575000 0.25922911
v 0.02495033 -0.05575000 0.25096693
v 0.01133349 -0.05575000 0.24010627
v 0.01131263 -0.05575000 0.24035133
v 0.02383076 -0.05575000 0.24256580
v 0.01125065 -0.05575000 0.24058933
v 0.02474916 -0.05575000 0.24671857
v 0.01114934 -0.05575000 0.24081343
v 0.01084098 -0.05575000 0.25884779
v 0.01064326 -0.05575000 0.25870154
v 0.01118324 -0.05575000 0.25002127
v 0.01101115 -0.05575000 0.25902535
v 0.00883612 -0.05575000 0.26093952
v 0.00868162 -0.05575000 0.26074817
v 0.00856168 -0.05575000 0.26053346
v 0.00902073 -0.05575000 0.26110201
v 0.00923015 -0.05575000 0.26123096
v 0.00945835 -0.05575000 0.26132267
v 0.00847977 -0.05575000 0.25957083
v 0.00856171 -0.05575000 0.25933895
v 0.00727839 -0.05575000 0.25832736
v 0.00868166 -0.05575000 0.25912424
v 0.00843820 -0.05575000 0.25981323
v 0.00843820 -0.05575000 0.26005917
v 0.00847976 -0.05575000 0.26030157
v 0.00945842 -0.05575000 0.25854979
v 0.00857702 -0.05575000 0.25697246
v 0.00969884 -0.05575000 0.25849798
v 0.00962800 -0.05575000 0.25541758
v 0.00994455 -0.05575000 0.25848755
v 0.01040108 -0.05575000 0.25370744
v 0.01018850 -0.05575000 0.25851879
v 0.01087403 -0.05575000 0.25189126
v 0.01042366 -0.05575000 0.25859081
v 0.00923021 -0.05575000 0.25864148
v 0.00902079 -0.05575000 0.25877042
v 0.00883617 -0.05575000 0.25893290
v -0.00661161 -0.05575000 0.25891704
v -0.00501353 -0.05575000 0.25990108
v -0.00327212 -0.05575000 0.26060088
v -0.00143750 -0.05575000 0.26099632
v 0.00043756 -0.05575000 0.26107602
v 0.00229912 -0.05575000 0.26083769
v -0.00964157 -0.05575000 0.26135319
v -0.00940641 -0.05575000 0.26128118
v -0.00918681 -0.05575000 0.26117046
v -0.00898907 -0.05575000 0.26102422
v -0.00881889 -0.05575000 0.26084667
v -0.00868117 -0.05575000 0.26064291
v -0.01114834 -0.05575000 0.25912373
v -0.01099383 -0.05575000 0.25893238
v -0.00898902 -0.05575000 0.25884727
v -0.00918674 -0.05575000 0.25870103
v -0.00802041 -0.05575000 0.25767708
v -0.01013116 -0.05575000 0.25849746
v -0.01037158 -0.05575000 0.25854927
v -0.00919938 -0.05575000 0.25621686
v -0.00940634 -0.05575000 0.25859030
v -0.00964150 -0.05575000 0.25851827
v -0.01011463 -0.05575000 0.25457841
v -0.00988544 -0.05575000 0.25848703
v -0.01059978 -0.05575000 0.25864096
v -0.01080921 -0.05575000 0.25876990
v -0.00857986 -0.05575000 0.26041881
v -0.00851789 -0.05575000 0.26018081
v -0.00849702 -0.05575000 0.25993576
v -0.00851787 -0.05575000 0.25969071
v -0.00857984 -0.05575000 0.25945271
v -0.00868113 -0.05575000 0.25922860
v -0.00881885 -0.05575000 0.25902483
v -0.00898856 -0.05575000 0.24119422
v -0.00881838 -0.05575000 0.24101667
v -0.00802001 -0.05575000 0.24236447
v -0.01099337 -0.05575000 0.24110901
v -0.01080876 -0.05575000 0.24127150
v -0.00661115 -0.05575000 0.24112458
v -0.01114787 -0.05575000 0.24091766
v -0.00868066 -0.05575000 0.24081291
v -0.00857935 -0.05575000 0.24058881
v -0.00851737 -0.05575000 0.24035081
v -0.01059934 -0.05575000 0.24140045
v -0.01037114 -0.05575000 0.24149215
v -0.01013072 -0.05575000 0.24154397
v -0.00919906 -0.05575000 0.24382462
v -0.01011439 -0.05575000 0.24546303
v -0.00988500 -0.05575000 0.24155442
v -0.00868062 -0.05575000 0.23939860
v -0.00881833 -0.05575000 0.23919483
v -0.00636397 -0.05575000 0.23880582
v -0.00898850 -0.05575000 0.23901727
v -0.00918623 -0.05575000 0.23887102
v -0.00964106 -0.05575000 0.24152319
v -0.00940590 -0.05575000 0.24145118
v -0.00918629 -0.05575000 0.24134046
v -0.00849651 -0.05575000 0.24010576
v -0.00851736 -0.05575000 0.23986071
v -0.00857932 -0.05575000 0.23962271
v -0.01073966 -0.05575000 0.24723257
v -0.01105688 -0.05575000 0.24908232
v -0.01105693 -0.05575000 0.25095907
v -0.01073980 -0.05575000 0.25280884
v 0.00576994 -0.05575000 0.24059896
v 0.00409416 -0.05575000 0.23975399
v -0.00501301 -0.05575000 0.24014062
v -0.00327157 -0.05575000 0.23944091
v 0.00229968 -0.05575000 0.23920439
v 0.00043813 -0.05575000 0.23896596
v -0.00143693 -0.05575000 0.23904556
v 0.00902131 -0.05575000 0.23894042
v 0.00883668 -0.05575000 0.23910290
v 0.00868217 -0.05575000 0.23929424
v 0.01101162 -0.05575000 0.24101719
v 0.01084144 -0.05575000 0.24119474
v 0.00856220 -0.05575000 0.24070346
v 0.00727882 -0.05575000 0.24171498
v 0.00848027 -0.05575000 0.24047157
v 0.00843871 -0.05575000 0.24022917
v 0.00856223 -0.05575000 0.23950895
v 0.00848029 -0.05575000 0.23974083
v 0.00843872 -0.05575000 0.23998323
v 0.00868213 -0.05575000 0.24091817
v 0.00883663 -0.05575000 0.24110952
v 0.00857738 -0.05575000 0.24306995
v 0.00902125 -0.05575000 0.24127201
v 0.00923066 -0.05575000 0.24140096
v 0.00945886 -0.05575000 0.24149267
v 0.00962828 -0.05575000 0.24462489
v 0.00969928 -0.05575000 0.24154449
v 0.01040127 -0.05575000 0.24633506
v 0.01103323 -0.05575000 0.25002127
v 0.01087413 -0.05575000 0.24815127
v 0.00994499 -0.05575000 0.24155493
v 0.01018894 -0.05575000 0.24152370
v 0.01042410 -0.05575000 0.24145169
v 0.01064371 -0.05575000 0.24134097
v -0.01059927 -0.05575000 0.23881096
v -0.01080870 -0.05575000 0.23893991
v -0.01099332 -0.05575000 0.23910238
v -0.01114783 -0.05575000 0.23929373
v -0.01037106 -0.05575000 0.23871927
v -0.00940583 -0.05575000 0.23876030
v -0.00964099 -0.05575000 0.23868828
v -0.00988493 -0.05575000 0.23865703
v -0.01013065 -0.05575000 0.23866746
v 0.01018901 -0.05575000 0.23868879
v 0.00994507 -0.05575000 0.23865755
v 0.01042417 -0.05575000 0.23876081
v 0.00969935 -0.05575000 0.23866798
v 0.01101167 -0.05575000 0.23919535
v 0.01084150 -0.05575000 0.23901779
v 0.01064377 -0.05575000 0.23887154
v 0.01131264 -0.05575000 0.23986122
v 0.01125068 -0.05575000 0.23962322
v 0.01114938 -0.05575000 0.23939911
v 0.01018843 -0.05575000 0.26135370
v 0.01042359 -0.05575000 0.26128169
v 0.01064319 -0.05575000 0.26117097
v 0.01084093 -0.05575000 0.26102474
v 0.01101111 -0.05575000 0.26084718
v 0.01114883 -0.05575000 0.26064343
v 0.01125014 -0.05575000 0.26041933
v -0.01099388 -0.05575000 0.26093901
v -0.01080927 -0.05575000 0.26110150
v -0.01059985 -0.05575000 0.26123045
v -0.01037165 -0.05575000 0.26132215
v -0.01135024 -0.05575000 0.26030105
v -0.01126832 -0.05575000 0.26053295
v -0.01114838 -0.05575000 0.26074766
v -0.02003138 -0.04875000 0.23502046
v -0.02228467 -0.04875000 0.23862763
v -0.02389391 -0.04875000 0.24256456
v -0.02481251 -0.04875000 0.24671729
v -0.02503176 -0.04875000 0.25001736
v -0.02501391 -0.04875000 0.25096564
v -0.02449226 -0.04875000 0.25518664
v -0.02326267 -0.04875000 0.25925814
v -0.02136071 -0.04875000 0.26306230
v -0.01884145 -0.04875000 0.26648900
v -0.01577779 -0.04875000 0.26943909
v -0.01225839 -0.04875000 0.27182716
v -0.00838513 -0.04875000 0.27358411
v -0.00427011 -0.04875000 0.27465909
v -0.00003241 -0.04875000 0.27502098
v 0.00420530 -0.04875000 0.27465931
v 0.00832038 -0.04875000 0.27358455
v 0.01219373 -0.04875000 0.27182780
v 0.01571325 -0.04875000 0.26943990
v 0.01877706 -0.04875000 0.26648998
v 0.02129651 -0.04875000 0.26306340
v 0.02319866 -0.04875000 0.25925935
v 0.02442847 -0.04875000 0.25518791
v 0.02495033 -0.04875000 0.25096693
v 0.02496823 -0.04875000 0.25001866
v 0.02474916 -0.04875000 0.24671857
v 0.02383076 -0.04875000 0.24256580
v 0.02222173 -0.04875000 0.23862879
v 0.01996862 -0.04875000 0.23502150
v 0.01996944 -0.03975000 0.20341045
v 0.01996880 -0.03975000 0.22816045
v 0.01996862 -0.04775000 0.23502150
v -0.02502416 -0.05403991 0.00025779
v -0.02502528 -0.05405000 0.00002033
v 0.02068710 -0.02175000 0.01402088
v 0.01802317 -0.02175000 0.01731991
v 0.01484003 -0.02175000 0.02012130
v 0.01122923 -0.02175000 0.02234442
v 0.00729467 -0.02175000 0.02392535
v 0.00314952 -0.02175000 0.02481858
v -0.00108696 -0.02175000 0.02499843
v -0.00529290 -0.02175000 0.02445973
v -0.00934729 -0.02175000 0.02321796
v -0.01313351 -0.02175000 0.02130886
v -0.01654264 -0.02175000 0.01878737
v -0.01947658 -0.02175000 0.01572598
v 0.02495734 -0.04860994 -0.00091114
v 0.02493744 -0.04880556 -0.00134391
v 0.02488471 -0.02175000 -0.00209852
v 0.02488460 -0.02175000 0.00214177
v 0.02491272 -0.04907150 0.00178066
v 0.02493736 -0.04880556 0.00138717
v 0.02495729 -0.04860994 0.00095443
v 0.02497023 -0.04849028 0.00049483
v 0.02497472 -0.02175000 0.00002163
v 0.02497472 -0.04845000 0.00002163
v 0.02497025 -0.04849028 -0.00045158
v 0.02484932 -0.05251057 0.00252181
v 0.02483088 -0.05206990 0.00269890
v 0.02481990 -0.05160565 0.00279894
v 0.02481764 -0.05113117 0.00281911
v 0.02482436 -0.05066010 0.00275878
v 0.02483928 -0.05020600 0.00261971
v 0.02416788 -0.02175000 0.00632105
v 0.02486070 -0.04978194 0.00240590
v 0.02488615 -0.04940011 0.00212349
v 0.02494813 -0.05380144 -0.00113169
v 0.02492554 -0.05356983 -0.00154630
v 0.02489959 -0.05327148 -0.00191578
v 0.02497358 -0.05403991 0.00025909
v 0.02497360 -0.05403991 -0.00021583
v 0.02496478 -0.05395965 -0.00068391
v 0.02496474 -0.05395965 0.00072716
v 0.02494807 -0.05380144 0.00117495
v 0.02492546 -0.05356983 0.00158956
v 0.02489948 -0.05327148 0.00195907
v 0.02488398 -0.05307040 0.00214910
v 0.02487310 -0.05291497 0.00227282
v 0.02491281 -0.04907150 -0.00173741
v 0.02488626 -0.04940011 -0.00208024
v 0.02416821 -0.02175000 -0.00627786
v 0.02486082 -0.04978194 -0.00236265
v 0.02483942 -0.05020600 -0.00257646
v 0.02482450 -0.05066010 -0.00271553
v 0.02481778 -0.05113117 -0.00277586
v 0.02482004 -0.05160565 -0.00275569
v 0.02483102 -0.05206990 -0.00265565
v 0.02484945 -0.05251057 -0.00247859
v 0.02487321 -0.05291497 -0.00222956
v -0.02489988 -0.05251057 -0.00247988
v -0.02488144 -0.05206990 -0.00265694
v -0.02487046 -0.05160565 -0.00275698
v -0.02486820 -0.05113117 -0.00277715
v -0.02497602 -0.05356983 -0.00154760
v -0.02495005 -0.05327148 -0.00191707
v -0.02492366 -0.05291497 -0.00223086
v -0.02502415 -0.05403991 -0.00021713
v -0.02501530 -0.05395965 -0.00068520
v -0.02499863 -0.05380144 -0.00113299
v -0.02487492 -0.05066010 -0.00271682
v -0.02466557 -0.02175000 -0.00420466
v -0.02488985 -0.05020600 -0.00257775
v -0.02491126 -0.04978194 -0.00236394
v -0.02493671 -0.04940011 -0.00208153
v -0.02496328 -0.04907150 -0.00173870
v -0.02498792 -0.04880556 -0.00134521
v -0.02500785 -0.04860994 -0.00091244
v -0.02502079 -0.04849028 -0.00045287
v -0.02502528 -0.02175000 0.00002033
v -0.02502528 -0.04845000 0.00002033
v -0.02466579 -0.02175000 0.00424535
v -0.02502081 -0.04849028 0.00049354
v -0.02500790 -0.04860994 0.00095313
v -0.02498799 -0.04880556 0.00138587
v -0.02496337 -0.04907150 0.00177937
v -0.02493682 -0.04940011 0.00212220
v -0.02491139 -0.04978194 0.00240461
v -0.02488998 -0.05020600 0.00261842
v -0.02487506 -0.05066010 0.00275749
v -0.02486834 -0.05113117 0.00281782
v -0.02487060 -0.05160565 0.00279765
v -0.02488158 -0.05206990 0.00269761
v -0.02490001 -0.05251057 0.00252052
v -0.02492377 -0.05291497 0.00227152
v -0.02495015 -0.05327148 0.00195777
v -0.02497610 -0.05356983 0.00158827
v -0.02499869 -0.05380144 0.00117365
v -0.02501534 -0.05395965 0.00072587
v -0.02185095 -0.02175000 0.01221280
v -0.02359743 -0.02175000 0.00834886
v 0.02275516 -0.02175000 0.01031912
v -0.02359700 -0.02175000 -0.00830812
v -0.02185032 -0.02175000 -0.01217197
v -0.01947577 -0.02175000 -0.01568503
v -0.01654166 -0.02175000 -0.01874626
v -0.01313241 -0.02175000 -0.02126757
v -0.00934609 -0.02175000 -0.02317650
v -0.00529163 -0.02175000 -0.02441803
v -0.00108566 -0.02175000 -0.02495653
v 0.00315081 -0.02175000 -0.02477642
v 0.00729591 -0.02175000 -0.02388300
v 0.01123039 -0.02175000 -0.02230185
v 0.01484107 -0.02175000 -0.02007858
v 0.01802407 -0.02175000 -0.01727701
v 0.02068782 -0.02175000 -0.01397784
v 0.02275570 -0.02175000 -0.01027598
v -0.02003138 -0.04775000 0.23502046
v -0.02003129 -0.03975000 0.23190942
v -0.02003056 -0.03975000 0.20340942
v -0.00419853 -0.04849028 -0.00045233
v -0.00416485 -0.04854146 -0.00068894
v -0.00416485 -0.02175000 -0.00068894
v -0.00419846 -0.05400959 0.00049484
v -0.00416562 -0.05395965 0.00072641
v -0.00340011 -0.05251057 0.00252108
v -0.00329310 -0.05218712 0.00265941
v 0.00361088 -0.04940011 0.00212294
v 0.00345270 -0.04973449 0.00237547
v 0.00345440 -0.02175000 0.00237297
v 0.00352050 -0.05291497 -0.00223012
v 0.00345022 -0.05275953 -0.00233714
v 0.00403922 -0.02175000 -0.00103723
v 0.00403922 -0.04865771 -0.00103723
v 0.00406971 -0.04861015 -0.00091229
v 0.00394657 -0.04880556 -0.00134446
v 0.00380192 -0.02175000 -0.00170890
v 0.00380137 -0.04904934 -0.00171015
v 0.00378867 -0.04907150 -0.00173795
v 0.00345452 -0.02175000 -0.00233080
v 0.00361099 -0.04940011 -0.00208079
v 0.00312542 -0.05160565 -0.00275625
v 0.00310758 -0.05136983 -0.00277636
v 0.00327505 -0.05229486 -0.00257668
v 0.00321087 -0.05206990 -0.00265621
v 0.00316058 -0.05184099 -0.00271588
v 0.00334955 -0.05251057 -0.00247915
v 0.00310754 -0.05113117 -0.00277642
v 0.00312563 -0.05089250 -0.00275601
v 0.00300701 -0.02175000 -0.00288510
v 0.00316038 -0.05066010 -0.00271609
v 0.00321113 -0.05042908 -0.00265591
v 0.00327478 -0.05020600 -0.00257702
v 0.00343241 -0.04978194 -0.00236321
v 0.00345282 -0.04973449 -0.00233333
v 0.00403922 -0.05384229 -0.00103723
v 0.00401315 -0.05380121 -0.00113275
v 0.00394590 -0.05369336 -0.00134641
v 0.00387112 -0.05356983 -0.00154685
v 0.00379974 -0.05344782 -0.00171375
v 0.00370121 -0.05327148 -0.00191633
v 0.00417472 -0.05405000 0.00002088
v 0.00416799 -0.05403990 0.00025870
v 0.00416801 -0.05403991 -0.00021637
v 0.00415960 -0.05402725 -0.00033511
v 0.00411505 -0.05395965 -0.00068445
v 0.00411502 -0.05395965 0.00072662
v 0.00415958 -0.05402725 0.00037726
v 0.00380183 -0.05345162 0.00175106
v 0.00387074 -0.05356933 0.00158975
v 0.00394598 -0.05369361 0.00138812
v 0.00401323 -0.05380144 0.00117441
v 0.00403917 -0.05384229 0.00107940
v 0.00370111 -0.05327148 0.00195852
v 0.00352038 -0.05291497 0.00227226
v 0.00300686 -0.02175000 0.00292722
v 0.00343229 -0.04978194 0.00240535
v 0.00327464 -0.05020600 0.00261915
v 0.00321126 -0.05042803 0.00269770
v 0.00316024 -0.05066010 0.00275822
v 0.00312542 -0.05089312 0.00279822
v 0.00310740 -0.05113117 0.00281855
v 0.00310745 -0.05137020 0.00281849
v 0.00312528 -0.05160565 0.00279838
v 0.00316035 -0.05184052 0.00275809
v 0.00321073 -0.05206990 0.00269834
v 0.00327511 -0.05229546 0.00261857
v 0.00334942 -0.05251057 0.00252125
v 0.00345010 -0.05275953 0.00237932
v 0.00380183 -0.02175000 0.00175106
v 0.00380183 -0.04904838 0.00175106
v 0.00378851 -0.04907162 0.00178023
v 0.00411506 -0.04854034 -0.00068442
v 0.00414799 -0.04849028 -0.00045212
v 0.00415960 -0.02175000 -0.00033511
v 0.00415960 -0.04847275 -0.00033511
v 0.00417472 -0.02175000 0.00002109
v 0.00417472 -0.04845000 0.00002109
v 0.00415958 -0.02175000 0.00037726
v 0.00415958 -0.04847275 0.00037726
v 0.00403917 -0.02175000 0.00107940
v 0.00414792 -0.04849034 0.00049469
v 0.00411500 -0.04854037 0.00072672
v 0.00406980 -0.04860994 0.00095389
v 0.00403917 -0.04865771 0.00107940
v 0.00394649 -0.04880556 0.00138662
v -0.00416488 -0.04854146 0.00073068
v -0.00416488 -0.02175000 0.00073068
v -0.00412041 -0.04860994 0.00095367
v -0.00398540 -0.02175000 0.00142008
v -0.00406348 -0.04869916 0.00117554
v -0.00399707 -0.04880566 0.00138660
v -0.00369199 -0.02175000 0.00206919
v -0.00383923 -0.04907150 0.00177991
v -0.00398540 -0.04882466 0.00142008
v -0.00332534 -0.05020600 0.00261898
v -0.00348297 -0.04978194 0.00240517
v -0.00329310 -0.02175000 0.00265941
v -0.00366155 -0.04940011 0.00212275
v -0.00369044 -0.04934396 0.00207197
v -0.00317599 -0.05160565 0.00279821
v -0.00315814 -0.05136983 0.00281832
v -0.00321114 -0.05184099 0.00275784
v -0.00326162 -0.05207064 0.00269793
v -0.00315810 -0.05113117 0.00281838
v -0.00317620 -0.05089250 0.00279797
v -0.00280020 -0.02175000 0.00317374
v -0.00321094 -0.05066010 0.00275805
v -0.00329310 -0.05031288 0.00265941
v -0.00392168 -0.05356983 0.00158881
v -0.00398540 -0.05367534 0.00142008
v -0.00406385 -0.05380144 0.00117420
v -0.00375177 -0.05327148 0.00195832
v -0.00368911 -0.05315348 0.00207438
v -0.00357106 -0.05291497 0.00227208
v -0.00411976 -0.05388905 0.00095651
v -0.00416485 -0.05395854 -0.00068894
v -0.00419837 -0.05400949 -0.00045371
v -0.00421856 -0.05403991 -0.00021659
v -0.00422528 -0.05405000 0.00002087
v -0.00421857 -0.05403991 0.00025833
v -0.00411981 -0.05388920 -0.00091434
v -0.00406379 -0.05380144 -0.00113244
v -0.00368900 -0.05315348 -0.00203258
v -0.00375167 -0.05327148 -0.00191652
v -0.00392160 -0.05356983 -0.00154705
v -0.00398533 -0.05367534 -0.00137832
v -0.00357094 -0.05291497 -0.00223030
v -0.00339998 -0.05251057 -0.00247932
v -0.00315796 -0.05113117 -0.00277659
v -0.00315801 -0.05137020 -0.00277653
v -0.00317584 -0.05160565 -0.00275641
v -0.00321092 -0.05184052 -0.00271613
v -0.00326130 -0.05206990 -0.00265638
v -0.00329296 -0.05218712 -0.00261762
v -0.00369189 -0.02175000 -0.00202742
v -0.00369033 -0.04934396 -0.00203023
v -0.00329296 -0.02175000 -0.00261762
v -0.00366145 -0.04940011 -0.00208098
v -0.00348285 -0.04978194 -0.00236339
v -0.00332520 -0.05020600 -0.00257719
v -0.00329296 -0.05031288 -0.00261762
v -0.00280003 -0.02175000 -0.00313192
v -0.00321080 -0.05066010 -0.00271625
v -0.00317598 -0.05089312 -0.00275626
v -0.00398533 -0.02175000 -0.00137832
v -0.00412036 -0.04860994 -0.00091190
v -0.00406330 -0.04869934 -0.00113418
v -0.00399706 -0.04880556 -0.00134466
v -0.00398482 -0.04882548 -0.00137976
v -0.00383914 -0.04907150 -0.00173815
v -0.00419855 -0.04849028 0.00049408
v -0.00421850 -0.04846020 0.00025964
v -0.00422528 -0.02175000 0.00002087
v -0.00422528 -0.04845000 0.00002087
v -0.00421848 -0.04846020 -0.00021787
v -0.00222728 -0.02175000 -0.00355549
v -0.00159118 -0.02175000 -0.00387619
v -0.00091003 -0.02175000 -0.00408479
v -0.00020343 -0.02175000 -0.00417525
v 0.00050830 -0.02175000 -0.00414499
v 0.00120468 -0.02175000 -0.00399489
v 0.00186567 -0.02175000 -0.00372928
v 0.00247227 -0.02175000 -0.00335572
v 0.00247209 -0.02175000 0.00339782
v 0.00186548 -0.02175000 0.00377133
v 0.00120447 -0.02175000 0.00403691
v 0.00050809 -0.02175000 0.00418698
v -0.00020364 -0.02175000 0.00421717
v -0.00091024 -0.02175000 0.00412670
v -0.00159138 -0.02175000 0.00391807
v -0.00222746 -0.02175000 0.00359734
v -0.00003148 -0.04875000 0.23895598
v -0.00143693 -0.04875000 0.23904556
v -0.00327157 -0.04875000 0.23944091
v -0.00501301 -0.04875000 0.24014062
v -0.00661115 -0.04875000 0.24112458
v -0.00802001 -0.04875000 0.24236447
v -0.00919906 -0.04875000 0.24382462
v -0.01011439 -0.04875000 0.24546303
v -0.01073966 -0.04875000 0.24723257
v -0.01105688 -0.04875000 0.24908232
v -0.01109676 -0.04875000 0.25002069
v -0.01105693 -0.04875000 0.25095907
v -0.01073980 -0.04875000 0.25280884
v -0.01011463 -0.04875000 0.25457841
v -0.00919938 -0.04875000 0.25621686
v -0.00802041 -0.04875000 0.25767708
v -0.00661161 -0.04875000 0.25891704
v -0.00501353 -0.04875000 0.25990108
v -0.00327212 -0.04875000 0.26060088
v -0.00143750 -0.04875000 0.26099632
v -0.00003332 -0.04875000 0.26108598
v 0.00043756 -0.04875000 0.26107602
v 0.00229912 -0.04875000 0.26083769
v 0.00409363 -0.04875000 0.26028818
v 0.00576945 -0.04875000 0.25944330
v 0.00727839 -0.04875000 0.25832736
v 0.00857702 -0.04875000 0.25697246
v 0.00962800 -0.04875000 0.25541758
v 0.01040108 -0.04875000 0.25370744
v 0.01087403 -0.04875000 0.25189126
v 0.01103323 -0.04875000 0.25002127
v 0.01087413 -0.04875000 0.24815127
v 0.01040127 -0.04875000 0.24633506
v 0.00962828 -0.04875000 0.24462489
v 0.00857738 -0.04875000 0.24306995
v 0.00727882 -0.04875000 0.24171498
v 0.00576994 -0.04875000 0.24059896
v 0.00409416 -0.04875000 0.23975399
v 0.00229968 -0.04875000 0.23920439
v 0.00043813 -0.04875000 0.23896596
v -0.00003138 -0.04875000 0.23502098
v 0.00883668 -0.04875000 0.23910290
v 0.00902131 -0.04875000 0.23894042
v 0.00923073 -0.04875000 0.23881148
v 0.00945893 -0.04875000 0.23871979
v 0.00848029 -0.04875000 0.23974083
v 0.00856223 -0.04875000 0.23950895
v 0.00868217 -0.04875000 0.23929424
v 0.01084150 -0.04875000 0.23901779
v 0.01101167 -0.04875000 0.23919535
v 0.01101162 -0.04875000 0.24101719
v 0.01084144 -0.04875000 0.24119474
v 0.01064371 -0.04875000 0.24134097
v 0.01042410 -0.04875000 0.24145169
v 0.01018894 -0.04875000 0.24152370
v 0.00994499 -0.04875000 0.24155493
v 0.00969928 -0.04875000 0.24154449
v 0.00945886 -0.04875000 0.24149267
v 0.00843872 -0.04875000 0.23998323
v 0.00843871 -0.04875000 0.24022917
v 0.01018901 -0.04875000 0.23868879
v 0.01042417 -0.04875000 0.23876081
v 0.01064377 -0.04875000 0.23887154
v 0.00923066 -0.04875000 0.24140096
v 0.00902125 -0.04875000 0.24127201
v 0.00883663 -0.04875000 0.24110952
v 0.00868213 -0.04875000 0.24091817
v 0.00856220 -0.04875000 0.24070346
v 0.00848027 -0.04875000 0.24047157
v 0.01114938 -0.04875000 0.23939911
v 0.01125068 -0.04875000 0.23962322
v 0.01131264 -0.04875000 0.23986122
v 0.01133349 -0.04875000 0.24010627
v 0.01131263 -0.04875000 0.24035133
v 0.01125065 -0.04875000 0.24058933
v 0.01114934 -0.04875000 0.24081343
v 0.00969935 -0.04875000 0.23866798
v 0.00988353 -0.04875000 0.23865624
v 0.00994507 -0.04875000 0.23865755
v 0.01064319 -0.04875000 0.26117097
v 0.01042359 -0.04875000 0.26128169
v 0.00923015 -0.04875000 0.26123096
v 0.00902073 -0.04875000 0.26110201
v 0.00883612 -0.04875000 0.26093952
v 0.00868162 -0.04875000 0.26074817
v 0.00856168 -0.04875000 0.26053346
v 0.01018843 -0.04875000 0.26135370
v 0.00994448 -0.04875000 0.26138493
v 0.00969876 -0.04875000 0.26137449
v 0.00945835 -0.04875000 0.26132267
v 0.00847977 -0.04875000 0.25957083
v 0.00856171 -0.04875000 0.25933895
v 0.01125014 -0.04875000 0.26041933
v 0.00847976 -0.04875000 0.26030157
v 0.00843820 -0.04875000 0.26005917
v 0.00843820 -0.04875000 0.25981323
v 0.00902079 -0.04875000 0.25877042
v 0.00883617 -0.04875000 0.25893290
v 0.00868166 -0.04875000 0.25912424
v 0.01064326 -0.04875000 0.25870154
v 0.01042366 -0.04875000 0.25859081
v 0.01084098 -0.04875000 0.25884779
v 0.01101115 -0.04875000 0.25902535
v 0.01114887 -0.04875000 0.25922911
v 0.01125016 -0.04875000 0.25945322
v 0.01131213 -0.04875000 0.25969122
v 0.01133298 -0.04875000 0.25993627
v 0.01131211 -0.04875000 0.26018133
v 0.01114883 -0.04875000 0.26064343
v 0.01101111 -0.04875000 0.26084718
v 0.01084093 -0.04875000 0.26102474
v 0.00988302 -0.04875000 0.25848624
v 0.00994455 -0.04875000 0.25848755
v 0.01018850 -0.04875000 0.25851879
v 0.00923021 -0.04875000 0.25864148
v 0.00945842 -0.04875000 0.25854979
v 0.00969884 -0.04875000 0.25849798
v -0.00868117 -0.04875000 0.26064291
v -0.00881889 -0.04875000 0.26084667
v -0.00898907 -0.04875000 0.26102422
v -0.00918681 -0.04875000 0.26117046
v -0.00940641 -0.04875000 0.26128118
v -0.01080927 -0.04875000 0.26110150
v -0.00940634 -0.04875000 0.25859030
v -0.00918674 -0.04875000 0.25870103
v -0.00857984 -0.04875000 0.25945271
v -0.00851787 -0.04875000 0.25969071
v -0.00964157 -0.04875000 0.26135319
v -0.00988552 -0.04875000 0.26138442
v -0.01139179 -0.04875000 0.25981272
v -0.00849702 -0.04875000 0.25993576
v -0.01013123 -0.04875000 0.26137397
v -0.01037165 -0.04875000 0.26132215
v -0.01059985 -0.04875000 0.26123045
v -0.01099388 -0.04875000 0.26093901
v -0.01114838 -0.04875000 0.26074766
v -0.01126832 -0.04875000 0.26053295
v -0.01135024 -0.04875000 0.26030105
v -0.01139180 -0.04875000 0.26005865
v -0.01135022 -0.04875000 0.25957032
v -0.01126829 -0.04875000 0.25933843
v -0.01114834 -0.04875000 0.25912373
v -0.01099383 -0.04875000 0.25893238
v -0.00898902 -0.04875000 0.25884727
v -0.00881885 -0.04875000 0.25902483
v -0.00868113 -0.04875000 0.25922860
v -0.00857986 -0.04875000 0.26041881
v -0.00851789 -0.04875000 0.26018081
v -0.01059978 -0.04875000 0.25864096
v -0.01080921 -0.04875000 0.25876990
v -0.01037158 -0.04875000 0.25854927
v -0.01013116 -0.04875000 0.25849746
v -0.00994698 -0.04875000 0.25848572
v -0.00988544 -0.04875000 0.25848703
v -0.00964150 -0.04875000 0.25851827
v -0.00881838 -0.04875000 0.24101667
v -0.00898856 -0.04875000 0.24119422
v -0.00918629 -0.04875000 0.24134046
v -0.00868066 -0.04875000 0.24081291
v -0.00857935 -0.04875000 0.24058881
v -0.00940590 -0.04875000 0.24145118
v -0.00964106 -0.04875000 0.24152319
v -0.00988500 -0.04875000 0.24155442
v -0.01013072 -0.04875000 0.24154397
v -0.01037114 -0.04875000 0.24149215
v -0.01059934 -0.04875000 0.24140045
v -0.01139129 -0.04875000 0.24022866
v -0.00964099 -0.04875000 0.23868828
v -0.00940583 -0.04875000 0.23876030
v -0.00918623 -0.04875000 0.23887102
v -0.00898850 -0.04875000 0.23901727
v -0.00881833 -0.04875000 0.23919483
v -0.01139128 -0.04875000 0.23998272
v -0.01134971 -0.04875000 0.23974032
v -0.01126777 -0.04875000 0.23950843
v -0.01114783 -0.04875000 0.23929373
v -0.01080876 -0.04875000 0.24127150
v -0.01059927 -0.04875000 0.23881096
v -0.01037106 -0.04875000 0.23871927
v -0.00868062 -0.04875000 0.23939860
v -0.00857932 -0.04875000 0.23962271
v -0.00851736 -0.04875000 0.23986071
v -0.00849651 -0.04875000 0.24010576
v -0.00851737 -0.04875000 0.24035081
v -0.01099337 -0.04875000 0.24110901
v -0.01114787 -0.04875000 0.24091766
v -0.01126780 -0.04875000 0.24070294
v -0.01134973 -0.04875000 0.24047105
v -0.01099332 -0.04875000 0.23910238
v -0.01080870 -0.04875000 0.23893991
v -0.01013065 -0.04875000 0.23866746
v -0.00994647 -0.04875000 0.23865572
v -0.00988493 -0.04875000 0.23865703
v -0.00003130 -0.03975000 0.23190993
v -0.00003120 -0.03975000 0.22815993
v -0.01628120 -0.03975000 0.22815951
v -0.01628065 -0.03975000 0.20715951
v 0.01621935 -0.03975000 0.20716036
v 0.01621880 -0.03975000 0.22816036
v 0.02068022 -0.04875000 0.23743339
v 0.02068022 -0.02925000 0.23743339
v 0.02208615 -0.02925000 0.23951894
v 0.02208615 -0.04875000 0.23951894
v 0.02327540 -0.02925000 0.24173521
v 0.02327540 -0.04875000 0.24173521
v 0.02423595 -0.02925000 0.24405975
v 0.02423595 -0.04875000 0.24405975
v 0.02495807 -0.02925000 0.24646905
v 0.02495807 -0.04875000 0.24646905
v 0.02543444 -0.02925000 0.24893871
v 0.02543444 -0.04875000 0.24893871
v 0.02566025 -0.02925000 0.25144373
v 0.02566025 -0.04875000 0.25144373
v 0.02563322 -0.02925000 0.25395877
v 0.02563322 -0.04875000 0.25395877
v 0.02535361 -0.02925000 0.25645837
v 0.02535361 -0.04875000 0.25645837
v 0.02482425 -0.02925000 0.25891722
v 0.02482425 -0.04875000 0.25891722
v 0.02405051 -0.02925000 0.26131044
v 0.02405051 -0.04875000 0.26131044
v 0.02304022 -0.02925000 0.26361379
v 0.02304022 -0.04875000 0.26361379
v 0.02180360 -0.02925000 0.26580398
v 0.02180360 -0.04875000 0.26580398
v 0.02035316 -0.02925000 0.26785883
v 0.02035316 -0.04875000 0.26785883
v 0.01870359 -0.02925000 0.26975753
v 0.01870359 -0.04875000 0.26975753
v 0.01687159 -0.02925000 0.27148088
v 0.01687159 -0.04875000 0.27148088
v 0.01487571 -0.02925000 0.27301143
v 0.01487571 -0.04875000 0.27301143
v 0.01273613 -0.02925000 0.27433369
v 0.01273613 -0.04875000 0.27433369
v 0.01047452 -0.02925000 0.27543427
v 0.01047452 -0.04875000 0.27543427
v 0.00811376 -0.02925000 0.27630203
v 0.00811376 -0.04875000 0.27630203
v 0.00567777 -0.02925000 0.27692819
v 0.00567777 -0.04875000 0.27692819
v 0.00319118 -0.02925000 0.27730642
v 0.00319118 -0.04875000 0.27730642
v 0.00067918 -0.02925000 0.27743287
v 0.00067918 -0.04875000 0.27743287
v -0.00183282 -0.02925000 0.27730629
v -0.00183282 -0.04875000 0.27730629
v -0.00431938 -0.02925000 0.27692793
v -0.00431938 -0.04875000 0.27692793
v -0.00675535 -0.02925000 0.27630164
v -0.00675535 -0.04875000 0.27630164
v -0.00911605 -0.02925000 0.27543376
v -0.00911605 -0.04875000 0.27543376
v -0.01137761 -0.02925000 0.27433306
v -0.01137761 -0.04875000 0.27433306
v -0.01351711 -0.02925000 0.27301070
v -0.01351711 -0.04875000 0.27301070
v -0.01551293 -0.02925000 0.27148004
v -0.01551293 -0.04875000 0.27148004
v -0.01734484 -0.02925000 0.26975660
v -0.01734484 -0.04875000 0.26975660
v -0.01899430 -0.02925000 0.26785781
v -0.01899430 -0.04875000 0.26785781
v -0.02044463 -0.02925000 0.26580288
v -0.02044463 -0.04875000 0.26580288
v -0.02168114 -0.02925000 0.26361263
v -0.02168114 -0.04875000 0.26361263
v -0.02269132 -0.02925000 0.26130922
v -0.02269132 -0.04875000 0.26130922
v -0.02346493 -0.02925000 0.25891597
v -0.02346493 -0.04875000 0.25891597
v -0.02399416 -0.02925000 0.25645709
v -0.02399416 -0.04875000 0.25645709
v -0.02427364 -0.02925000 0.25395748
v -0.02427364 -0.04875000 0.25395748
v -0.02430054 -0.02925000 0.25144244
v -0.02430054 -0.04875000 0.25144244
v -0.02407460 -0.02925000 0.24893742
v -0.02407460 -0.04875000 0.24893742
v -0.02359810 -0.02925000 0.24646779
v -0.02359810 -0.04875000 0.24646779
v -0.02287586 -0.02925000 0.24405853
v -0.02287586 -0.04875000 0.24405853
v -0.02191519 -0.02925000 0.24173404
v -0.02191519 -0.04875000 0.24173404
v -0.02072582 -0.02925000 0.23951783
v -0.02072582 -0.04875000 0.23951783
v -0.01931978 -0.02925000 0.23743236
v -0.01931978 -0.04875000 0.23743236
v -0.01331978 -0.04875000 0.23743251
v -0.01331978 -0.02925000 0.23743251
v -0.01332047 -0.04875000 0.26393251
v -0.01332047 -0.02925000 0.26393251
v 0.01217946 -0.04875000 0.26643317
v -0.01082054 -0.04875000 0.26643258
v 0.01217946 -0.02925000 0.26643317
v -0.01082054 -0.02925000 0.26643258
v 0.01467953 -0.02925000 0.26393324
v 0.01468022 -0.02925000 0.23743324
v 0.01467953 -0.04875000 0.26393324
v 0.01468022 -0.04875000 0.23743324
v 0.01464874 -0.04875000 0.26432432
v -0.01328970 -0.04875000 0.26432360
v -0.01319813 -0.04875000 0.26470506
v -0.01304801 -0.04875000 0.26506749
v -0.01284305 -0.04875000 0.26540199
v -0.01258828 -0.04875000 0.26570030
v 0.01331445 -0.04875000 0.26616072
v 0.01364894 -0.04875000 0.26595575
v -0.01228999 -0.04875000 0.26595508
v -0.01195550 -0.04875000 0.26616006
v -0.01159307 -0.04875000 0.26631020
v -0.01121162 -0.04875000 0.26640179
v 0.01394725 -0.04875000 0.26570098
v 0.01420203 -0.04875000 0.26540269
v 0.01440702 -0.04875000 0.26506821
v 0.01455715 -0.04875000 0.26470578
v 0.01295201 -0.04875000 0.26631083
v 0.01257055 -0.04875000 0.26640240
v -0.01121162 -0.02925000 0.26640179
v -0.01328970 -0.02925000 0.26432360
v 0.01394725 -0.02925000 0.26570098
v -0.01159307 -0.02925000 0.26631020
v -0.01284305 -0.02925000 0.26540199
v -0.01304801 -0.02925000 0.26506749
v -0.01319813 -0.02925000 0.26470506
v 0.01364894 -0.02925000 0.26595575
v 0.01331445 -0.02925000 0.26616072
v 0.01295201 -0.02925000 0.26631083
v 0.01257055 -0.02925000 0.26640240
v 0.01464874 -0.02925000 0.26432432
v 0.01455715 -0.02925000 0.26470578
v 0.01440702 -0.02925000 0.26506821
v 0.01420203 -0.02925000 0.26540269
v -0.01195550 -0.02925000 0.26616006
v -0.01228999 -0.02925000 0.26595508
v -0.01258828 -0.02925000 0.26570030
v 0.01149473 -0.03775000 0.24253431
v 0.01149466 -0.03775000 0.24524651
v 0.01073045 -0.03775000 0.24524649
v -0.01150575 -0.03775000 0.26078881
v -0.01150573 -0.03775000 0.26028371
v -0.00576994 -0.03775000 0.26028386
v 0.01149481 -0.03775000 0.23920362
v 0.01073052 -0.03775000 0.24253429
v 0.00099444 -0.03775000 0.25349624
v 0.00249444 -0.03775000 0.25349628
v 0.00299440 -0.03775000 0.25515909
v 0.00249462 -0.03775000 0.24649628
v 0.00299466 -0.03775000 0.24524629
v 0.00099466 -0.03775000 0.24524624
v 0.00099440 -0.03775000 0.25515903
v -0.00100560 -0.03775000 0.25515898
v -0.00100556 -0.03775000 0.25349619
v -0.00100538 -0.03775000 0.24649619
v -0.00250538 -0.03775000 0.24649615
v -0.00300534 -0.03775000 0.24524614
v -0.00250556 -0.03775000 0.25349615
v 0.01149425 -0.03775000 0.26078941
v 0.01078713 -0.03775000 0.26149650
v 0.01073006 -0.03775000 0.26028429
v 0.01078772 -0.03775000 0.23849650
v -0.01150527 -0.03775000 0.24253371
v -0.00925841 -0.03775000 0.24118357
v -0.00920253 -0.03775000 0.24136602
v -0.00911663 -0.03775000 0.24153641
v -0.00900317 -0.03775000 0.24168983
v -0.00886542 -0.03775000 0.24182186
v -0.00870733 -0.03775000 0.24192871
v -0.00853346 -0.03775000 0.24200731
v -0.00834880 -0.03775000 0.24205540
v -0.00778389 -0.03775000 0.24200733
v -0.00576948 -0.03775000 0.24253386
v -0.00796855 -0.03775000 0.24205541
v -0.00815868 -0.03775000 0.24207159
v -0.00731416 -0.03775000 0.24168987
v -0.00720069 -0.03775000 0.24153646
v -0.00576938 -0.03775000 0.23849607
v -0.00806321 -0.03775000 0.23982564
v -0.01079806 -0.03775000 0.23849594
v -0.00825403 -0.03775000 0.23982564
v -0.00844210 -0.03775000 0.23985788
v -0.00862201 -0.03775000 0.23992144
v -0.00878859 -0.03775000 0.24001450
v -0.00893706 -0.03775000 0.24013437
v -0.00906313 -0.03775000 0.24027760
v -0.01150519 -0.03775000 0.23920302
v -0.00916318 -0.03775000 0.24044008
v -0.00923433 -0.03775000 0.24061713
v -0.00927453 -0.03775000 0.24080366
v -0.00928264 -0.03775000 0.24099431
v -0.00761002 -0.03775000 0.24192874
v -0.00745192 -0.03775000 0.24182190
v -0.00711478 -0.03775000 0.24136608
v -0.00705891 -0.03775000 0.24118363
v -0.00703466 -0.03775000 0.24099436
v -0.00752865 -0.03775000 0.24001453
v -0.00738020 -0.03775000 0.24013441
v -0.00725413 -0.03775000 0.24027765
v -0.00769523 -0.03775000 0.23992147
v -0.00787514 -0.03775000 0.23985790
v -0.00704276 -0.03775000 0.24080372
v -0.00708295 -0.03775000 0.24061719
v -0.00715409 -0.03775000 0.24044013
v 0.01073019 -0.03775000 0.25515929
v 0.01149440 -0.03775000 0.25515931
v 0.01149427 -0.03775000 0.26028431
v 0.01073062 -0.03775000 0.23849649
v 0.00996534 -0.03775000 0.24099480
v 0.00995724 -0.03775000 0.24080416
v 0.00610552 -0.03775000 0.24253417
v 0.00884132 -0.03775000 0.24207203
v 0.00865120 -0.03775000 0.24205584
v 0.00991705 -0.03775000 0.24061763
v 0.00984591 -0.03775000 0.24044058
v 0.00974587 -0.03775000 0.24027809
v 0.00771736 -0.03775000 0.24099475
v 0.00774160 -0.03775000 0.24118401
v 0.00903145 -0.03775000 0.24205585
v 0.00921611 -0.03775000 0.24200778
v 0.00938998 -0.03775000 0.24192918
v 0.00954808 -0.03775000 0.24182234
v 0.00968584 -0.03775000 0.24169031
v 0.00979931 -0.03775000 0.24153690
v 0.00988522 -0.03775000 0.24136652
v 0.00994110 -0.03775000 0.24118407
v 0.00961980 -0.03775000 0.24013485
v 0.00947135 -0.03775000 0.24001497
v 0.00930477 -0.03775000 0.23992191
v 0.00806294 -0.03775000 0.24013481
v 0.00793687 -0.03775000 0.24027804
v 0.00610562 -0.03775000 0.23849637
v 0.00799683 -0.03775000 0.24169027
v 0.00813458 -0.03775000 0.24182230
v 0.00779747 -0.03775000 0.24136647
v 0.00788337 -0.03775000 0.24153685
v 0.00829267 -0.03775000 0.24192916
v 0.00846654 -0.03775000 0.24200776
v 0.00912486 -0.03775000 0.23985834
v 0.00893679 -0.03775000 0.23982608
v 0.00874597 -0.03775000 0.23982608
v 0.00855790 -0.03775000 0.23985832
v 0.00783682 -0.03775000 0.24044052
v 0.00776567 -0.03775000 0.24061757
v 0.00772547 -0.03775000 0.24080410
v 0.00837799 -0.03775000 0.23992188
v 0.00821140 -0.03775000 0.24001494
v 0.00903101 -0.03775000 0.25905585
v 0.00921567 -0.03775000 0.25900777
v 0.00938954 -0.03775000 0.25892918
v 0.00954764 -0.03775000 0.25882234
v 0.00855746 -0.03775000 0.25685832
v 0.00837755 -0.03775000 0.25692188
v 0.00610519 -0.03775000 0.25515917
v 0.00772503 -0.03775000 0.25780411
v 0.00771692 -0.03775000 0.25799475
v 0.00610506 -0.03775000 0.26028417
v 0.00774115 -0.03775000 0.25818402
v 0.00779702 -0.03775000 0.25836646
v 0.00788293 -0.03775000 0.25853685
v 0.00799638 -0.03775000 0.25869027
v 0.00813414 -0.03775000 0.25882230
v 0.00829223 -0.03775000 0.25892915
v 0.00846610 -0.03775000 0.25900776
v 0.00865076 -0.03775000 0.25905584
v 0.00884088 -0.03775000 0.25907203
v 0.00968540 -0.03775000 0.25869031
v 0.00979887 -0.03775000 0.25853690
v 0.00988477 -0.03775000 0.25836652
v 0.00991661 -0.03775000 0.25761763
v 0.00984547 -0.03775000 0.25744058
v 0.00974542 -0.03775000 0.25727809
v 0.00961936 -0.03775000 0.25713485
v 0.00947091 -0.03775000 0.25701497
v 0.00930433 -0.03775000 0.25692191
v 0.00821096 -0.03775000 0.25701494
v 0.00806250 -0.03775000 0.25713481
v 0.00793643 -0.03775000 0.25727804
v 0.00994065 -0.03775000 0.25818407
v 0.00996490 -0.03775000 0.25799480
v 0.00995680 -0.03775000 0.25780416
v 0.00912441 -0.03775000 0.25685834
v 0.00893635 -0.03775000 0.25682608
v 0.00874553 -0.03775000 0.25682608
v 0.00783638 -0.03775000 0.25744052
v 0.00776523 -0.03775000 0.25761758
v 0.00449425 -0.03775000 0.24347511
v 0.00448348 -0.03775000 0.24339099
v 0.00445865 -0.03775000 0.24330990
v 0.00442047 -0.03775000 0.24323418
v 0.00437005 -0.03775000 0.24316599
v 0.00430882 -0.03775000 0.24310731
v 0.00423856 -0.03775000 0.24305982
v 0.00378874 -0.03775000 0.24395193
v 0.00386870 -0.03775000 0.24398018
v 0.00395229 -0.03775000 0.24399452
v 0.00399469 -0.03775000 0.24399632
v 0.00403709 -0.03775000 0.24399452
v 0.00610545 -0.03775000 0.24524637
v 0.00412068 -0.03775000 0.24398019
v 0.00420064 -0.03775000 0.24395194
v 0.00416128 -0.03775000 0.24302488
v 0.00407921 -0.03775000 0.24300351
v 0.00299473 -0.03775000 0.24253408
v 0.00399471 -0.03775000 0.24299632
v 0.00391021 -0.03775000 0.24300351
v 0.00382814 -0.03775000 0.24302488
v 0.00375086 -0.03775000 0.24305981
v 0.00368060 -0.03775000 0.24310729
v 0.00361937 -0.03775000 0.24316597
v 0.00356894 -0.03775000 0.24323415
v 0.00353076 -0.03775000 0.24330988
v 0.00427468 -0.03775000 0.24391058
v 0.00434066 -0.03775000 0.24385731
v 0.00439669 -0.03775000 0.24379365
v 0.00444116 -0.03775000 0.24372143
v 0.00447278 -0.03775000 0.24364274
v 0.00449065 -0.03775000 0.24355984
v 0.00350593 -0.03775000 0.24339097
v 0.00349515 -0.03775000 0.24347509
v 0.00349875 -0.03775000 0.24355982
v 0.00351661 -0.03775000 0.24364272
v 0.00354823 -0.03775000 0.24372141
v 0.00359269 -0.03775000 0.24379363
v 0.00364872 -0.03775000 0.24385729
v 0.00371470 -0.03775000 0.24391057
v 0.00248348 -0.03775000 0.24339094
v 0.00245865 -0.03775000 0.24330985
v 0.00212068 -0.03775000 0.24398014
v 0.00220064 -0.03775000 0.24395189
v 0.00227468 -0.03775000 0.24391053
v 0.00164872 -0.03775000 0.24385724
v 0.00171470 -0.03775000 0.24391052
v 0.00178874 -0.03775000 0.24395188
v 0.00186870 -0.03775000 0.24398013
v 0.00242047 -0.03775000 0.24323412
v 0.00237005 -0.03775000 0.24316594
v 0.00230882 -0.03775000 0.24310726
v 0.00195228 -0.03775000 0.24399447
v 0.00199469 -0.03775000 0.24399627
v 0.00203709 -0.03775000 0.24399447
v 0.00207921 -0.03775000 0.24300346
v 0.00099473 -0.03775000 0.24253403
v 0.00199471 -0.03775000 0.24299627
v 0.00191021 -0.03775000 0.24300346
v 0.00234066 -0.03775000 0.24385725
v 0.00239669 -0.03775000 0.24379359
v 0.00244116 -0.03775000 0.24372138
v 0.00223856 -0.03775000 0.24305977
v 0.00216128 -0.03775000 0.24302483
v 0.00182814 -0.03775000 0.24302482
v 0.00175086 -0.03775000 0.24305975
v 0.00168060 -0.03775000 0.24310724
v 0.00161937 -0.03775000 0.24316592
v 0.00156894 -0.03775000 0.24323410
v 0.00153076 -0.03775000 0.24330983
v 0.00150593 -0.03775000 0.24339091
v 0.00149515 -0.03775000 0.24347503
v 0.00149875 -0.03775000 0.24355976
v 0.00151661 -0.03775000 0.24364267
v 0.00154823 -0.03775000 0.24372136
v 0.00159269 -0.03775000 0.24379357
v 0.00247278 -0.03775000 0.24364269
v 0.00249065 -0.03775000 0.24355979
v 0.00249425 -0.03775000 0.24347506
v 0.00020064 -0.03775000 0.24395183
v 0.00027468 -0.03775000 0.24391048
v 0.00012068 -0.03775000 0.24398009
v 0.00048348 -0.03775000 0.24339089
v 0.00045865 -0.03775000 0.24330980
v 0.00042047 -0.03775000 0.24323407
v 0.00037005 -0.03775000 0.24316589
v 0.00030882 -0.03775000 0.24310721
v 0.00023856 -0.03775000 0.24305971
v 0.00034066 -0.03775000 0.24385720
v 0.00039669 -0.03775000 0.24379354
v 0.00044116 -0.03775000 0.24372133
v -0.00008979 -0.03775000 0.24300341
v -0.00017186 -0.03775000 0.24302477
v -0.00100527 -0.03775000 0.24253398
v -0.00024914 -0.03775000 0.24305970
v -0.00031940 -0.03775000 0.24310719
v -0.00100534 -0.03775000 0.24524619
v -0.00021126 -0.03775000 0.24395182
v -0.00013130 -0.03775000 0.24398008
v 0.00016128 -0.03775000 0.24302478
v 0.00007921 -0.03775000 0.24300341
v -0.00000529 -0.03775000 0.24299622
v -0.00038063 -0.03775000 0.24316587
v -0.00043106 -0.03775000 0.24323405
v -0.00046924 -0.03775000 0.24330978
v -0.00048339 -0.03775000 0.24364261
v -0.00045177 -0.03775000 0.24372131
v -0.00040731 -0.03775000 0.24379352
v -0.00004772 -0.03775000 0.24399441
v -0.00000531 -0.03775000 0.24399622
v 0.00003709 -0.03775000 0.24399442
v -0.00049407 -0.03775000 0.24339086
v -0.00050485 -0.03775000 0.24347498
v -0.00050125 -0.03775000 0.24355971
v -0.00035128 -0.03775000 0.24385718
v -0.00028530 -0.03775000 0.24391046
v 0.00047278 -0.03775000 0.24364264
v 0.00049065 -0.03775000 0.24355974
v 0.00049425 -0.03775000 0.24347501
v -0.00221126 -0.03775000 0.24395177
v -0.00213130 -0.03775000 0.24398003
v -0.00204772 -0.03775000 0.24399436
v -0.00200531 -0.03775000 0.24399616
v -0.00196291 -0.03775000 0.24399436
v -0.00187932 -0.03775000 0.24398003
v -0.00179936 -0.03775000 0.24395178
v -0.00172532 -0.03775000 0.24391043
v -0.00151652 -0.03775000 0.24339084
v -0.00154135 -0.03775000 0.24330975
v -0.00157953 -0.03775000 0.24323402
v -0.00162995 -0.03775000 0.24316584
v -0.00169118 -0.03775000 0.24310715
v -0.00176144 -0.03775000 0.24305966
v -0.00183872 -0.03775000 0.24302473
v -0.00208979 -0.03775000 0.24300335
v -0.00300527 -0.03775000 0.24253393
v -0.00200529 -0.03775000 0.24299616
v -0.00192079 -0.03775000 0.24300336
v 0.00099462 -0.03775000 0.24649624
v -0.00165934 -0.03775000 0.24385715
v -0.00160331 -0.03775000 0.24379349
v -0.00155884 -0.03775000 0.24372128
v -0.00217186 -0.03775000 0.24302472
v -0.00224914 -0.03775000 0.24305965
v -0.00231940 -0.03775000 0.24310714
v -0.00238063 -0.03775000 0.24316582
v -0.00243106 -0.03775000 0.24323400
v -0.00246924 -0.03775000 0.24330972
v -0.00152722 -0.03775000 0.24364259
v -0.00150935 -0.03775000 0.24355969
v -0.00150575 -0.03775000 0.24347496
v -0.00249407 -0.03775000 0.24339081
v -0.00250485 -0.03775000 0.24347493
v -0.00250125 -0.03775000 0.24355966
v -0.00248339 -0.03775000 0.24364256
v -0.00245177 -0.03775000 0.24372125
v -0.00240731 -0.03775000 0.24379347
v -0.00235128 -0.03775000 0.24385713
v -0.00228530 -0.03775000 0.24391041
v -0.00300517 -0.03775000 0.23849614
v -0.00100517 -0.03775000 0.23849619
v 0.00099483 -0.03775000 0.23849624
v 0.00299483 -0.03775000 0.23849629
v -0.00400531 -0.03775000 0.24399611
v -0.00396291 -0.03775000 0.24399431
v -0.00431940 -0.03775000 0.24310709
v -0.00424914 -0.03775000 0.24305960
v -0.00417186 -0.03775000 0.24302467
v -0.00387932 -0.03775000 0.24397998
v -0.00379936 -0.03775000 0.24395173
v -0.00372532 -0.03775000 0.24391037
v -0.00365934 -0.03775000 0.24385710
v -0.00360331 -0.03775000 0.24379344
v -0.00355884 -0.03775000 0.24372123
v -0.00438063 -0.03775000 0.24316576
v -0.00443106 -0.03775000 0.24323395
v -0.00446924 -0.03775000 0.24330967
v -0.00448339 -0.03775000 0.24364251
v -0.00445177 -0.03775000 0.24372120
v -0.00576955 -0.03775000 0.24524607
v -0.00449407 -0.03775000 0.24339076
v -0.00450485 -0.03775000 0.24347488
v -0.00450125 -0.03775000 0.24355961
v -0.00352722 -0.03775000 0.24364254
v -0.00350935 -0.03775000 0.24355963
v -0.00350575 -0.03775000 0.24347490
v -0.00351652 -0.03775000 0.24339078
v -0.00354135 -0.03775000 0.24330970
v -0.00357953 -0.03775000 0.24323397
v -0.00362995 -0.03775000 0.24316578
v -0.00440731 -0.03775000 0.24379342
v -0.00435128 -0.03775000 0.24385708
v -0.00428530 -0.03775000 0.24391036
v -0.00369118 -0.03775000 0.24310710
v -0.00376144 -0.03775000 0.24305961
v -0.00383872 -0.03775000 0.24302468
v -0.00392079 -0.03775000 0.24300331
v -0.00400529 -0.03775000 0.24299611
v -0.00408979 -0.03775000 0.24300330
v -0.00421126 -0.03775000 0.24395172
v -0.00413130 -0.03775000 0.24397997
v -0.00404772 -0.03775000 0.24399431
v 0.01073003 -0.03775000 0.26149649
v 0.00610503 -0.03775000 0.26149637
v 0.00299423 -0.03775000 0.26149629
v 0.00299427 -0.03775000 0.26028409
v 0.00099423 -0.03775000 0.26149624
v 0.00099427 -0.03775000 0.26028403
v -0.00100577 -0.03775000 0.26149619
v -0.00100573 -0.03775000 0.26028398
v -0.00300577 -0.03775000 0.26149614
v -0.00300573 -0.03775000 0.26028393
v -0.00576997 -0.03775000 0.26149607
v -0.01079866 -0.03775000 0.26149594
v -0.01150534 -0.03775000 0.24524592
v -0.00300560 -0.03775000 0.25515893
v -0.00576981 -0.03775000 0.25515886
v -0.01150560 -0.03775000 0.25515871
v -0.00911707 -0.03775000 0.25853641
v -0.00920298 -0.03775000 0.25836602
v -0.00925885 -0.03775000 0.25818357
v -0.00796899 -0.03775000 0.25905541
v -0.00778433 -0.03775000 0.25900733
v -0.00900361 -0.03775000 0.25868983
v -0.00886586 -0.03775000 0.25882186
v -0.00870777 -0.03775000 0.25892871
v -0.00853390 -0.03775000 0.25900731
v -0.00834924 -0.03775000 0.25905540
v -0.00815912 -0.03775000 0.25907159
v -0.00923477 -0.03775000 0.25761713
v -0.00927497 -0.03775000 0.25780366
v -0.00731460 -0.03775000 0.25868987
v -0.00720114 -0.03775000 0.25853646
v -0.00761046 -0.03775000 0.25892874
v -0.00745237 -0.03775000 0.25882190
v -0.00711523 -0.03775000 0.25836608
v -0.00705935 -0.03775000 0.25818363
v -0.00703511 -0.03775000 0.25799436
v -0.00928308 -0.03775000 0.25799431
v -0.00704320 -0.03775000 0.25780372
v -0.00708339 -0.03775000 0.25761719
v -0.00715453 -0.03775000 0.25744013
v -0.00725458 -0.03775000 0.25727765
v -0.00844254 -0.03775000 0.25685788
v -0.00862245 -0.03775000 0.25692144
v -0.00878904 -0.03775000 0.25701450
v -0.00893750 -0.03775000 0.25713437
v -0.00906357 -0.03775000 0.25727760
v -0.00916362 -0.03775000 0.25744008
v -0.00738064 -0.03775000 0.25713441
v -0.00752909 -0.03775000 0.25701453
v -0.00769567 -0.03775000 0.25692147
v -0.00787559 -0.03775000 0.25685790
v -0.00806365 -0.03775000 0.25682564
v -0.00825447 -0.03775000 0.25682564
v -0.01150575 -0.03675000 0.26078881
v -0.01079866 -0.03675000 0.26149594
v -0.00576997 -0.03675000 0.26149607
v -0.00787514 -0.03675000 0.23985790
v -0.00576938 -0.03675000 0.23849607
v -0.00806321 -0.03675000 0.23982564
v -0.00815862 -0.03675000 0.23982159
v -0.00703466 -0.03675000 0.24099436
v -0.00705891 -0.03675000 0.24118363
v -0.00576948 -0.03675000 0.24253386
v -0.00796855 -0.03675000 0.24205541
v -0.00815868 -0.03675000 0.24207159
v -0.00825403 -0.03675000 0.23982564
v -0.01079806 -0.03675000 0.23849594
v -0.00844210 -0.03675000 0.23985788
v -0.00731416 -0.03675000 0.24168987
v -0.00745192 -0.03675000 0.24182190
v -0.00834880 -0.03675000 0.24205540
v -0.01150527 -0.03675000 0.24253371
v -0.00853346 -0.03675000 0.24200731
v -0.00870733 -0.03675000 0.24192871
v -0.00886542 -0.03675000 0.24182186
v -0.00900317 -0.03675000 0.24168983
v -0.00911663 -0.03675000 0.24153641
v -0.00920253 -0.03675000 0.24136602
v -0.00927453 -0.03675000 0.24080366
v -0.01150519 -0.03675000 0.23920302
v -0.00928264 -0.03675000 0.24099431
v -0.00925841 -0.03675000 0.24118357
v -0.00769523 -0.03675000 0.23992147
v -0.00752865 -0.03675000 0.24001453
v -0.00738020 -0.03675000 0.24013441
v -0.00704276 -0.03675000 0.24080372
v -0.00711478 -0.03675000 0.24136608
v -0.00720069 -0.03675000 0.24153646
v -0.00761002 -0.03675000 0.24192874
v -0.00778389 -0.03675000 0.24200733
v -0.00923433 -0.03675000 0.24061713
v -0.00916318 -0.03675000 0.24044008
v -0.00906313 -0.03675000 0.24027760
v -0.00893706 -0.03675000 0.24013437
v -0.00878859 -0.03675000 0.24001450
v -0.00862201 -0.03675000 0.23992144
v -0.00725413 -0.03675000 0.24027765
v -0.00715409 -0.03675000 0.24044013
v -0.00708295 -0.03675000 0.24061719
v -0.01150548 -0.03675000 0.25040871
v -0.00576969 -0.03675000 0.25040886
v -0.00703511 -0.03675000 0.25799436
v -0.00705935 -0.03675000 0.25818363
v -0.00576994 -0.03675000 0.26028386
v -0.00920298 -0.03675000 0.25836602
v -0.00925885 -0.03675000 0.25818357
v -0.01150573 -0.03675000 0.26028371
v -0.00752909 -0.03675000 0.25701453
v -0.00738064 -0.03675000 0.25713441
v -0.00704320 -0.03675000 0.25780372
v -0.00725458 -0.03675000 0.25727765
v -0.00715453 -0.03675000 0.25744013
v -0.00708339 -0.03675000 0.25761719
v -0.00711523 -0.03675000 0.25836608
v -0.00720114 -0.03675000 0.25853646
v -0.00731460 -0.03675000 0.25868987
v -0.00745237 -0.03675000 0.25882190
v -0.00761046 -0.03675000 0.25892874
v -0.00778433 -0.03675000 0.25900733
v -0.00886586 -0.03675000 0.25882186
v -0.00870777 -0.03675000 0.25892871
v -0.00853390 -0.03675000 0.25900731
v -0.00900361 -0.03675000 0.25868983
v -0.00911707 -0.03675000 0.25853641
v -0.00928308 -0.03675000 0.25799431
v -0.00927497 -0.03675000 0.25780366
v -0.00806365 -0.03675000 0.25682564
v -0.00787559 -0.03675000 0.25685790
v -0.00769567 -0.03675000 0.25692147
v -0.00796899 -0.03675000 0.25905541
v -0.00815912 -0.03675000 0.25907159
v -0.00834924 -0.03675000 0.25905540
v -0.00923477 -0.03675000 0.25761713
v -0.00916362 -0.03675000 0.25744008
v -0.00906357 -0.03675000 0.25727760
v -0.00893750 -0.03675000 0.25713437
v -0.00878904 -0.03675000 0.25701450
v -0.00862245 -0.03675000 0.25692144
v -0.00844254 -0.03675000 0.25685788
v -0.00825447 -0.03675000 0.25682564
v -0.00815906 -0.03675000 0.25682159
v -0.00400529 -0.03675000 0.24299611
v -0.00300527 -0.03675000 0.24253393
v -0.00408979 -0.03675000 0.24300330
v -0.00446924 -0.03675000 0.24330967
v -0.00443106 -0.03675000 0.24323395
v -0.00438063 -0.03675000 0.24316576
v -0.00431940 -0.03675000 0.24310709
v -0.00424914 -0.03675000 0.24305960
v -0.00417186 -0.03675000 0.24302467
v -0.00352722 -0.03675000 0.24364254
v -0.00355884 -0.03675000 0.24372123
v -0.00300548 -0.03675000 0.25040893
v -0.00360331 -0.03675000 0.24379344
v -0.00365934 -0.03675000 0.24385710
v -0.00372532 -0.03675000 0.24391037
v -0.00379936 -0.03675000 0.24395173
v -0.00387932 -0.03675000 0.24397998
v -0.00350935 -0.03675000 0.24355963
v -0.00350575 -0.03675000 0.24347490
v -0.00392079 -0.03675000 0.24300331
v -0.00383872 -0.03675000 0.24302468
v -0.00376144 -0.03675000 0.24305961
v -0.00357953 -0.03675000 0.24323397
v -0.00354135 -0.03675000 0.24330970
v -0.00351652 -0.03675000 0.24339078
v -0.00413130 -0.03675000 0.24397997
v -0.00421126 -0.03675000 0.24395172
v -0.00428530 -0.03675000 0.24391036
v -0.00435128 -0.03675000 0.24385708
v -0.00450125 -0.03675000 0.24355961
v -0.00450485 -0.03675000 0.24347488
v -0.00449407 -0.03675000 0.24339076
v -0.00369118 -0.03675000 0.24310710
v -0.00362995 -0.03675000 0.24316578
v -0.00396291 -0.03675000 0.24399431
v -0.00400531 -0.03675000 0.24399611
v -0.00404772 -0.03675000 0.24399431
v -0.00440731 -0.03675000 0.24379342
v -0.00445177 -0.03675000 0.24372120
v -0.00448339 -0.03675000 0.24364251
v -0.00183872 -0.03675000 0.24302473
v -0.00100527 -0.03675000 0.24253398
v -0.00192079 -0.03675000 0.24300336
v -0.00200529 -0.03675000 0.24299616
v -0.00179936 -0.03675000 0.24395178
v -0.00187932 -0.03675000 0.24398003
v -0.00100548 -0.03675000 0.25040898
v -0.00208979 -0.03675000 0.24300335
v -0.00217186 -0.03675000 0.24302472
v -0.00176144 -0.03675000 0.24305966
v -0.00169118 -0.03675000 0.24310715
v -0.00162995 -0.03675000 0.24316584
v -0.00228530 -0.03675000 0.24391041
v -0.00221126 -0.03675000 0.24395177
v -0.00213130 -0.03675000 0.24398003
v -0.00157953 -0.03675000 0.24323402
v -0.00154135 -0.03675000 0.24330975
v -0.00151652 -0.03675000 0.24339084
v -0.00155884 -0.03675000 0.24372128
v -0.00160331 -0.03675000 0.24379349
v -0.00249407 -0.03675000 0.24339081
v -0.00246924 -0.03675000 0.24330972
v -0.00243106 -0.03675000 0.24323400
v -0.00238063 -0.03675000 0.24316582
v -0.00231940 -0.03675000 0.24310714
v -0.00224914 -0.03675000 0.24305965
v -0.00150575 -0.03675000 0.24347496
v -0.00150935 -0.03675000 0.24355969
v -0.00152722 -0.03675000 0.24364259
v -0.00165934 -0.03675000 0.24385715
v -0.00172532 -0.03675000 0.24391043
v -0.00196291 -0.03675000 0.24399436
v -0.00200531 -0.03675000 0.24399616
v -0.00204772 -0.03675000 0.24399436
v -0.00235128 -0.03675000 0.24385713
v -0.00240731 -0.03675000 0.24379347
v -0.00245177 -0.03675000 0.24372125
v -0.00248339 -0.03675000 0.24364256
v -0.00250125 -0.03675000 0.24355966
v -0.00250485 -0.03675000 0.24347493
v 0.00016128 -0.03675000 0.24302478
v 0.00023856 -0.03675000 0.24305971
v 0.00099473 -0.03675000 0.24253403
v 0.00030882 -0.03675000 0.24310721
v 0.00037005 -0.03675000 0.24316589
v -0.00031940 -0.03675000 0.24310719
v -0.00024914 -0.03675000 0.24305970
v -0.00000529 -0.03675000 0.24299622
v 0.00007921 -0.03675000 0.24300341
v 0.00044116 -0.03675000 0.24372133
v 0.00039669 -0.03675000 0.24379354
v 0.00099452 -0.03675000 0.25040903
v -0.00017186 -0.03675000 0.24302477
v -0.00008979 -0.03675000 0.24300341
v 0.00034066 -0.03675000 0.24385720
v 0.00027468 -0.03675000 0.24391048
v 0.00020064 -0.03675000 0.24395183
v 0.00042047 -0.03675000 0.24323407
v 0.00045865 -0.03675000 0.24330980
v 0.00048348 -0.03675000 0.24339089
v -0.00028530 -0.03675000 0.24391046
v -0.00035128 -0.03675000 0.24385718
v -0.00040731 -0.03675000 0.24379352
v -0.00045177 -0.03675000 0.24372131
v -0.00049407 -0.03675000 0.24339086
v -0.00046924 -0.03675000 0.24330978
v -0.00004772 -0.03675000 0.24399441
v -0.00013130 -0.03675000 0.24398008
v -0.00021126 -0.03675000 0.24395182
v -0.00043106 -0.03675000 0.24323405
v -0.00038063 -0.03675000 0.24316587
v 0.00049425 -0.03675000 0.24347501
v 0.00049065 -0.03675000 0.24355974
v 0.00047278 -0.03675000 0.24364264
v -0.00048339 -0.03675000 0.24364261
v -0.00050125 -0.03675000 0.24355971
v -0.00050485 -0.03675000 0.24347498
v 0.00012068 -0.03675000 0.24398009
v 0.00003709 -0.03675000 0.24399442
v -0.00000531 -0.03675000 0.24399622
v 0.00239669 -0.03675000 0.24379359
v 0.00234066 -0.03675000 0.24385725
v 0.00299452 -0.03675000 0.25040909
v 0.00199471 -0.03675000 0.24299627
v 0.00299473 -0.03675000 0.24253408
v 0.00207921 -0.03675000 0.24300346
v 0.00216128 -0.03675000 0.24302483
v 0.00223856 -0.03675000 0.24305977
v 0.00230882 -0.03675000 0.24310726
v 0.00237005 -0.03675000 0.24316594
v 0.00242047 -0.03675000 0.24323412
v 0.00245865 -0.03675000 0.24330985
v 0.00248348 -0.03675000 0.24339094
v 0.00168060 -0.03675000 0.24310724
v 0.00175086 -0.03675000 0.24305975
v 0.00244116 -0.03675000 0.24372138
v 0.00186870 -0.03675000 0.24398013
v 0.00178874 -0.03675000 0.24395188
v 0.00171470 -0.03675000 0.24391052
v 0.00150593 -0.03675000 0.24339091
v 0.00153076 -0.03675000 0.24330983
v 0.00249425 -0.03675000 0.24347506
v 0.00249065 -0.03675000 0.24355979
v 0.00247278 -0.03675000 0.24364269
v 0.00227468 -0.03675000 0.24391053
v 0.00220064 -0.03675000 0.24395189
v 0.00212068 -0.03675000 0.24398014
v 0.00182814 -0.03675000 0.24302482
v 0.00191021 -0.03675000 0.24300346
v 0.00164872 -0.03675000 0.24385724
v 0.00159269 -0.03675000 0.24379357
v 0.00154823 -0.03675000 0.24372136
v 0.00156894 -0.03675000 0.24323410
v 0.00161937 -0.03675000 0.24316592
v 0.00151661 -0.03675000 0.24364267
v 0.00149875 -0.03675000 0.24355976
v 0.00149515 -0.03675000 0.24347503
v 0.00203709 -0.03675000 0.24399447
v 0.00199469 -0.03675000 0.24399627
v 0.00195228 -0.03675000 0.24399447
v -0.00300517 -0.03675000 0.23849614
v -0.00100517 -0.03675000 0.23849619
v 0.00099483 -0.03675000 0.23849624
v 0.00299483 -0.03675000 0.23849629
v 0.00610562 -0.03675000 0.23849637
v 0.00610552 -0.03675000 0.24253417
v 0.00407921 -0.03675000 0.24300351
v 0.00416128 -0.03675000 0.24302488
v 0.00423856 -0.03675000 0.24305982
v 0.00430882 -0.03675000 0.24310731
v 0.00437005 -0.03675000 0.24316599
v 0.00442047 -0.03675000 0.24323418
v 0.00382814 -0.03675000 0.24302488
v 0.00391021 -0.03675000 0.24300351
v 0.00399471 -0.03675000 0.24299632
v 0.00395229 -0.03675000 0.24399452
v 0.00386870 -0.03675000 0.24398018
v 0.00378874 -0.03675000 0.24395193
v 0.00371470 -0.03675000 0.24391057
v 0.00350593 -0.03675000 0.24339097
v 0.00353076 -0.03675000 0.24330988
v 0.00356894 -0.03675000 0.24323415
v 0.00361937 -0.03675000 0.24316597
v 0.00368060 -0.03675000 0.24310729
v 0.00375086 -0.03675000 0.24305981
v 0.00445865 -0.03675000 0.24330990
v 0.00448348 -0.03675000 0.24339099
v 0.00449425 -0.03675000 0.24347511
v 0.00439669 -0.03675000 0.24379365
v 0.00434066 -0.03675000 0.24385731
v 0.00610531 -0.03675000 0.25040917
v 0.00427468 -0.03675000 0.24391058
v 0.00420064 -0.03675000 0.24395194
v 0.00449065 -0.03675000 0.24355984
v 0.00447278 -0.03675000 0.24364274
v 0.00444116 -0.03675000 0.24372143
v 0.00412068 -0.03675000 0.24398019
v 0.00403709 -0.03675000 0.24399452
v 0.00399469 -0.03675000 0.24399632
v 0.00364872 -0.03675000 0.24385729
v 0.00359269 -0.03675000 0.24379363
v 0.00354823 -0.03675000 0.24372141
v 0.00351661 -0.03675000 0.24364272
v 0.00349875 -0.03675000 0.24355982
v 0.00349515 -0.03675000 0.24347509
v -0.00300573 -0.03675000 0.26028393
v -0.00100573 -0.03675000 0.26028398
v 0.00099427 -0.03675000 0.26028403
v 0.00299427 -0.03675000 0.26028409
v 0.00610506 -0.03675000 0.26028417
v 0.00961980 -0.03675000 0.24013485
v 0.00974587 -0.03675000 0.24027809
v 0.01073062 -0.03675000 0.23849649
v 0.00984591 -0.03675000 0.24044058
v 0.00893679 -0.03675000 0.23982608
v 0.00912486 -0.03675000 0.23985834
v 0.00996534 -0.03675000 0.24099480
v 0.01073052 -0.03675000 0.24253429
v 0.00995724 -0.03675000 0.24080416
v 0.00991705 -0.03675000 0.24061763
v 0.00930477 -0.03675000 0.23992191
v 0.00947135 -0.03675000 0.24001497
v 0.00994110 -0.03675000 0.24118407
v 0.00988522 -0.03675000 0.24136652
v 0.00979931 -0.03675000 0.24153690
v 0.00968584 -0.03675000 0.24169031
v 0.00954808 -0.03675000 0.24182234
v 0.00938998 -0.03675000 0.24192918
v 0.00921611 -0.03675000 0.24200778
v 0.00903145 -0.03675000 0.24205585
v 0.00884132 -0.03675000 0.24207203
v 0.00865120 -0.03675000 0.24205584
v 0.00783682 -0.03675000 0.24044052
v 0.00793687 -0.03675000 0.24027804
v 0.00846654 -0.03675000 0.24200776
v 0.00829267 -0.03675000 0.24192916
v 0.00813458 -0.03675000 0.24182230
v 0.00799683 -0.03675000 0.24169027
v 0.00788337 -0.03675000 0.24153685
v 0.00779747 -0.03675000 0.24136647
v 0.00776567 -0.03675000 0.24061757
v 0.00774160 -0.03675000 0.24118401
v 0.00771736 -0.03675000 0.24099475
v 0.00772547 -0.03675000 0.24080410
v 0.00806294 -0.03675000 0.24013481
v 0.00821140 -0.03675000 0.24001494
v 0.00837799 -0.03675000 0.23992188
v 0.00855790 -0.03675000 0.23985832
v 0.00874597 -0.03675000 0.23982608
v 0.00884138 -0.03675000 0.23982203
v 0.01073031 -0.03675000 0.25040929
v 0.00884094 -0.03675000 0.25682203
v 0.00893635 -0.03675000 0.25682608
v 0.00779702 -0.03675000 0.25836646
v 0.00774115 -0.03675000 0.25818402
v 0.00912441 -0.03675000 0.25685834
v 0.00930433 -0.03675000 0.25692191
v 0.00947091 -0.03675000 0.25701497
v 0.00961936 -0.03675000 0.25713485
v 0.00974542 -0.03675000 0.25727809
v 0.00984547 -0.03675000 0.25744058
v 0.00991661 -0.03675000 0.25761763
v 0.00995680 -0.03675000 0.25780416
v 0.01073006 -0.03675000 0.26028429
v 0.00996490 -0.03675000 0.25799480
v 0.00994065 -0.03675000 0.25818407
v 0.00968540 -0.03675000 0.25869031
v 0.00954764 -0.03675000 0.25882234
v 0.00938954 -0.03675000 0.25892918
v 0.00921567 -0.03675000 0.25900777
v 0.00813414 -0.03675000 0.25882230
v 0.00829223 -0.03675000 0.25892915
v 0.00846610 -0.03675000 0.25900776
v 0.00799638 -0.03675000 0.25869027
v 0.00788293 -0.03675000 0.25853685
v 0.00783638 -0.03675000 0.25744052
v 0.00793643 -0.03675000 0.25727804
v 0.00806250 -0.03675000 0.25713481
v 0.00821096 -0.03675000 0.25701494
v 0.00837755 -0.03675000 0.25692188
v 0.00855746 -0.03675000 0.25685832
v 0.00874553 -0.03675000 0.25682608
v 0.00988477 -0.03675000 0.25836652
v 0.00979887 -0.03675000 0.25853690
v 0.00903101 -0.03675000 0.25905585
v 0.00884088 -0.03675000 0.25907203
v 0.00865076 -0.03675000 0.25905584
v 0.00771692 -0.03675000 0.25799475
v 0.00772503 -0.03675000 0.25780411
v 0.00776523 -0.03675000 0.25761758
v -0.00300577 -0.03675000 0.26149614
v -0.00100577 -0.03675000 0.26149619
v 0.00099423 -0.03675000 0.26149624
v 0.00299423 -0.03675000 0.26149629
v 0.00610503 -0.03675000 0.26149637
v 0.01073003 -0.03675000 0.26149649
v 0.01078713 -0.03675000 0.26149650
v 0.01078772 -0.03675000 0.23849650
v 0.01149481 -0.03675000 0.23920362
v 0.01149473 -0.03675000 0.24253431
v 0.01149452 -0.03675000 0.25040931
v 0.01149427 -0.03675000 0.26028431
v 0.01149425 -0.03675000 0.26078941
v 0.00249444 -0.03975000 0.25349628
v 0.00249462 -0.03975000 0.24649628
v -0.00250556 -0.03975000 0.25349615
v -0.00250538 -0.03975000 0.24649615
v 0.00174715 -0.04354786 0.25384039
v 0.00180773 -0.04363879 0.25383451
v 0.00152650 -0.04371578 0.25357590
v 0.00013051 -0.04279712 0.25386517
v 0.00011525 -0.04279539 0.25386778
v 0.00011515 -0.04275103 0.25391219
v 0.00003389 -0.04278828 0.25388163
v -0.00005137 -0.04278456 0.25389600
v -0.00013983 -0.04277564 0.25391979
v -0.00016501 -0.04278552 0.25391494
v -0.00020632 -0.04278755 0.25392177
v 0.00036116 -0.04283861 0.25382508
v 0.00031862 -0.04282875 0.25383256
v 0.00037119 -0.04275924 0.25390456
v 0.00025852 -0.04281653 0.25384306
v 0.00014668 -0.04279908 0.25386239
v 0.00058729 -0.04290892 0.25378461
v 0.00047893 -0.04287139 0.25380415
v 0.00062407 -0.04280014 0.25389702
v 0.00036930 -0.04284062 0.25382364
v 0.00086965 -0.04287306 0.25388971
v 0.00081393 -0.04301249 0.25374273
v 0.00078738 -0.04299846 0.25374771
v 0.00075430 -0.04298173 0.25375388
v 0.00068520 -0.04294930 0.25376668
v 0.00059515 -0.04291193 0.25378318
v 0.00088654 -0.04305363 0.25372902
v 0.00110389 -0.04297680 0.25388273
v 0.00098258 -0.04311479 0.25371063
v 0.00132212 -0.04311079 0.25387485
v 0.00119530 -0.04328368 0.25366774
v 0.00118329 -0.04327257 0.25367036
v 0.00128882 -0.04308636 0.25387722
v 0.00110325 -0.04320388 0.25368707
v 0.00107538 -0.04318195 0.25369259
v 0.00101485 -0.04313719 0.25370439
v 0.00125860 -0.04334604 0.25365332
v 0.00137497 -0.04315184 0.25387101
v 0.00138114 -0.04315683 0.25387055
v 0.00139476 -0.04350702 0.25361820
v 0.00163451 -0.04340337 0.25385048
v 0.00145533 -0.04359449 0.25360010
v 0.00168610 -0.04346611 0.25384598
v 0.00147423 -0.04362446 0.25359403
v 0.00146857 -0.04323212 0.25386396
v 0.00150981 -0.04327091 0.25386074
v 0.00132913 -0.04342420 0.25363594
v 0.00151607 -0.04327700 0.25386024
v 0.00135123 -0.04345089 0.25363015
v 0.00155109 -0.04331208 0.25385743
v 0.00162869 -0.04339662 0.25385098
v 0.00157273 -0.04381006 0.25355770
v 0.00182967 -0.04367464 0.25383228
v 0.00158180 -0.04383052 0.25355381
v 0.00148046 -0.04363466 0.25359198
v 0.00170130 -0.04348564 0.25384461
v 0.00174312 -0.04354217 0.25384077
v 0.00184609 -0.04370266 0.25383057
v 0.00186613 -0.04373837 0.25382844
v 0.00161289 -0.04390720 0.25353944
v 0.00191838 -0.04384077 0.25382256
v 0.00193000 -0.04386576 0.25382117
v 0.00164688 -0.04400714 0.25352111
v 0.00194475 -0.04389884 0.25381937
v 0.00165483 -0.04403405 0.25351625
v 0.00196447 -0.04394588 0.25381687
v 0.00167457 -0.04410980 0.25350274
v 0.00171806 -0.04445755 0.25344360
v 0.00171785 -0.04444778 0.25344520
v 0.00208404 -0.04437854 0.25379668
v 0.00171281 -0.04435242 0.25346099
v 0.00208137 -0.04436196 0.25379737
v 0.00170090 -0.04424801 0.25347868
v 0.00199797 -0.04403493 0.25381230
v 0.00200438 -0.04405360 0.25381137
v 0.00168232 -0.04414442 0.25349664
v 0.00203036 -0.04413657 0.25380736
v 0.00169987 -0.04424108 0.25347987
v 0.00204953 -0.04420786 0.25380406
v 0.00205928 -0.04424892 0.25380222
v 0.00209676 -0.04447552 0.25379281
v 0.00210360 -0.04455582 0.25378978
v 0.00171657 -0.04456330 0.25342654
v 0.00210549 -0.04458947 0.25378855
v 0.00171021 -0.04465079 0.25341277
v 0.00210759 -0.04470356 0.25378460
v 0.00170824 -0.04466959 0.25340985
v 0.00057256 -0.04475000 0.25233787
v 0.00170716 -0.04465099 0.25340989
v 0.00057166 -0.04472181 0.25233789
v 0.00170513 -0.04462333 0.25340995
v 0.00056445 -0.04466589 0.25233811
v 0.00168185 -0.04445460 0.25341064
v 0.00167948 -0.04444267 0.25341071
v 0.00055016 -0.04461135 0.25233853
v 0.00163402 -0.04427026 0.25341206
v 0.00052901 -0.04455909 0.25233916
v 0.00156591 -0.04409754 0.25341409
v 0.00163164 -0.04426305 0.25341214
v 0.00050135 -0.04450996 0.25233999
v 0.00147696 -0.04393325 0.25341674
v 0.00155736 -0.04407950 0.25341435
v 0.00046765 -0.04446478 0.25234099
v 0.00136820 -0.04378008 0.25341999
v 0.00146024 -0.04390696 0.25341724
v 0.00042844 -0.04442428 0.25234216
v 0.00124102 -0.04364063 0.25342378
v 0.00134185 -0.04374827 0.25342077
v 0.00108578 -0.04349885 0.25343622
v 0.00110481 -0.04351446 0.25343457
v 0.00038438 -0.04438912 0.25234347
v 0.00116226 -0.04356486 0.25342946
v 0.00121514 -0.04361610 0.25342455
v 0.00092023 -0.04338260 0.25344970
v 0.00099490 -0.04343098 0.25344379
v 0.00033619 -0.04435990 0.25234491
v 0.00100508 -0.04343807 0.25344296
v 0.00105512 -0.04347476 0.25343882
v 0.00081411 -0.04332348 0.25345800
v 0.00028465 -0.04433707 0.25234645
v 0.00075506 -0.04329498 0.25346261
v 0.00072031 -0.04327959 0.25346531
v 0.00083127 -0.04333233 0.25345666
v 0.00087918 -0.04335846 0.25345292
v 0.00088894 -0.04336405 0.25345215
v 0.00062408 -0.04324198 0.25347278
v 0.00023063 -0.04432103 0.25234806
v 0.00052553 -0.04321067 0.25348040
v 0.00017499 -0.04431203 0.25234971
v 0.00032182 -0.04316734 0.25349607
v 0.00034038 -0.04317014 0.25349465
v 0.00042476 -0.04318574 0.25348817
v 0.00048430 -0.04319963 0.25348358
v 0.00051839 -0.04320867 0.25348095
v 0.00009167 -0.04315087 0.25351363
v 0.00019490 -0.04315410 0.25350577
v 0.00011866 -0.04431023 0.25235139
v 0.00029792 -0.04316405 0.25349790
v 0.00004395 -0.04315164 0.25351726
v 0.00006257 -0.04431564 0.25235306
v -0.00001165 -0.04315435 0.25352147
v -0.00026196 -0.04319112 0.25354035
v -0.00025115 -0.04318868 0.25353954
v 0.00000762 -0.04432819 0.25235470
v -0.00021816 -0.04318172 0.25353706
v -0.00011497 -0.04316460 0.25352928
v -0.00010474 -0.04316328 0.25352851
v -0.00008913 -0.04316140 0.25352733
v -0.00045993 -0.04325029 0.25355516
v -0.00039342 -0.04322726 0.25355020
v -0.00004527 -0.04434766 0.25235628
v -0.00036199 -0.04321751 0.25354785
v -0.00029243 -0.04319842 0.25354264
v -0.00064915 -0.04333490 0.25356924
v -0.00055569 -0.04328941 0.25356230
v -0.00009523 -0.04437374 0.25235777
v -0.00052986 -0.04327814 0.25356038
v -0.00049031 -0.04326192 0.25355743
v -0.00078314 -0.04341382 0.25357948
v -0.00076770 -0.04340385 0.25357827
v -0.00014145 -0.04440599 0.25235914
v -0.00074027 -0.04338672 0.25357614
v -0.00067923 -0.04335117 0.25357148
v -0.00101695 -0.04359850 0.25359908
v -0.00093843 -0.04352872 0.25359222
v -0.00018317 -0.04444390 0.25236039
v -0.00090305 -0.04350002 0.25358922
v -0.00085513 -0.04346363 0.25358526
v -0.00109230 -0.04367457 0.25360601
v -0.00021971 -0.04448683 0.25236147
v -0.00112306 -0.04370863 0.25360894
v -0.00124731 -0.04386868 0.25362161
v -0.00121966 -0.04382943 0.25361866
v -0.00025045 -0.04453408 0.25236239
v -0.00118481 -0.04378315 0.25361506
v -0.00116259 -0.04375531 0.25361282
v -0.00027490 -0.04458488 0.25236312
v -0.00137842 -0.04409762 0.25363716
v -0.00135530 -0.04405056 0.25363417
v -0.00130521 -0.04395962 0.25362811
v -0.00130415 -0.04395785 0.25362799
v -0.00128690 -0.04392943 0.25362600
v -0.00145868 -0.04430132 0.25364899
v -0.00144003 -0.04424637 0.25364596
v -0.00029266 -0.04463839 0.25236365
v -0.00143832 -0.04424162 0.25364570
v -0.00140064 -0.04414674 0.25364017
v -0.00138830 -0.04411894 0.25363848
v -0.00151027 -0.04450653 0.25365930
v -0.00148775 -0.04440318 0.25365430
v -0.00030343 -0.04469373 0.25236397
v -0.00148429 -0.04438967 0.25365361
v -0.00146487 -0.04432109 0.25365005
v -0.00153708 -0.04475000 0.25366966
v -0.00153557 -0.04471736 0.25366839
v -0.00030705 -0.04475000 0.25236408
v -0.00153381 -0.04468997 0.25366729
v -0.00152624 -0.04461129 0.25366400
v -0.00151608 -0.04453978 0.25366083
v -0.00151489 -0.04453262 0.25366051
v -0.00153819 -0.04482466 0.25367253
v -0.00030343 -0.04480627 0.25236397
v -0.00153730 -0.04487035 0.25367426
v -0.00029266 -0.04486161 0.25236365
v -0.00149660 -0.04519222 0.25368611
v -0.00150609 -0.04514670 0.25368448
v -0.00151683 -0.04508580 0.25368227
v -0.00152903 -0.04499225 0.25367883
v -0.00153040 -0.04497848 0.25367832
v -0.00146968 -0.04529762 0.25368984
v -0.00027490 -0.04491512 0.25236312
v -0.00146868 -0.04530109 0.25368996
v -0.00025045 -0.04496592 0.25236239
v -0.00135006 -0.04560159 0.25370009
v -0.00137699 -0.04554597 0.25369827
v -0.00141660 -0.04545342 0.25369519
v -0.00141941 -0.04544625 0.25369494
v -0.00143599 -0.04540188 0.25369344
v -0.00126964 -0.04574358 0.25370458
v -0.00127413 -0.04573642 0.25370436
v -0.00021971 -0.04501317 0.25236147
v -0.00132855 -0.04564273 0.25370141
v -0.00134778 -0.04560609 0.25370023
v -0.00114732 -0.04591413 0.25370969
v -0.00117629 -0.04587748 0.25370862
v -0.00018317 -0.04505610 0.25236039
v -0.00121373 -0.04582694 0.25370712
v -0.00123318 -0.04579910 0.25370629
v -0.00014145 -0.04509401 0.25235914
v -0.00094810 -0.04612175 0.25371532
v -0.00095629 -0.04611447 0.25371514
v -0.00102693 -0.04604764 0.25371340
v -0.00107132 -0.04600158 0.25371215
v -0.00110110 -0.04596870 0.25371124
v -0.00077672 -0.04625516 0.25371846
v -0.00083299 -0.04621507 0.25371757
v -0.00009523 -0.04512626 0.25235777
v -0.00086469 -0.04619097 0.25371701
v -0.00093212 -0.04613570 0.25371567
v -0.00004527 -0.04515234 0.25235628
v -0.00056533 -0.04637917 0.25372115
v -0.00063281 -0.04634371 0.25372032
v -0.00068421 -0.04631420 0.25371968
v -0.00070329 -0.04630268 0.25371944
v -0.00075013 -0.04627297 0.25371883
v 0.00000762 -0.04517181 0.25235470
v -0.00032934 -0.04647694 0.25372399
v -0.00041791 -0.04644477 0.25372293
v -0.00043319 -0.04643868 0.25372275
v -0.00053438 -0.04639426 0.25372153
v -0.00055104 -0.04638623 0.25372133
v -0.00026229 -0.04649792 0.25372477
v 0.00006257 -0.04518436 0.25235306
v -0.00022291 -0.04650893 0.25372523
v 0.00011866 -0.04518977 0.25235139
v 0.00006688 -0.04656181 0.25372851
v 0.00005395 -0.04656047 0.25372836
v -0.00005566 -0.04654536 0.25372714
v -0.00010007 -0.04653729 0.25372664
v -0.00011395 -0.04653453 0.25372648
v 0.00027479 -0.04657062 0.25373076
v 0.00023649 -0.04657078 0.25373035
v 0.00017499 -0.04518797 0.25234971
v 0.00016414 -0.04656890 0.25372957
v 0.00011556 -0.04656601 0.25372904
v 0.00023063 -0.04517897 0.25234806
v 0.00057488 -0.04654118 0.25373388
v 0.00049711 -0.04655366 0.25373309
v 0.00040657 -0.04656388 0.25373215
v 0.00038582 -0.04656557 0.25373194
v 0.00034935 -0.04656798 0.25373155
v 0.00028465 -0.04516293 0.25234645
v 0.00081147 -0.04648134 0.25373623
v 0.00079554 -0.04648645 0.25373608
v 0.00073927 -0.04650321 0.25373553
v 0.00068922 -0.04651648 0.25373503
v 0.00058118 -0.04654002 0.25373395
v 0.00090004 -0.04644995 0.25373709
v 0.00033619 -0.04514010 0.25234491
v 0.00100259 -0.04640696 0.25373806
v 0.00038438 -0.04511088 0.25234347
v 0.00119139 -0.04630731 0.25373992
v 0.00116688 -0.04632184 0.25373965
v 0.00110307 -0.04635739 0.25373900
v 0.00104848 -0.04638528 0.25373849
v 0.00103181 -0.04639334 0.25373834
v 0.00135460 -0.04619694 0.25374221
v 0.00132986 -0.04621531 0.25374181
v 0.00042844 -0.04507572 0.25234216
v 0.00126265 -0.04626215 0.25374082
v 0.00123986 -0.04627708 0.25374052
v 0.00046765 -0.04503522 0.25234099
v 0.00158677 -0.04598967 0.25374709
v 0.00152667 -0.04605015 0.25374560
v 0.00146234 -0.04610924 0.25374420
v 0.00144264 -0.04612627 0.25374380
v 0.00143251 -0.04613486 0.25374360
v 0.00172559 -0.04582589 0.25375130
v 0.00170118 -0.04585754 0.25375046
v 0.00050135 -0.04499004 0.25233999
v 0.00165497 -0.04591390 0.25374900
v 0.00160653 -0.04596855 0.25374762
v 0.00185045 -0.04563813 0.25375638
v 0.00180372 -0.04571419 0.25375429
v 0.00052901 -0.04494091 0.25233916
v 0.00179077 -0.04573394 0.25375376
v 0.00175865 -0.04578070 0.25375250
v 0.00055016 -0.04488865 0.25233853
v 0.00196727 -0.04540079 0.25376313
v 0.00195288 -0.04543510 0.25376214
v 0.00190453 -0.04553851 0.25375918
v 0.00189284 -0.04556129 0.25375853
v 0.00188622 -0.04557386 0.25375818
v 0.00205791 -0.04511652 0.25377160
v 0.00205486 -0.04512935 0.25377121
v 0.00056445 -0.04483411 0.25233811
v 0.00202519 -0.04523803 0.25376793
v 0.00198908 -0.04534483 0.25376476
v 0.00206906 -0.04506567 0.25377315
v 0.00057166 -0.04477819 0.25233789
v 0.00207805 -0.04501888 0.25377460
v 0.00210721 -0.04472658 0.25378384
v 0.00210460 -0.04479290 0.25378170
v 0.00209595 -0.04489556 0.25377845
v 0.00209467 -0.04490670 0.25377809
v 0.00013276 -0.04475000 0.25235097
v 0.00185188 -0.04463557 0.25830241
v 0.00146235 -0.04466268 0.25831402
v 0.00185612 -0.04475000 0.25830228
v 0.00146235 -0.04483732 0.25831402
v 0.00084302 -0.04320813 0.25833247
v 0.00076673 -0.04317368 0.25833474
v 0.00064870 -0.04364569 0.25833826
v 0.00186185 -0.04505806 0.25830211
v 0.00186364 -0.04503163 0.25830206
v 0.00143602 -0.04500998 0.25831480
v 0.00186651 -0.04492639 0.25830197
v 0.00186262 -0.04482135 0.25830209
v 0.00184241 -0.04454460 0.25830269
v 0.00182769 -0.04445487 0.25830313
v 0.00143602 -0.04449002 0.25831480
v 0.00185057 -0.04516241 0.25830245
v 0.00138397 -0.04517668 0.25831635
v 0.00183266 -0.04526558 0.25830298
v 0.00172475 -0.04560052 0.25830620
v 0.00173922 -0.04556707 0.25830577
v 0.00131103 -0.04532735 0.25831852
v 0.00177704 -0.04546804 0.25830464
v 0.00180816 -0.04536750 0.25830371
v 0.00180742 -0.04436503 0.25830373
v 0.00178190 -0.04427672 0.25830449
v 0.00138397 -0.04432332 0.25831635
v 0.00047837 -0.04589256 0.25834334
v 0.00067847 -0.04635863 0.25833737
v 0.00064870 -0.04585431 0.25833826
v 0.00088107 -0.04629847 0.25833134
v 0.00081132 -0.04579080 0.25833342
v 0.00107432 -0.04621289 0.25832558
v 0.00096250 -0.04570347 0.25832891
v 0.00125504 -0.04610328 0.25832019
v 0.00109879 -0.04559434 0.25832485
v 0.00142027 -0.04597146 0.25831527
v 0.00121707 -0.04546588 0.25832132
v 0.00156730 -0.04581958 0.25831089
v 0.00169370 -0.04565013 0.25830712
v 0.00109194 -0.04335556 0.25832505
v 0.00081132 -0.04370920 0.25833342
v 0.00112921 -0.04338301 0.25832394
v 0.00096250 -0.04379653 0.25832891
v 0.00120742 -0.04344674 0.25832161
v 0.00128084 -0.04351530 0.25831942
v 0.00141362 -0.04366729 0.25831547
v 0.00139862 -0.04364791 0.25831591
v 0.00109879 -0.04390566 0.25832485
v 0.00134960 -0.04358880 0.25831738
v 0.00130510 -0.04354011 0.25831870
v 0.00151846 -0.04378567 0.25831234
v 0.00121707 -0.04403411 0.25832132
v 0.00157481 -0.04386084 0.25831066
v 0.00131103 -0.04417265 0.25831852
v 0.00162650 -0.04393930 0.25830912
v -0.00047585 -0.04559434 0.25837177
v -0.00071683 -0.04604002 0.25837895
v -0.00033956 -0.04570347 0.25836771
v -0.00054350 -0.04616099 0.25837379
v -0.00018838 -0.04579080 0.25836320
v -0.00035613 -0.04625878 0.25836820
v -0.00002576 -0.04585431 0.25835836
v -0.00015779 -0.04633180 0.25836229
v 0.00014457 -0.04589256 0.25835328
v 0.00004825 -0.04637885 0.25835615
v 0.00031147 -0.04590470 0.25834831
v 0.00025861 -0.04639915 0.25834988
v 0.00046984 -0.04639238 0.25834359
v -0.00083941 -0.04466268 0.25838260
v -0.00133780 -0.04475000 0.25839745
v -0.00083941 -0.04483732 0.25838260
v -0.00132426 -0.04496100 0.25839705
v -0.00081309 -0.04500998 0.25838182
v -0.00128386 -0.04516853 0.25839585
v -0.00076103 -0.04517668 0.25838027
v -0.00121726 -0.04536919 0.25839386
v -0.00068809 -0.04532735 0.25837809
v -0.00112557 -0.04555968 0.25839113
v -0.00059413 -0.04546588 0.25837530
v -0.00101028 -0.04573688 0.25838770
v -0.00087328 -0.04589788 0.25838361
v 0.00175092 -0.04418946 0.25830542
v 0.00171457 -0.04410376 0.25830650
v 0.00167288 -0.04401994 0.25830774
v -0.00033956 -0.04379653 0.25836771
v -0.00071683 -0.04345998 0.25837895
v -0.00047585 -0.04390566 0.25837177
v -0.00087328 -0.04360212 0.25838361
v -0.00059413 -0.04403411 0.25837530
v -0.00101028 -0.04376312 0.25838770
v -0.00068809 -0.04417265 0.25837809
v -0.00112557 -0.04394032 0.25839113
v -0.00076103 -0.04432332 0.25838027
v -0.00121726 -0.04413081 0.25839386
v -0.00081309 -0.04449002 0.25838182
v -0.00128386 -0.04433147 0.25839585
v -0.00132426 -0.04453900 0.25839705
v 0.00086358 -0.04321820 0.25833186
v 0.00104872 -0.04332568 0.25832634
v 0.00097249 -0.04327759 0.25832861
v 0.00095762 -0.04326886 0.25832906
v 0.00069418 -0.04314504 0.25833691
v 0.00067847 -0.04314137 0.25833737
v 0.00047837 -0.04360744 0.25834334
v 0.00046984 -0.04310762 0.25834359
v 0.00031147 -0.04359530 0.25834831
v 0.00025861 -0.04310085 0.25834988
v 0.00014457 -0.04360744 0.25835328
v 0.00004825 -0.04312115 0.25835615
v -0.00002576 -0.04364569 0.25835836
v -0.00015779 -0.04316820 0.25836229
v -0.00018838 -0.04370920 0.25836320
v -0.00035613 -0.04324122 0.25836820
v -0.00054350 -0.04333901 0.25837379
v 0.00182697 -0.04371325 0.25811161
v 0.00185306 -0.04374227 0.25810504
v 0.00197648 -0.04365893 0.25794854
v 0.00211799 -0.04413634 0.25802819
v 0.00212264 -0.04414573 0.25802658
v 0.00219831 -0.04411978 0.25794193
v 0.00229830 -0.04473450 0.25794081
v 0.00230016 -0.04475000 0.25793889
v 0.00229605 -0.04462186 0.25793902
v 0.00085689 -0.04316564 0.25830610
v 0.00089093 -0.04317217 0.25829975
v 0.00098238 -0.04290127 0.25800809
v -0.00130362 -0.04379458 0.25817487
v -0.00132352 -0.04383247 0.25817716
v -0.00152793 -0.04469615 0.25821756
v -0.00152677 -0.04475000 0.25821942
v 0.00019754 -0.04647380 0.25827425
v 0.00025397 -0.04647412 0.25827498
v 0.00154546 -0.04586548 0.25829737
v 0.00157610 -0.04582738 0.25829859
v 0.00161029 -0.04578194 0.25830006
v 0.00166948 -0.04569466 0.25830297
v 0.00151026 -0.04590658 0.25829608
v 0.00143796 -0.04598316 0.25829374
v 0.00136104 -0.04605487 0.25829166
v 0.00127958 -0.04612164 0.25828981
v 0.00119362 -0.04618335 0.25828821
v 0.00110317 -0.04623990 0.25828682
v 0.00087239 -0.04635222 0.25828344
v 0.00089592 -0.04634267 0.25828378
v 0.00097103 -0.04630939 0.25828487
v 0.00106697 -0.04626040 0.25828628
v 0.00077115 -0.04638886 0.25828200
v 0.00068929 -0.04641340 0.25828085
v 0.00047417 -0.04645761 0.25827790
v 0.00051922 -0.04645070 0.25827851
v 0.00056114 -0.04644317 0.25827908
v 0.00066738 -0.04641922 0.25828054
v 0.00030521 -0.04647281 0.25827565
v 0.00035699 -0.04646993 0.25827633
v 0.00041247 -0.04646510 0.25827707
v 0.00008957 -0.04646804 0.25827287
v 0.00003226 -0.04646221 0.25827215
v -0.00008512 -0.04644416 0.25827069
v -0.00001860 -0.04645540 0.25827152
v -0.00039491 -0.04635486 0.25826698
v -0.00030846 -0.04638618 0.25826800
v -0.00029349 -0.04639108 0.25826817
v -0.00019020 -0.04642086 0.25826941
v -0.00063952 -0.04623579 0.25826410
v -0.00059158 -0.04626292 0.25826471
v -0.00049431 -0.04631216 0.25826582
v -0.00046502 -0.04632552 0.25826616
v -0.00073264 -0.04617729 0.25826273
v -0.00079492 -0.04613351 0.25826165
v -0.00096945 -0.04598734 0.25825782
v -0.00095488 -0.04600106 0.25825819
v -0.00090717 -0.04604389 0.25825933
v -0.00082188 -0.04611330 0.25826114
v -0.00113411 -0.04580792 0.25825279
v -0.00110163 -0.04584736 0.25825392
v -0.00106538 -0.04588883 0.25825509
v -0.00098838 -0.04596907 0.25825732
v -0.00117013 -0.04576136 0.25825145
v -0.00123316 -0.04567146 0.25824881
v -0.00138860 -0.04537910 0.25823990
v -0.00136725 -0.04542805 0.25824142
v -0.00136460 -0.04543385 0.25824160
v -0.00134252 -0.04548029 0.25824303
v -0.00129065 -0.04557775 0.25824600
v -0.00125833 -0.04563201 0.25824763
v -0.00141795 -0.04530433 0.25823756
v -0.00145262 -0.04520010 0.25823425
v -0.00148084 -0.04509405 0.25823083
v -0.00149716 -0.04501647 0.25822830
v -0.00152612 -0.04476592 0.25821996
v -0.00151770 -0.04487688 0.25822369
v -0.00150256 -0.04498628 0.25822731
v -0.00152539 -0.04458445 0.25821346
v -0.00152039 -0.04451444 0.25821073
v -0.00147775 -0.04425210 0.25819937
v -0.00148422 -0.04428047 0.25820069
v -0.00150033 -0.04436227 0.25820436
v -0.00151620 -0.04447310 0.25820906
v -0.00144834 -0.04414272 0.25819409
v -0.00142730 -0.04407731 0.25819077
v -0.00134227 -0.04387023 0.25817939
v -0.00138786 -0.04397243 0.25818517
v -0.00141839 -0.04405188 0.25818944
v -0.00116872 -0.04358075 0.25816091
v -0.00120074 -0.04362601 0.25816403
v -0.00123273 -0.04367426 0.25816725
v -0.00129056 -0.04377080 0.25817341
v -0.00111250 -0.04350762 0.25815567
v -0.00105168 -0.04343616 0.25815026
v -0.00096168 -0.04334245 0.25814269
v -0.00103954 -0.04342274 0.25814921
v -0.00068387 -0.04311995 0.25812169
v -0.00069921 -0.04313011 0.25812277
v -0.00079151 -0.04319600 0.25812947
v -0.00087900 -0.04326683 0.25813611
v -0.00062677 -0.04308402 0.25811771
v -0.00052841 -0.04302835 0.25811089
v -0.00024372 -0.04290602 0.25809125
v -0.00029410 -0.04292382 0.25809472
v -0.00032198 -0.04293435 0.25809664
v -0.00042674 -0.04297841 0.25810386
v -0.00047106 -0.04299928 0.25810692
v -0.00000528 -0.04284205 0.25807490
v -0.00002328 -0.04284576 0.25807613
v -0.00010365 -0.04286450 0.25808163
v -0.00021426 -0.04289633 0.25808923
v 0.00008901 -0.04282551 0.25806846
v 0.00020218 -0.04281192 0.25806075
v 0.00048980 -0.04280739 0.25804123
v 0.00043081 -0.04280483 0.25804523
v 0.00031615 -0.04280501 0.25805300
v 0.00024055 -0.04280884 0.25805814
v 0.00087289 -0.04286876 0.25801543
v 0.00082800 -0.04285743 0.25801844
v 0.00079703 -0.04315603 0.25831734
v 0.00076190 -0.04284281 0.25802288
v 0.00073837 -0.04283818 0.25802447
v 0.00064952 -0.04282341 0.25803045
v 0.00054608 -0.04281151 0.25803743
v 0.00089829 -0.04317369 0.25829838
v 0.00099793 -0.04319789 0.25828000
v 0.00109027 -0.04294036 0.25800088
v 0.00109591 -0.04322862 0.25826218
v 0.00119643 -0.04298613 0.25799379
v 0.00110184 -0.04323070 0.25826111
v 0.00121651 -0.04299565 0.25799246
v 0.00114972 -0.04324855 0.25825249
v 0.00125734 -0.04301588 0.25798974
v 0.00119263 -0.04326605 0.25824480
v 0.00121038 -0.04327367 0.25824158
v 0.00135784 -0.04307090 0.25798300
v 0.00128948 -0.04331040 0.25822695
v 0.00143504 -0.04311845 0.25797768
v 0.00130648 -0.04331890 0.25822374
v 0.00143779 -0.04312022 0.25797749
v 0.00131155 -0.04332148 0.25822277
v 0.00145536 -0.04313177 0.25797625
v 0.00140905 -0.04337504 0.25820386
v 0.00154961 -0.04319839 0.25796948
v 0.00142795 -0.04338635 0.25820010
v 0.00164038 -0.04327071 0.25796272
v 0.00150282 -0.04343424 0.25818487
v 0.00164244 -0.04327245 0.25796256
v 0.00172746 -0.04334874 0.25795596
v 0.00168586 -0.04357534 0.25814517
v 0.00182326 -0.04345354 0.25795311
v 0.00166602 -0.04355819 0.25814966
v 0.00159281 -0.04349900 0.25816582
v 0.00228391 -0.04463911 0.25795294
v 0.00226329 -0.04436768 0.25793999
v 0.00221739 -0.04437690 0.25798963
v 0.00223934 -0.04444746 0.25797925
v 0.00224464 -0.04446616 0.25797656
v 0.00226707 -0.04455541 0.25796411
v 0.00228116 -0.04462398 0.25795493
v 0.00216479 -0.04423781 0.25801129
v 0.00218865 -0.04429677 0.25800190
v 0.00220523 -0.04434156 0.25799498
v 0.00199996 -0.04393316 0.25806528
v 0.00202874 -0.04397750 0.25805678
v 0.00210218 -0.04388223 0.25794479
v 0.00206477 -0.04403727 0.25804569
v 0.00211652 -0.04413341 0.25802869
v 0.00189954 -0.04379722 0.25809302
v 0.00192841 -0.04383369 0.25808531
v 0.00196681 -0.04388533 0.25807474
v 0.00169326 -0.04358187 0.25814348
v 0.00174914 -0.04363352 0.25813049
v 0.00181571 -0.04370110 0.25811440
v 0.00123094 -0.04304908 0.25388252
v -0.00180899 -0.04486935 0.25421577
v -0.00181274 -0.04475000 0.25420974
v -0.00181535 -0.04475000 0.25412228
v 0.00057253 -0.04278477 0.25464223
v 0.00064608 -0.04280014 0.25463574
v 0.00064347 -0.04280014 0.25454827
v -0.00074656 -0.04650577 0.25499747
v -0.00082569 -0.04646028 0.25499519
v -0.00082830 -0.04646029 0.25490772
v 0.00121549 -0.04649292 0.25575245
v 0.00115956 -0.04652320 0.25575086
v 0.00115695 -0.04652320 0.25566340
v 0.00219309 -0.04432712 0.25586385
v 0.00220135 -0.04436768 0.25586131
v 0.00219874 -0.04436768 0.25577384
v 0.00001214 -0.04673534 0.25641727
v -0.00006548 -0.04672436 0.25641506
v -0.00006808 -0.04672436 0.25632760
v -0.00004666 -0.04277406 0.25671379
v -0.00005655 -0.04277564 0.25671467
v -0.00005394 -0.04277564 0.25680213
v -0.00101527 -0.04628179 0.25699794
v -0.00097626 -0.04631366 0.25699952
v -0.00097365 -0.04631366 0.25708698
v 0.00128233 -0.04647855 0.25715255
v 0.00120125 -0.04652320 0.25715024
v 0.00119865 -0.04652320 0.25706278
v -0.00079916 -0.04307114 0.25756960
v -0.00074912 -0.04303971 0.25756506
v -0.00075172 -0.04303971 0.25747760
v 0.00174078 -0.04336248 0.25795448
v 0.00197579 -0.04365893 0.25792561
v 0.00192894 -0.04358990 0.25793187
v 0.00187001 -0.04351105 0.25793934
v 0.00180750 -0.04343548 0.25794685
v 0.00210105 -0.04388223 0.25790693
v 0.00208063 -0.04384086 0.25791023
v 0.00203428 -0.04375492 0.25791731
v 0.00198360 -0.04367107 0.25792454
v 0.00219674 -0.04411978 0.25788926
v 0.00219340 -0.04410973 0.25788997
v 0.00216030 -0.04401859 0.25789653
v 0.00212267 -0.04392885 0.25790329
v 0.00226129 -0.04436768 0.25787291
v 0.00224598 -0.04429553 0.25787747
v 0.00222201 -0.04420226 0.25788360
v 0.00229364 -0.04462186 0.25785815
v 0.00229075 -0.04458205 0.25786033
v 0.00228055 -0.04448662 0.25786576
v 0.00226566 -0.04439105 0.25787147
v 0.00229585 -0.04487814 0.25793243
v 0.00229386 -0.04486848 0.25784545
v 0.00229905 -0.04481348 0.25793569
v 0.00229739 -0.04477244 0.25785030
v 0.00229632 -0.04467684 0.25785521
v 0.00226268 -0.04513232 0.25791961
v 0.00227201 -0.04506561 0.25783551
v 0.00228530 -0.04499031 0.25792677
v 0.00228543 -0.04496680 0.25784049
v 0.00229325 -0.04487814 0.25784497
v 0.00220846 -0.04534567 0.25790887
v 0.00223082 -0.04525931 0.25782576
v 0.00225524 -0.04516845 0.25791779
v 0.00225389 -0.04516259 0.25783063
v 0.00226008 -0.04513232 0.25783215
v 0.00214492 -0.04551963 0.25790013
v 0.00217095 -0.04544732 0.25781630
v 0.00219728 -0.04538022 0.25790714
v 0.00219467 -0.04538022 0.25781968
v 0.00220328 -0.04535380 0.25782100
v 0.00196971 -0.04584846 0.25788364
v 0.00197195 -0.04584107 0.25779654
v 0.00197455 -0.04584107 0.25788401
v 0.00201013 -0.04578022 0.25779959
v 0.00206505 -0.04568798 0.25789168
v 0.00209316 -0.04562791 0.25780723
v 0.00210070 -0.04561777 0.25789520
v 0.00209810 -0.04561777 0.25780774
v 0.00213433 -0.04553843 0.25781172
v 0.00186015 -0.04599898 0.25787610
v 0.00190127 -0.04594239 0.25779147
v 0.00195763 -0.04586269 0.25779546
v 0.00173800 -0.04613777 0.25786917
v 0.00177780 -0.04609247 0.25778397
v 0.00182090 -0.04604646 0.25787373
v 0.00181829 -0.04604646 0.25778627
v 0.00184123 -0.04601907 0.25778764
v 0.00146364 -0.04637474 0.25785738
v 0.00156827 -0.04629227 0.25777401
v 0.00160514 -0.04626338 0.25786291
v 0.00163965 -0.04623056 0.25777709
v 0.00164225 -0.04623055 0.25786455
v 0.00164122 -0.04622913 0.25777716
v 0.00171094 -0.04616266 0.25778047
v 0.00131567 -0.04647122 0.25785260
v 0.00141474 -0.04640694 0.25776832
v 0.00144156 -0.04639034 0.25785660
v 0.00143895 -0.04639034 0.25776914
v 0.00149303 -0.04635133 0.25777108
v 0.00122210 -0.04652320 0.25784993
v 0.00125168 -0.04650605 0.25776338
v 0.00133478 -0.04645820 0.25776578
v 0.00082200 -0.04667973 0.25783853
v 0.00074145 -0.04669986 0.25783624
v 0.00073884 -0.04669986 0.25774878
v 0.00079583 -0.04668599 0.25775040
v 0.00089032 -0.04665903 0.25775309
v 0.00098746 -0.04662694 0.25784324
v 0.00098268 -0.04662773 0.25775572
v 0.00098485 -0.04662694 0.25775578
v 0.00099551 -0.04662396 0.25784347
v 0.00107556 -0.04659107 0.25775837
v 0.00116057 -0.04655393 0.25784818
v 0.00116559 -0.04655026 0.25776093
v 0.00121950 -0.04652320 0.25776247
v 0.00048813 -0.04674076 0.25782902
v 0.00050516 -0.04673877 0.25774212
v 0.00064192 -0.04671991 0.25783340
v 0.00060256 -0.04672600 0.25774489
v 0.00069993 -0.04670832 0.25774767
v 0.00008454 -0.04673884 0.25781752
v 0.00021104 -0.04674831 0.25773374
v 0.00023165 -0.04674897 0.25782171
v 0.00022904 -0.04674897 0.25773425
v 0.00027082 -0.04674984 0.25782283
v 0.00030905 -0.04674994 0.25773653
v 0.00045742 -0.04674348 0.25782815
v 0.00040700 -0.04674677 0.25773932
v 0.00048552 -0.04674076 0.25774156
v -0.00002378 -0.04672436 0.25781444
v 0.00001657 -0.04673082 0.25772820
v 0.00011348 -0.04674193 0.25773096
v -0.00009900 -0.04671074 0.25781230
v -0.00007946 -0.04671506 0.25772546
v -0.00002639 -0.04672436 0.25772698
v -0.00027752 -0.04666628 0.25780721
v -0.00027657 -0.04666734 0.25771985
v -0.00027396 -0.04666734 0.25780731
v -0.00026780 -0.04666991 0.25772010
v -0.00017418 -0.04669476 0.25772277
v -0.00061146 -0.04653296 0.25779770
v -0.00053996 -0.04656868 0.25771235
v -0.00051478 -0.04657883 0.25780045
v -0.00051739 -0.04657883 0.25771299
v -0.00044894 -0.04660654 0.25780233
v -0.00045101 -0.04660675 0.25771488
v -0.00035946 -0.04664079 0.25771749
v -0.00074230 -0.04646029 0.25779394
v -0.00070940 -0.04648128 0.25770752
v -0.00062621 -0.04652674 0.25770989
v -0.00095280 -0.04631366 0.25778667
v -0.00095191 -0.04631644 0.25769935
v -0.00091058 -0.04634637 0.25778830
v -0.00087294 -0.04637592 0.25770230
v -0.00076414 -0.04644687 0.25779328
v -0.00079197 -0.04643089 0.25770503
v -0.00074490 -0.04646028 0.25770648
v -0.00114286 -0.04614136 0.25777809
v -0.00110107 -0.04618570 0.25769284
v -0.00104998 -0.04623111 0.25778257
v -0.00102855 -0.04625253 0.25769617
v -0.00095541 -0.04631366 0.25769921
v -0.00130935 -0.04594622 0.25776834
v -0.00131196 -0.04594622 0.25768088
v -0.00129913 -0.04595976 0.25776902
v -0.00129812 -0.04596450 0.25768180
v -0.00118017 -0.04610185 0.25777612
v -0.00123612 -0.04604142 0.25768564
v -0.00117069 -0.04611489 0.25768931
v -0.00114547 -0.04614136 0.25769063
v -0.00149633 -0.04564359 0.25775318
v -0.00145937 -0.04571854 0.25766948
v -0.00144954 -0.04573144 0.25775759
v -0.00145215 -0.04573143 0.25767012
v -0.00140502 -0.04580638 0.25776134
v -0.00140978 -0.04580293 0.25767371
v -0.00135588 -0.04588516 0.25767783
v -0.00157189 -0.04547351 0.25774464
v -0.00156374 -0.04550053 0.25765854
v -0.00156114 -0.04550053 0.25774600
v -0.00154577 -0.04554330 0.25766068
v -0.00150476 -0.04563187 0.25766513
v -0.00163097 -0.04529845 0.25773584
v -0.00161438 -0.04536143 0.25765154
v -0.00158232 -0.04545311 0.25765615
v -0.00167325 -0.04512075 0.25772689
v -0.00166500 -0.04517391 0.25764211
v -0.00164229 -0.04525731 0.25773377
v -0.00164490 -0.04525731 0.25764630
v -0.00164183 -0.04526880 0.25764688
v -0.00169889 -0.04494275 0.25771792
v -0.00169706 -0.04498355 0.25763251
v -0.00169168 -0.04500576 0.25772109
v -0.00169429 -0.04500575 0.25763363
v -0.00168339 -0.04507874 0.25763731
v -0.00169248 -0.04449424 0.25769431
v -0.00169609 -0.04450230 0.25760731
v -0.00170242 -0.04459106 0.25769979
v -0.00170575 -0.04460065 0.25761286
v -0.00170849 -0.04475000 0.25770819
v -0.00171051 -0.04469827 0.25761808
v -0.00171110 -0.04475000 0.25762073
v -0.00170840 -0.04476663 0.25770903
v -0.00171057 -0.04479316 0.25762291
v -0.00170607 -0.04488876 0.25762773
v -0.00164393 -0.04424269 0.25767872
v -0.00166217 -0.04430708 0.25759544
v -0.00168048 -0.04441325 0.25768950
v -0.00168162 -0.04440469 0.25760152
v -0.00169509 -0.04449425 0.25760685
v -0.00156365 -0.04399946 0.25766168
v -0.00157615 -0.04402452 0.25757607
v -0.00158674 -0.04405957 0.25766608
v -0.00160934 -0.04411690 0.25758270
v -0.00164200 -0.04423532 0.25767823
v -0.00163818 -0.04421163 0.25758919
v -0.00164654 -0.04424269 0.25759126
v -0.00151492 -0.04388836 0.25765318
v -0.00153832 -0.04393356 0.25756923
v -0.00156625 -0.04399947 0.25757422
v -0.00131364 -0.04355378 0.25762438
v -0.00131625 -0.04355378 0.25753692
v -0.00132462 -0.04356868 0.25762578
v -0.00134540 -0.04359401 0.25754067
v -0.00142719 -0.04372401 0.25763969
v -0.00139968 -0.04367504 0.25754797
v -0.00145000 -0.04375873 0.25755518
v -0.00145294 -0.04376856 0.25764346
v -0.00145555 -0.04376856 0.25755600
v -0.00149633 -0.04384511 0.25756228
v -0.00114803 -0.04335864 0.25760473
v -0.00116486 -0.04337352 0.25751886
v -0.00120866 -0.04342431 0.25761163
v -0.00122582 -0.04344099 0.25752587
v -0.00128737 -0.04351591 0.25753330
v -0.00095881 -0.04318634 0.25758485
v -0.00102555 -0.04323984 0.25750388
v -0.00108107 -0.04329250 0.25759744
v -0.00109658 -0.04330476 0.25751136
v -0.00115063 -0.04335863 0.25751727
v -0.00079623 -0.04306756 0.25748163
v -0.00087539 -0.04312129 0.25748902
v -0.00094386 -0.04317450 0.25758337
v -0.00095154 -0.04317849 0.25749641
v -0.00096142 -0.04318634 0.25749739
v -0.00052239 -0.04292117 0.25754501
v -0.00054319 -0.04292935 0.25745916
v -0.00064850 -0.04298251 0.25755615
v -0.00063095 -0.04297196 0.25746691
v -0.00071554 -0.04301825 0.25747438
v -0.00003309 -0.04277564 0.25750182
v -0.00003570 -0.04277564 0.25741436
v -0.00007343 -0.04278212 0.25741769
v -0.00014245 -0.04279651 0.25751147
v -0.00016946 -0.04280204 0.25742617
v -0.00028241 -0.04283266 0.25752383
v -0.00026530 -0.04282691 0.25743463
v -0.00028501 -0.04283266 0.25743637
v -0.00031915 -0.04284398 0.25752707
v -0.00035914 -0.04285630 0.25744291
v -0.00048841 -0.04290648 0.25754201
v -0.00045250 -0.04289071 0.25745115
v -0.00052500 -0.04292117 0.25745755
v 0.00002390 -0.04276690 0.25740909
v 0.00003967 -0.04276522 0.25749539
v 0.00012119 -0.04275657 0.25740050
v 0.00021907 -0.04275102 0.25739186
v 0.00022144 -0.04275103 0.25747934
v 0.00022497 -0.04275092 0.25747903
v 0.00041104 -0.04275397 0.25746261
v 0.00031667 -0.04275029 0.25738325
v 0.00059549 -0.04277429 0.25744632
v 0.00051122 -0.04276314 0.25736607
v 0.00047703 -0.04275924 0.25745678
v 0.00047443 -0.04275924 0.25736932
v 0.00041414 -0.04275434 0.25737464
v 0.00072948 -0.04280014 0.25743449
v 0.00070265 -0.04279476 0.25734917
v 0.00060749 -0.04277665 0.25735757
v 0.00111649 -0.04293168 0.25740033
v 0.00097932 -0.04287577 0.25732475
v 0.00097463 -0.04287306 0.25741285
v 0.00097202 -0.04287306 0.25732539
v 0.00095027 -0.04286426 0.25741500
v 0.00088887 -0.04284446 0.25733273
v 0.00077596 -0.04281136 0.25743039
v 0.00079634 -0.04281735 0.25734090
v 0.00072687 -0.04280014 0.25734703
v 0.00120846 -0.04297680 0.25739221
v 0.00115484 -0.04295105 0.25730925
v 0.00106841 -0.04291149 0.25731688
v 0.00142713 -0.04310966 0.25737247
v 0.00142453 -0.04310966 0.25728501
v 0.00142144 -0.04310569 0.25737301
v 0.00140360 -0.04309522 0.25728698
v 0.00127301 -0.04301208 0.25738651
v 0.00132167 -0.04304236 0.25729449
v 0.00123971 -0.04299492 0.25730176
v 0.00120586 -0.04297680 0.25730474
v 0.00180478 -0.04345354 0.25733279
v 0.00177355 -0.04342056 0.25724869
v 0.00169783 -0.04333721 0.25734499
v 0.00170607 -0.04334819 0.25725633
v 0.00162700 -0.04326945 0.25735260
v 0.00163554 -0.04327968 0.25726396
v 0.00162439 -0.04326944 0.25726514
v 0.00156376 -0.04321425 0.25735912
v 0.00156088 -0.04321402 0.25727169
v 0.00148373 -0.04315269 0.25727934
v 0.00195755 -0.04365893 0.25731339
v 0.00195204 -0.04365446 0.25722632
v 0.00193301 -0.04362200 0.25731670
v 0.00189656 -0.04357382 0.25723368
v 0.00182156 -0.04347358 0.25733079
v 0.00183683 -0.04349552 0.25724116
v 0.00180217 -0.04345354 0.25724533
v 0.00203053 -0.04378073 0.25730292
v 0.00200356 -0.04373785 0.25721906
v 0.00195494 -0.04365893 0.25722592
v 0.00217884 -0.04412081 0.25727696
v 0.00215561 -0.04406138 0.25719372
v 0.00211278 -0.04394774 0.25728962
v 0.00212009 -0.04397091 0.25720040
v 0.00208281 -0.04388223 0.25729470
v 0.00208014 -0.04388210 0.25720725
v 0.00203582 -0.04379519 0.25721426
v 0.00222822 -0.04429759 0.25726511
v 0.00218657 -0.04415310 0.25718726
v 0.00217589 -0.04411978 0.25718957
v 0.00224305 -0.04436768 0.25726068
v 0.00223486 -0.04433980 0.25717496
v 0.00221304 -0.04424617 0.25718099
v 0.00226085 -0.04447574 0.25725417
v 0.00225217 -0.04443455 0.25716915
v 0.00224044 -0.04436768 0.25717322
v 0.00227710 -0.04465298 0.25724424
v 0.00227297 -0.04462472 0.25715830
v 0.00227540 -0.04462186 0.25724592
v 0.00227279 -0.04462186 0.25715846
v 0.00226482 -0.04452918 0.25716362
v 0.00224183 -0.04513232 0.25721992
v 0.00224364 -0.04510912 0.25713363
v 0.00226258 -0.04500507 0.25722634
v 0.00225925 -0.04501058 0.25713860
v 0.00227500 -0.04487814 0.25723274
v 0.00226985 -0.04491237 0.25714355
v 0.00227240 -0.04487814 0.25714528
v 0.00227767 -0.04482805 0.25723527
v 0.00227553 -0.04481548 0.25714844
v 0.00227652 -0.04471948 0.25715330
v 0.00207986 -0.04561777 0.25719551
v 0.00209790 -0.04557369 0.25711026
v 0.00211806 -0.04553385 0.25719973
v 0.00213430 -0.04548822 0.25711456
v 0.00217643 -0.04538022 0.25720745
v 0.00216865 -0.04539552 0.25711922
v 0.00217382 -0.04538022 0.25711999
v 0.00218297 -0.04536026 0.25720845
v 0.00219824 -0.04530171 0.25712393
v 0.00223115 -0.04518322 0.25721736
v 0.00222341 -0.04520562 0.25712877
v 0.00223923 -0.04513232 0.25713246
v 0.00203687 -0.04570162 0.25719130
v 0.00205746 -0.04565758 0.25710605
v 0.00207725 -0.04561777 0.25710805
v 0.00194029 -0.04586135 0.25718330
v 0.00195110 -0.04584107 0.25709685
v 0.00195370 -0.04584107 0.25718432
v 0.00195996 -0.04582738 0.25709754
v 0.00201079 -0.04574366 0.25710174
v 0.00170651 -0.04614871 0.25716894
v 0.00178471 -0.04606123 0.25708584
v 0.00180005 -0.04604646 0.25717404
v 0.00179744 -0.04604646 0.25708658
v 0.00182963 -0.04601097 0.25717581
v 0.00184675 -0.04598633 0.25708959
v 0.00190523 -0.04590832 0.25709349
v 0.00162140 -0.04623055 0.25716486
v 0.00165075 -0.04620095 0.25707887
v 0.00171941 -0.04613271 0.25708227
v 0.00157285 -0.04627317 0.25716274
v 0.00157938 -0.04626536 0.25707566
v 0.00161880 -0.04623056 0.25707740
v 0.00126735 -0.04648568 0.25706473
v 0.00134851 -0.04643669 0.25706716
v 0.00142071 -0.04639034 0.25715692
v 0.00141810 -0.04639034 0.25706945
v 0.00143073 -0.04638332 0.25715726
v 0.00142817 -0.04638329 0.25706980
v 0.00150483 -0.04632641 0.25707263
v 0.00096661 -0.04662694 0.25714355
v 0.00096400 -0.04662694 0.25705609
v 0.00100257 -0.04661231 0.25705719
v 0.00112639 -0.04656024 0.25714811
v 0.00109372 -0.04657404 0.25705979
v 0.00118212 -0.04653171 0.25706231
v 0.00090876 -0.04664633 0.25705452
v 0.00096057 -0.04662915 0.25714338
v 0.00081448 -0.04667533 0.25705183
v 0.00078644 -0.04668367 0.25713842
v 0.00071823 -0.04669980 0.25704909
v 0.00072060 -0.04669986 0.25713655
v 0.00062249 -0.04671920 0.25704637
v 0.00060591 -0.04672250 0.25713328
v 0.00052549 -0.04673396 0.25704360
v 0.00046728 -0.04674076 0.25712933
v 0.00046467 -0.04674076 0.25704187
v 0.00042784 -0.04674396 0.25704082
v 0.00042114 -0.04674467 0.25712802
v 0.00032962 -0.04674918 0.25703802
v 0.00023447 -0.04674959 0.25712270
v 0.00023169 -0.04674959 0.25703523
v 0.00021080 -0.04674897 0.25712203
v 0.00020819 -0.04674897 0.25703456
v -0.00013488 -0.04670766 0.25711218
v -0.00005970 -0.04672231 0.25702693
v -0.00004463 -0.04672436 0.25711475
v -0.00004724 -0.04672436 0.25702729
v 0.00004833 -0.04673715 0.25711740
v 0.00003668 -0.04673610 0.25702968
v 0.00013390 -0.04674521 0.25703245
v -0.00031289 -0.04666188 0.25710711
v -0.00029741 -0.04666734 0.25702016
v -0.00029481 -0.04666734 0.25710762
v -0.00024905 -0.04668101 0.25702154
v -0.00015513 -0.04670390 0.25702421
v -0.00048363 -0.04660094 0.25710224
v -0.00043245 -0.04662203 0.25701631
v -0.00034181 -0.04665361 0.25701890
v -0.00064534 -0.04652629 0.25709764
v -0.00076315 -0.04646028 0.25709426
v -0.00076575 -0.04646029 0.25700679
v -0.00069333 -0.04650209 0.25700888
v -0.00060831 -0.04654622 0.25701131
v -0.00053563 -0.04657883 0.25710076
v -0.00053824 -0.04657883 0.25701330
v -0.00052172 -0.04658604 0.25701377
v -0.00094330 -0.04633736 0.25708816
v -0.00093801 -0.04634337 0.25700100
v -0.00079735 -0.04643911 0.25709321
v -0.00085765 -0.04640117 0.25700387
v -0.00077548 -0.04645436 0.25700650
v -0.00109003 -0.04621590 0.25699466
v -0.00108201 -0.04622090 0.25708237
v -0.00109740 -0.04620904 0.25699432
v -0.00116739 -0.04614025 0.25699089
v -0.00116371 -0.04614136 0.25707840
v -0.00123432 -0.04606768 0.25698726
v -0.00121134 -0.04609054 0.25707587
v -0.00129733 -0.04599223 0.25698349
v -0.00132928 -0.04594745 0.25706872
v -0.00133281 -0.04594622 0.25698119
v -0.00147039 -0.04573144 0.25705790
v -0.00146314 -0.04574869 0.25697130
v -0.00143402 -0.04579321 0.25706099
v -0.00141194 -0.04583244 0.25697550
v -0.00135677 -0.04591350 0.25697956
v -0.00152406 -0.04562973 0.25705279
v -0.00151001 -0.04566284 0.25696699
v -0.00147300 -0.04573144 0.25697044
v -0.00159828 -0.04545915 0.25704423
v -0.00159073 -0.04548526 0.25695808
v -0.00158198 -0.04550053 0.25704631
v -0.00158459 -0.04550053 0.25695885
v -0.00155258 -0.04557492 0.25696258
v -0.00166314 -0.04525731 0.25703408
v -0.00166575 -0.04525731 0.25694662
v -0.00165596 -0.04528377 0.25703541
v -0.00165349 -0.04530169 0.25694885
v -0.00162435 -0.04539418 0.25695350
v -0.00171253 -0.04500576 0.25702141
v -0.00171328 -0.04501960 0.25693464
v -0.00169686 -0.04510597 0.25702645
v -0.00169797 -0.04511406 0.25693940
v -0.00167798 -0.04520846 0.25694416
v -0.00172934 -0.04475000 0.25700850
v -0.00172206 -0.04457637 0.25699929
v -0.00172898 -0.04463788 0.25691519
v -0.00173191 -0.04473379 0.25692022
v -0.00173195 -0.04475000 0.25692104
v -0.00172934 -0.04475216 0.25700861
v -0.00173025 -0.04482937 0.25692505
v -0.00172113 -0.04492804 0.25701749
v -0.00172408 -0.04492418 0.25692983
v -0.00171514 -0.04500575 0.25693394
v -0.00169878 -0.04439846 0.25698891
v -0.00166478 -0.04424269 0.25697903
v -0.00166927 -0.04424997 0.25689205
v -0.00169155 -0.04434681 0.25689826
v -0.00170887 -0.04444387 0.25690419
v -0.00171333 -0.04449424 0.25699462
v -0.00171594 -0.04449424 0.25690716
v -0.00172134 -0.04454113 0.25690985
v -0.00147379 -0.04376856 0.25694377
v -0.00149018 -0.04379354 0.25685839
v -0.00152909 -0.04387444 0.25695239
v -0.00153469 -0.04388065 0.25686542
v -0.00158450 -0.04399946 0.25696199
v -0.00157510 -0.04397034 0.25687234
v -0.00158710 -0.04399947 0.25687453
v -0.00160226 -0.04404517 0.25696535
v -0.00161095 -0.04406164 0.25687908
v -0.00165890 -0.04422063 0.25697757
v -0.00164251 -0.04415534 0.25688568
v -0.00166739 -0.04424269 0.25689157
v -0.00133449 -0.04355378 0.25692469
v -0.00133710 -0.04355378 0.25683723
v -0.00133633 -0.04355626 0.25692492
v -0.00138873 -0.04362654 0.25684395
v -0.00144008 -0.04371075 0.25693886
v -0.00144142 -0.04370867 0.25685122
v -0.00147640 -0.04376856 0.25685631
v -0.00121934 -0.04341287 0.25691076
v -0.00127203 -0.04347096 0.25682920
v -0.00133220 -0.04354723 0.25683661
v -0.00109088 -0.04328217 0.25689657
v -0.00114152 -0.04332827 0.25681428
v -0.00116887 -0.04335864 0.25690504
v -0.00117148 -0.04335863 0.25681758
v -0.00120848 -0.04339801 0.25682176
v -0.00095296 -0.04316536 0.25688252
v -0.00098227 -0.04318634 0.25679770
v -0.00097966 -0.04318634 0.25688516
v -0.00101150 -0.04321016 0.25680063
v -0.00107173 -0.04326228 0.25680682
v -0.00080773 -0.04306324 0.25686879
v -0.00085792 -0.04309459 0.25678572
v -0.00093573 -0.04315024 0.25679313
v -0.00065645 -0.04297573 0.25685532
v -0.00069571 -0.04299533 0.25677109
v -0.00076997 -0.04303971 0.25686537
v -0.00077257 -0.04303971 0.25677791
v -0.00077763 -0.04304280 0.25677836
v -0.00049555 -0.04290075 0.25684111
v -0.00051946 -0.04290970 0.25675553
v -0.00054324 -0.04292117 0.25684532
v -0.00054585 -0.04292117 0.25675786
v -0.00060913 -0.04295059 0.25676345
v -0.00014837 -0.04279328 0.25681046
v -0.00014309 -0.04279163 0.25672231
v -0.00030325 -0.04283266 0.25682414
v -0.00023938 -0.04281414 0.25673081
v -0.00030586 -0.04283266 0.25673668
v -0.00032560 -0.04283945 0.25682611
v -0.00033385 -0.04284121 0.25673915
v -0.00042791 -0.04287330 0.25674745
v 0.00005089 -0.04276122 0.25670518
v 0.00003411 -0.04276338 0.25679435
v 0.00019799 -0.04275103 0.25669219
v 0.00020060 -0.04275103 0.25677966
v 0.00021956 -0.04275051 0.25677798
v 0.00040559 -0.04275500 0.25676156
v 0.00032930 -0.04275114 0.25668060
v 0.00023176 -0.04275023 0.25668921
v 0.00058980 -0.04277674 0.25674529
v 0.00052330 -0.04276722 0.25666347
v 0.00045618 -0.04275924 0.25675709
v 0.00045358 -0.04275924 0.25666963
v 0.00042661 -0.04275682 0.25667201
v 0.00076983 -0.04281517 0.25672940
v 0.00071384 -0.04280195 0.25664665
v 0.00070863 -0.04280014 0.25673480
v 0.00070602 -0.04280014 0.25664734
v 0.00061907 -0.04278228 0.25665502
v 0.00110902 -0.04293788 0.25669946
v 0.00098886 -0.04288740 0.25662237
v 0.00095378 -0.04287306 0.25671316
v 0.00095117 -0.04287306 0.25662570
v 0.00094354 -0.04286932 0.25671406
v 0.00089905 -0.04285465 0.25663030
v 0.00080704 -0.04282605 0.25663842
v 0.00118761 -0.04297680 0.25669252
v 0.00116296 -0.04296545 0.25660700
v 0.00107729 -0.04292454 0.25661457
v 0.00126467 -0.04301928 0.25668571
v 0.00124705 -0.04301065 0.25659958
v 0.00118501 -0.04297680 0.25660505
v 0.00155438 -0.04322391 0.25665826
v 0.00160615 -0.04326944 0.25665291
v 0.00160354 -0.04326944 0.25656545
v 0.00156488 -0.04323515 0.25656946
v 0.00148982 -0.04317340 0.25657702
v 0.00141266 -0.04311413 0.25667218
v 0.00141018 -0.04311422 0.25658471
v 0.00140628 -0.04310966 0.25667278
v 0.00140368 -0.04310966 0.25658532
v 0.00132860 -0.04305965 0.25659228
v 0.00178393 -0.04345354 0.25663310
v 0.00178132 -0.04345354 0.25654564
v 0.00177314 -0.04344397 0.25654661
v 0.00168767 -0.04334803 0.25664412
v 0.00170686 -0.04337061 0.25655423
v 0.00163744 -0.04330104 0.25656185
v 0.00183522 -0.04351988 0.25653910
v 0.00181045 -0.04348546 0.25662992
v 0.00189369 -0.04359904 0.25653165
v 0.00192080 -0.04363480 0.25661586
v 0.00193409 -0.04365893 0.25652624
v 0.00193670 -0.04365893 0.25661370
v 0.00194789 -0.04368050 0.25652433
v 0.00199808 -0.04376461 0.25651711
v 0.00201710 -0.04379430 0.25660210
v 0.00204394 -0.04385080 0.25651005
v 0.00206196 -0.04388223 0.25659501
v 0.00205936 -0.04388223 0.25650755
v 0.00208549 -0.04393900 0.25650313
v 0.00209804 -0.04396190 0.25658885
v 0.00212260 -0.04402893 0.25649639
v 0.00215519 -0.04412021 0.25648985
v 0.00215765 -0.04411978 0.25657734
v 0.00216273 -0.04413537 0.25657626
v 0.00224197 -0.04449050 0.25655362
v 0.00222589 -0.04440188 0.25647143
v 0.00222220 -0.04436768 0.25656100
v 0.00221959 -0.04436768 0.25647353
v 0.00221071 -0.04431235 0.25656447
v 0.00220673 -0.04430623 0.25647740
v 0.00218328 -0.04421288 0.25648351
v 0.00225455 -0.04462186 0.25654623
v 0.00224992 -0.04459298 0.25646035
v 0.00224025 -0.04449753 0.25646575
v 0.00222099 -0.04513232 0.25652023
v 0.00222848 -0.04507676 0.25643557
v 0.00223976 -0.04501984 0.25652590
v 0.00224247 -0.04497800 0.25644055
v 0.00225415 -0.04487814 0.25653305
v 0.00225145 -0.04487969 0.25644551
v 0.00225617 -0.04484264 0.25653484
v 0.00225552 -0.04478343 0.25645037
v 0.00225689 -0.04466758 0.25654378
v 0.00225498 -0.04468777 0.25645525
v 0.00225194 -0.04462186 0.25645877
v 0.00220694 -0.04519798 0.25651693
v 0.00220982 -0.04517361 0.25643069
v 0.00221838 -0.04513232 0.25643277
v 0.00205901 -0.04561777 0.25649582
v 0.00206532 -0.04559907 0.25640930
v 0.00209108 -0.04554802 0.25649932
v 0.00210484 -0.04550945 0.25641380
v 0.00215558 -0.04538022 0.25650776
v 0.00212529 -0.04545782 0.25641639
v 0.00215297 -0.04538022 0.25642030
v 0.00215737 -0.04537483 0.25650803
v 0.00215814 -0.04536450 0.25642109
v 0.00218621 -0.04527018 0.25642583
v 0.00200858 -0.04571521 0.25649093
v 0.00202136 -0.04568684 0.25640490
v 0.00205640 -0.04561777 0.25640836
v 0.00191078 -0.04587417 0.25648297
v 0.00192112 -0.04585493 0.25639647
v 0.00193286 -0.04584107 0.25648463
v 0.00193025 -0.04584107 0.25639717
v 0.00197329 -0.04577212 0.25640062
v 0.00177920 -0.04604646 0.25647435
v 0.00177659 -0.04604646 0.25638689
v 0.00179901 -0.04602287 0.25647553
v 0.00180544 -0.04601187 0.25638862
v 0.00186511 -0.04593491 0.25639247
v 0.00160056 -0.04623055 0.25646517
v 0.00160615 -0.04622308 0.25637808
v 0.00167494 -0.04615956 0.25646871
v 0.00167586 -0.04615601 0.25638142
v 0.00174223 -0.04608569 0.25638493
v 0.00139778 -0.04639179 0.25645715
v 0.00139725 -0.04639034 0.25636977
v 0.00139986 -0.04639034 0.25645723
v 0.00145727 -0.04634687 0.25637192
v 0.00154050 -0.04628286 0.25646256
v 0.00153383 -0.04628625 0.25637493
v 0.00159795 -0.04623056 0.25637771
v 0.00118040 -0.04652320 0.25645055
v 0.00121607 -0.04650273 0.25636418
v 0.00124894 -0.04648577 0.25645250
v 0.00129815 -0.04645511 0.25636656
v 0.00137863 -0.04640316 0.25636913
v 0.00109214 -0.04656647 0.25644803
v 0.00094576 -0.04662694 0.25644387
v 0.00094774 -0.04662524 0.25635653
v 0.00103954 -0.04658865 0.25635915
v 0.00112936 -0.04654761 0.25636171
v 0.00117780 -0.04652320 0.25636309
v 0.00044643 -0.04674076 0.25642964
v 0.00046899 -0.04673817 0.25634290
v 0.00056986 -0.04672499 0.25643316
v 0.00056609 -0.04672517 0.25634566
v 0.00069975 -0.04669986 0.25643686
v 0.00066208 -0.04670752 0.25634840
v 0.00069714 -0.04669986 0.25634940
v 0.00075083 -0.04668751 0.25643831
v 0.00075866 -0.04668481 0.25635115
v 0.00092556 -0.04663424 0.25644329
v 0.00085341 -0.04665753 0.25635385
v 0.00094315 -0.04662694 0.25635640
v 0.00018995 -0.04674897 0.25642234
v 0.00018734 -0.04674897 0.25633487
v 0.00019812 -0.04674922 0.25642257
v 0.00027301 -0.04674988 0.25633731
v 0.00038484 -0.04674574 0.25642789
v 0.00037121 -0.04674642 0.25634011
v 0.00044382 -0.04674076 0.25634218
v -0.00001944 -0.04673161 0.25632898
v 0.00007752 -0.04674244 0.25633175
v 0.00017513 -0.04674854 0.25633453
v -0.00034821 -0.04665739 0.25640701
v -0.00031826 -0.04666734 0.25632047
v -0.00031566 -0.04666734 0.25640793
v -0.00030383 -0.04667156 0.25632088
v -0.00017073 -0.04670447 0.25641206
v -0.00021044 -0.04669606 0.25632354
v -0.00011544 -0.04671613 0.25632625
v -0.00067915 -0.04651953 0.25639758
v -0.00057583 -0.04657133 0.25631313
v -0.00055648 -0.04657883 0.25640107
v -0.00055909 -0.04657883 0.25631361
v -0.00051826 -0.04659525 0.25640216
v -0.00048597 -0.04660944 0.25631569
v -0.00039601 -0.04664256 0.25631826
v -0.00078399 -0.04646028 0.25639457
v -0.00074690 -0.04648370 0.25630826
v -0.00066282 -0.04652936 0.25631066
v -0.00099450 -0.04631366 0.25638729
v -0.00099014 -0.04631918 0.25630011
v -0.00097596 -0.04632825 0.25638802
v -0.00091037 -0.04637896 0.25630308
v -0.00083053 -0.04643124 0.25639313
v -0.00082864 -0.04643412 0.25630581
v -0.00078660 -0.04646028 0.25630710
v -0.00111397 -0.04621060 0.25638217
v -0.00118456 -0.04614136 0.25637871
v -0.00118716 -0.04614136 0.25629125
v -0.00113952 -0.04618884 0.25629362
v -0.00106613 -0.04625613 0.25629697
v -0.00099710 -0.04631366 0.25629983
v -0.00135105 -0.04594622 0.25636897
v -0.00133628 -0.04596911 0.25628265
v -0.00124244 -0.04607913 0.25637561
v -0.00127482 -0.04604495 0.25628644
v -0.00120875 -0.04611877 0.25629012
v -0.00155168 -0.04561581 0.25635241
v -0.00149809 -0.04572389 0.25627037
v -0.00149124 -0.04573144 0.25635821
v -0.00149385 -0.04573143 0.25627075
v -0.00146292 -0.04577997 0.25636064
v -0.00144813 -0.04580830 0.25627460
v -0.00135935 -0.04593505 0.25636841
v -0.00139414 -0.04589011 0.25627870
v -0.00135366 -0.04594622 0.25628150
v -0.00160283 -0.04550053 0.25634662
v -0.00158501 -0.04554896 0.25626159
v -0.00154372 -0.04563741 0.25626603
v -0.00162455 -0.04544475 0.25634381
v -0.00162185 -0.04545883 0.25625706
v -0.00160544 -0.04550053 0.25625916
v -0.00168399 -0.04525731 0.25633439
v -0.00168660 -0.04525731 0.25624693
v -0.00168085 -0.04526908 0.25633498
v -0.00168196 -0.04527455 0.25624779
v -0.00165415 -0.04536738 0.25625246
v -0.00174326 -0.04491334 0.25631705
v -0.00173774 -0.04499192 0.25623356
v -0.00173338 -0.04500576 0.25632172
v -0.00173599 -0.04500575 0.25623425
v -0.00172035 -0.04509118 0.25632602
v -0.00172377 -0.04508648 0.25623832
v -0.00170512 -0.04518109 0.25624309
v -0.00175019 -0.04475000 0.25630881
v -0.00175210 -0.04479985 0.25622387
v -0.00174728 -0.04489552 0.25622870
v -0.00173418 -0.04449424 0.25629493
v -0.00173864 -0.04450932 0.25620834
v -0.00174160 -0.04456166 0.25629878
v -0.00174794 -0.04460760 0.25621386
v -0.00175017 -0.04473771 0.25630819
v -0.00175234 -0.04470410 0.25621900
v -0.00175280 -0.04475000 0.25622135
v -0.00168563 -0.04424269 0.25627934
v -0.00170540 -0.04431392 0.25619649
v -0.00171695 -0.04438368 0.25628832
v -0.00172434 -0.04441063 0.25620250
v -0.00173678 -0.04449425 0.25620747
v -0.00160535 -0.04399947 0.25626230
v -0.00160795 -0.04399947 0.25617484
v -0.00161766 -0.04403079 0.25626461
v -0.00162009 -0.04403033 0.25617711
v -0.00167569 -0.04420595 0.25627689
v -0.00165318 -0.04412341 0.25618378
v -0.00168151 -0.04421753 0.25619021
v -0.00168824 -0.04424269 0.25619188
v -0.00145286 -0.04369756 0.25623803
v -0.00149546 -0.04376537 0.25615636
v -0.00149464 -0.04376856 0.25624408
v -0.00149725 -0.04376856 0.25615662
v -0.00154314 -0.04386056 0.25625160
v -0.00154135 -0.04385172 0.25616343
v -0.00158295 -0.04394017 0.25617036
v -0.00134796 -0.04354392 0.25622406
v -0.00135795 -0.04355378 0.25613754
v -0.00135534 -0.04355378 0.25622500
v -0.00139140 -0.04360013 0.25614186
v -0.00144538 -0.04368137 0.25614915
v -0.00122994 -0.04340153 0.25620990
v -0.00127231 -0.04344656 0.25612706
v -0.00133366 -0.04352180 0.25613449
v -0.00110062 -0.04327194 0.25619571
v -0.00113968 -0.04330611 0.25611213
v -0.00118972 -0.04335864 0.25620535
v -0.00119233 -0.04335863 0.25611789
v -0.00120769 -0.04337472 0.25611961
v -0.00079342 -0.04303971 0.25607822
v -0.00091889 -0.04312258 0.25608981
v -0.00096201 -0.04315632 0.25618168
v -0.00099499 -0.04317987 0.25609720
v -0.00100051 -0.04318634 0.25618547
v -0.00100312 -0.04318634 0.25609801
v -0.00106893 -0.04324132 0.25610468
v -0.00066433 -0.04296903 0.25615449
v -0.00056409 -0.04292117 0.25614564
v -0.00061819 -0.04294490 0.25606272
v -0.00081627 -0.04305544 0.25616798
v -0.00079081 -0.04303971 0.25616568
v -0.00078806 -0.04303647 0.25607774
v -0.00070467 -0.04298886 0.25607036
v -0.00050262 -0.04289513 0.25614021
v -0.00052823 -0.04290459 0.25605478
v -0.00056670 -0.04292117 0.25605817
v -0.00015425 -0.04279017 0.25610945
v -0.00007479 -0.04277564 0.25610244
v -0.00007740 -0.04277564 0.25601498
v -0.00015099 -0.04278898 0.25602147
v -0.00024669 -0.04281067 0.25602992
v -0.00032411 -0.04283266 0.25612445
v -0.00032671 -0.04283266 0.25603699
v -0.00033200 -0.04283503 0.25612515
v -0.00034214 -0.04283732 0.25603835
v -0.00043547 -0.04286844 0.25604659
v 0.00021415 -0.04275022 0.25607693
v 0.00017714 -0.04275103 0.25599250
v 0.00017975 -0.04275103 0.25607997
v 0.00014002 -0.04275257 0.25599578
v 0.00002856 -0.04276166 0.25609331
v 0.00004272 -0.04275991 0.25600437
v -0.00005386 -0.04277197 0.25601290
v 0.00068778 -0.04280014 0.25603511
v 0.00062447 -0.04278725 0.25595301
v 0.00058407 -0.04277930 0.25604427
v 0.00052889 -0.04277091 0.25596145
v 0.00043534 -0.04275924 0.25605740
v 0.00043241 -0.04275921 0.25596997
v 0.00040013 -0.04275615 0.25606051
v 0.00033525 -0.04275223 0.25597855
v 0.00023763 -0.04275000 0.25598716
v 0.00076366 -0.04281908 0.25602841
v 0.00071869 -0.04280812 0.25594469
v 0.00068517 -0.04280014 0.25594765
v 0.00093676 -0.04287448 0.25601313
v 0.00093033 -0.04287306 0.25592601
v 0.00093293 -0.04287306 0.25601347
v 0.00090293 -0.04286319 0.25592843
v 0.00081180 -0.04283352 0.25593647
v 0.00125628 -0.04302657 0.25598492
v 0.00138543 -0.04310966 0.25597309
v 0.00133352 -0.04307627 0.25589023
v 0.00125135 -0.04302520 0.25589767
v 0.00116726 -0.04297843 0.25590509
v 0.00116677 -0.04297680 0.25599283
v 0.00116416 -0.04297680 0.25590537
v 0.00110147 -0.04294417 0.25599859
v 0.00108000 -0.04293529 0.25591280
v 0.00099274 -0.04289728 0.25592050
v 0.00158530 -0.04326944 0.25595322
v 0.00156814 -0.04325632 0.25586728
v 0.00154494 -0.04323368 0.25595741
v 0.00149227 -0.04319192 0.25587501
v 0.00140383 -0.04312268 0.25597135
v 0.00141404 -0.04313193 0.25588267
v 0.00138283 -0.04310966 0.25588563
v 0.00167743 -0.04335894 0.25594325
v 0.00176308 -0.04345354 0.25593341
v 0.00176047 -0.04345354 0.25584595
v 0.00170866 -0.04339487 0.25585198
v 0.00163988 -0.04332362 0.25585964
v 0.00158269 -0.04326944 0.25586576
v 0.00191585 -0.04365893 0.25591401
v 0.00191325 -0.04365893 0.25582655
v 0.00190850 -0.04364767 0.25591501
v 0.00189102 -0.04362541 0.25582955
v 0.00179925 -0.04349742 0.25592906
v 0.00183439 -0.04354607 0.25583691
v 0.00177325 -0.04346876 0.25584443
v 0.00204111 -0.04388223 0.25589532
v 0.00203704 -0.04387919 0.25580810
v 0.00200356 -0.04380792 0.25590129
v 0.00199254 -0.04379226 0.25581512
v 0.00194381 -0.04370758 0.25582228
v 0.00213680 -0.04411978 0.25587766
v 0.00211280 -0.04405835 0.25579456
v 0.00208318 -0.04397610 0.25588809
v 0.00207716 -0.04396797 0.25580124
v 0.00203851 -0.04388223 0.25580786
v 0.00219256 -0.04433694 0.25577577
v 0.00217051 -0.04424295 0.25578182
v 0.00214650 -0.04414995 0.25587556
v 0.00214396 -0.04415019 0.25578808
v 0.00213420 -0.04411978 0.25579019
v 0.00220014 -0.04513232 0.25582055
v 0.00220194 -0.04510916 0.25573425
v 0.00221682 -0.04503461 0.25582547
v 0.00221741 -0.04501167 0.25573916
v 0.00223330 -0.04487814 0.25583336
v 0.00222809 -0.04491316 0.25574413
v 0.00223070 -0.04487814 0.25574590
v 0.00223457 -0.04485725 0.25583441
v 0.00223384 -0.04481534 0.25574907
v 0.00223656 -0.04468215 0.25584332
v 0.00223480 -0.04471856 0.25575397
v 0.00223370 -0.04462186 0.25584654
v 0.00223105 -0.04462121 0.25575911
v 0.00222297 -0.04450527 0.25585307
v 0.00222282 -0.04452641 0.25576440
v 0.00220994 -0.04443117 0.25576997
v 0.00213473 -0.04538022 0.25580807
v 0.00215649 -0.04530186 0.25572455
v 0.00218262 -0.04521274 0.25581649
v 0.00218147 -0.04520660 0.25572934
v 0.00219753 -0.04513232 0.25573308
v 0.00206399 -0.04556215 0.25579893
v 0.00203816 -0.04561777 0.25579613
v 0.00203555 -0.04561777 0.25570867
v 0.00205371 -0.04557915 0.25571061
v 0.00209250 -0.04548848 0.25571516
v 0.00213165 -0.04538937 0.25580761
v 0.00212666 -0.04539635 0.25571980
v 0.00213212 -0.04538022 0.25572061
v 0.00191201 -0.04584107 0.25578494
v 0.00191265 -0.04583608 0.25569773
v 0.00198018 -0.04572874 0.25579057
v 0.00196385 -0.04575274 0.25570190
v 0.00201092 -0.04566699 0.25570620
v 0.00164331 -0.04617031 0.25576848
v 0.00173631 -0.04606889 0.25568608
v 0.00175835 -0.04604646 0.25577466
v 0.00175574 -0.04604646 0.25568720
v 0.00176831 -0.04603469 0.25577525
v 0.00179865 -0.04599441 0.25568980
v 0.00188117 -0.04588692 0.25578264
v 0.00185751 -0.04591673 0.25569369
v 0.00190940 -0.04584107 0.25569748
v 0.00157971 -0.04623055 0.25576548
v 0.00160177 -0.04620781 0.25567915
v 0.00167052 -0.04614018 0.25568252
v 0.00150810 -0.04629246 0.25576240
v 0.00152976 -0.04627213 0.25567595
v 0.00157710 -0.04623056 0.25567802
v 0.00136478 -0.04640016 0.25575705
v 0.00129865 -0.04644186 0.25566752
v 0.00137790 -0.04638930 0.25567013
v 0.00137901 -0.04639034 0.25575754
v 0.00145536 -0.04633243 0.25567295
v 0.00092491 -0.04662694 0.25574418
v 0.00096895 -0.04660913 0.25565804
v 0.00105782 -0.04657261 0.25574796
v 0.00106075 -0.04657010 0.25566066
v 0.00114955 -0.04652703 0.25566319
v 0.00067890 -0.04669986 0.25573717
v 0.00068584 -0.04669766 0.25564998
v 0.00071517 -0.04669123 0.25573820
v 0.00078122 -0.04667294 0.25565270
v 0.00089050 -0.04663923 0.25574320
v 0.00087626 -0.04664322 0.25565540
v 0.00092230 -0.04662694 0.25565672
v 0.00053378 -0.04672736 0.25573303
v 0.00042558 -0.04674076 0.25572995
v 0.00042297 -0.04674076 0.25564249
v 0.00049170 -0.04673294 0.25564445
v 0.00058881 -0.04671776 0.25564721
v 0.00067630 -0.04669986 0.25564971
v 0.00016178 -0.04674872 0.25572244
v 0.00016649 -0.04674897 0.25563519
v 0.00016910 -0.04674897 0.25572265
v 0.00019816 -0.04674974 0.25563609
v 0.00034853 -0.04674669 0.25572776
v 0.00029602 -0.04674893 0.25563887
v 0.00039364 -0.04674337 0.25564166
v -0.00020653 -0.04670117 0.25571195
v -0.00009337 -0.04672364 0.25562778
v -0.00008633 -0.04672436 0.25571537
v -0.00008894 -0.04672436 0.25562791
v -0.00002403 -0.04673342 0.25571714
v 0.00000313 -0.04673705 0.25563053
v 0.00010041 -0.04674576 0.25563330
v -0.00033651 -0.04666734 0.25570824
v -0.00028305 -0.04668307 0.25562238
v -0.00018874 -0.04670564 0.25562507
v -0.00038347 -0.04665279 0.25570691
v -0.00037557 -0.04665615 0.25561974
v -0.00033911 -0.04666734 0.25562078
v -0.00057733 -0.04657883 0.25570138
v -0.00057994 -0.04657883 0.25561392
v -0.00055283 -0.04658946 0.25570208
v -0.00055570 -0.04658935 0.25561461
v -0.00046683 -0.04662477 0.25561714
v -0.00080484 -0.04646028 0.25569488
v -0.00080745 -0.04646029 0.25560742
v -0.00071289 -0.04651269 0.25569752
v -0.00072760 -0.04650615 0.25560972
v -0.00064312 -0.04654957 0.25561212
v -0.00120541 -0.04614136 0.25567902
v -0.00119919 -0.04615040 0.25559201
v -0.00114587 -0.04620021 0.25568196
v -0.00112776 -0.04621957 0.25559546
v -0.00101535 -0.04631366 0.25568761
v -0.00105357 -0.04628463 0.25559870
v -0.00101795 -0.04631366 0.25560014
v -0.00100857 -0.04631904 0.25568787
v -0.00097533 -0.04634667 0.25560178
v -0.00086367 -0.04642326 0.25569304
v -0.00089494 -0.04640417 0.25560464
v -0.00081214 -0.04645744 0.25560727
v -0.00137190 -0.04594622 0.25566927
v -0.00133039 -0.04600304 0.25558466
v -0.00127345 -0.04606764 0.25567534
v -0.00126644 -0.04607852 0.25558843
v -0.00120801 -0.04614136 0.25559156
v -0.00149171 -0.04576667 0.25566028
v -0.00151209 -0.04573144 0.25565852
v -0.00151470 -0.04573144 0.25557106
v -0.00149773 -0.04576089 0.25557253
v -0.00144606 -0.04584410 0.25557670
v -0.00138932 -0.04592258 0.25566809
v -0.00139010 -0.04592509 0.25558076
v -0.00137451 -0.04594622 0.25558181
v -0.00165070 -0.04543032 0.25564340
v -0.00162725 -0.04549817 0.25555935
v -0.00162368 -0.04550053 0.25564693
v -0.00162629 -0.04550053 0.25555947
v -0.00157919 -0.04560185 0.25565202
v -0.00158846 -0.04558761 0.25556384
v -0.00154527 -0.04567524 0.25556824
v -0.00174373 -0.04507639 0.25562559
v -0.00171650 -0.04522166 0.25554544
v -0.00170561 -0.04525438 0.25563455
v -0.00170745 -0.04525731 0.25554724
v -0.00170484 -0.04525731 0.25563470
v -0.00169127 -0.04531508 0.25555014
v -0.00166155 -0.04540719 0.25555478
v -0.00175423 -0.04500576 0.25562203
v -0.00175311 -0.04503284 0.25553593
v -0.00173706 -0.04512779 0.25554071
v -0.00176528 -0.04489866 0.25561662
v -0.00176449 -0.04493812 0.25553115
v -0.00175684 -0.04500575 0.25553457
v -0.00177104 -0.04475000 0.25560912
v -0.00177202 -0.04482778 0.25552559
v -0.00176574 -0.04492462 0.25553047
v -0.00176102 -0.04454694 0.25559826
v -0.00175503 -0.04449424 0.25559524
v -0.00175763 -0.04449424 0.25550778
v -0.00176262 -0.04453713 0.25551024
v -0.00177051 -0.04463493 0.25551565
v -0.00177090 -0.04472323 0.25560776
v -0.00177359 -0.04473187 0.25552074
v -0.00177365 -0.04475000 0.25552166
v -0.00170648 -0.04424269 0.25557965
v -0.00170977 -0.04424532 0.25549236
v -0.00173502 -0.04436889 0.25558772
v -0.00173210 -0.04434122 0.25549853
v -0.00174986 -0.04443924 0.25550454
v -0.00151549 -0.04376856 0.25554439
v -0.00152935 -0.04378889 0.25545863
v -0.00155709 -0.04384673 0.25555080
v -0.00157422 -0.04387614 0.25546569
v -0.00162620 -0.04399947 0.25556261
v -0.00161469 -0.04396534 0.25547259
v -0.00162880 -0.04399947 0.25547515
v -0.00163295 -0.04401645 0.25556387
v -0.00165096 -0.04405703 0.25547937
v -0.00169236 -0.04419129 0.25557622
v -0.00168255 -0.04415001 0.25548593
v -0.00170909 -0.04424269 0.25549219
v -0.00137619 -0.04355378 0.25552531
v -0.00142754 -0.04362227 0.25544419
v -0.00146555 -0.04368443 0.25553719
v -0.00148046 -0.04370431 0.25545146
v -0.00151810 -0.04376856 0.25545693
v -0.00135949 -0.04353165 0.25552320
v -0.00137081 -0.04354312 0.25543684
v -0.00137880 -0.04355378 0.25543785
v -0.00121057 -0.04335864 0.25550566
v -0.00121318 -0.04335863 0.25541820
v -0.00124046 -0.04339027 0.25550903
v -0.00124665 -0.04339415 0.25542197
v -0.00131049 -0.04346706 0.25542943
v -0.00102136 -0.04318634 0.25548578
v -0.00103515 -0.04319534 0.25539944
v -0.00111029 -0.04326180 0.25549485
v -0.00110873 -0.04325806 0.25540695
v -0.00117972 -0.04332481 0.25541452
v -0.00067214 -0.04296241 0.25545364
v -0.00058494 -0.04292117 0.25544595
v -0.00063035 -0.04294077 0.25536226
v -0.00071782 -0.04298474 0.25536999
v -0.00080050 -0.04303142 0.25537730
v -0.00081166 -0.04303971 0.25546599
v -0.00081427 -0.04303971 0.25537853
v -0.00082478 -0.04304775 0.25546717
v -0.00088132 -0.04308230 0.25538464
v -0.00097101 -0.04314739 0.25548084
v -0.00095920 -0.04313669 0.25539199
v -0.00102397 -0.04318634 0.25539832
v -0.00050963 -0.04288959 0.25543930
v -0.00034495 -0.04283266 0.25542476
v -0.00035351 -0.04283444 0.25533782
v -0.00044789 -0.04286542 0.25534616
v -0.00053983 -0.04290074 0.25535427
v -0.00058755 -0.04292117 0.25535849
v 0.00015890 -0.04275103 0.25538028
v 0.00012947 -0.04275207 0.25529518
v 0.00002304 -0.04276005 0.25539227
v 0.00003195 -0.04275892 0.25530379
v -0.00009564 -0.04277564 0.25540275
v -0.00006568 -0.04277064 0.25531241
v -0.00009825 -0.04277564 0.25531529
v -0.00016009 -0.04278717 0.25540844
v -0.00016228 -0.04278709 0.25532094
v -0.00033834 -0.04283071 0.25542417
v -0.00025877 -0.04280847 0.25532946
v -0.00034756 -0.04283266 0.25533730
v 0.00041449 -0.04275924 0.25535771
v 0.00041188 -0.04275924 0.25527025
v 0.00039465 -0.04275742 0.25535946
v 0.00032478 -0.04275275 0.25527794
v 0.00020875 -0.04275005 0.25537587
v 0.00022730 -0.04275001 0.25528655
v 0.00015629 -0.04275103 0.25529282
v 0.00057832 -0.04278198 0.25534325
v 0.00051828 -0.04277243 0.25526086
v 0.00042189 -0.04276023 0.25526937
v 0.00075745 -0.04282309 0.25532743
v 0.00070865 -0.04281082 0.25524405
v 0.00066693 -0.04280014 0.25533542
v 0.00066432 -0.04280014 0.25524796
v 0.00061362 -0.04278924 0.25525244
v 0.00092992 -0.04287974 0.25531221
v 0.00090948 -0.04287306 0.25522632
v 0.00091208 -0.04287306 0.25531378
v 0.00089331 -0.04286718 0.25522775
v 0.00080196 -0.04283685 0.25523581
v 0.00124786 -0.04303397 0.25528412
v 0.00136459 -0.04310966 0.25527341
v 0.00131924 -0.04308059 0.25518994
v 0.00123795 -0.04302961 0.25519731
v 0.00115475 -0.04298283 0.25520467
v 0.00114592 -0.04297680 0.25529314
v 0.00114331 -0.04297680 0.25520568
v 0.00109386 -0.04295055 0.25529773
v 0.00106998 -0.04294036 0.25521215
v 0.00098236 -0.04290158 0.25521989
v 0.00156445 -0.04326944 0.25525353
v 0.00155355 -0.04326194 0.25516694
v 0.00153544 -0.04324354 0.25525655
v 0.00147877 -0.04319787 0.25517459
v 0.00139497 -0.04313132 0.25527052
v 0.00140004 -0.04313694 0.25518232
v 0.00136198 -0.04310966 0.25518594
v 0.00166712 -0.04336994 0.25524238
v 0.00174223 -0.04345354 0.25523372
v 0.00173962 -0.04345354 0.25514626
v 0.00169355 -0.04340115 0.25515163
v 0.00162564 -0.04333017 0.25515923
v 0.00156184 -0.04326944 0.25516607
v 0.00189500 -0.04365893 0.25521432
v 0.00189240 -0.04365893 0.25512686
v 0.00187544 -0.04363323 0.25512916
v 0.00178797 -0.04350946 0.25522820
v 0.00181869 -0.04355296 0.25513657
v 0.00175824 -0.04347580 0.25514404
v 0.00192791 -0.04371576 0.25512189
v 0.00189609 -0.04366061 0.25521417
v 0.00197631 -0.04380081 0.25511473
v 0.00198992 -0.04382160 0.25520049
v 0.00201766 -0.04388223 0.25510817
v 0.00202026 -0.04388223 0.25519563
v 0.00202036 -0.04388789 0.25510772
v 0.00206821 -0.04399034 0.25518733
v 0.00206003 -0.04397685 0.25510088
v 0.00213015 -0.04416456 0.25517486
v 0.00212037 -0.04414146 0.25508899
v 0.00211595 -0.04411978 0.25517797
v 0.00211335 -0.04411978 0.25509050
v 0.00208870 -0.04404955 0.25509551
v 0.00218050 -0.04436768 0.25516162
v 0.00217789 -0.04436768 0.25507416
v 0.00217535 -0.04434189 0.25516323
v 0.00216987 -0.04432823 0.25507662
v 0.00214739 -0.04423432 0.25508270
v 0.00221285 -0.04462186 0.25514685
v 0.00220963 -0.04461241 0.25505990
v 0.00220386 -0.04452002 0.25515253
v 0.00220097 -0.04451762 0.25506521
v 0.00218767 -0.04442241 0.25507081
v 0.00217929 -0.04513232 0.25512085
v 0.00218337 -0.04509652 0.25503520
v 0.00219376 -0.04504939 0.25512503
v 0.00219822 -0.04499893 0.25504012
v 0.00221246 -0.04487814 0.25513367
v 0.00220825 -0.04490056 0.25504508
v 0.00220985 -0.04487814 0.25504621
v 0.00221286 -0.04487189 0.25513398
v 0.00221337 -0.04480292 0.25505000
v 0.00221613 -0.04469671 0.25514287
v 0.00221378 -0.04470801 0.25505482
v 0.00221024 -0.04462186 0.25505939
v 0.00215818 -0.04522748 0.25511606
v 0.00211388 -0.04538022 0.25510838
v 0.00211127 -0.04538022 0.25502092
v 0.00213915 -0.04528956 0.25502548
v 0.00216353 -0.04519412 0.25503028
v 0.00217668 -0.04513232 0.25503339
v 0.00189116 -0.04584107 0.25508525
v 0.00188855 -0.04584107 0.25499779
v 0.00189832 -0.04582596 0.25499854
v 0.00195168 -0.04574221 0.25509020
v 0.00194901 -0.04574233 0.25500273
v 0.00201731 -0.04561777 0.25509644
v 0.00199573 -0.04565598 0.25500707
v 0.00201470 -0.04561777 0.25500898
v 0.00203680 -0.04557624 0.25509853
v 0.00203811 -0.04556756 0.25501150
v 0.00210582 -0.04540388 0.25510719
v 0.00207634 -0.04547662 0.25501607
v 0.00210992 -0.04538426 0.25502071
v 0.00184366 -0.04590694 0.25499449
v 0.00185146 -0.04589960 0.25508232
v 0.00178525 -0.04598500 0.25499058
v 0.00173753 -0.04604642 0.25507498
v 0.00173489 -0.04604646 0.25498751
v 0.00161160 -0.04618098 0.25506826
v 0.00165795 -0.04613158 0.25498326
v 0.00172334 -0.04605988 0.25498684
v 0.00147563 -0.04630195 0.25506224
v 0.00151792 -0.04626442 0.25497664
v 0.00155886 -0.04623055 0.25506579
v 0.00155625 -0.04623056 0.25497833
v 0.00158957 -0.04619965 0.25497987
v 0.00133175 -0.04640843 0.25505695
v 0.00135555 -0.04639034 0.25497039
v 0.00135816 -0.04639034 0.25505785
v 0.00136670 -0.04638252 0.25497077
v 0.00144385 -0.04632518 0.25497362
v 0.00090406 -0.04662694 0.25504449
v 0.00094063 -0.04661207 0.25495814
v 0.00102344 -0.04657865 0.25504789
v 0.00103260 -0.04657340 0.25496076
v 0.00113871 -0.04652320 0.25505117
v 0.00112158 -0.04653069 0.25496330
v 0.00113610 -0.04652320 0.25496371
v 0.00118196 -0.04649998 0.25505240
v 0.00120586 -0.04648508 0.25496570
v 0.00128773 -0.04643557 0.25496814
v 0.00065805 -0.04669986 0.25503748
v 0.00065721 -0.04669945 0.25495007
v 0.00067948 -0.04669485 0.25503809
v 0.00075267 -0.04667512 0.25495279
v 0.00085539 -0.04664412 0.25504310
v 0.00084781 -0.04664579 0.25495550
v 0.00090145 -0.04662694 0.25495702
v 0.00049768 -0.04672961 0.25503291
v 0.00040473 -0.04674076 0.25503026
v 0.00040212 -0.04674076 0.25494280
v 0.00046295 -0.04673396 0.25494453
v 0.00056012 -0.04671917 0.25494730
v 0.00012545 -0.04674811 0.25502231
v 0.00014564 -0.04674897 0.25493549
v 0.00014825 -0.04674897 0.25502296
v 0.00015983 -0.04674938 0.25493590
v 0.00031221 -0.04674752 0.25502763
v 0.00025770 -0.04674943 0.25493869
v 0.00036487 -0.04674400 0.25494174
v -0.00024230 -0.04669775 0.25501183
v -0.00013131 -0.04672077 0.25492761
v -0.00010718 -0.04672436 0.25501568
v -0.00010978 -0.04672436 0.25492822
v -0.00006018 -0.04673138 0.25501702
v -0.00003502 -0.04673500 0.25493035
v 0.00006214 -0.04674455 0.25493312
v -0.00035736 -0.04666734 0.25500855
v -0.00032041 -0.04667862 0.25492222
v -0.00022662 -0.04670192 0.25492489
v -0.00058733 -0.04658358 0.25500200
v -0.00050348 -0.04661882 0.25491700
v -0.00041869 -0.04664808 0.25500681
v -0.00041302 -0.04665081 0.25491958
v -0.00035996 -0.04666734 0.25492109
v -0.00076375 -0.04649774 0.25490959
v -0.00067895 -0.04654224 0.25491201
v -0.00059818 -0.04657883 0.25500169
v -0.00060079 -0.04657883 0.25491423
v -0.00059257 -0.04658243 0.25491447
v -0.00103620 -0.04631366 0.25498791
v -0.00100809 -0.04633764 0.25490165
v -0.00089678 -0.04641518 0.25499295
v -0.00092786 -0.04639591 0.25490454
v -0.00084578 -0.04644958 0.25490720
v -0.00139275 -0.04594622 0.25496959
v -0.00135957 -0.04599262 0.25488444
v -0.00130439 -0.04605606 0.25497508
v -0.00129699 -0.04606754 0.25488819
v -0.00122626 -0.04614136 0.25497933
v -0.00122978 -0.04614042 0.25489183
v -0.00117770 -0.04618972 0.25498175
v -0.00115949 -0.04620948 0.25489527
v -0.00104113 -0.04630972 0.25498772
v -0.00108505 -0.04627571 0.25489857
v -0.00103880 -0.04631366 0.25490045
v -0.00152040 -0.04575330 0.25495993
v -0.00147386 -0.04583343 0.25487648
v -0.00141920 -0.04591003 0.25496777
v -0.00141864 -0.04591446 0.25488054
v -0.00139536 -0.04594622 0.25488212
v -0.00160659 -0.04558785 0.25495162
v -0.00157202 -0.04566388 0.25486798
v -0.00153294 -0.04573144 0.25495883
v -0.00153555 -0.04573144 0.25487137
v -0.00152510 -0.04574970 0.25487228
v -0.00167675 -0.04541586 0.25494298
v -0.00165285 -0.04548634 0.25485906
v -0.00164453 -0.04550053 0.25494724
v -0.00164714 -0.04550053 0.25485978
v -0.00161465 -0.04557599 0.25486357
v -0.00173026 -0.04523966 0.25493412
v -0.00172830 -0.04525731 0.25484755
v -0.00172569 -0.04525731 0.25493501
v -0.00171572 -0.04530280 0.25484984
v -0.00168653 -0.04539527 0.25485449
v -0.00176699 -0.04506161 0.25492515
v -0.00176031 -0.04511519 0.25484039
v -0.00174026 -0.04520959 0.25484514
v -0.00178719 -0.04488399 0.25491620
v -0.00179189 -0.04475000 0.25490943
v -0.00179450 -0.04475000 0.25482197
v -0.00179275 -0.04483051 0.25482604
v -0.00178653 -0.04492532 0.25483082
v -0.00177508 -0.04500576 0.25492234
v -0.00177769 -0.04500575 0.25483487
v -0.00177567 -0.04502073 0.25483563
v -0.00172733 -0.04424269 0.25487996
v -0.00173131 -0.04424800 0.25479285
v -0.00175296 -0.04435411 0.25488711
v -0.00175369 -0.04434483 0.25479907
v -0.00177588 -0.04449424 0.25489555
v -0.00177111 -0.04444188 0.25480500
v -0.00177848 -0.04449424 0.25480809
v -0.00178034 -0.04453220 0.25489773
v -0.00178385 -0.04454072 0.25481076
v -0.00179153 -0.04470872 0.25490732
v -0.00179159 -0.04463905 0.25481619
v -0.00179446 -0.04473493 0.25482121
v -0.00164705 -0.04399947 0.25486292
v -0.00164965 -0.04399947 0.25477546
v -0.00164812 -0.04400214 0.25486312
v -0.00165464 -0.04401197 0.25477638
v -0.00170892 -0.04417664 0.25487553
v -0.00168854 -0.04410440 0.25478306
v -0.00171773 -0.04419795 0.25478952
v -0.00172994 -0.04424269 0.25479250
v -0.00147813 -0.04367136 0.25483635
v -0.00152691 -0.04374741 0.25475546
v -0.00153634 -0.04376856 0.25484471
v -0.00153895 -0.04376856 0.25475724
v -0.00157093 -0.04383295 0.25485000
v -0.00157369 -0.04383326 0.25476257
v -0.00161640 -0.04392172 0.25476956
v -0.00139704 -0.04355378 0.25482562
v -0.00142120 -0.04358332 0.25474093
v -0.00147600 -0.04366397 0.25474824
v -0.00125091 -0.04337910 0.25480816
v -0.00130060 -0.04343107 0.25472611
v -0.00137094 -0.04351947 0.25482234
v -0.00136268 -0.04350563 0.25473354
v -0.00139965 -0.04355378 0.25473816
v -0.00111990 -0.04325176 0.25479399
v -0.00116663 -0.04329207 0.25471117
v -0.00123142 -0.04335864 0.25480597
v -0.00123403 -0.04335863 0.25471851
v -0.00097997 -0.04313855 0.25478000
v -0.00083325 -0.04304016 0.25476637
v -0.00083512 -0.04303971 0.25467884
v -0.00094413 -0.04311092 0.25468887
v -0.00102075 -0.04316740 0.25469625
v -0.00104221 -0.04318634 0.25478609
v -0.00104482 -0.04318634 0.25469863
v -0.00109527 -0.04322805 0.25470372
v -0.00060579 -0.04292117 0.25474626
v -0.00064973 -0.04294008 0.25466244
v -0.00067988 -0.04295588 0.25475280
v -0.00073674 -0.04298370 0.25467013
v -0.00082060 -0.04303098 0.25467754
v -0.00051658 -0.04288416 0.25473838
v -0.00036580 -0.04283266 0.25472507
v -0.00037309 -0.04283406 0.25463802
v -0.00046658 -0.04286465 0.25464628
v -0.00055954 -0.04290027 0.25465448
v -0.00060840 -0.04292117 0.25465880
v 0.00013805 -0.04275103 0.25468059
v 0.00011052 -0.04275198 0.25459533
v 0.00001753 -0.04275856 0.25469123
v 0.00001266 -0.04275878 0.25460397
v -0.00011649 -0.04277564 0.25470306
v -0.00008452 -0.04277034 0.25461254
v -0.00011910 -0.04277564 0.25461560
v -0.00016590 -0.04278428 0.25470742
v -0.00018171 -0.04278681 0.25462113
v -0.00034464 -0.04282650 0.25472320
v -0.00027752 -0.04280795 0.25462958
v -0.00036841 -0.04283266 0.25463761
v 0.00039364 -0.04275924 0.25465802
v 0.00039103 -0.04275924 0.25457056
v 0.00038915 -0.04275881 0.25465842
v 0.00030571 -0.04275284 0.25457809
v 0.00020335 -0.04275000 0.25467482
v 0.00020813 -0.04275002 0.25458671
v 0.00013544 -0.04275103 0.25459313
v 0.00059479 -0.04278965 0.25455257
v 0.00049934 -0.04277272 0.25456100
v 0.00040289 -0.04276042 0.25456951
v 0.00108618 -0.04295701 0.25459688
v 0.00096225 -0.04290189 0.25452013
v 0.00092301 -0.04288509 0.25461129
v 0.00088863 -0.04287306 0.25452663
v 0.00089123 -0.04287306 0.25461409
v 0.00087267 -0.04286725 0.25452804
v 0.00075119 -0.04282722 0.25462646
v 0.00078176 -0.04283705 0.25453607
v 0.00068884 -0.04281108 0.25454427
v 0.00123942 -0.04304147 0.25458332
v 0.00134374 -0.04310966 0.25457372
v 0.00129924 -0.04308115 0.25449017
v 0.00121711 -0.04302961 0.25449762
v 0.00113470 -0.04298325 0.25450491
v 0.00112507 -0.04297680 0.25459345
v 0.00112246 -0.04297680 0.25450599
v 0.00104923 -0.04294041 0.25451245
v 0.00154360 -0.04326944 0.25455384
v 0.00153319 -0.04326237 0.25446719
v 0.00152588 -0.04325350 0.25455569
v 0.00145764 -0.04319764 0.25447493
v 0.00138605 -0.04314008 0.25456968
v 0.00137968 -0.04313730 0.25448258
v 0.00134113 -0.04310966 0.25448626
v 0.00165674 -0.04338103 0.25454152
v 0.00172138 -0.04345354 0.25453403
v 0.00171877 -0.04345354 0.25444657
v 0.00166542 -0.04339319 0.25445277
v 0.00160062 -0.04332603 0.25446000
v 0.00154099 -0.04326944 0.25446638
v 0.00187415 -0.04365893 0.25451463
v 0.00184827 -0.04362385 0.25443032
v 0.00177659 -0.04352158 0.25452733
v 0.00179129 -0.04354421 0.25443771
v 0.00173008 -0.04346699 0.25444523
v 0.00199941 -0.04388223 0.25449594
v 0.00199472 -0.04387789 0.25440882
v 0.00197617 -0.04383534 0.25449968
v 0.00195015 -0.04379100 0.25441585
v 0.00188359 -0.04367362 0.25451333
v 0.00190136 -0.04370635 0.25442301
v 0.00187155 -0.04365893 0.25442717
v 0.00205313 -0.04400462 0.25448658
v 0.00203490 -0.04396665 0.25440196
v 0.00199681 -0.04388223 0.25440848
v 0.00215965 -0.04436768 0.25446193
v 0.00215705 -0.04436768 0.25437447
v 0.00215750 -0.04435667 0.25446261
v 0.00215057 -0.04433555 0.25437647
v 0.00211369 -0.04417918 0.25447417
v 0.00212845 -0.04424157 0.25438253
v 0.00210184 -0.04414883 0.25438879
v 0.00209510 -0.04411978 0.25447828
v 0.00209250 -0.04411978 0.25439082
v 0.00207061 -0.04405701 0.25439528
v 0.00219200 -0.04462186 0.25444716
v 0.00218926 -0.04461981 0.25435981
v 0.00218463 -0.04453476 0.25445200
v 0.00218096 -0.04452501 0.25436510
v 0.00216802 -0.04442977 0.25437068
v 0.00219161 -0.04487814 0.25443398
v 0.00219218 -0.04481414 0.25434975
v 0.00219559 -0.04471124 0.25444243
v 0.00219309 -0.04471727 0.25435466
v 0.00218939 -0.04462186 0.25435970
v 0.00215844 -0.04513232 0.25442117
v 0.00216046 -0.04510793 0.25433493
v 0.00217060 -0.04506417 0.25442460
v 0.00217588 -0.04501043 0.25433985
v 0.00219104 -0.04488654 0.25443356
v 0.00218649 -0.04491194 0.25434481
v 0.00218900 -0.04487814 0.25434652
v 0.00213363 -0.04524221 0.25441563
v 0.00214006 -0.04520539 0.25433003
v 0.00215583 -0.04513232 0.25433370
v 0.00207987 -0.04541837 0.25440677
v 0.00208537 -0.04539518 0.25432048
v 0.00209303 -0.04538022 0.25440869
v 0.00209042 -0.04538022 0.25432123
v 0.00211514 -0.04530066 0.25432523
v 0.00187031 -0.04584107 0.25438556
v 0.00187126 -0.04583559 0.25429837
v 0.00192307 -0.04575563 0.25438984
v 0.00192244 -0.04575224 0.25430255
v 0.00199646 -0.04561777 0.25439675
v 0.00196964 -0.04566618 0.25430686
v 0.00199385 -0.04561777 0.25430929
v 0.00200949 -0.04559028 0.25439813
v 0.00201253 -0.04557802 0.25431129
v 0.00205126 -0.04548733 0.25431584
v 0.00170666 -0.04605807 0.25437470
v 0.00171404 -0.04604646 0.25428782
v 0.00171665 -0.04604646 0.25437528
v 0.00175714 -0.04599418 0.25429044
v 0.00182166 -0.04591221 0.25438200
v 0.00181615 -0.04591626 0.25429433
v 0.00186770 -0.04584107 0.25429810
v 0.00157982 -0.04619155 0.25436804
v 0.00162883 -0.04614016 0.25428314
v 0.00169463 -0.04606887 0.25428670
v 0.00144312 -0.04631135 0.25436208
v 0.00148808 -0.04627212 0.25427657
v 0.00153801 -0.04623055 0.25436610
v 0.00153540 -0.04623056 0.25427864
v 0.00156009 -0.04620780 0.25427977
v 0.00129868 -0.04641659 0.25435686
v 0.00133621 -0.04638929 0.25427075
v 0.00133731 -0.04639034 0.25435816
v 0.00141368 -0.04633242 0.25427357
v 0.00088321 -0.04662694 0.25434480
v 0.00090851 -0.04661644 0.25425813
v 0.00098899 -0.04658461 0.25434781
v 0.00100074 -0.04657832 0.25426076
v 0.00111786 -0.04652320 0.25435148
v 0.00109003 -0.04653612 0.25426330
v 0.00111525 -0.04652320 0.25426402
v 0.00114836 -0.04650697 0.25435235
v 0.00117480 -0.04649088 0.25426572
v 0.00125697 -0.04644185 0.25426814
v 0.00046155 -0.04673174 0.25433279
v 0.00038388 -0.04674076 0.25433057
v 0.00038127 -0.04674076 0.25424311
v 0.00045118 -0.04673278 0.25424510
v 0.00054825 -0.04671755 0.25424787
v 0.00063720 -0.04669986 0.25433779
v 0.00063460 -0.04669986 0.25425033
v 0.00064374 -0.04669835 0.25433798
v 0.00072021 -0.04667835 0.25425277
v 0.00082022 -0.04664891 0.25434300
v 0.00081550 -0.04664960 0.25425548
v 0.00088060 -0.04662694 0.25425734
v 0.00012740 -0.04674897 0.25432327
v 0.00015713 -0.04674975 0.25423673
v 0.00027588 -0.04674823 0.25432750
v 0.00025526 -0.04674890 0.25423952
v 0.00035316 -0.04674327 0.25424231
v -0.00027803 -0.04669423 0.25431172
v -0.00013442 -0.04672375 0.25422842
v -0.00012803 -0.04672436 0.25431599
v -0.00013063 -0.04672436 0.25422853
v -0.00009631 -0.04672923 0.25431689
v -0.00003790 -0.04673712 0.25423117
v 0.00008912 -0.04674738 0.25432218
v 0.00005938 -0.04674581 0.25423394
v 0.00012479 -0.04674897 0.25423581
v -0.00037820 -0.04666734 0.25430887
v -0.00032411 -0.04668324 0.25422302
v -0.00022979 -0.04670578 0.25422571
v -0.00045385 -0.04664328 0.25430671
v -0.00041664 -0.04665635 0.25422038
v -0.00038081 -0.04666734 0.25422140
v -0.00062177 -0.04657761 0.25430193
v -0.00062163 -0.04657883 0.25421454
v -0.00061903 -0.04657883 0.25430200
v -0.00059680 -0.04658960 0.25421525
v -0.00050791 -0.04662499 0.25421778
v -0.00105705 -0.04631366 0.25428823
v -0.00101603 -0.04634742 0.25420244
v -0.00092985 -0.04640700 0.25429286
v -0.00093560 -0.04640487 0.25420529
v -0.00084654 -0.04646028 0.25429550
v -0.00085303 -0.04645793 0.25420792
v -0.00084915 -0.04646029 0.25420804
v -0.00078015 -0.04649876 0.25429741
v -0.00076873 -0.04650646 0.25421035
v -0.00068423 -0.04654985 0.25421276
v -0.00124711 -0.04614136 0.25427965
v -0.00124001 -0.04615129 0.25419268
v -0.00120947 -0.04617913 0.25428153
v -0.00116854 -0.04622042 0.25419612
v -0.00107363 -0.04630031 0.25428756
v -0.00109430 -0.04628544 0.25419936
v -0.00105965 -0.04631366 0.25420076
v -0.00133524 -0.04604439 0.25427480
v -0.00141360 -0.04594622 0.25426990
v -0.00141621 -0.04594622 0.25418243
v -0.00137130 -0.04600401 0.25418533
v -0.00130731 -0.04607945 0.25418909
v -0.00124971 -0.04614136 0.25419218
v -0.00155379 -0.04573144 0.25425914
v -0.00155640 -0.04573144 0.25417168
v -0.00154899 -0.04573988 0.25425956
v -0.00153880 -0.04576196 0.25417321
v -0.00144898 -0.04589741 0.25426745
v -0.00148708 -0.04584514 0.25417738
v -0.00143107 -0.04592610 0.25418143
v -0.00174654 -0.04525731 0.25423532
v -0.00173288 -0.04531538 0.25415078
v -0.00170267 -0.04540137 0.25424257
v -0.00170300 -0.04540792 0.25415543
v -0.00166538 -0.04550053 0.25424755
v -0.00166848 -0.04549932 0.25416003
v -0.00163388 -0.04557380 0.25425123
v -0.00162964 -0.04558873 0.25416452
v -0.00158639 -0.04567634 0.25416891
v -0.00179013 -0.04504683 0.25422472
v -0.00177870 -0.04512811 0.25414135
v -0.00175479 -0.04522492 0.25423369
v -0.00175813 -0.04522197 0.25414608
v -0.00174915 -0.04525731 0.25414786
v -0.00181305 -0.04484286 0.25412697
v -0.00180616 -0.04493844 0.25413179
v -0.00179593 -0.04500576 0.25422265
v -0.00179853 -0.04500575 0.25413519
v -0.00179476 -0.04503316 0.25413657
v -0.00174818 -0.04424269 0.25418027
v -0.00176374 -0.04429538 0.25409624
v -0.00177080 -0.04433933 0.25418649
v -0.00177716 -0.04435781 0.25410019
v -0.00179673 -0.04449424 0.25419586
v -0.00179409 -0.04445603 0.25410616
v -0.00179933 -0.04449424 0.25410840
v -0.00179954 -0.04451746 0.25419720
v -0.00180603 -0.04455404 0.25411182
v -0.00181205 -0.04469419 0.25420688
v -0.00181307 -0.04465156 0.25411717
v -0.00166790 -0.04399947 0.25416323
v -0.00167050 -0.04399947 0.25407577
v -0.00167628 -0.04401397 0.25407684
v -0.00172536 -0.04416202 0.25417484
v -0.00170998 -0.04410614 0.25408349
v -0.00173927 -0.04420038 0.25408999
v -0.00175079 -0.04424269 0.25409281
v -0.00163794 -0.04392324 0.25406999
v -0.00166318 -0.04398787 0.25416236
v -0.00159546 -0.04383505 0.25406302
v -0.00158466 -0.04381923 0.25414920
v -0.00155980 -0.04376856 0.25405756
v -0.00155719 -0.04376856 0.25414502
v -0.00154865 -0.04374896 0.25405591
v -0.00149062 -0.04365837 0.25413551
v -0.00149788 -0.04366557 0.25404869
v -0.00144315 -0.04358486 0.25404138
v -0.00141789 -0.04355378 0.25412593
v -0.00142050 -0.04355378 0.25403847
v -0.00138470 -0.04350711 0.25403400
v -0.00138229 -0.04350736 0.25412148
v -0.00132276 -0.04343257 0.25402657
v -0.00126128 -0.04336803 0.25410729
v -0.00125690 -0.04336073 0.25401905
v -0.00125488 -0.04335863 0.25401882
v -0.00125227 -0.04335863 0.25410629
v -0.00118802 -0.04329259 0.25401154
v -0.00112945 -0.04324182 0.25409313
v -0.00111635 -0.04322825 0.25400405
v -0.00106567 -0.04318634 0.25399894
v -0.00106306 -0.04318634 0.25408640
v -0.00104229 -0.04316793 0.25399663
v -0.00098887 -0.04312982 0.25407917
v -0.00096514 -0.04311104 0.25398920
v -0.00088621 -0.04305846 0.25398188
v -0.00085336 -0.04303971 0.25406661
v -0.00085597 -0.04303971 0.25397915
v -0.00080434 -0.04300940 0.25397456
v -0.00084169 -0.04303268 0.25406557
v -0.00071989 -0.04296415 0.25396711
v -0.00068755 -0.04294943 0.25405195
v -0.00062925 -0.04292117 0.25395911
v -0.00062664 -0.04292117 0.25404657
v -0.00053902 -0.04288377 0.25395114
v -0.00052347 -0.04287882 0.25403746
v -0.00044766 -0.04285102 0.25394307
v -0.00038665 -0.04283266 0.25402538
v -0.00038926 -0.04283266 0.25393792
v -0.00035407 -0.04282255 0.25393481
v -0.00035089 -0.04282239 0.25402222
v -0.00025885 -0.04279863 0.25392641
v -0.00017168 -0.04278151 0.25400640
v -0.00013734 -0.04277564 0.25400337
v 0.00091605 -0.04289055 0.25391037
v 0.00107843 -0.04296355 0.25389604
v 0.00056672 -0.04278768 0.25394121
v 0.00062523 -0.04280014 0.25393605
v 0.00074488 -0.04283145 0.25392548
v 0.00087038 -0.04287306 0.25391440
v 0.00038364 -0.04276032 0.25395737
v 0.00037279 -0.04275924 0.25395833
v 0.00019795 -0.04275007 0.25397377
v 0.00011720 -0.04275103 0.25398090
v 0.00001204 -0.04275719 0.25399018
v 0.00038732 -0.04586017 0.25830417
v 0.00053523 -0.04577363 0.25823539
v 0.00046468 -0.04581485 0.25826517
v 0.00067343 -0.04569317 0.25819459
v 0.00060739 -0.04573156 0.25821109
v 0.00080692 -0.04561587 0.25817878
v 0.00074107 -0.04565395 0.25818361
v 0.00094011 -0.04553914 0.25818657
v 0.00087238 -0.04557810 0.25817970
v 0.00108091 -0.04545844 0.25821913
v 0.00100746 -0.04550049 0.25819916
v 0.00123287 -0.04537177 0.25827907
v 0.00115314 -0.04541720 0.25824466
v 0.00130979 -0.04523889 0.25827695
v 0.00130786 -0.04506493 0.25821229
v 0.00130869 -0.04514766 0.25824002
v 0.00130677 -0.04490402 0.25817568
v 0.00130720 -0.04498108 0.25819023
v 0.00130642 -0.04474993 0.25816389
v 0.00130650 -0.04482584 0.25816676
v 0.00130677 -0.04459603 0.25817567
v 0.00130650 -0.04467416 0.25816676
v 0.00130786 -0.04443509 0.25821228
v 0.00130720 -0.04451892 0.25819023
v 0.00130979 -0.04426114 0.25827694
v 0.00130869 -0.04435234 0.25824002
v 0.00123268 -0.04412812 0.25827898
v 0.00108093 -0.04404157 0.25821913
v 0.00115314 -0.04408280 0.25824466
v 0.00094056 -0.04396112 0.25818663
v 0.00100746 -0.04399951 0.25819916
v 0.00080636 -0.04388382 0.25817879
v 0.00087238 -0.04392190 0.25817970
v 0.00067387 -0.04380709 0.25819450
v 0.00074107 -0.04384605 0.25818361
v 0.00053525 -0.04372639 0.25823539
v 0.00060739 -0.04376844 0.25821109
v 0.00038714 -0.04363972 0.25830428
v 0.00046468 -0.04368514 0.25826517
v 0.00023312 -0.04363983 0.25830877
v 0.00008138 -0.04372637 0.25824892
v 0.00015358 -0.04368514 0.25827444
v -0.00005900 -0.04380683 0.25821642
v 0.00000790 -0.04376844 0.25822895
v -0.00019319 -0.04388413 0.25820858
v -0.00012718 -0.04384605 0.25820948
v -0.00032568 -0.04396086 0.25822429
v -0.00025848 -0.04392190 0.25821340
v -0.00046430 -0.04404156 0.25826517
v -0.00039216 -0.04399951 0.25824087
v -0.00061242 -0.04412822 0.25833406
v -0.00053488 -0.04408280 0.25829496
v -0.00068933 -0.04426114 0.25833651
v -0.00069125 -0.04443509 0.25827185
v -0.00069043 -0.04435234 0.25829959
v -0.00069234 -0.04459603 0.25823524
v -0.00069191 -0.04451892 0.25824980
v -0.00069269 -0.04474993 0.25822346
v -0.00069261 -0.04467416 0.25822633
v -0.00069234 -0.04490402 0.25823525
v -0.00069261 -0.04482584 0.25822633
v -0.00069125 -0.04506493 0.25827186
v -0.00069191 -0.04498108 0.25824980
v -0.00068933 -0.04523889 0.25833652
v -0.00069043 -0.04514766 0.25829959
v -0.00061224 -0.04537188 0.25833396
v -0.00046432 -0.04545843 0.25826518
v -0.00053488 -0.04541720 0.25829496
v -0.00032613 -0.04553888 0.25822438
v -0.00039216 -0.04550049 0.25824087
v -0.00019264 -0.04561618 0.25820856
v -0.00025848 -0.04557810 0.25821340
v -0.00005945 -0.04569291 0.25821635
v -0.00012718 -0.04565395 0.25820948
v 0.00008136 -0.04577361 0.25824891
v 0.00000790 -0.04573156 0.25822895
v 0.00023331 -0.04586028 0.25830886
v 0.00015358 -0.04581485 0.25827444
v 0.00126635 -0.04532735 0.25681919
v 0.00126635 -0.04417265 0.25681919
v 0.00026679 -0.04590470 0.25684898
v 0.00026679 -0.04359530 0.25684898
v -0.00073276 -0.04532735 0.25687876
v -0.00073276 -0.04417265 0.25687876
v -0.00106893 -0.04563657 0.25451875
v -0.00105753 -0.04565257 0.25451988
v -0.00105493 -0.04565257 0.25460734
v 0.00102226 -0.04342408 0.25555346
v 0.00100174 -0.04341198 0.25555564
v 0.00100435 -0.04341198 0.25564310
v 0.00149277 -0.04375464 0.25830439
v 0.00156718 -0.04409754 0.25345685
v 0.00154096 -0.04404370 0.25346215
v 0.00147865 -0.04393325 0.25347360
v 0.00146575 -0.04391278 0.25347581
v 0.00142322 -0.04384995 0.25348280
v 0.00137777 -0.04378945 0.25348984
v 0.00157361 -0.04411161 0.25345550
v 0.00160284 -0.04418087 0.25344898
v 0.00162860 -0.04425132 0.25344263
v 0.00163488 -0.04427026 0.25344096
v 0.00165082 -0.04432260 0.25343646
v 0.00167995 -0.04444267 0.25342662
v 0.00168282 -0.04445730 0.25342547
v 0.00169499 -0.04453071 0.25341984
v 0.00170355 -0.04460394 0.25341447
v 0.00170523 -0.04462333 0.25341309
v 0.00172035 -0.04411921 0.25826513
v 0.00171338 -0.04410376 0.25826661
v 0.00165586 -0.04399063 0.25827791
v 0.00162573 -0.04393930 0.25828331
v 0.00157965 -0.04386859 0.25829106
v 0.00151811 -0.04378567 0.25830065
v 0.00177238 -0.04425262 0.25825288
v 0.00178029 -0.04427672 0.25825076
v 0.00181154 -0.04438904 0.25824130
v 0.00182569 -0.04445487 0.25823603
v 0.00183775 -0.04452667 0.25823051
v 0.00184950 -0.04463557 0.25822258
v 0.00185128 -0.04466374 0.25822062
v 0.00185264 -0.04479905 0.25821161
v 0.00185454 -0.04481700 0.25829789
v 0.00185193 -0.04481700 0.25821043
v 0.00184690 -0.04491558 0.25829139
v 0.00184429 -0.04491558 0.25820393
v 0.00184195 -0.04493568 0.25820260
v 0.00184330 -0.04494565 0.25828940
v 0.00181866 -0.04507333 0.25819342
v 0.00183162 -0.04502103 0.25828438
v 0.00181610 -0.04509640 0.25827933
v 0.00181210 -0.04510234 0.25819147
v 0.00181470 -0.04510234 0.25827893
v 0.00178244 -0.04521026 0.25818418
v 0.00179707 -0.04517009 0.25827437
v 0.00175742 -0.04528345 0.25817920
v 0.00176002 -0.04528345 0.25826666
v 0.00174815 -0.04531451 0.25826454
v 0.00173327 -0.04534467 0.25817501
v 0.00171843 -0.04538471 0.25825972
v 0.00168550 -0.04545295 0.25825500
v 0.00168151 -0.04545564 0.25816735
v 0.00168412 -0.04545564 0.25825481
v 0.00167149 -0.04547475 0.25816602
v 0.00164922 -0.04551959 0.25825036
v 0.00159775 -0.04559874 0.25815733
v 0.00158845 -0.04561652 0.25824354
v 0.00158584 -0.04561652 0.25815608
v 0.00158196 -0.04562600 0.25824287
v 0.00157935 -0.04562600 0.25815541
v 0.00156748 -0.04564660 0.25824141
v 0.00151302 -0.04571505 0.25814906
v 0.00152219 -0.04570681 0.25823711
v 0.00146458 -0.04577254 0.25814492
v 0.00147420 -0.04576456 0.25823296
v 0.00146718 -0.04577254 0.25823238
v 0.00141857 -0.04582229 0.25814131
v 0.00142353 -0.04581985 0.25822895
v 0.00133440 -0.04590308 0.25813536
v 0.00133700 -0.04590308 0.25822282
v 0.00131584 -0.04591934 0.25813415
v 0.00131506 -0.04592225 0.25822140
v 0.00120644 -0.04600539 0.25812766
v 0.00125771 -0.04596907 0.25821788
v 0.00119797 -0.04601325 0.25821452
v 0.00119098 -0.04601632 0.25812682
v 0.00119359 -0.04601632 0.25821428
v 0.00109205 -0.04607993 0.25812188
v 0.00107347 -0.04609222 0.25820837
v 0.00103633 -0.04611132 0.25811933
v 0.00103893 -0.04611132 0.25820679
v 0.00100819 -0.04612737 0.25820539
v 0.00097215 -0.04614384 0.25811641
v 0.00094020 -0.04615983 0.25820229
v 0.00086998 -0.04618924 0.25819909
v 0.00086711 -0.04618935 0.25811162
v 0.00084455 -0.04619795 0.25811059
v 0.00079821 -0.04621524 0.25819582
v 0.00071041 -0.04624104 0.25810447
v 0.00068874 -0.04624743 0.25819083
v 0.00068614 -0.04624743 0.25810337
v 0.00057120 -0.04627208 0.25809812
v 0.00057577 -0.04627174 0.25818568
v 0.00050045 -0.04628280 0.25809490
v 0.00050305 -0.04628280 0.25818236
v 0.00050065 -0.04628311 0.25818225
v 0.00042857 -0.04629030 0.25809162
v 0.00042482 -0.04629080 0.25817879
v 0.00034913 -0.04629474 0.25817534
v 0.00031288 -0.04629531 0.25808635
v 0.00031549 -0.04629531 0.25817381
v 0.00028431 -0.04629522 0.25808504
v 0.00027328 -0.04629499 0.25817188
v 0.00014031 -0.04628671 0.25807848
v 0.00012889 -0.04628516 0.25816530
v 0.00012629 -0.04628516 0.25807784
v 0.00012257 -0.04628442 0.25816501
v -0.00000158 -0.04626500 0.25807201
v 0.00004803 -0.04627369 0.25816161
v -0.00002560 -0.04625942 0.25815826
v -0.00005651 -0.04625293 0.25806950
v -0.00005391 -0.04625293 0.25815696
v -0.00013959 -0.04623065 0.25806572
v -0.00016979 -0.04622046 0.25815168
v -0.00023258 -0.04619968 0.25806148
v -0.00022997 -0.04619968 0.25814894
v -0.00024019 -0.04619587 0.25814847
v -0.00027210 -0.04618449 0.25805967
v -0.00030874 -0.04616817 0.25814535
v -0.00039960 -0.04612669 0.25805386
v -0.00037615 -0.04613711 0.25814227
v -0.00070355 -0.04592139 0.25812532
v -0.00070615 -0.04592139 0.25803785
v -0.00068072 -0.04594060 0.25812675
v -0.00062899 -0.04598346 0.25804252
v -0.00056827 -0.04602516 0.25813317
v -0.00055701 -0.04603453 0.25804643
v -0.00055440 -0.04603453 0.25813389
v -0.00051577 -0.04606112 0.25804850
v -0.00044127 -0.04610325 0.25813930
v -0.00039700 -0.04612669 0.25814132
v -0.00079379 -0.04583747 0.25811912
v -0.00084226 -0.04578926 0.25802814
v -0.00073676 -0.04589441 0.25803585
v -0.00083965 -0.04578926 0.25811560
v -0.00084607 -0.04578218 0.25811509
v -0.00092942 -0.04568475 0.25802062
v -0.00089582 -0.04572408 0.25811090
v -0.00094229 -0.04566407 0.25810661
v -0.00096059 -0.04564237 0.25801760
v -0.00095798 -0.04564237 0.25810507
v -0.00101131 -0.04556623 0.25801223
v -0.00098589 -0.04560170 0.25810219
v -0.00105968 -0.04548314 0.25800641
v -0.00105707 -0.04548314 0.25809387
v -0.00106327 -0.04547158 0.25809307
v -0.00108194 -0.04544045 0.25800345
v -0.00109703 -0.04540398 0.25808839
v -0.00113843 -0.04531404 0.25799474
v -0.00112740 -0.04533496 0.25808364
v -0.00113582 -0.04531404 0.25808220
v -0.00115429 -0.04526477 0.25807883
v -0.00118611 -0.04517377 0.25798520
v -0.00119325 -0.04513826 0.25807026
v -0.00119585 -0.04513826 0.25798280
v -0.00119751 -0.04512158 0.25806914
v -0.00121885 -0.04503647 0.25797597
v -0.00121378 -0.04504910 0.25806427
v -0.00123166 -0.04495856 0.25797077
v -0.00123860 -0.04459368 0.25794628
v -0.00124157 -0.04462719 0.25794868
v -0.00123716 -0.04460587 0.25803462
v -0.00122657 -0.04497578 0.25805938
v -0.00122905 -0.04495856 0.25805823
v -0.00123872 -0.04489893 0.25796682
v -0.00123575 -0.04490261 0.25805453
v -0.00124591 -0.04477757 0.25795883
v -0.00124331 -0.04477757 0.25804630
v -0.00124613 -0.04476285 0.25795787
v -0.00124359 -0.04475558 0.25804486
v -0.00124221 -0.04468109 0.25803989
v -0.00123600 -0.04459368 0.25803374
v -0.00122083 -0.04448245 0.25802543
v -0.00122343 -0.04448245 0.25793797
v -0.00121604 -0.04445621 0.25802339
v -0.00119502 -0.04435232 0.25792753
v -0.00102893 -0.04396107 0.25797831
v -0.00102833 -0.04395568 0.25789028
v -0.00106573 -0.04402699 0.25798512
v -0.00109698 -0.04408424 0.25790334
v -0.00119990 -0.04438185 0.25801743
v -0.00117997 -0.04430786 0.25801124
v -0.00117980 -0.04429862 0.25792298
v -0.00117720 -0.04429862 0.25801044
v -0.00115240 -0.04421653 0.25791575
v -0.00115663 -0.04423564 0.25800493
v -0.00111430 -0.04412203 0.25790699
v -0.00111169 -0.04412203 0.25799445
v -0.00109941 -0.04409495 0.25799185
v -0.00102573 -0.04395568 0.25797774
v -0.00098896 -0.04389706 0.25797142
v -0.00095009 -0.04383723 0.25787724
v -0.00092142 -0.04380252 0.25796066
v -0.00092403 -0.04380252 0.25787320
v -0.00090011 -0.04377558 0.25795746
v -0.00086056 -0.04372568 0.25786388
v -0.00085159 -0.04371851 0.25795044
v -0.00080252 -0.04366343 0.25785588
v -0.00079992 -0.04366343 0.25794334
v -0.00076205 -0.04362384 0.25785055
v -0.00074708 -0.04361230 0.25793641
v -0.00066656 -0.04354094 0.25783866
v -0.00066395 -0.04354094 0.25792612
v -0.00065610 -0.04353266 0.25783741
v -0.00057391 -0.04347426 0.25791567
v -0.00054435 -0.04345280 0.25782462
v -0.00051841 -0.04343633 0.25782179
v -0.00051581 -0.04343633 0.25790925
v -0.00051204 -0.04343399 0.25790885
v -0.00042800 -0.04338432 0.25781219
v -0.00003720 -0.04324060 0.25777095
v -0.00017366 -0.04327728 0.25778535
v -0.00011094 -0.04325946 0.25786647
v -0.00044896 -0.04339709 0.25790214
v -0.00038234 -0.04336232 0.25789511
v -0.00035767 -0.04334925 0.25780477
v -0.00035507 -0.04334925 0.25789223
v -0.00030437 -0.04332557 0.25779915
v -0.00031333 -0.04333050 0.25788783
v -0.00020824 -0.04328875 0.25778900
v -0.00020563 -0.04328875 0.25787646
v -0.00018360 -0.04328134 0.25787414
v -0.00003680 -0.04324108 0.25785864
v -0.00002377 -0.04323826 0.25785727
v -0.00002638 -0.04323826 0.25776981
v 0.00003752 -0.04322652 0.25785080
v 0.00010345 -0.04321642 0.25775611
v 0.00016202 -0.04321050 0.25783766
v 0.00015941 -0.04321050 0.25775020
v 0.00018796 -0.04320845 0.25783493
v 0.00024655 -0.04320537 0.25774101
v 0.00026355 -0.04320500 0.25782695
v 0.00034615 -0.04320557 0.25773050
v 0.00033890 -0.04320527 0.25781900
v 0.00034875 -0.04320557 0.25781796
v 0.00039025 -0.04320773 0.25772584
v 0.00041410 -0.04320922 0.25781106
v 0.00053109 -0.04322318 0.25771098
v 0.00053370 -0.04322318 0.25779844
v 0.00054800 -0.04322549 0.25779693
v 0.00054540 -0.04322549 0.25770947
v 0.00056322 -0.04322810 0.25779532
v 0.00067207 -0.04325208 0.25769610
v 0.00063651 -0.04324289 0.25778759
v 0.00072563 -0.04326673 0.25769045
v 0.00070862 -0.04326112 0.25777998
v 0.00072823 -0.04326673 0.25777791
v 0.00080668 -0.04329295 0.25768190
v 0.00077981 -0.04328284 0.25777247
v 0.00089742 -0.04332837 0.25767232
v 0.00090002 -0.04332837 0.25775978
v 0.00091780 -0.04333609 0.25775791
v 0.00093505 -0.04334504 0.25766835
v 0.00098416 -0.04336735 0.25775090
v 0.00105934 -0.04340912 0.25765523
v 0.00104931 -0.04340194 0.25774403
v 0.00106194 -0.04340912 0.25774269
v 0.00117055 -0.04347949 0.25764310
v 0.00117547 -0.04348110 0.25773030
v 0.00121376 -0.04351062 0.25763814
v 0.00121636 -0.04351062 0.25772560
v 0.00123710 -0.04352639 0.25772317
v 0.00128045 -0.04356337 0.25763018
v 0.00129539 -0.04357380 0.25771612
v 0.00135175 -0.04362444 0.25770900
v 0.00135583 -0.04363079 0.25762067
v 0.00135844 -0.04363079 0.25770813
v 0.00138398 -0.04365838 0.25761696
v 0.00140566 -0.04367791 0.25770185
v 0.00148402 -0.04376924 0.25760293
v 0.00148662 -0.04376924 0.25769039
v 0.00150544 -0.04379270 0.25768758
v 0.00156555 -0.04387843 0.25759027
v 0.00155093 -0.04385362 0.25768052
v 0.00159312 -0.04391634 0.25767356
v 0.00159378 -0.04392148 0.25758554
v 0.00159639 -0.04392148 0.25767300
v 0.00164082 -0.04400107 0.25757715
v 0.00163224 -0.04398113 0.25766667
v 0.00168381 -0.04408504 0.25756874
v 0.00168642 -0.04408504 0.25765620
v 0.00170430 -0.04413012 0.25756440
v 0.00170046 -0.04411553 0.25765326
v 0.00172950 -0.04418486 0.25764675
v 0.00175309 -0.04425727 0.25755278
v 0.00175503 -0.04425528 0.25764042
v 0.00175570 -0.04425727 0.25764024
v 0.00177711 -0.04432678 0.25763424
v 0.00179335 -0.04440044 0.25754068
v 0.00180348 -0.04443497 0.25762537
v 0.00180088 -0.04443497 0.25753791
v 0.00181850 -0.04453808 0.25752997
v 0.00182223 -0.04454650 0.25761680
v 0.00182730 -0.04461823 0.25752412
v 0.00182991 -0.04461823 0.25761158
v 0.00183007 -0.04462023 0.25761144
v 0.00183099 -0.04467504 0.25752015
v 0.00183435 -0.04469347 0.25760636
v 0.00183514 -0.04476734 0.25760146
v 0.00183178 -0.04479939 0.25751190
v 0.00183438 -0.04479939 0.25759936
v 0.00182583 -0.04491751 0.25759157
v 0.00181965 -0.04494708 0.25750215
v 0.00181658 -0.04498658 0.25758699
v 0.00181398 -0.04498658 0.25749953
v 0.00181542 -0.04499387 0.25758650
v 0.00179530 -0.04508474 0.25749296
v 0.00180139 -0.04506879 0.25758149
v 0.00178352 -0.04514353 0.25757647
v 0.00177308 -0.04517195 0.25748709
v 0.00177569 -0.04517195 0.25757455
v 0.00175800 -0.04522153 0.25748373
v 0.00173718 -0.04528880 0.25756661
v 0.00171019 -0.04534997 0.25747496
v 0.00171280 -0.04534997 0.25756242
v 0.00170777 -0.04535565 0.25747457
v 0.00162921 -0.04551814 0.25755077
v 0.00162660 -0.04551814 0.25746331
v 0.00164497 -0.04548529 0.25746560
v 0.00167701 -0.04542833 0.25755702
v 0.00157027 -0.04560870 0.25745694
v 0.00156010 -0.04562746 0.25754308
v 0.00155749 -0.04562746 0.25745562
v 0.00148469 -0.04572431 0.25744871
v 0.00148217 -0.04573057 0.25753572
v 0.00144268 -0.04577373 0.25744515
v 0.00144528 -0.04577373 0.25753261
v 0.00143312 -0.04578728 0.25753163
v 0.00138949 -0.04583074 0.25744100
v 0.00138142 -0.04584152 0.25752767
v 0.00131237 -0.04590413 0.25743559
v 0.00131498 -0.04590413 0.25752305
v 0.00121294 -0.04598730 0.25751681
v 0.00116885 -0.04601721 0.25742706
v 0.00132751 -0.04589287 0.25752389
v 0.00128614 -0.04592691 0.25743390
v 0.00117146 -0.04601721 0.25751453
v 0.00115241 -0.04603027 0.25751352
v 0.00106154 -0.04608559 0.25742174
v 0.00081280 -0.04620196 0.25741040
v 0.00074699 -0.04622505 0.25749474
v 0.00067819 -0.04624409 0.25740426
v 0.00067395 -0.04624587 0.25749141
v 0.00066527 -0.04624743 0.25740368
v 0.00109060 -0.04606987 0.25751044
v 0.00102636 -0.04610685 0.25750748
v 0.00101409 -0.04611206 0.25741958
v 0.00101670 -0.04611206 0.25750704
v 0.00094099 -0.04614872 0.25741625
v 0.00089020 -0.04617254 0.25750127
v 0.00084302 -0.04619061 0.25741178
v 0.00084562 -0.04619061 0.25749924
v 0.00081840 -0.04620087 0.25749800
v 0.00066788 -0.04624743 0.25749114
v 0.00059982 -0.04626313 0.25748803
v 0.00053863 -0.04627409 0.25739790
v 0.00048221 -0.04628280 0.25748267
v 0.00047960 -0.04628280 0.25739521
v 0.00044925 -0.04628666 0.25748117
v 0.00039579 -0.04629122 0.25739139
v 0.00037336 -0.04629284 0.25747771
v 0.00029764 -0.04629529 0.25747426
v 0.00029203 -0.04629531 0.25738666
v 0.00029464 -0.04629531 0.25747412
v 0.00025148 -0.04629502 0.25738481
v 0.00022187 -0.04629403 0.25747080
v 0.00010536 -0.04628515 0.25737815
v 0.00010796 -0.04628515 0.25746561
v -0.00003405 -0.04626262 0.25737179
v -0.00000271 -0.04626834 0.25746056
v -0.00007744 -0.04625292 0.25736981
v -0.00007484 -0.04625292 0.25745727
v -0.00017166 -0.04622725 0.25736552
v -0.00014830 -0.04623346 0.25745392
v -0.00025350 -0.04619965 0.25736178
v -0.00021916 -0.04621096 0.25745069
v -0.00025089 -0.04619965 0.25744925
v -0.00030366 -0.04618016 0.25735950
v -0.00035870 -0.04615523 0.25744433
v -0.00042336 -0.04612521 0.25735404
v -0.00042075 -0.04612521 0.25744150
v -0.00042538 -0.04612283 0.25744129
v -0.00054618 -0.04605512 0.25734834
v -0.00048968 -0.04608771 0.25743836
v -0.00055352 -0.04604877 0.25743531
v -0.00058060 -0.04603269 0.25734660
v -0.00057799 -0.04603269 0.25743406
v -0.00065901 -0.04597650 0.25734231
v -0.00067717 -0.04596034 0.25742855
v -0.00073178 -0.04591727 0.25733786
v -0.00072918 -0.04591727 0.25742532
v -0.00073642 -0.04591096 0.25742485
v -0.00076626 -0.04588652 0.25733558
v -0.00079250 -0.04585932 0.25742103
v -0.00084633 -0.04580461 0.25741703
v -0.00086734 -0.04578460 0.25732811
v -0.00086473 -0.04578460 0.25741558
v -0.00095746 -0.04567523 0.25732025
v -0.00094487 -0.04568840 0.25740865
v -0.00098505 -0.04563726 0.25731755
v -0.00098244 -0.04563726 0.25740501
v -0.00098953 -0.04562710 0.25740429
v -0.00103846 -0.04555605 0.25731182
v -0.00103122 -0.04556357 0.25739981
v -0.00108348 -0.04547767 0.25730634
v -0.00106957 -0.04549836 0.25739525
v -0.00108087 -0.04547767 0.25739381
v -0.00110811 -0.04542974 0.25730302
v -0.00116151 -0.04530834 0.25729466
v -0.00113641 -0.04536296 0.25738587
v -0.00115891 -0.04530834 0.25738212
v -0.00116552 -0.04529793 0.25729395
v -0.00116469 -0.04529327 0.25738109
v -0.00121017 -0.04516243 0.25728474
v -0.00118950 -0.04522244 0.25737627
v -0.00121074 -0.04515086 0.25737142
v -0.00121823 -0.04513238 0.25728271
v -0.00121562 -0.04513238 0.25737017
v -0.00124184 -0.04502504 0.25727551
v -0.00124293 -0.04500401 0.25736157
v -0.00125054 -0.04497233 0.25727200
v -0.00124793 -0.04497233 0.25735946
v -0.00126065 -0.04488757 0.25726638
v -0.00126052 -0.04485722 0.25735184
v -0.00126643 -0.04479111 0.25726003
v -0.00126383 -0.04479111 0.25734749
v -0.00126403 -0.04478335 0.25734699
v -0.00126706 -0.04475167 0.25725745
v -0.00126402 -0.04471003 0.25734216
v -0.00126037 -0.04463460 0.25733697
v -0.00126079 -0.04460775 0.25724760
v -0.00125818 -0.04460775 0.25733506
v -0.00124357 -0.04447838 0.25723797
v -0.00124180 -0.04448319 0.25732580
v -0.00123209 -0.04441988 0.25723336
v -0.00121283 -0.04434097 0.25722689
v -0.00118607 -0.04426082 0.25730747
v -0.00118086 -0.04423786 0.25721798
v -0.00117826 -0.04423786 0.25730544
v -0.00116913 -0.04420540 0.25721506
v -0.00122948 -0.04441988 0.25732082
v -0.00122681 -0.04440777 0.25731985
v -0.00120831 -0.04433402 0.25731377
v -0.00110566 -0.04406447 0.25728917
v -0.00110827 -0.04406447 0.25720171
v -0.00111267 -0.04407348 0.25720260
v -0.00113127 -0.04411916 0.25729449
v -0.00109886 -0.04405082 0.25728782
v -0.00106310 -0.04398408 0.25728103
v -0.00104397 -0.04394701 0.25718967
v -0.00102426 -0.04391941 0.25727417
v -0.00101573 -0.04390211 0.25718482
v -0.00101312 -0.04390211 0.25727228
v -0.00096388 -0.04382764 0.25717644
v -0.00093756 -0.04379646 0.25726026
v -0.00090491 -0.04375297 0.25716756
v -0.00090231 -0.04375297 0.25725502
v -0.00087356 -0.04371684 0.25716308
v -0.00084297 -0.04368644 0.25724666
v -0.00080618 -0.04364626 0.25715390
v -0.00080358 -0.04364626 0.25724136
v -0.00079025 -0.04363331 0.25723961
v -0.00077437 -0.04361586 0.25714976
v -0.00073540 -0.04358315 0.25723262
v -0.00066825 -0.04352589 0.25713669
v -0.00067826 -0.04353574 0.25722565
v -0.00066564 -0.04352589 0.25722415
v -0.00055572 -0.04344669 0.25712389
v -0.00055832 -0.04345004 0.25721193
v -0.00051866 -0.04342375 0.25711989
v -0.00051605 -0.04342375 0.25720735
v -0.00049601 -0.04341193 0.25720522
v -0.00043889 -0.04337908 0.25711145
v -0.00043068 -0.04337617 0.25719832
v -0.00036291 -0.04334324 0.25719117
v -0.00035564 -0.04333879 0.25710267
v -0.00035304 -0.04333879 0.25719013
v -0.00031463 -0.04332115 0.25709834
v -0.00029287 -0.04331338 0.25718378
v -0.00017808 -0.04327214 0.25708393
v -0.00017547 -0.04327214 0.25717139
v -0.00014830 -0.04326409 0.25716852
v -0.00004651 -0.04323811 0.25707004
v -0.00007429 -0.04324487 0.25716071
v -0.00000012 -0.04322948 0.25715289
v 0.00000532 -0.04322804 0.25706457
v 0.00000793 -0.04322804 0.25715204
v 0.00009441 -0.04321500 0.25705517
v 0.00007504 -0.04321772 0.25714495
v 0.00019166 -0.04320678 0.25704491
v 0.00019427 -0.04320678 0.25713237
v 0.00022576 -0.04320545 0.25712905
v 0.00023762 -0.04320506 0.25704006
v 0.00030114 -0.04320489 0.25712109
v 0.00037816 -0.04320831 0.25702523
v 0.00037641 -0.04320801 0.25711315
v 0.00038077 -0.04320831 0.25711269
v 0.00045138 -0.04321482 0.25710524
v 0.00052355 -0.04322532 0.25700989
v 0.00056489 -0.04323225 0.25709326
v 0.00056228 -0.04323225 0.25700580
v 0.00066259 -0.04325502 0.25699521
v 0.00067158 -0.04325670 0.25708200
v 0.00074039 -0.04327764 0.25698700
v 0.00074304 -0.04327765 0.25707446
v 0.00079674 -0.04329686 0.25698106
v 0.00081289 -0.04330184 0.25706709
v 0.00091034 -0.04334328 0.25696907
v 0.00088169 -0.04332944 0.25705983
v 0.00091295 -0.04334328 0.25705653
v 0.00092453 -0.04334983 0.25696757
v 0.00101398 -0.04339390 0.25704587
v 0.00104473 -0.04341272 0.25695488
v 0.00107016 -0.04342781 0.25695218
v 0.00107276 -0.04342781 0.25703964
v 0.00107727 -0.04343056 0.25703915
v 0.00115902 -0.04348602 0.25694236
v 0.00114054 -0.04347141 0.25703220
v 0.00120242 -0.04351581 0.25702511
v 0.00122365 -0.04353419 0.25693483
v 0.00122626 -0.04353419 0.25702229
v 0.00126846 -0.04357084 0.25692940
v 0.00131965 -0.04361393 0.25701076
v 0.00136506 -0.04366033 0.25691701
v 0.00136767 -0.04366033 0.25700447
v 0.00137138 -0.04366674 0.25691616
v 0.00137411 -0.04366686 0.25700361
v 0.00142621 -0.04372278 0.25699642
v 0.00146617 -0.04377293 0.25690280
v 0.00147506 -0.04378071 0.25698932
v 0.00148928 -0.04380207 0.25689933
v 0.00149189 -0.04380207 0.25698679
v 0.00155137 -0.04388832 0.25688948
v 0.00156400 -0.04390351 0.25697527
v 0.00159475 -0.04395705 0.25688205
v 0.00159736 -0.04395705 0.25696951
v 0.00162570 -0.04401156 0.25687638
v 0.00164629 -0.04404582 0.25696038
v 0.00164369 -0.04404582 0.25687292
v 0.00168816 -0.04414106 0.25686368
v 0.00169371 -0.04414802 0.25695049
v 0.00171789 -0.04421621 0.25685675
v 0.00172112 -0.04421793 0.25694405
v 0.00173807 -0.04427509 0.25685153
v 0.00174500 -0.04428880 0.25693780
v 0.00177074 -0.04439287 0.25684161
v 0.00176542 -0.04436070 0.25693171
v 0.00177335 -0.04439287 0.25692907
v 0.00177508 -0.04441184 0.25684007
v 0.00179558 -0.04450626 0.25692014
v 0.00179916 -0.04454950 0.25682943
v 0.00180200 -0.04457298 0.25682770
v 0.00180461 -0.04457298 0.25691516
v 0.00180532 -0.04457938 0.25691469
v 0.00181063 -0.04468632 0.25681969
v 0.00181158 -0.04465320 0.25690943
v 0.00181180 -0.04475395 0.25681518
v 0.00181429 -0.04472641 0.25690446
v 0.00181441 -0.04475395 0.25690265
v 0.00181002 -0.04482158 0.25681075
v 0.00180907 -0.04487546 0.25689466
v 0.00179981 -0.04493924 0.25680298
v 0.00180241 -0.04493924 0.25689044
v 0.00179727 -0.04495849 0.25680170
v 0.00180085 -0.04495134 0.25688964
v 0.00178875 -0.04502748 0.25688457
v 0.00177185 -0.04509614 0.25679251
v 0.00177307 -0.04510204 0.25687957
v 0.00176461 -0.04512602 0.25679050
v 0.00176721 -0.04512602 0.25687796
v 0.00173347 -0.04523278 0.25678328
v 0.00173069 -0.04524877 0.25686965
v 0.00170712 -0.04530614 0.25677827
v 0.00170973 -0.04530614 0.25686574
v 0.00170411 -0.04532040 0.25686476
v 0.00168218 -0.04536660 0.25677413
v 0.00167595 -0.04538644 0.25686022
v 0.00164467 -0.04545125 0.25685574
v 0.00163498 -0.04546493 0.25676733
v 0.00163759 -0.04546493 0.25685479
v 0.00161836 -0.04549579 0.25676518
v 0.00156925 -0.04558245 0.25684657
v 0.00154272 -0.04561861 0.25675655
v 0.00153828 -0.04562509 0.25675609
v 0.00154089 -0.04562509 0.25684356
v 0.00152693 -0.04564500 0.25684214
v 0.00145629 -0.04573350 0.25674836
v 0.00148171 -0.04570527 0.25683785
v 0.00142368 -0.04577163 0.25674561
v 0.00143373 -0.04576315 0.25683368
v 0.00142629 -0.04577163 0.25683307
v 0.00136035 -0.04583912 0.25674070
v 0.00133015 -0.04587111 0.25682581
v 0.00129359 -0.04590229 0.25673604
v 0.00129620 -0.04590229 0.25682350
v 0.00127496 -0.04592087 0.25682212
v 0.00125641 -0.04593439 0.25673365
v 0.00121733 -0.04596804 0.25681858
v 0.00115025 -0.04601564 0.25672750
v 0.00115806 -0.04601199 0.25681524
v 0.00115286 -0.04601564 0.25681496
v 0.00103100 -0.04609118 0.25672161
v 0.00103374 -0.04609110 0.25680908
v 0.00099568 -0.04611075 0.25672000
v 0.00099829 -0.04611075 0.25680746
v 0.00096785 -0.04612667 0.25680607
v 0.00090978 -0.04615353 0.25671608
v 0.00089951 -0.04615938 0.25680296
v 0.00082905 -0.04618895 0.25679975
v 0.00082487 -0.04618956 0.25671221
v 0.00078101 -0.04620589 0.25671021
v 0.00075652 -0.04621523 0.25679644
v 0.00064387 -0.04624757 0.25670396
v 0.00064648 -0.04624757 0.25679142
v 0.00050603 -0.04627601 0.25669768
v 0.00053522 -0.04627154 0.25678635
v 0.00046048 -0.04628258 0.25669560
v 0.00046308 -0.04628258 0.25678306
v 0.00046023 -0.04628294 0.25678293
v 0.00036300 -0.04629204 0.25669115
v 0.00038474 -0.04629067 0.25677949
v 0.00030881 -0.04629470 0.25677603
v 0.00027292 -0.04629530 0.25668705
v 0.00027553 -0.04629530 0.25677451
v 0.00021865 -0.04629473 0.25668457
v 0.00015751 -0.04629164 0.25676913
v 0.00008622 -0.04628535 0.25667853
v 0.00008883 -0.04628535 0.25676600
v 0.00008235 -0.04628460 0.25676570
v 0.00007487 -0.04628401 0.25667802
v 0.00000784 -0.04627394 0.25676230
v -0.00006649 -0.04626016 0.25667157
v -0.00006593 -0.04625971 0.25675894
v -0.00009663 -0.04625331 0.25667020
v -0.00009402 -0.04625331 0.25675766
v -0.00020369 -0.04622378 0.25666532
v -0.00021025 -0.04622086 0.25675236
v -0.00027276 -0.04620023 0.25666217
v -0.00027015 -0.04620023 0.25674963
v -0.00028032 -0.04619646 0.25674916
v -0.00033516 -0.04617577 0.25665932
v -0.00034933 -0.04616865 0.25674602
v -0.00043988 -0.04612742 0.25665455
v -0.00073088 -0.04593357 0.25672685
v -0.00074886 -0.04592052 0.25663841
v -0.00068899 -0.04596946 0.25664208
v -0.00041627 -0.04613788 0.25674297
v -0.00043727 -0.04612742 0.25674201
v -0.00045954 -0.04611726 0.25665365
v -0.00054550 -0.04606690 0.25673703
v -0.00057656 -0.04604904 0.25664818
v -0.00059474 -0.04603544 0.25673458
v -0.00059734 -0.04603544 0.25664712
v -0.00060903 -0.04602581 0.25673384
v -0.00067115 -0.04598114 0.25673043
v -0.00074626 -0.04592052 0.25672587
v -0.00078869 -0.04588266 0.25672306
v -0.00079570 -0.04587856 0.25663530
v -0.00079438 -0.04587736 0.25672267
v -0.00088299 -0.04579033 0.25662884
v -0.00084850 -0.04582421 0.25671877
v -0.00088038 -0.04579033 0.25671630
v -0.00089503 -0.04577698 0.25662787
v -0.00090026 -0.04576813 0.25671469
v -0.00098544 -0.04566565 0.25661988
v -0.00094898 -0.04570983 0.25671050
v -0.00099495 -0.04564900 0.25670616
v -0.00100145 -0.04564355 0.25661831
v -0.00099884 -0.04564355 0.25670577
v -0.00106554 -0.04554583 0.25661142
v -0.00103761 -0.04558637 0.25670173
v -0.00110069 -0.04548441 0.25660712
v -0.00109808 -0.04548441 0.25669458
v -0.00111346 -0.04545532 0.25669256
v -0.00113419 -0.04541899 0.25660258
v -0.00114640 -0.04538739 0.25668786
v -0.00117958 -0.04531543 0.25659546
v -0.00117591 -0.04531811 0.25668310
v -0.00117697 -0.04531543 0.25668292
v -0.00119057 -0.04528681 0.25659350
v -0.00120193 -0.04524774 0.25667830
v -0.00123414 -0.04515108 0.25658429
v -0.00123457 -0.04513968 0.25667098
v -0.00123718 -0.04513968 0.25658352
v -0.00126473 -0.04501362 0.25657506
v -0.00125892 -0.04503130 0.25666370
v -0.00127316 -0.04496001 0.25657149
v -0.00127055 -0.04496001 0.25665895
v -0.00128250 -0.04487621 0.25656594
v -0.00127917 -0.04488458 0.25665396
v -0.00128758 -0.04477901 0.25655955
v -0.00128397 -0.04481133 0.25664913
v -0.00128498 -0.04477901 0.25664701
v -0.00128790 -0.04474050 0.25655703
v -0.00128305 -0.04466337 0.25663929
v -0.00128045 -0.04459518 0.25654701
v -0.00127784 -0.04459518 0.25663447
v -0.00127718 -0.04458861 0.25663400
v -0.00126236 -0.04446695 0.25653739
v -0.00113039 -0.04406706 0.25650228
v -0.00118578 -0.04419429 0.25651436
v -0.00116441 -0.04414758 0.25659749
v -0.00126758 -0.04451346 0.25662843
v -0.00125423 -0.04443847 0.25662261
v -0.00125353 -0.04442263 0.25653389
v -0.00125093 -0.04442263 0.25662135
v -0.00123055 -0.04432963 0.25652625
v -0.00121642 -0.04429052 0.25661037
v -0.00120267 -0.04424060 0.25651853
v -0.00120006 -0.04424060 0.25660599
v -0.00119207 -0.04421812 0.25660398
v -0.00113323 -0.04407828 0.25659084
v -0.00112779 -0.04406706 0.25658974
v -0.00105859 -0.04393681 0.25648890
v -0.00106124 -0.04394540 0.25657727
v -0.00103815 -0.04390451 0.25648540
v -0.00103554 -0.04390451 0.25657286
v -0.00102057 -0.04388194 0.25657037
v -0.00097761 -0.04381810 0.25647565
v -0.00097693 -0.04382066 0.25656340
v -0.00092760 -0.04375515 0.25646814
v -0.00093047 -0.04376172 0.25655640
v -0.00092499 -0.04375515 0.25655560
v -0.00088649 -0.04370808 0.25646228
v -0.00080110 -0.04362135 0.25645082
v -0.00082970 -0.04365147 0.25654237
v -0.00079849 -0.04362135 0.25653829
v -0.00078664 -0.04360795 0.25644897
v -0.00077581 -0.04360049 0.25653539
v -0.00072931 -0.04356022 0.25652960
v -0.00067961 -0.04351862 0.25643588
v -0.00067080 -0.04351392 0.25652262
v -0.00066015 -0.04350405 0.25643361
v -0.00065754 -0.04350405 0.25652107
v -0.00056707 -0.04344067 0.25642317
v -0.00054871 -0.04343090 0.25650892
v -0.00050846 -0.04340562 0.25641691
v -0.00050585 -0.04340562 0.25650437
v -0.00048544 -0.04339422 0.25650221
v -0.00044973 -0.04337390 0.25641071
v -0.00041858 -0.04335965 0.25649516
v -0.00034933 -0.04332806 0.25648785
v -0.00034177 -0.04332376 0.25639931
v -0.00033916 -0.04332376 0.25648678
v -0.00032484 -0.04331680 0.25639753
v -0.00027863 -0.04329993 0.25648039
v -0.00019307 -0.04327036 0.25638362
v -0.00016017 -0.04326155 0.25646789
v -0.00016278 -0.04326155 0.25638042
v -0.00013303 -0.04325422 0.25646502
v -0.00005580 -0.04323570 0.25636914
v -0.00005867 -0.04323683 0.25645717
v 0.00001580 -0.04322325 0.25644932
v 0.00002143 -0.04322198 0.25636098
v 0.00002404 -0.04322198 0.25644845
v 0.00008538 -0.04321367 0.25635424
v 0.00009114 -0.04321333 0.25644136
v 0.00020802 -0.04320528 0.25634129
v 0.00021063 -0.04320528 0.25642876
v 0.00022870 -0.04320483 0.25633911
v 0.00028877 -0.04320511 0.25633277
v 0.00029137 -0.04320511 0.25642023
v 0.00030615 -0.04320554 0.25641868
v 0.00037232 -0.04320942 0.25632395
v 0.00038129 -0.04320993 0.25641074
v 0.00047387 -0.04322083 0.25631324
v 0.00047647 -0.04322083 0.25640070
v 0.00060312 -0.04324480 0.25638734
v 0.00065440 -0.04325840 0.25629419
v 0.00045597 -0.04321797 0.25640286
v 0.00051438 -0.04322730 0.25630896
v 0.00065701 -0.04325840 0.25638165
v 0.00067509 -0.04326343 0.25637974
v 0.00078675 -0.04330084 0.25628022
v 0.00114087 -0.04348609 0.25633012
v 0.00114655 -0.04349197 0.25624171
v 0.00107788 -0.04344392 0.25633714
v 0.00103351 -0.04341836 0.25625417
v 0.00074614 -0.04328553 0.25637224
v 0.00081551 -0.04331083 0.25636492
v 0.00082764 -0.04331669 0.25627590
v 0.00083025 -0.04331669 0.25636337
v 0.00091395 -0.04335469 0.25626680
v 0.00094996 -0.04337113 0.25635073
v 0.00099135 -0.04339436 0.25625863
v 0.00099396 -0.04339436 0.25634609
v 0.00101490 -0.04340606 0.25634388
v 0.00114915 -0.04349197 0.25632917
v 0.00120237 -0.04353181 0.25632296
v 0.00125642 -0.04357839 0.25622862
v 0.00129391 -0.04360942 0.25631169
v 0.00129130 -0.04360942 0.25622423
v 0.00131636 -0.04363043 0.25630880
v 0.00135872 -0.04367517 0.25621537
v 0.00136996 -0.04368419 0.25630165
v 0.00142114 -0.04374087 0.25629448
v 0.00142238 -0.04374537 0.25620646
v 0.00142499 -0.04374537 0.25629392
v 0.00145278 -0.04378217 0.25620200
v 0.00146907 -0.04379953 0.25628740
v 0.00153529 -0.04389550 0.25618900
v 0.00153790 -0.04389550 0.25627646
v 0.00155605 -0.04392363 0.25627339
v 0.00161049 -0.04402209 0.25617562
v 0.00159479 -0.04398862 0.25626651
v 0.00162866 -0.04405737 0.25617208
v 0.00163019 -0.04405522 0.25625976
v 0.00163126 -0.04405737 0.25625955
v 0.00167194 -0.04415203 0.25616296
v 0.00166225 -0.04412337 0.25625313
v 0.00170144 -0.04422842 0.25615596
v 0.00170405 -0.04422842 0.25624342
v 0.00172079 -0.04428636 0.25615086
v 0.00173770 -0.04433498 0.25623417
v 0.00175279 -0.04440541 0.25614090
v 0.00175578 -0.04440711 0.25622822
v 0.00175672 -0.04442325 0.25613947
v 0.00177054 -0.04448102 0.25622239
v 0.00177974 -0.04456090 0.25612889
v 0.00178161 -0.04455492 0.25621680
v 0.00178279 -0.04458810 0.25612691
v 0.00178540 -0.04458810 0.25621437
v 0.00179018 -0.04469758 0.25611924
v 0.00179292 -0.04470192 0.25620641
v 0.00179081 -0.04476905 0.25611451
v 0.00179342 -0.04476905 0.25620197
v 0.00179331 -0.04477583 0.25620152
v 0.00178858 -0.04483287 0.25611032
v 0.00169243 -0.04529691 0.25616668
v 0.00168597 -0.04530691 0.25607853
v 0.00170886 -0.04524402 0.25608282
v 0.00179012 -0.04485021 0.25619664
v 0.00178315 -0.04492617 0.25619162
v 0.00177689 -0.04495503 0.25610224
v 0.00177950 -0.04495503 0.25618971
v 0.00177480 -0.04496991 0.25610126
v 0.00175785 -0.04507731 0.25618154
v 0.00174831 -0.04510754 0.25609205
v 0.00174240 -0.04514136 0.25617724
v 0.00173979 -0.04514136 0.25608978
v 0.00173957 -0.04515192 0.25617652
v 0.00171785 -0.04522480 0.25617159
v 0.00168858 -0.04530691 0.25616599
v 0.00167660 -0.04533680 0.25616394
v 0.00165651 -0.04537752 0.25607368
v 0.00164602 -0.04540605 0.25615918
v 0.00161202 -0.04547386 0.25615448
v 0.00160738 -0.04547767 0.25606675
v 0.00160998 -0.04547767 0.25615421
v 0.00159167 -0.04550624 0.25606476
v 0.00157484 -0.04553976 0.25614988
v 0.00151510 -0.04562847 0.25605617
v 0.00151182 -0.04563689 0.25614303
v 0.00150921 -0.04563689 0.25605557
v 0.00149118 -0.04566554 0.25614099
v 0.00142782 -0.04574264 0.25604801
v 0.00144503 -0.04572500 0.25613674
v 0.00139335 -0.04578226 0.25604515
v 0.00139615 -0.04578204 0.25613263
v 0.00133116 -0.04584743 0.25604040
v 0.00134483 -0.04583638 0.25612867
v 0.00126216 -0.04591164 0.25603566
v 0.00126476 -0.04591164 0.25612312
v 0.00122662 -0.04594181 0.25603340
v 0.00117583 -0.04598385 0.25611769
v 0.00111822 -0.04602339 0.25602721
v 0.00112083 -0.04602339 0.25611467
v 0.00111503 -0.04602734 0.25611437
v 0.00100041 -0.04609670 0.25602148
v 0.00060914 -0.04625103 0.25600364
v 0.00074917 -0.04620975 0.25601002
v 0.00070900 -0.04622389 0.25609553
v 0.00105281 -0.04606749 0.25611125
v 0.00098936 -0.04610428 0.25610832
v 0.00096270 -0.04611720 0.25601976
v 0.00096531 -0.04611720 0.25610722
v 0.00087852 -0.04615827 0.25601592
v 0.00085289 -0.04617067 0.25610210
v 0.00079059 -0.04619472 0.25601191
v 0.00079320 -0.04619472 0.25609937
v 0.00078193 -0.04619894 0.25609886
v 0.00063576 -0.04624496 0.25609220
v 0.00061174 -0.04625103 0.25609110
v 0.00047341 -0.04627784 0.25599745
v 0.00048689 -0.04627615 0.25608541
v 0.00044795 -0.04628148 0.25599629
v 0.00045056 -0.04628148 0.25608375
v 0.00033020 -0.04629278 0.25599092
v 0.00033623 -0.04629257 0.25607854
v 0.00026051 -0.04629522 0.25598774
v 0.00026312 -0.04629522 0.25607520
v 0.00026032 -0.04629525 0.25607508
v 0.00018583 -0.04629435 0.25598434
v 0.00018465 -0.04629421 0.25607163
v 0.00007372 -0.04628628 0.25597923
v 0.00010919 -0.04628949 0.25606819
v 0.00007632 -0.04628628 0.25606669
v 0.00004218 -0.04628253 0.25597779
v -0.00009890 -0.04625761 0.25597136
v -0.00003998 -0.04626917 0.25606138
v -0.00010938 -0.04625521 0.25597088
v -0.00010678 -0.04625521 0.25605834
v -0.00011342 -0.04625366 0.25605804
v -0.00023569 -0.04622022 0.25596512
v -0.00018562 -0.04623473 0.25605474
v -0.00025688 -0.04621232 0.25605149
v -0.00028586 -0.04620306 0.25596283
v -0.00028326 -0.04620306 0.25605029
v -0.00036661 -0.04617129 0.25595915
v -0.00039589 -0.04615729 0.25604516
v -0.00045305 -0.04613129 0.25595521
v -0.00045045 -0.04613129 0.25604267
v -0.00046314 -0.04612486 0.25604209
v -0.00049035 -0.04611197 0.25595351
v -0.00052814 -0.04608957 0.25603913
v -0.00059133 -0.04605127 0.25603612
v -0.00061086 -0.04604029 0.25594781
v -0.00060825 -0.04604029 0.25603527
v -0.00071894 -0.04596234 0.25594186
v -0.00071618 -0.04596246 0.25602933
v -0.00076297 -0.04592629 0.25593915
v -0.00076036 -0.04592629 0.25602661
v -0.00077494 -0.04591374 0.25602568
v -0.00082509 -0.04587053 0.25593502
v -0.00083168 -0.04586175 0.25602183
v -0.00088521 -0.04580760 0.25601787
v -0.00089976 -0.04579478 0.25592947
v -0.00089715 -0.04579478 0.25601694
v -0.00092374 -0.04576810 0.25592754
v -0.00098382 -0.04569197 0.25600953
v -0.00100400 -0.04566874 0.25592041
v -0.00100139 -0.04566874 0.25600787
v -0.00101334 -0.04565601 0.25591951
v -0.00107033 -0.04556772 0.25600072
v -0.00109253 -0.04553555 0.25591101
v -0.00110386 -0.04551155 0.25599679
v -0.00110647 -0.04551155 0.25590933
v -0.00110897 -0.04550249 0.25599616
v -0.00116020 -0.04540820 0.25590215
v -0.00114426 -0.04543568 0.25599151
v -0.00118879 -0.04534402 0.25589773
v -0.00117620 -0.04536733 0.25598679
v -0.00118619 -0.04534402 0.25598519
v -0.00121552 -0.04527566 0.25589305
v -0.00122971 -0.04522703 0.25597720
v -0.00124997 -0.04516919 0.25588582
v -0.00124736 -0.04516919 0.25597328
v -0.00125123 -0.04515531 0.25597234
v -0.00125802 -0.04513972 0.25588383
v -0.00126916 -0.04508309 0.25596748
v -0.00128754 -0.04500219 0.25587461
v -0.00128361 -0.04500999 0.25596259
v -0.00128953 -0.04498998 0.25587380
v -0.00128693 -0.04498998 0.25596126
v -0.00130426 -0.04486486 0.25586550
v -0.00130184 -0.04486244 0.25595281
v -0.00130748 -0.04480991 0.25586189
v -0.00130488 -0.04480991 0.25594935
v -0.00130560 -0.04478852 0.25594795
v -0.00130866 -0.04472931 0.25585660
v -0.00130582 -0.04471453 0.25594308
v -0.00130245 -0.04463997 0.25593797
v -0.00130412 -0.04462717 0.25584961
v -0.00130151 -0.04462717 0.25593707
v -0.00130109 -0.04459310 0.25584717
v -0.00128429 -0.04448778 0.25592678
v -0.00128106 -0.04445553 0.25583681
v -0.00127519 -0.04443900 0.25592297
v -0.00127780 -0.04443900 0.25583550
v -0.00126969 -0.04441305 0.25592089
v -0.00124817 -0.04431830 0.25582560
v -0.00125127 -0.04433858 0.25591477
v -0.00122942 -0.04426585 0.25590853
v -0.00122884 -0.04425623 0.25582022
v -0.00122624 -0.04425623 0.25590769
v -0.00120234 -0.04418321 0.25581365
v -0.00120389 -0.04419393 0.25590210
v -0.00116861 -0.04410371 0.25580616
v -0.00116600 -0.04410371 0.25589362
v -0.00114380 -0.04405207 0.25580111
v -0.00110770 -0.04398921 0.25588219
v -0.00108058 -0.04393866 0.25578940
v -0.00107798 -0.04393866 0.25587686
v -0.00107314 -0.04392667 0.25578811
v -0.00106905 -0.04392430 0.25587532
v -0.00102738 -0.04386153 0.25586839
v -0.00099127 -0.04380862 0.25577485
v -0.00098280 -0.04380101 0.25586141
v -0.00097384 -0.04378627 0.25577221
v -0.00097124 -0.04378627 0.25585967
v -0.00089937 -0.04369938 0.25576148
v -0.00088555 -0.04368736 0.25584740
v -0.00085062 -0.04364895 0.25575488
v -0.00084801 -0.04364895 0.25584234
v -0.00083304 -0.04363435 0.25584037
v -0.00079886 -0.04360012 0.25574818
v -0.00077841 -0.04358429 0.25583340
v -0.00071318 -0.04352839 0.25573769
v -0.00072131 -0.04353681 0.25582643
v -0.00071057 -0.04352839 0.25582515
v -0.00069131 -0.04351171 0.25573512
v -0.00066255 -0.04349255 0.25581956
v -0.00057838 -0.04343473 0.25572244
v -0.00056151 -0.04342601 0.25580837
v -0.00056527 -0.04342671 0.25572103
v -0.00049711 -0.04338923 0.25580155
v -0.00046051 -0.04336879 0.25570996
v -0.00043032 -0.04335526 0.25579451
v -0.00040278 -0.04334123 0.25570386
v -0.00040018 -0.04334123 0.25579132
v -0.00033500 -0.04331252 0.25569671
v -0.00028921 -0.04329618 0.25577961
v -0.00022547 -0.04327390 0.25568515
v -0.00022287 -0.04327390 0.25577261
v -0.00020272 -0.04326703 0.25568275
v -0.00021714 -0.04327213 0.25577201
v -0.00014342 -0.04325154 0.25576423
v -0.00006506 -0.04323338 0.25566822
v -0.00006952 -0.04323478 0.25575643
v -0.00004221 -0.04322908 0.25566581
v -0.00003960 -0.04322908 0.25575327
v 0.00007636 -0.04321243 0.25565330
v 0.00008008 -0.04321232 0.25574064
v 0.00012114 -0.04320857 0.25564857
v 0.00012375 -0.04320857 0.25573603
v 0.00015522 -0.04320665 0.25573271
v 0.00021978 -0.04320470 0.25563816
v 0.00023060 -0.04320467 0.25572476
v 0.00030773 -0.04320660 0.25562888
v 0.00049485 -0.04322708 0.25569687
v 0.00049225 -0.04322708 0.25560941
v 0.00038103 -0.04321178 0.25570888
v 0.00036335 -0.04321040 0.25562301
v 0.00031034 -0.04320660 0.25571634
v 0.00030599 -0.04320638 0.25571680
v 0.00094853 -0.04338116 0.25564899
v 0.00090333 -0.04335962 0.25556603
v 0.00084540 -0.04333178 0.25565988
v 0.00084279 -0.04333178 0.25557242
v 0.00074439 -0.04329212 0.25567054
v 0.00077672 -0.04330491 0.25557939
v 0.00067402 -0.04326920 0.25567796
v 0.00067142 -0.04326920 0.25559050
v 0.00060211 -0.04324957 0.25568555
v 0.00064353 -0.04326114 0.25559344
v 0.00050519 -0.04322937 0.25560804
v 0.00101347 -0.04341730 0.25564214
v 0.00107693 -0.04345676 0.25563526
v 0.00113586 -0.04349930 0.25554085
v 0.00113911 -0.04349977 0.25562824
v 0.00115608 -0.04351427 0.25553851
v 0.00115868 -0.04351427 0.25562597
v 0.00124433 -0.04358600 0.25552784
v 0.00125810 -0.04359588 0.25561390
v 0.00130025 -0.04363750 0.25552069
v 0.00130286 -0.04363750 0.25560815
v 0.00131349 -0.04364788 0.25560675
v 0.00134601 -0.04368367 0.25551457
v 0.00136660 -0.04370293 0.25559955
v 0.00141647 -0.04376002 0.25559244
v 0.00142755 -0.04377672 0.25550296
v 0.00143015 -0.04377672 0.25559042
v 0.00143931 -0.04379147 0.25550120
v 0.00150739 -0.04388107 0.25557837
v 0.00152470 -0.04391124 0.25548758
v 0.00152731 -0.04391124 0.25557504
v 0.00159521 -0.04403266 0.25547486
v 0.00158575 -0.04400999 0.25556463
v 0.00161602 -0.04407409 0.25547075
v 0.00161863 -0.04407409 0.25555821
v 0.00162010 -0.04407715 0.25555791
v 0.00165563 -0.04416304 0.25546224
v 0.00165106 -0.04414575 0.25555132
v 0.00168669 -0.04424586 0.25545472
v 0.00167856 -0.04421558 0.25554489
v 0.00168929 -0.04424586 0.25554218
v 0.00170341 -0.04429765 0.25545020
v 0.00172308 -0.04435822 0.25553254
v 0.00173588 -0.04442329 0.25543977
v 0.00173848 -0.04442329 0.25552723
v 0.00174008 -0.04443084 0.25552663
v 0.00173827 -0.04443467 0.25543887
v 0.00175347 -0.04450365 0.25552096
v 0.00176023 -0.04457230 0.25542837
v 0.00176339 -0.04457724 0.25551547
v 0.00176347 -0.04460373 0.25542609
v 0.00176608 -0.04460373 0.25551355
v 0.00176965 -0.04470882 0.25541879
v 0.00177258 -0.04472571 0.25550512
v 0.00176975 -0.04478054 0.25541406
v 0.00177236 -0.04478054 0.25550153
v 0.00177180 -0.04480049 0.25550022
v 0.00176706 -0.04484418 0.25540989
v 0.00171581 -0.04515306 0.25538930
v 0.00172468 -0.04511893 0.25539160
v 0.00173120 -0.04510280 0.25548014
v 0.00175696 -0.04496709 0.25548921
v 0.00176732 -0.04487607 0.25549524
v 0.00175904 -0.04495219 0.25549021
v 0.00175436 -0.04496709 0.25540175
v 0.00175224 -0.04498133 0.25540081
v 0.00171841 -0.04515306 0.25547676
v 0.00171186 -0.04517641 0.25547518
v 0.00168415 -0.04525523 0.25538237
v 0.00168877 -0.04524942 0.25547023
v 0.00166233 -0.04532060 0.25546537
v 0.00165513 -0.04533197 0.25537713
v 0.00165774 -0.04533197 0.25546459
v 0.00163075 -0.04538841 0.25537325
v 0.00158346 -0.04548337 0.25536666
v 0.00158606 -0.04548337 0.25545413
v 0.00152321 -0.04558918 0.25544671
v 0.00148468 -0.04564211 0.25535551
v 0.00159923 -0.04545853 0.25545585
v 0.00156490 -0.04551665 0.25536434
v 0.00148728 -0.04564211 0.25544297
v 0.00148057 -0.04565149 0.25544230
v 0.00139929 -0.04575170 0.25534767
v 0.00143506 -0.04571152 0.25543802
v 0.00138685 -0.04576906 0.25543388
v 0.00136825 -0.04578697 0.25534512
v 0.00137086 -0.04578697 0.25543258
v 0.00130192 -0.04585567 0.25534010
v 0.00128282 -0.04587640 0.25542604
v 0.00123657 -0.04591576 0.25533566
v 0.00123918 -0.04591576 0.25542312
v 0.00122714 -0.04592611 0.25542235
v 0.00119680 -0.04594914 0.25533316
v 0.00116963 -0.04597270 0.25541885
v 0.00109191 -0.04602712 0.25532723
v 0.00110973 -0.04601664 0.25541550
v 0.00077148 -0.04619505 0.25539964
v 0.00076888 -0.04619505 0.25531218
v 0.00079359 -0.04618649 0.25540065
v 0.00084721 -0.04616294 0.25531576
v 0.00109451 -0.04602712 0.25541470
v 0.00104847 -0.04605725 0.25541236
v 0.00096976 -0.04610216 0.25532134
v 0.00094377 -0.04611756 0.25540750
v 0.00094116 -0.04611756 0.25532004
v 0.00093321 -0.04612306 0.25540702
v 0.00086456 -0.04615633 0.25540389
v 0.00064846 -0.04623579 0.25539403
v 0.00058739 -0.04625125 0.25530391
v 0.00071730 -0.04621352 0.25530983
v 0.00059000 -0.04625125 0.25539137
v 0.00057473 -0.04625489 0.25539067
v 0.00044076 -0.04627958 0.25529722
v 0.00049972 -0.04627042 0.25538725
v 0.00042464 -0.04628215 0.25538383
v 0.00040144 -0.04628472 0.25529543
v 0.00040404 -0.04628472 0.25538289
v 0.00029739 -0.04629342 0.25529069
v 0.00027337 -0.04629451 0.25537693
v 0.00023281 -0.04629529 0.25528774
v 0.00023541 -0.04629529 0.25537520
v 0.00015301 -0.04629388 0.25528410
v 0.00012216 -0.04629206 0.25537004
v 0.00004612 -0.04628553 0.25527923
v 0.00004873 -0.04628553 0.25536669
v 0.00000950 -0.04628095 0.25527756
v -0.00002765 -0.04627497 0.25536321
v -0.00013678 -0.04625368 0.25527089
v -0.00010138 -0.04626106 0.25535985
v -0.00013417 -0.04625368 0.25535835
v -0.00026764 -0.04621659 0.25526492
v -0.00024581 -0.04622282 0.25535326
v -0.00031297 -0.04620078 0.25526286
v -0.00031037 -0.04620078 0.25535032
v -0.00031635 -0.04619857 0.25535004
v -0.00039802 -0.04616675 0.25525898
v -0.00038506 -0.04617121 0.25534691
v -0.00048018 -0.04612812 0.25525523
v -0.00045264 -0.04614047 0.25534383
v -0.00047757 -0.04612812 0.25534269
v -0.00058330 -0.04606928 0.25533784
v -0.00063107 -0.04604071 0.25524815
v -0.00052111 -0.04610662 0.25525337
v -0.00062846 -0.04604071 0.25533561
v -0.00064732 -0.04602813 0.25533464
v -0.00074884 -0.04595515 0.25524163
v -0.00103923 -0.04564903 0.25521932
v -0.00095239 -0.04575915 0.25522720
v -0.00098400 -0.04571818 0.25531172
v -0.00070947 -0.04598370 0.25533124
v -0.00076996 -0.04593576 0.25532763
v -0.00078324 -0.04592677 0.25523950
v -0.00078064 -0.04592677 0.25532696
v -0.00085443 -0.04586243 0.25523473
v -0.00088255 -0.04583205 0.25531996
v -0.00092010 -0.04579532 0.25522982
v -0.00091749 -0.04579532 0.25531729
v -0.00093455 -0.04577650 0.25531592
v -0.00103017 -0.04565795 0.25530742
v -0.00103663 -0.04564903 0.25530678
v -0.00111945 -0.04552522 0.25521059
v -0.00111341 -0.04553108 0.25529846
v -0.00113919 -0.04549028 0.25520815
v -0.00113658 -0.04549028 0.25529562
v -0.00115018 -0.04546491 0.25529385
v -0.00118612 -0.04539738 0.25520171
v -0.00118360 -0.04539719 0.25528916
v -0.00121882 -0.04532161 0.25519650
v -0.00121360 -0.04532809 0.25528441
v -0.00121621 -0.04532161 0.25528396
v -0.00124039 -0.04526449 0.25519260
v -0.00124015 -0.04525779 0.25527960
v -0.00127719 -0.04514606 0.25518457
v -0.00127458 -0.04514606 0.25527203
v -0.00128181 -0.04512834 0.25518337
v -0.00128268 -0.04511443 0.25526990
v -0.00131026 -0.04499077 0.25517416
v -0.00129860 -0.04504191 0.25526503
v -0.00131394 -0.04496648 0.25517254
v -0.00131104 -0.04496854 0.25526014
v -0.00131134 -0.04496648 0.25526000
v -0.00132593 -0.04485353 0.25516507
v -0.00131987 -0.04489536 0.25525529
v -0.00132084 -0.04488492 0.25525460
v -0.00132922 -0.04478193 0.25516036
v -0.00132572 -0.04481010 0.25524967
v -0.00132661 -0.04478193 0.25524782
v -0.00132934 -0.04471810 0.25515617
v -0.00132462 -0.04466109 0.25523975
v -0.00132245 -0.04459827 0.25514785
v -0.00131984 -0.04459827 0.25523532
v -0.00132076 -0.04458172 0.25514666
v -0.00131856 -0.04458552 0.25523439
v -0.00130873 -0.04450989 0.25522878
v -0.00129968 -0.04444411 0.25513622
v -0.00129505 -0.04443415 0.25522289
v -0.00129260 -0.04441059 0.25513354
v -0.00128999 -0.04441059 0.25522101
v -0.00126571 -0.04430699 0.25512494
v -0.00125684 -0.04428641 0.25521063
v -0.00124027 -0.04422893 0.25511811
v -0.00123766 -0.04422893 0.25520557
v -0.00123247 -0.04421456 0.25520428
v -0.00121881 -0.04417215 0.25511294
v -0.00120448 -0.04414372 0.25519775
v -0.00117325 -0.04407480 0.25519112
v -0.00116664 -0.04405604 0.25510181
v -0.00116403 -0.04405604 0.25518927
v -0.00115924 -0.04404143 0.25510035
v -0.00108761 -0.04391657 0.25508733
v -0.00110088 -0.04394203 0.25517754
v -0.00107314 -0.04389430 0.25508490
v -0.00107053 -0.04389430 0.25517236
v -0.00106003 -0.04387864 0.25517062
v -0.00100486 -0.04379921 0.25507405
v -0.00101624 -0.04381748 0.25516366
v -0.00096147 -0.04374588 0.25506763
v -0.00096966 -0.04375871 0.25515666
v -0.00095886 -0.04374588 0.25515509
v -0.00091219 -0.04369075 0.25506068
v -0.00086870 -0.04364880 0.25514263
v -0.00083400 -0.04361315 0.25505031
v -0.00083139 -0.04361315 0.25513778
v -0.00081103 -0.04359236 0.25504740
v -0.00081388 -0.04359722 0.25513555
v -0.00075707 -0.04354876 0.25512853
v -0.00070297 -0.04350488 0.25503436
v -0.00069842 -0.04350345 0.25512160
v -0.00069098 -0.04349613 0.25503298
v -0.00068837 -0.04349613 0.25512044
v -0.00058967 -0.04342886 0.25502172
v -0.00057586 -0.04342211 0.25510799
v -0.00053848 -0.04339905 0.25501629
v -0.00053587 -0.04339905 0.25510375
v -0.00051202 -0.04338604 0.25510124
v -0.00047123 -0.04336374 0.25500920
v -0.00044446 -0.04335207 0.25509411
v -0.00037456 -0.04332114 0.25508673
v -0.00037043 -0.04331838 0.25499856
v -0.00036783 -0.04331838 0.25508602
v -0.00034512 -0.04330832 0.25499589
v -0.00030355 -0.04329385 0.25507924
v -0.00021234 -0.04326377 0.25498187
v -0.00018835 -0.04325783 0.25506708
v -0.00019095 -0.04325783 0.25497962
v -0.00015750 -0.04324984 0.25506382
v -0.00007430 -0.04323115 0.25496731
v -0.00008299 -0.04323332 0.25505596
v -0.00000838 -0.04322061 0.25504809
v -0.00000647 -0.04321996 0.25496015
v -0.00000386 -0.04321996 0.25504761
v 0.00006736 -0.04321128 0.25495236
v 0.00006702 -0.04321156 0.25504013
v 0.00018018 -0.04320495 0.25494045
v 0.00018279 -0.04320495 0.25502791
v 0.00021086 -0.04320466 0.25493721
v 0.00021788 -0.04320467 0.25502421
v 0.00035435 -0.04321147 0.25492207
v 0.00029316 -0.04320678 0.25501627
v 0.00036886 -0.04321264 0.25500828
v 0.00036625 -0.04321264 0.25492082
v 0.00049597 -0.04323153 0.25490713
v 0.00044259 -0.04322199 0.25500050
v 0.00054882 -0.04324251 0.25490155
v 0.00055143 -0.04324251 0.25498901
v 0.00063607 -0.04326419 0.25498008
v 0.00063346 -0.04326419 0.25489262
v 0.00066167 -0.04327177 0.25497738
v 0.00076664 -0.04330905 0.25487856
v 0.00073222 -0.04329520 0.25496993
v 0.00080644 -0.04332515 0.25487436
v 0.00112355 -0.04350364 0.25492794
v 0.00112345 -0.04350549 0.25484019
v 0.00106115 -0.04346010 0.25493501
v 0.00101099 -0.04342987 0.25485274
v 0.00080099 -0.04332178 0.25496267
v 0.00080905 -0.04332515 0.25496182
v 0.00089265 -0.04336461 0.25486526
v 0.00093412 -0.04338456 0.25494862
v 0.00096884 -0.04340506 0.25485722
v 0.00097145 -0.04340506 0.25494469
v 0.00099837 -0.04342071 0.25494184
v 0.00112606 -0.04350549 0.25492765
v 0.00118434 -0.04355072 0.25492075
v 0.00123220 -0.04359370 0.25482706
v 0.00127145 -0.04362737 0.25490984
v 0.00126884 -0.04362737 0.25482237
v 0.00133324 -0.04369224 0.25481377
v 0.00135019 -0.04370778 0.25489925
v 0.00139750 -0.04376545 0.25480463
v 0.00140013 -0.04376547 0.25489209
v 0.00142578 -0.04380084 0.25480040
v 0.00144680 -0.04382508 0.25488503
v 0.00149061 -0.04388711 0.25487801
v 0.00150777 -0.04391736 0.25478723
v 0.00151037 -0.04391736 0.25487469
v 0.00157984 -0.04404327 0.25477411
v 0.00156847 -0.04401659 0.25486426
v 0.00159833 -0.04408066 0.25477041
v 0.00160093 -0.04408066 0.25485787
v 0.00160247 -0.04408387 0.25485756
v 0.00163923 -0.04417407 0.25476153
v 0.00163309 -0.04415261 0.25485099
v 0.00165521 -0.04420878 0.25484581
v 0.00166825 -0.04425296 0.25475440
v 0.00167085 -0.04425296 0.25484186
v 0.00167963 -0.04427980 0.25483951
v 0.00168595 -0.04430895 0.25474954
v 0.00170048 -0.04435155 0.25483340
v 0.00171657 -0.04443056 0.25473950
v 0.00171781 -0.04442412 0.25482748
v 0.00171917 -0.04443056 0.25482696
v 0.00171973 -0.04444609 0.25473827
v 0.00173153 -0.04449688 0.25482179
v 0.00174063 -0.04458369 0.25472785
v 0.00174589 -0.04461106 0.25481334
v 0.00174329 -0.04461106 0.25472588
v 0.00174842 -0.04464369 0.25481103
v 0.00174904 -0.04472005 0.25471835
v 0.00175160 -0.04471756 0.25480598
v 0.00175121 -0.04479219 0.25480107
v 0.00174861 -0.04479219 0.25471361
v 0.00174545 -0.04485550 0.25470945
v 0.00174726 -0.04486633 0.25479620
v 0.00173173 -0.04497911 0.25470126
v 0.00173434 -0.04497911 0.25478873
v 0.00172960 -0.04499275 0.25470036
v 0.00171260 -0.04509316 0.25478110
v 0.00170096 -0.04513032 0.25469114
v 0.00169434 -0.04516471 0.25477628
v 0.00169173 -0.04516471 0.25468882
v 0.00169372 -0.04516690 0.25477613
v 0.00165936 -0.04526642 0.25468192
v 0.00167110 -0.04524008 0.25477117
v 0.00164511 -0.04531144 0.25476630
v 0.00162969 -0.04534308 0.25467667
v 0.00163230 -0.04534308 0.25476414
v 0.00160490 -0.04539926 0.25467281
v 0.00158275 -0.04545002 0.25475675
v 0.00154690 -0.04551168 0.25466500
v 0.00154950 -0.04551168 0.25475246
v 0.00154661 -0.04551674 0.25475211
v 0.00153806 -0.04552702 0.25466393
v 0.00150740 -0.04558136 0.25474757
v 0.00145962 -0.04564800 0.25465540
v 0.00146514 -0.04564393 0.25474315
v 0.00144496 -0.04566812 0.25465397
v 0.00144757 -0.04566812 0.25474143
v 0.00137070 -0.04576070 0.25464733
v 0.00137209 -0.04576210 0.25473469
v 0.00132576 -0.04581032 0.25464373
v 0.00132836 -0.04581032 0.25473119
v 0.00132153 -0.04581750 0.25473067
v 0.00127262 -0.04586384 0.25463981
v 0.00126866 -0.04587010 0.25472681
v 0.00119168 -0.04593621 0.25463444
v 0.00121326 -0.04592014 0.25472310
v 0.00119429 -0.04593621 0.25472190
v 0.00104762 -0.04604445 0.25471367
v 0.00104501 -0.04604445 0.25462621
v 0.00109635 -0.04601140 0.25471621
v 0.00105526 -0.04603772 0.25462673
v 0.00116693 -0.04595640 0.25463293
v 0.00103530 -0.04605238 0.25471305
v 0.00097200 -0.04609064 0.25471005
v 0.00093905 -0.04610756 0.25462120
v 0.00090685 -0.04612588 0.25470708
v 0.00088662 -0.04613474 0.25461881
v 0.00088923 -0.04613474 0.25470627
v 0.00081585 -0.04616754 0.25461559
v 0.00076697 -0.04618876 0.25470070
v 0.00071129 -0.04620842 0.25461082
v 0.00071390 -0.04620842 0.25469828
v 0.00068538 -0.04621722 0.25460964
v 0.00069521 -0.04621482 0.25469743
v 0.00062166 -0.04623748 0.25469407
v 0.00054895 -0.04625543 0.25460342
v 0.00054786 -0.04625628 0.25469071
v 0.00052865 -0.04625998 0.25460249
v 0.00053126 -0.04625998 0.25468995
v 0.00040810 -0.04628123 0.25459699
v 0.00039769 -0.04628294 0.25468386
v 0.00034213 -0.04628876 0.25459399
v 0.00034474 -0.04628876 0.25468145
v 0.00026457 -0.04629397 0.25459045
v 0.00023902 -0.04629489 0.25467663
v 0.00016748 -0.04629501 0.25458602
v 0.00017008 -0.04629501 0.25467348
v 0.00016336 -0.04629485 0.25467318
v 0.00012019 -0.04629331 0.25458387
v 0.00008784 -0.04629113 0.25466973
v -0.00001862 -0.04627993 0.25457754
v 0.00001273 -0.04628374 0.25466631
v -0.00001602 -0.04627993 0.25466500
v -0.00016364 -0.04625224 0.25457093
v -0.00013539 -0.04625819 0.25465956
v -0.00020015 -0.04624298 0.25456926
v -0.00019754 -0.04624298 0.25465672
v -0.00020790 -0.04624018 0.25465625
v -0.00029956 -0.04621287 0.25456473
v -0.00027949 -0.04621869 0.25465299
v -0.00037441 -0.04618526 0.25456132
v -0.00034943 -0.04619398 0.25464980
v -0.00037181 -0.04618526 0.25464878
v -0.00042937 -0.04616214 0.25455881
v -0.00048507 -0.04613481 0.25464361
v -0.00053917 -0.04610814 0.25455380
v -0.00053656 -0.04610814 0.25464127
v -0.00055181 -0.04610121 0.25455323
v -0.00055063 -0.04610042 0.25464062
v -0.00066754 -0.04603031 0.25454766
v -0.00061404 -0.04606321 0.25463767
v -0.00067750 -0.04602175 0.25463446
v -0.00069524 -0.04601118 0.25454619
v -0.00069264 -0.04601118 0.25463365
v -0.00077870 -0.04594788 0.25454139
v -0.00079902 -0.04592886 0.25462743
v -0.00084368 -0.04589199 0.25453722
v -0.00084107 -0.04589199 0.25462468
v -0.00085658 -0.04587769 0.25462363
v -0.00088372 -0.04585425 0.25453444
v -0.00097318 -0.04575619 0.25461476
v -0.00091093 -0.04582433 0.25461971
v -0.00096290 -0.04576802 0.25461562
v -0.00097579 -0.04575619 0.25452730
v -0.00098097 -0.04575014 0.25452686
v -0.00105697 -0.04564974 0.25460714
v -0.00109967 -0.04558713 0.25460271
v -0.00114628 -0.04551485 0.25451018
v -0.00113930 -0.04552244 0.25459817
v -0.00115786 -0.04549424 0.25450874
v -0.00115525 -0.04549424 0.25459620
v -0.00121195 -0.04538652 0.25450127
v -0.00120857 -0.04538821 0.25458885
v -0.00123799 -0.04532578 0.25449710
v -0.00123539 -0.04532578 0.25458456
v -0.00123813 -0.04531895 0.25458409
v -0.00126517 -0.04525329 0.25449215
v -0.00126419 -0.04524858 0.25457929
v -0.00129688 -0.04515036 0.25448517
v -0.00129428 -0.04515036 0.25457263
v -0.00132131 -0.04503217 0.25456469
v -0.00133416 -0.04497084 0.25447314
v -0.00128678 -0.04517713 0.25457444
v -0.00130551 -0.04511696 0.25448292
v -0.00133155 -0.04497084 0.25456060
v -0.00133321 -0.04495919 0.25455983
v -0.00134752 -0.04484222 0.25446463
v -0.00131820 -0.04443269 0.25443562
v -0.00134035 -0.04457032 0.25444613
v -0.00132990 -0.04451192 0.25452924
v -0.00134164 -0.04488546 0.25455495
v -0.00134648 -0.04481221 0.25455012
v -0.00134987 -0.04478985 0.25446119
v -0.00134726 -0.04478985 0.25454865
v -0.00134994 -0.04470687 0.25445573
v -0.00134564 -0.04466427 0.25454028
v -0.00134407 -0.04460644 0.25444875
v -0.00134146 -0.04460644 0.25453621
v -0.00133970 -0.04458830 0.25453491
v -0.00131647 -0.04443694 0.25452342
v -0.00131260 -0.04441859 0.25452196
v -0.00131521 -0.04441859 0.25443450
v -0.00129922 -0.04436212 0.25451736
v -0.00128316 -0.04429569 0.25442428
v -0.00117459 -0.04403082 0.25439960
v -0.00114150 -0.04397533 0.25448136
v -0.00109990 -0.04390330 0.25438620
v -0.00110220 -0.04391086 0.25447448
v -0.00128874 -0.04432345 0.25451412
v -0.00126623 -0.04425117 0.25450786
v -0.00126473 -0.04423920 0.25441934
v -0.00126212 -0.04423920 0.25450680
v -0.00123519 -0.04416113 0.25441223
v -0.00121057 -0.04411001 0.25449485
v -0.00119230 -0.04406575 0.25440308
v -0.00118969 -0.04406575 0.25449054
v -0.00117760 -0.04404166 0.25448815
v -0.00109730 -0.04390330 0.25447366
v -0.00105989 -0.04384854 0.25446754
v -0.00101838 -0.04378985 0.25437325
v -0.00098661 -0.04375405 0.25445640
v -0.00098922 -0.04375405 0.25436894
v -0.00096679 -0.04373090 0.25445354
v -0.00092495 -0.04368219 0.25435989
v -0.00091636 -0.04367595 0.25444653
v -0.00086261 -0.04362037 0.25435162
v -0.00086334 -0.04362351 0.25443951
v -0.00086000 -0.04362037 0.25443908
v -0.00082316 -0.04358468 0.25434662
v -0.00080825 -0.04357404 0.25443255
v -0.00072229 -0.04350375 0.25433450
v -0.00071968 -0.04350375 0.25442196
v -0.00069153 -0.04348354 0.25441873
v -0.00060094 -0.04342308 0.25432101
v -0.00059613 -0.04342176 0.25440823
v -0.00056732 -0.04340353 0.25431745
v -0.00056472 -0.04340353 0.25440491
v -0.00048190 -0.04335876 0.25430843
v -0.00046418 -0.04335153 0.25439430
v -0.00040026 -0.04332207 0.25429982
v -0.00039766 -0.04332207 0.25438728
v -0.00039452 -0.04332077 0.25438695
v -0.00035519 -0.04330420 0.25429506
v -0.00032273 -0.04329325 0.25437937
v -0.00025053 -0.04326962 0.25437175
v -0.00022112 -0.04326038 0.25428091
v -0.00021851 -0.04326038 0.25436837
v -0.00008351 -0.04322901 0.25426639
v -0.00010274 -0.04323310 0.25435616
v -0.00003683 -0.04322134 0.25426146
v -0.00003422 -0.04322134 0.25434892
v -0.00002768 -0.04322038 0.25434823
v 0.00005837 -0.04321022 0.25425142
v 0.00004737 -0.04321144 0.25434031
v 0.00012294 -0.04320620 0.25433234
v 0.00014979 -0.04320516 0.25424177
v 0.00015239 -0.04320516 0.25432923
v 0.00020194 -0.04320472 0.25423627
v 0.00027368 -0.04320686 0.25431643
v 0.00033595 -0.04321171 0.25422212
v 0.00033856 -0.04321171 0.25430958
v 0.00034535 -0.04321264 0.25422113
v 0.00042322 -0.04322222 0.25430065
v 0.00048611 -0.04323365 0.25420628
v 0.00048871 -0.04323365 0.25429374
v 0.00049693 -0.04323530 0.25429287
v 0.00062432 -0.04326760 0.25419169
v 0.00056956 -0.04325186 0.25428521
v 0.00064132 -0.04327192 0.25427763
v 0.00066405 -0.04327991 0.25418750
v 0.00066666 -0.04327991 0.25427496
v 0.00075652 -0.04331326 0.25417774
v 0.00078071 -0.04332202 0.25426292
v 0.00083363 -0.04334635 0.25416960
v 0.00083624 -0.04334635 0.25425706
v 0.00084789 -0.04335178 0.25425583
v 0.00088191 -0.04336967 0.25416451
v 0.00091389 -0.04338489 0.25424887
v 0.00097753 -0.04342071 0.25424215
v 0.00099306 -0.04343166 0.25415274
v 0.00099567 -0.04343166 0.25424020
v 0.00111256 -0.04351290 0.25413934
v 0.00110308 -0.04350392 0.25422821
v 0.00114633 -0.04353900 0.25413535
v 0.00128969 -0.04366582 0.25420499
v 0.00128708 -0.04366582 0.25411753
v 0.00127368 -0.04364974 0.25420712
v 0.00122002 -0.04360147 0.25412627
v 0.00114894 -0.04353900 0.25422281
v 0.00116327 -0.04355054 0.25422108
v 0.00122161 -0.04360056 0.25421386
v 0.00137364 -0.04375866 0.25419323
v 0.00140939 -0.04380662 0.25410003
v 0.00132041 -0.04370088 0.25411297
v 0.00141200 -0.04380662 0.25418749
v 0.00142090 -0.04381833 0.25418613
v 0.00149390 -0.04392842 0.25408634
v 0.00146488 -0.04387986 0.25417912
v 0.00150587 -0.04394360 0.25417218
v 0.00151426 -0.04396196 0.25408277
v 0.00151687 -0.04396196 0.25417023
v 0.00156439 -0.04405392 0.25407336
v 0.00157792 -0.04407615 0.25415863
v 0.00159912 -0.04412799 0.25406616
v 0.00160173 -0.04412799 0.25415362
v 0.00160893 -0.04414473 0.25415204
v 0.00162274 -0.04418513 0.25406082
v 0.00163648 -0.04421455 0.25414560
v 0.00166299 -0.04430185 0.25405046
v 0.00166058 -0.04428550 0.25413933
v 0.00166559 -0.04430185 0.25413792
v 0.00166840 -0.04432026 0.25404888
v 0.00169816 -0.04442977 0.25412734
v 0.00170110 -0.04445751 0.25403768
v 0.00170530 -0.04448053 0.25403589
v 0.00170791 -0.04448053 0.25412335
v 0.00171160 -0.04450257 0.25412166
v 0.00172095 -0.04459507 0.25402733
v 0.00172157 -0.04457616 0.25411617
v 0.00172605 -0.04466137 0.25402265
v 0.00172795 -0.04464941 0.25411094
v 0.00172866 -0.04466137 0.25411011
v 0.00172834 -0.04473126 0.25401792
v 0.00173013 -0.04479956 0.25410090
v 0.00172561 -0.04484014 0.25401077
v 0.00172822 -0.04484014 0.25409823
v 0.00172376 -0.04486683 0.25400901
v 0.00172570 -0.04487512 0.25409593
v 0.00170686 -0.04500417 0.25399991
v 0.00150355 -0.04555422 0.25404979
v 0.00150094 -0.04555422 0.25396233
v 0.00151113 -0.04553733 0.25396352
v 0.00157897 -0.04541007 0.25397237
v 0.00155785 -0.04545790 0.25405652
v 0.00152134 -0.04552440 0.25405188
v 0.00171747 -0.04495123 0.25409089
v 0.00170552 -0.04502656 0.25408587
v 0.00170254 -0.04502860 0.25399828
v 0.00170514 -0.04502860 0.25408574
v 0.00167716 -0.04514169 0.25399069
v 0.00168972 -0.04510186 0.25408083
v 0.00165662 -0.04521256 0.25398589
v 0.00165922 -0.04521256 0.25407335
v 0.00163447 -0.04527759 0.25398147
v 0.00162099 -0.04531971 0.25406605
v 0.00158896 -0.04538859 0.25397385
v 0.00159102 -0.04538978 0.25406123
v 0.00143178 -0.04565769 0.25395502
v 0.00143913 -0.04565113 0.25404295
v 0.00139416 -0.04570722 0.25395149
v 0.00139677 -0.04570722 0.25403895
v 0.00134204 -0.04576964 0.25394700
v 0.00132636 -0.04579004 0.25403298
v 0.00132375 -0.04579004 0.25394552
v 0.00124327 -0.04587193 0.25393953
v 0.00124113 -0.04587639 0.25402666
v 0.00119145 -0.04591873 0.25393606
v 0.00119406 -0.04591873 0.25402352
v 0.00118546 -0.04592609 0.25402297
v 0.00113702 -0.04596358 0.25393270
v 0.00112794 -0.04597269 0.25401947
v 0.00104650 -0.04602963 0.25392766
v 0.00106805 -0.04601663 0.25401612
v 0.00104910 -0.04602963 0.25401512
v 0.00102493 -0.04604395 0.25392656
v 0.00094326 -0.04609512 0.25401000
v 0.00090828 -0.04611289 0.25392106
v 0.00089279 -0.04612240 0.25400770
v 0.00089018 -0.04612240 0.25392024
v 0.00087773 -0.04613007 0.25400701
v 0.00078443 -0.04617207 0.25391542
v 0.00080870 -0.04616268 0.25400386
v 0.00073740 -0.04619214 0.25400061
v 0.00071704 -0.04619884 0.25391234
v 0.00071964 -0.04619884 0.25399980
v 0.00065342 -0.04622084 0.25390944
v 0.00059184 -0.04623997 0.25399398
v 0.00053522 -0.04625377 0.25390405
v 0.00053783 -0.04625377 0.25399151
v 0.00051656 -0.04625805 0.25390320
v 0.00045890 -0.04627026 0.25398791
v 0.00037625 -0.04628268 0.25389680
v 0.00037886 -0.04628268 0.25398426
v 0.00030808 -0.04629013 0.25398104
v 0.00023175 -0.04629442 0.25389021
v 0.00019139 -0.04629530 0.25397572
v 0.00018879 -0.04629530 0.25388826
v 0.00015654 -0.04629514 0.25397413
v 0.00008739 -0.04629265 0.25388363
v 0.00008097 -0.04629210 0.25397068
v 0.00000210 -0.04628527 0.25387974
v 0.00000577 -0.04628539 0.25396725
v -0.00005579 -0.04627753 0.25387710
v -0.00006885 -0.04627505 0.25396385
v -0.00018073 -0.04625314 0.25387141
v -0.00017813 -0.04625314 0.25395887
v -0.00019596 -0.04624944 0.25387071
v -0.00033143 -0.04620908 0.25386454
v -0.00028702 -0.04622298 0.25395390
v -0.00035683 -0.04619999 0.25386338
v -0.00035422 -0.04619999 0.25395084
v -0.00035758 -0.04619875 0.25395069
v -0.00046068 -0.04615745 0.25385864
v -0.00042630 -0.04617140 0.25394755
v -0.00049389 -0.04614069 0.25394447
v -0.00052391 -0.04612709 0.25385576
v -0.00052130 -0.04612709 0.25394322
v -0.00058245 -0.04609574 0.25385309
v -0.00062438 -0.04606966 0.25393849
v -0.00068479 -0.04603273 0.25384816
v -0.00068218 -0.04603273 0.25393562
v -0.00069780 -0.04602391 0.25384748
v -0.00068821 -0.04602867 0.25393530
v -0.00075039 -0.04598428 0.25393191
v -0.00080852 -0.04594053 0.25384115
v -0.00081091 -0.04593639 0.25392830
v -0.00083597 -0.04591732 0.25383941
v -0.00083337 -0.04591732 0.25392688
v -0.00091296 -0.04584600 0.25383414
v -0.00092357 -0.04583274 0.25392063
v -0.00097154 -0.04578465 0.25382967
v -0.00096893 -0.04578465 0.25391713
v -0.00097560 -0.04577723 0.25391659
v -0.00100949 -0.04574106 0.25382652
v -0.00102509 -0.04571893 0.25391239
v -0.00107130 -0.04565873 0.25390809
v -0.00108925 -0.04563732 0.25381911
v -0.00108665 -0.04563732 0.25390657
v -0.00109662 -0.04562676 0.25381836
v -0.00115462 -0.04553191 0.25389914
v -0.00117303 -0.04550443 0.25380976
v -0.00118508 -0.04547773 0.25389536
v -0.00118769 -0.04547773 0.25380790
v -0.00119144 -0.04546575 0.25389453
v -0.00123769 -0.04537563 0.25380083
v -0.00122489 -0.04539806 0.25388984
v -0.00126573 -0.04530840 0.25379622
v -0.00125494 -0.04532898 0.25388509
v -0.00126313 -0.04530840 0.25388368
v -0.00128986 -0.04524207 0.25379169
v -0.00130478 -0.04518685 0.25387541
v -0.00132277 -0.04513125 0.25378419
v -0.00132016 -0.04513125 0.25387165
v -0.00132432 -0.04511468 0.25387054
v -0.00132913 -0.04510557 0.25378246
v -0.00134025 -0.04504215 0.25386567
v -0.00135543 -0.04496793 0.25377326
v -0.00135270 -0.04496879 0.25386078
v -0.00135772 -0.04495146 0.25377217
v -0.00135511 -0.04495146 0.25385963
v -0.00136903 -0.04483091 0.25376420
v -0.00136690 -0.04482175 0.25385106
v -0.00137113 -0.04477046 0.25376023
v -0.00136853 -0.04477046 0.25384769
v -0.00136871 -0.04474859 0.25384626
v -0.00137046 -0.04469563 0.25375528
v -0.00136698 -0.04467394 0.25384126
v -0.00136157 -0.04459859 0.25383596
v -0.00136294 -0.04458628 0.25374761
v -0.00136034 -0.04458628 0.25383507
v -0.00135984 -0.04455892 0.25374561
v -0.00133934 -0.04444697 0.25382453
v -0.00133664 -0.04442127 0.25373502
v -0.00132991 -0.04440270 0.25382099
v -0.00133252 -0.04440270 0.25373353
v -0.00132900 -0.04439873 0.25382067
v -0.00131013 -0.04432533 0.25381459
v -0.00130052 -0.04428441 0.25372362
v -0.00128753 -0.04425251 0.25380829
v -0.00127927 -0.04422140 0.25371806
v -0.00127666 -0.04422140 0.25380552
v -0.00125149 -0.04415013 0.25371151
v -0.00123195 -0.04411119 0.25379528
v -0.00120476 -0.04404893 0.25370172
v -0.00120216 -0.04404893 0.25378919
v -0.00119916 -0.04404305 0.25378860
v -0.00118986 -0.04402026 0.25369884
v -0.00116303 -0.04397653 0.25378180
v -0.00111632 -0.04389654 0.25368576
v -0.00112384 -0.04391209 0.25377493
v -0.00111045 -0.04388771 0.25368479
v -0.00110785 -0.04388771 0.25377225
v -0.00103183 -0.04378056 0.25367246
v -0.00103647 -0.04378966 0.25376100
v -0.00099807 -0.04373993 0.25366751
v -0.00099546 -0.04373993 0.25375497
v -0.00098865 -0.04373206 0.25375400
v -0.00093765 -0.04367370 0.25365909
v -0.00093779 -0.04367655 0.25374692
v -0.00086893 -0.04360694 0.25365007
v -0.00086632 -0.04360694 0.25373753
v -0.00077208 -0.04352759 0.25372596
v -0.00072728 -0.04349225 0.25363298
v -0.00088461 -0.04362391 0.25373988
v -0.00083524 -0.04357707 0.25364584
v -0.00072467 -0.04349225 0.25372044
v -0.00071251 -0.04348362 0.25371906
v -0.00061218 -0.04341738 0.25362030
v -0.00022911 -0.04325688 0.25357987
v -0.00036521 -0.04330015 0.25359423
v -0.00031287 -0.04328271 0.25367644
v -0.00065155 -0.04344300 0.25371227
v -0.00058833 -0.04340509 0.25370551
v -0.00057433 -0.04339581 0.25361630
v -0.00057173 -0.04339581 0.25370376
v -0.00049252 -0.04335384 0.25360766
v -0.00045440 -0.04333750 0.25369138
v -0.00040562 -0.04331574 0.25359849
v -0.00040301 -0.04331574 0.25368595
v -0.00038343 -0.04330802 0.25368389
v -0.00024060 -0.04326072 0.25366881
v -0.00022650 -0.04325688 0.25366733
v -0.00009270 -0.04322695 0.25356547
v -0.00009230 -0.04322734 0.25365316
v -0.00004458 -0.04321945 0.25356039
v -0.00004197 -0.04321945 0.25364785
v -0.00001748 -0.04321623 0.25364527
v 0.00004939 -0.04320926 0.25355048
v 0.00014470 -0.04320488 0.25362815
v 0.00028405 -0.04320885 0.25361345
v 0.00032813 -0.04321301 0.25352106
v 0.00005802 -0.04320880 0.25363730
v 0.00013338 -0.04320512 0.25362935
v 0.00014210 -0.04320488 0.25354069
v 0.00019302 -0.04320486 0.25353532
v 0.00033073 -0.04321301 0.25360852
v 0.00035883 -0.04321622 0.25360556
v 0.00047747 -0.04323611 0.25350530
v 0.00043298 -0.04322720 0.25359773
v 0.00051059 -0.04324330 0.25350180
v 0.00050621 -0.04324172 0.25359000
v 0.00051320 -0.04324330 0.25358927
v 0.00061467 -0.04327095 0.25349082
v 0.00063834 -0.04327751 0.25357606
v 0.00063573 -0.04327751 0.25348860
v 0.00065069 -0.04328151 0.25357476
v 0.00074635 -0.04331755 0.25347692
v 0.00072066 -0.04330639 0.25356737
v 0.00080616 -0.04334331 0.25347061
v 0.00078876 -0.04333435 0.25356019
v 0.00080877 -0.04334331 0.25355807
v 0.00087112 -0.04337479 0.25346376
v 0.00092039 -0.04339980 0.25354629
v 0.00096596 -0.04342785 0.25345372
v 0.00096857 -0.04342785 0.25354118
v 0.00098837 -0.04344171 0.25345130
v 0.00098414 -0.04343743 0.25353950
v 0.00104667 -0.04347853 0.25353258
v 0.00110085 -0.04351982 0.25343858
v 0.00110818 -0.04352344 0.25352548
v 0.00111945 -0.04353423 0.25343638
v 0.00112206 -0.04353423 0.25352384
v 0.00122392 -0.04362187 0.25351121
v 0.00124355 -0.04364063 0.25350866
v 0.00132905 -0.04373083 0.25349697
v 0.00137031 -0.04378008 0.25349095
v 0.00207424 -0.04465105 0.25808267
v 0.00106636 -0.04634888 0.25798229
v -0.00050460 -0.04633030 0.25792582
v -0.00036052 -0.04639552 0.25793100
v -0.00145259 -0.04445153 0.25781402
v -0.00141851 -0.04429382 0.25780288
v 0.00201322 -0.04513398 0.25735516
v 0.00103369 -0.04635448 0.25728218
v 0.00040846 -0.04651794 0.25725970
v 0.00007796 -0.04651128 0.25724782
v 0.00024298 -0.04652231 0.25725375
v -0.00053700 -0.04632438 0.25722572
v -0.00039364 -0.04639055 0.25723087
v -0.00149089 -0.04490780 0.25714193
v -0.00149178 -0.04459610 0.25712373
v -0.00149820 -0.04475192 0.25713303
v 0.00006426 -0.04298919 0.25692476
v 0.00071621 -0.04303509 0.25686231
v 0.00189310 -0.04405148 0.25672626
v 0.00037392 -0.04651889 0.25655952
v -0.00151288 -0.04489478 0.25644150
v -0.00145312 -0.04426779 0.25640157
v -0.00133571 -0.04396166 0.25637673
v -0.00140172 -0.04411254 0.25638948
v 0.00005697 -0.04298766 0.25622378
v 0.00187756 -0.04406407 0.25602552
v -0.00129212 -0.04565111 0.25578564
v -0.00120133 -0.04578930 0.25579380
v -0.00143311 -0.04535299 0.25576822
v -0.00153978 -0.04472627 0.25573218
v -0.00042232 -0.04310106 0.25556800
v 0.00021427 -0.04297738 0.25550702
v -0.00018680 -0.04647636 0.25514149
v -0.00002534 -0.04650617 0.25514729
v -0.00153862 -0.04502619 0.25504966
v -0.00150604 -0.04518400 0.25505875
v -0.00156044 -0.04471341 0.25503175
v -0.00148731 -0.04424181 0.25500024
v 0.00069257 -0.04304577 0.25475951
v 0.00084483 -0.04309707 0.25474492
v 0.00186961 -0.04534239 0.25454434
v 0.00027023 -0.04652110 0.25445897
v -0.00037670 -0.04642808 0.25443572
v -0.00092617 -0.04612410 0.25441448
v -0.00148392 -0.04532733 0.25436736
v -0.00158099 -0.04470053 0.25433130
v -0.00129631 -0.04378245 0.25426103
v -0.00137962 -0.04392503 0.25427440
v 0.00083629 -0.04310190 0.25404406
v 0.00194644 -0.04488402 0.25387107
v 0.00192709 -0.04504157 0.25386204
v 0.00170274 -0.04565316 0.25382650
v 0.00178052 -0.04550718 0.25383506
v 0.00114524 -0.04623430 0.25379166
v 0.00101148 -0.04631339 0.25378668
v -0.00083034 -0.04621131 0.25372012
v 0.00161177 -0.04579122 0.25381835
v 0.00192031 -0.04441448 0.25389984
v 0.00136814 -0.04343251 0.25399055
v 0.00124482 -0.04333092 0.25400409
v 0.00148335 -0.04354655 0.25397681
v 0.00158866 -0.04367202 0.25396304
v 0.00168244 -0.04380756 0.25394942
v 0.00176335 -0.04395152 0.25393612
v 0.00183034 -0.04410203 0.25392333
v 0.00188275 -0.04425705 0.25391119
v 0.00194312 -0.04457228 0.25388941
v 0.00195165 -0.04472850 0.25387995
v 0.00189306 -0.04519931 0.25385294
v 0.00184414 -0.04535521 0.25384391
v 0.00150888 -0.04591964 0.25381072
v 0.00139563 -0.04603697 0.25380368
v 0.00127378 -0.04614211 0.25379731
v 0.00086945 -0.04638127 0.25378157
v 0.00071921 -0.04643722 0.25377617
v 0.00056226 -0.04647990 0.25377053
v 0.00040041 -0.04650828 0.25376471
v 0.00023565 -0.04652162 0.25375879
v 0.00007010 -0.04651959 0.25375284
v -0.00009410 -0.04650224 0.25374694
v -0.00025484 -0.04647001 0.25374116
v -0.00041019 -0.04642373 0.25373558
v -0.00055841 -0.04636450 0.25373025
v -0.00069805 -0.04629371 0.25372523
v 0.00166268 -0.04360821 0.25816802
v 0.00155222 -0.04348829 0.25818180
v 0.00176239 -0.04373893 0.25815430
v 0.00184986 -0.04387892 0.25814082
v 0.00192388 -0.04402642 0.25812776
v 0.00198361 -0.04417945 0.25811528
v 0.00205869 -0.04449381 0.25809262
v 0.00202857 -0.04433594 0.25810352
v 0.00207585 -0.04480627 0.25807365
v 0.00098017 -0.04316661 0.25403027
v 0.00111532 -0.04324241 0.25401727
v 0.00036450 -0.04298648 0.25408925
v 0.00052672 -0.04301073 0.25407371
v 0.00068460 -0.04304952 0.25405859
v 0.00019995 -0.04297739 0.25410502
v -0.00012760 -0.04300526 0.25413640
v 0.00003520 -0.04298371 0.25412080
v -0.00028640 -0.04304149 0.25415161
v -0.00043933 -0.04309151 0.25416626
v -0.00058473 -0.04315410 0.25418019
v -0.00072132 -0.04322788 0.25419329
v -0.00085174 -0.04331398 0.25420639
v -0.00097631 -0.04341325 0.25421987
v -0.00109311 -0.04352511 0.25423359
v -0.00120034 -0.04364861 0.25424737
v -0.00150426 -0.04422885 0.25429956
v -0.00144919 -0.04407450 0.25428730
v -0.00156994 -0.04454389 0.25432167
v -0.00154450 -0.04438601 0.25431106
v -0.00153015 -0.04517094 0.25435830
v -0.00157826 -0.04485578 0.25434020
v -0.00156151 -0.04501309 0.25434921
v -0.00142292 -0.04548016 0.25437625
v -0.00134764 -0.04562737 0.25438487
v -0.00125896 -0.04576699 0.25439310
v -0.00104660 -0.04601669 0.25440798
v -0.00115810 -0.04589726 0.25440083
v -0.00066598 -0.04629999 0.25442532
v -0.00079869 -0.04621866 0.25442026
v -0.00052557 -0.04636987 0.25443037
v 0.00010466 -0.04652035 0.25445302
v -0.00022084 -0.04647324 0.25444132
v -0.00005973 -0.04650425 0.25444711
v 0.00043483 -0.04650649 0.25446489
v 0.00059634 -0.04647689 0.25447070
v 0.00075280 -0.04643306 0.25447632
v 0.00090242 -0.04637608 0.25448170
v 0.00104370 -0.04630726 0.25448678
v 0.00117697 -0.04622716 0.25449179
v 0.00130502 -0.04613388 0.25449750
v 0.00142622 -0.04602769 0.25450393
v 0.00153868 -0.04590939 0.25451102
v 0.00164064 -0.04578011 0.25451870
v 0.00180719 -0.04549477 0.25453547
v 0.00173056 -0.04564132 0.25452688
v 0.00195010 -0.04502846 0.25456248
v 0.00191730 -0.04518626 0.25455339
v 0.00197231 -0.04471564 0.25458039
v 0.00196825 -0.04487102 0.25457150
v 0.00193861 -0.04440138 0.25460044
v 0.00196263 -0.04455923 0.25458992
v 0.00189982 -0.04424406 0.25461186
v 0.00184618 -0.04408934 0.25462405
v 0.00177800 -0.04393930 0.25463690
v 0.00160119 -0.04366121 0.25466387
v 0.00169599 -0.04379597 0.25465023
v 0.00137904 -0.04342360 0.25469137
v 0.00149499 -0.04353664 0.25467764
v 0.00125514 -0.04332307 0.25470489
v 0.00112520 -0.04323567 0.25471803
v 0.00098941 -0.04316081 0.25473107
v 0.00053425 -0.04300815 0.25477468
v 0.00037175 -0.04298514 0.25479025
v 0.00020711 -0.04297733 0.25480602
v 0.00004244 -0.04298492 0.25482179
v -0.00012010 -0.04300772 0.25483736
v -0.00027849 -0.04304513 0.25485254
v -0.00043085 -0.04309624 0.25486713
v -0.00057556 -0.04315981 0.25488100
v -0.00071146 -0.04323451 0.25489405
v -0.00084147 -0.04332172 0.25490718
v -0.00096547 -0.04342206 0.25492069
v -0.00108155 -0.04353493 0.25493442
v -0.00118790 -0.04365934 0.25494820
v -0.00128287 -0.04379397 0.25496184
v -0.00143346 -0.04408715 0.25498803
v -0.00136508 -0.04393719 0.25497518
v -0.00155055 -0.04455696 0.25502219
v -0.00152632 -0.04439911 0.25501166
v -0.00155656 -0.04486876 0.25504063
v -0.00145857 -0.04534017 0.25506779
v -0.00131993 -0.04563926 0.25508526
v -0.00139635 -0.04549261 0.25507667
v -0.00123019 -0.04577818 0.25509345
v -0.00112839 -0.04590760 0.25510114
v -0.00101607 -0.04602607 0.25510824
v -0.00089498 -0.04613244 0.25511467
v -0.00076701 -0.04622591 0.25512040
v -0.00063383 -0.04630620 0.25512542
v -0.00049268 -0.04637517 0.25513049
v -0.00034316 -0.04643233 0.25513586
v 0.00030480 -0.04652047 0.25515916
v 0.00013923 -0.04652100 0.25515321
v 0.00046922 -0.04650459 0.25516507
v 0.00063039 -0.04647379 0.25517086
v 0.00078634 -0.04642882 0.25517647
v 0.00107586 -0.04630107 0.25518687
v 0.00093532 -0.04637080 0.25518182
v 0.00120865 -0.04621992 0.25519193
v 0.00133622 -0.04612555 0.25519770
v 0.00145676 -0.04601832 0.25520418
v 0.00156841 -0.04589906 0.25521132
v 0.00166943 -0.04576893 0.25521905
v 0.00183377 -0.04548232 0.25523589
v 0.00175829 -0.04562943 0.25522727
v 0.00194143 -0.04517321 0.25525383
v 0.00189498 -0.04532956 0.25524478
v 0.00197300 -0.04501536 0.25526292
v 0.00198996 -0.04485803 0.25527194
v 0.00199289 -0.04470276 0.25528083
v 0.00195681 -0.04438828 0.25530105
v 0.00198204 -0.04454616 0.25529045
v 0.00191678 -0.04423110 0.25531253
v 0.00186192 -0.04407669 0.25532479
v 0.00179256 -0.04392713 0.25533768
v 0.00161364 -0.04365046 0.25536470
v 0.00170944 -0.04378444 0.25535104
v 0.00150657 -0.04352681 0.25537848
v 0.00138988 -0.04341477 0.25539219
v 0.00126541 -0.04331531 0.25540569
v 0.00113506 -0.04322902 0.25541879
v 0.00099859 -0.04315508 0.25543188
v 0.00085332 -0.04309232 0.25544580
v 0.00070049 -0.04304212 0.25546044
v 0.00037900 -0.04298391 0.25549124
v 0.00054175 -0.04300568 0.25547565
v 0.00004970 -0.04298624 0.25552278
v -0.00011258 -0.04301028 0.25553833
v -0.00027053 -0.04304887 0.25555346
v -0.00056632 -0.04316560 0.25558180
v -0.00070158 -0.04324124 0.25559481
v -0.00083116 -0.04332955 0.25560798
v -0.00095458 -0.04343096 0.25562152
v -0.00106992 -0.04354483 0.25563525
v -0.00117538 -0.04367014 0.25564903
v -0.00126934 -0.04380555 0.25566265
v -0.00135044 -0.04394940 0.25567595
v -0.00141764 -0.04409983 0.25568876
v -0.00147027 -0.04425479 0.25570091
v -0.00153106 -0.04457002 0.25572271
v -0.00150804 -0.04441221 0.25571226
v -0.00153477 -0.04488176 0.25574106
v -0.00151563 -0.04503929 0.25575010
v -0.00148182 -0.04519705 0.25575919
v -0.00136970 -0.04550503 0.25577708
v -0.00109860 -0.04591787 0.25580144
v -0.00086375 -0.04614069 0.25581487
v -0.00098548 -0.04603537 0.25580849
v -0.00073529 -0.04623307 0.25582053
v -0.00060162 -0.04631233 0.25582551
v -0.00045972 -0.04638038 0.25583062
v -0.00030958 -0.04643650 0.25583601
v 0.00000907 -0.04650797 0.25584747
v -0.00015272 -0.04647939 0.25584165
v 0.00033936 -0.04651973 0.25585934
v 0.00017381 -0.04652154 0.25585339
v 0.00050359 -0.04650260 0.25586524
v 0.00066440 -0.04647058 0.25587102
v 0.00081984 -0.04642449 0.25587661
v 0.00096817 -0.04636544 0.25588194
v 0.00110795 -0.04629481 0.25588697
v 0.00136736 -0.04611713 0.25589790
v 0.00124031 -0.04621259 0.25589207
v 0.00148723 -0.04600887 0.25590444
v 0.00159807 -0.04588866 0.25591163
v 0.00169813 -0.04575769 0.25591940
v 0.00178593 -0.04561749 0.25592766
v 0.00186025 -0.04546983 0.25593630
v 0.00192025 -0.04531669 0.25594522
v 0.00196547 -0.04516014 0.25595427
v 0.00199581 -0.04500226 0.25596336
v 0.00201157 -0.04484506 0.25597237
v 0.00201337 -0.04468987 0.25598128
v 0.00197490 -0.04437519 0.25600166
v 0.00200135 -0.04453308 0.25599098
v 0.00193364 -0.04421816 0.25601321
v 0.00180703 -0.04391501 0.25603846
v 0.00172281 -0.04377297 0.25605185
v 0.00162601 -0.04363979 0.25606553
v 0.00140068 -0.04340603 0.25609301
v 0.00151808 -0.04351705 0.25607931
v 0.00127565 -0.04330765 0.25610648
v 0.00114489 -0.04322247 0.25611955
v 0.00100771 -0.04314943 0.25613269
v 0.00086175 -0.04308766 0.25614668
v 0.00070837 -0.04303856 0.25616137
v 0.00054923 -0.04300330 0.25617662
v 0.00038623 -0.04298278 0.25619223
v 0.00022143 -0.04297753 0.25620802
v -0.00010502 -0.04301293 0.25623929
v -0.00026253 -0.04305270 0.25625438
v -0.00041373 -0.04310596 0.25626887
v -0.00055703 -0.04317146 0.25628260
v -0.00069167 -0.04324806 0.25629557
v -0.00082081 -0.04333747 0.25630878
v -0.00094363 -0.04343994 0.25632234
v -0.00105822 -0.04355480 0.25633609
v -0.00116279 -0.04368101 0.25634985
v -0.00125573 -0.04381718 0.25636346
v -0.00151904 -0.04473911 0.25643261
v -0.00148966 -0.04442531 0.25641286
v -0.00151147 -0.04458307 0.25642323
v -0.00149254 -0.04505240 0.25645054
v -0.00145749 -0.04521008 0.25645963
v -0.00140756 -0.04536578 0.25646866
v -0.00134294 -0.04551740 0.25647750
v -0.00126423 -0.04566290 0.25648603
v -0.00117239 -0.04580035 0.25649414
v -0.00106874 -0.04592805 0.25650174
v -0.00095484 -0.04604458 0.25650873
v -0.00083248 -0.04614885 0.25651505
v -0.00070355 -0.04624014 0.25652065
v -0.00056934 -0.04631839 0.25652561
v -0.00042671 -0.04638551 0.25653074
v -0.00027595 -0.04644058 0.25653616
v -0.00011861 -0.04648232 0.25654182
v 0.00020839 -0.04652197 0.25655357
v 0.00004351 -0.04650968 0.25654764
v 0.00053794 -0.04650050 0.25656542
v 0.00069838 -0.04646728 0.25657118
v 0.00085329 -0.04642006 0.25657675
v 0.00100096 -0.04636000 0.25658206
v 0.00113997 -0.04628848 0.25658706
v 0.00139845 -0.04610863 0.25659811
v 0.00127192 -0.04620518 0.25659221
v 0.00151765 -0.04599934 0.25660470
v 0.00162765 -0.04587819 0.25661194
v 0.00172675 -0.04574639 0.25661976
v 0.00181347 -0.04560550 0.25662806
v 0.00188663 -0.04545731 0.25663673
v 0.00194542 -0.04530381 0.25664565
v 0.00198940 -0.04514706 0.25665472
v 0.00201851 -0.04498917 0.25666380
v 0.00203309 -0.04483211 0.25667279
v 0.00203376 -0.04467695 0.25668173
v 0.00199289 -0.04436210 0.25670227
v 0.00202056 -0.04452000 0.25669152
v 0.00195040 -0.04420523 0.25671389
v 0.00163831 -0.04362919 0.25676636
v 0.00173609 -0.04376156 0.25675267
v 0.00182140 -0.04390293 0.25673924
v 0.00141142 -0.04339738 0.25679383
v 0.00152952 -0.04350738 0.25678014
v 0.00115470 -0.04321600 0.25682030
v 0.00128584 -0.04330007 0.25680727
v 0.00087014 -0.04308309 0.25684756
v 0.00101677 -0.04314386 0.25683351
v 0.00022859 -0.04297778 0.25690902
v 0.00055667 -0.04300103 0.25687759
v 0.00039344 -0.04298176 0.25689323
v -0.00009744 -0.04301569 0.25694025
v -0.00025449 -0.04305662 0.25695530
v -0.00040509 -0.04311095 0.25696973
v -0.00054767 -0.04317740 0.25698339
v -0.00068173 -0.04325497 0.25699634
v -0.00093262 -0.04344901 0.25702316
v -0.00081042 -0.04334548 0.25700958
v -0.00104645 -0.04356486 0.25703692
v -0.00115011 -0.04369195 0.25705068
v -0.00124202 -0.04382888 0.25706427
v -0.00138570 -0.04412528 0.25709020
v -0.00132088 -0.04397396 0.25707750
v -0.00147117 -0.04443842 0.25711344
v -0.00143587 -0.04428080 0.25710223
v -0.00146935 -0.04506551 0.25715098
v -0.00143307 -0.04522310 0.25716007
v -0.00138190 -0.04537854 0.25716909
v -0.00131608 -0.04552973 0.25717791
v -0.00123624 -0.04567463 0.25718641
v -0.00114337 -0.04581134 0.25719448
v -0.00103880 -0.04593816 0.25720203
v -0.00092413 -0.04605371 0.25720897
v -0.00080115 -0.04615693 0.25721523
v -0.00067177 -0.04624711 0.25722077
v -0.00008447 -0.04648514 0.25724198
v -0.00024227 -0.04644457 0.25723631
v 0.00057226 -0.04649830 0.25726559
v 0.00073231 -0.04646388 0.25727134
v 0.00088668 -0.04641555 0.25727689
v 0.00117193 -0.04628207 0.25728715
v 0.00130350 -0.04619767 0.25729236
v 0.00142950 -0.04610004 0.25729832
v 0.00154800 -0.04598973 0.25730497
v 0.00165716 -0.04586764 0.25731226
v 0.00175528 -0.04573503 0.25732012
v 0.00184092 -0.04559346 0.25732845
v 0.00197048 -0.04529090 0.25734609
v 0.00191291 -0.04544475 0.25733715
v 0.00204112 -0.04497608 0.25736424
v 0.00205452 -0.04481918 0.25737322
v 0.00205405 -0.04466401 0.25738220
v 0.00203968 -0.04450691 0.25739207
v 0.00201078 -0.04434902 0.25740289
v 0.00190854 -0.04403893 0.25742701
v 0.00196706 -0.04419233 0.25741458
v 0.00183567 -0.04389090 0.25744003
v 0.00174928 -0.04375021 0.25745349
v 0.00154091 -0.04349779 0.25748097
v 0.00165053 -0.04361867 0.25746719
v 0.00129599 -0.04329259 0.25750806
v 0.00142211 -0.04338881 0.25749465
v 0.00116447 -0.04320962 0.25752105
v 0.00102577 -0.04313836 0.25753434
v 0.00087847 -0.04307860 0.25754845
v 0.00072401 -0.04303172 0.25756325
v 0.00040065 -0.04298085 0.25759422
v 0.00056409 -0.04299886 0.25757857
v 0.00007156 -0.04299082 0.25762575
v 0.00023576 -0.04297814 0.25761002
v -0.00024641 -0.04306063 0.25765621
v -0.00008982 -0.04301855 0.25764121
v -0.00039639 -0.04311602 0.25767058
v -0.00053825 -0.04318342 0.25768417
v -0.00067175 -0.04326197 0.25769711
v -0.00079998 -0.04335358 0.25771039
v -0.00092156 -0.04345817 0.25772399
v -0.00113735 -0.04370296 0.25775151
v -0.00103461 -0.04357499 0.25773775
v -0.00122823 -0.04384063 0.25776507
v -0.00130595 -0.04398630 0.25777826
v -0.00136957 -0.04413805 0.25779092
v -0.00147727 -0.04476474 0.25783345
v -0.00147199 -0.04460913 0.25782423
v -0.00146881 -0.04492084 0.25784237
v -0.00144605 -0.04507861 0.25785143
v -0.00140854 -0.04523611 0.25786052
v -0.00128913 -0.04554202 0.25787831
v -0.00135614 -0.04539127 0.25786952
v -0.00111427 -0.04582226 0.25789482
v -0.00120817 -0.04568631 0.25788679
v -0.00100880 -0.04594819 0.25790232
v -0.00089337 -0.04606276 0.25790921
v -0.00076979 -0.04616491 0.25791541
v -0.00063995 -0.04625400 0.25792089
v -0.00005029 -0.04648787 0.25794215
v -0.00020855 -0.04644846 0.25793646
v 0.00027757 -0.04652253 0.25795394
v 0.00011243 -0.04651277 0.25794800
v 0.00060656 -0.04649599 0.25796576
v 0.00044299 -0.04651689 0.25795988
v 0.00092003 -0.04641095 0.25797703
v 0.00076621 -0.04646039 0.25797150
v 0.00120386 -0.04627558 0.25798724
v 0.00133504 -0.04619006 0.25799252
v 0.00146049 -0.04609136 0.25799853
v 0.00168659 -0.04585702 0.25801258
v 0.00157828 -0.04598003 0.25800524
v 0.00178373 -0.04572360 0.25802049
v 0.00186827 -0.04558136 0.25802885
v 0.00193910 -0.04543215 0.25803757
v 0.00199545 -0.04527797 0.25804653
v 0.00203695 -0.04512089 0.25805561
v 0.00206362 -0.04496300 0.25806468
v 0.00030105 -0.04705680 0.25799846
v 0.00008809 -0.04875000 0.25800197
v 0.00053577 -0.04704549 0.25798802
v 0.00093829 -0.04875000 0.25795396
v 0.00076595 -0.04701208 0.25797105
v 0.00161817 -0.04666730 0.25784935
v 0.00142082 -0.04678299 0.25788590
v 0.00177857 -0.04875000 0.25781585
v 0.00121179 -0.04687977 0.25791907
v 0.00099162 -0.04695684 0.25794791
v 0.00093876 -0.04697185 0.25795391
v 0.00248449 -0.04563581 0.25762666
v 0.00238576 -0.04583962 0.25765732
v 0.00259941 -0.04875000 0.25758920
v 0.00226640 -0.04603408 0.25769253
v 0.00212914 -0.04621479 0.25773054
v 0.00197505 -0.04638096 0.25777010
v 0.00180393 -0.04653262 0.25781024
v 0.00177931 -0.04655211 0.25781569
v 0.00265345 -0.04452242 0.25757092
v 0.00266492 -0.04475049 0.25756698
v 0.00339151 -0.04155000 0.25727659
v 0.00265352 -0.04497688 0.25757090
v 0.00261940 -0.04520159 0.25758249
v 0.00339151 -0.04875000 0.25727659
v 0.00260193 -0.04528022 0.25758836
v 0.00256254 -0.04542304 0.25760143
v 0.00238544 -0.04365979 0.25765742
v 0.00248491 -0.04386518 0.25762653
v 0.00259941 -0.04155000 0.25758920
v 0.00197529 -0.04311928 0.25777004
v 0.00213040 -0.04328670 0.25773020
v 0.00226705 -0.04346687 0.25769234
v 0.00256286 -0.04407797 0.25760133
v 0.00260187 -0.04421953 0.25758838
v 0.00261911 -0.04429702 0.25758259
v 0.00076752 -0.04248822 0.25797091
v 0.00093877 -0.04252815 0.25795391
v 0.00093829 -0.04155000 0.25795396
v 0.00099300 -0.04254357 0.25794775
v 0.00177857 -0.04155000 0.25781585
v 0.00121115 -0.04261997 0.25791916
v 0.00142171 -0.04271747 0.25788575
v 0.00161989 -0.04283382 0.25784901
v 0.00177931 -0.04294790 0.25781569
v 0.00180437 -0.04296774 0.25781014
v 0.00008809 -0.04155000 0.25800197
v 0.00008805 -0.04245249 0.25800197
v 0.00030083 -0.04244320 0.25799847
v 0.00053496 -0.04245443 0.25798807
v -0.00061225 -0.04262001 0.25797349
v -0.00039320 -0.04254372 0.25798901
v -0.00076240 -0.04155000 0.25795934
v -0.00016638 -0.04248825 0.25799873
v 0.00006687 -0.04245443 0.25800201
v -0.00154071 -0.04328632 0.25783967
v -0.00138315 -0.04311862 0.25787026
v -0.00160353 -0.04155000 0.25782656
v -0.00121084 -0.04296774 0.25789998
v -0.00102439 -0.04283384 0.25792780
v -0.00082359 -0.04271708 0.25795276
v -0.00076334 -0.04268688 0.25795925
v -0.00190052 -0.04563615 0.25775737
v -0.00197997 -0.04542340 0.25773682
v -0.00242579 -0.04875000 0.25760511
v -0.00180043 -0.04583935 0.25778202
v -0.00203788 -0.04520199 0.25772129
v -0.00207263 -0.04497772 0.25771176
v -0.00208433 -0.04475140 0.25770850
v -0.00207271 -0.04452309 0.25771173
v -0.00203785 -0.04429788 0.25772130
v -0.00242579 -0.04155000 0.25760511
v -0.00198057 -0.04407852 0.25773666
v -0.00190099 -0.04386495 0.25775725
v -0.00179998 -0.04365984 0.25778213
v -0.00167981 -0.04346704 0.25780992
v -0.00160566 -0.04336615 0.25782610
v -0.00121147 -0.04653175 0.25789988
v -0.00138387 -0.04638069 0.25787013
v -0.00160353 -0.04875000 0.25782656
v -0.00102324 -0.04666690 0.25792796
v -0.00153997 -0.04621454 0.25783982
v -0.00160568 -0.04613383 0.25782610
v -0.00167971 -0.04603310 0.25780994
v 0.00008805 -0.04704751 0.25800197
v 0.00006644 -0.04704553 0.25800201
v -0.00076240 -0.04875000 0.25795934
v -0.00016446 -0.04701212 0.25799879
v -0.00039168 -0.04695673 0.25798910
v -0.00061301 -0.04687969 0.25797342
v -0.00076333 -0.04681312 0.25795925
v -0.00082352 -0.04678295 0.25795277
v -0.00790967 -0.04155000 0.25066554
v -0.00793369 -0.04155000 0.25024029
v -0.00793369 -0.04875000 0.25024029
v -0.00793503 -0.04875000 0.24981437
v -0.00790967 -0.04875000 0.25066554
v -0.00779398 -0.04875000 0.25150920
v -0.00779398 -0.04155000 0.25150920
v -0.00758926 -0.04875000 0.25233579
v -0.00758926 -0.04155000 0.25233579
v -0.00729785 -0.04875000 0.25313593
v -0.00729785 -0.04155000 0.25313593
v -0.00692303 -0.04875000 0.25390056
v -0.00692303 -0.04155000 0.25390056
v -0.00646907 -0.04875000 0.25462102
v -0.00646907 -0.04155000 0.25462102
v -0.00594109 -0.04875000 0.25528914
v -0.00594109 -0.04155000 0.25528914
v -0.00534509 -0.04875000 0.25589736
v -0.00534509 -0.04155000 0.25589736
v -0.00468782 -0.04875000 0.25643878
v -0.00468782 -0.04155000 0.25643878
v -0.00397672 -0.04875000 0.25690727
v -0.00397672 -0.04155000 0.25690727
v -0.00321985 -0.04875000 0.25729752
v -0.00321985 -0.04155000 0.25729752
v -0.00793503 -0.04155000 0.24981437
v -0.00786978 -0.04155000 0.24896532
v -0.00786978 -0.04875000 0.24896532
v -0.00771465 -0.04155000 0.24812801
v -0.00771465 -0.04875000 0.24812801
v -0.00747139 -0.04155000 0.24731194
v -0.00747139 -0.04875000 0.24731194
v -0.00714277 -0.04155000 0.24652635
v -0.00714277 -0.04875000 0.24652635
v -0.00673251 -0.04155000 0.24578014
v -0.00673251 -0.04875000 0.24578014
v -0.00624526 -0.04155000 0.24508176
v -0.00624526 -0.04875000 0.24508176
v -0.00568653 -0.04155000 0.24443913
v -0.00568653 -0.04875000 0.24443913
v -0.00506266 -0.04155000 0.24385954
v -0.00506266 -0.04875000 0.24385954
v -0.00438072 -0.04155000 0.24334954
v -0.00438072 -0.04875000 0.24334954
v -0.00364843 -0.04155000 0.24291491
v -0.00364843 -0.04875000 0.24291491
v -0.00287409 -0.04155000 0.24256058
v -0.00287409 -0.04875000 0.24256058
v -0.00206648 -0.04155000 0.24229057
v -0.00206648 -0.04875000 0.24229057
v -0.00123474 -0.04155000 0.24210794
v -0.00123474 -0.04875000 0.24210794
v -0.00038830 -0.04155000 0.24201474
v -0.00038830 -0.04875000 0.24201474
v 0.00046325 -0.04155000 0.24201204
v 0.00046325 -0.04875000 0.24201204
v 0.00131026 -0.04155000 0.24209988
v 0.00131026 -0.04875000 0.24209988
v 0.00214314 -0.04155000 0.24227725
v 0.00214314 -0.04875000 0.24227725
v 0.00295245 -0.04155000 0.24254214
v 0.00295245 -0.04875000 0.24254214
v 0.00372901 -0.04155000 0.24289156
v 0.00372901 -0.04875000 0.24289156
v 0.00446404 -0.04155000 0.24332154
v 0.00446404 -0.04875000 0.24332154
v 0.00514920 -0.04155000 0.24382721
v 0.00514920 -0.04875000 0.24382721
v 0.00577672 -0.04155000 0.24440285
v 0.00577672 -0.04875000 0.24440285
v 0.00633951 -0.04155000 0.24504192
v 0.00633951 -0.04875000 0.24504192
v 0.00683117 -0.04155000 0.24573720
v 0.00683117 -0.04875000 0.24573720
v 0.00724615 -0.04155000 0.24648080
v 0.00724615 -0.04875000 0.24648080
v 0.00757974 -0.04155000 0.24726429
v 0.00757974 -0.04875000 0.24726429
v 0.00782815 -0.04155000 0.24807881
v 0.00782815 -0.04875000 0.24807881
v 0.00798859 -0.04155000 0.24891511
v 0.00798859 -0.04875000 0.24891511
v 0.00805922 -0.04155000 0.24976373
v 0.00805922 -0.04875000 0.24976373
v 0.00803924 -0.04155000 0.25061506
v 0.00803924 -0.04875000 0.25061506
v 0.00792889 -0.04155000 0.25145943
v 0.00792889 -0.04875000 0.25145943
v 0.00772941 -0.04155000 0.25228729
v 0.00772941 -0.04875000 0.25228729
v 0.00744307 -0.04155000 0.25308926
v 0.00744307 -0.04875000 0.25308926
v 0.00707311 -0.04155000 0.25385625
v 0.00707311 -0.04875000 0.25385625
v 0.00662371 -0.04155000 0.25457957
v 0.00662371 -0.04875000 0.25457957
v 0.00609998 -0.04155000 0.25525102
v 0.00609998 -0.04875000 0.25525102
v 0.00550784 -0.04155000 0.25586300
v 0.00550784 -0.04875000 0.25586300
v 0.00485401 -0.04155000 0.25640857
v 0.00485401 -0.04875000 0.25640857
v 0.00414589 -0.04155000 0.25688156
v 0.00414589 -0.04875000 0.25688156
v 0.00156223 -0.04660141 0.25371033
v 0.00163596 -0.04653054 0.25367966
v 0.00163438 -0.04835000 0.25368033
v -0.00011722 -0.04835000 0.25399796
v -0.00003642 -0.04713796 0.25400078
v 0.00018191 -0.04835000 0.25400024
v 0.00018191 -0.04715000 0.25400024
v 0.00048036 -0.04835000 0.25398016
v -0.00071077 -0.04835000 0.25392651
v -0.00046311 -0.04704315 0.25396730
v -0.00041533 -0.04835000 0.25397334
v -0.00025341 -0.04710186 0.25398950
v -0.00011768 -0.04712730 0.25399794
v -0.00128705 -0.04835000 0.25376738
v -0.00128866 -0.04653054 0.25376681
v -0.00121373 -0.04660096 0.25379287
v -0.00104384 -0.04673928 0.25384590
v -0.00086088 -0.04686031 0.25389391
v -0.00100189 -0.04835000 0.25385773
v -0.00071164 -0.04694078 0.25392634
v -0.00066569 -0.04696257 0.25393512
v -0.00183317 -0.04835000 0.25352415
v -0.00183424 -0.04570650 0.25352357
v -0.00175250 -0.04588867 0.25356640
v -0.00164162 -0.04608781 0.25362073
v -0.00151447 -0.04627328 0.25367793
v -0.00137098 -0.04644534 0.25373623
v -0.00156466 -0.04835000 0.25365598
v -0.00197294 -0.04426796 0.25344526
v -0.00200673 -0.04450615 0.25342506
v -0.00233694 -0.04115000 0.25320223
v -0.00201823 -0.04474588 0.25341808
v -0.00200755 -0.04498494 0.25342456
v -0.00233694 -0.04835000 0.25320223
v -0.00197461 -0.04522313 0.25344426
v -0.00192039 -0.04545435 0.25347579
v -0.00184619 -0.04567618 0.25351711
v -0.00209108 -0.04835000 0.25337262
v -0.00163947 -0.04340872 0.25362174
v -0.00175079 -0.04360791 0.25356726
v -0.00183317 -0.04115000 0.25352415
v -0.00183410 -0.04379315 0.25352365
v -0.00209108 -0.04115000 0.25337262
v -0.00184434 -0.04381903 0.25351811
v -0.00191847 -0.04403891 0.25347688
v -0.00104119 -0.04275877 0.25384666
v -0.00128705 -0.04115000 0.25376738
v -0.00085840 -0.04263823 0.25389450
v -0.00100189 -0.04115000 0.25385773
v -0.00071167 -0.04255924 0.25392633
v -0.00071077 -0.04115000 0.25392651
v -0.00066315 -0.04253626 0.25393559
v -0.00121178 -0.04289728 0.25379352
v -0.00128867 -0.04296948 0.25376680
v -0.00156466 -0.04115000 0.25365598
v -0.00136990 -0.04305348 0.25373665
v -0.00151250 -0.04322413 0.25367877
v 0.00048036 -0.04115000 0.25398016
v 0.00040698 -0.04236284 0.25398718
v 0.00018191 -0.04115000 0.25400024
v 0.00018740 -0.04235001 0.25400007
v -0.00011722 -0.04115000 0.25399796
v -0.00003272 -0.04236163 0.25400087
v -0.00011768 -0.04237270 0.25399794
v -0.00041533 -0.04115000 0.25397334
v -0.00024970 -0.04239732 0.25398979
v -0.00045977 -0.04245572 0.25396774
v 0.00106861 -0.04115000 0.25387348
v 0.00082830 -0.04245838 0.25392808
v 0.00077648 -0.04115000 0.25393783
v 0.00062077 -0.04239926 0.25396290
v 0.00048080 -0.04237270 0.25398011
v 0.00163438 -0.04115000 0.25368033
v 0.00163596 -0.04296947 0.25367966
v 0.00156555 -0.04290165 0.25370898
v 0.00139931 -0.04276299 0.25377211
v 0.00122090 -0.04264234 0.25383069
v 0.00135511 -0.04115000 0.25378749
v 0.00106939 -0.04255918 0.25387328
v 0.00102970 -0.04254004 0.25388338
v 0.00216506 -0.04115000 0.25340501
v 0.00216615 -0.04379364 0.25340434
v 0.00208862 -0.04361461 0.25345106
v 0.00198110 -0.04341469 0.25351200
v 0.00185805 -0.04322941 0.25357650
v 0.00171948 -0.04305819 0.25364280
v 0.00190487 -0.04115000 0.25355260
v 0.00229985 -0.04523221 0.25331795
v 0.00233217 -0.04499644 0.25329592
v 0.00264877 -0.04835000 0.25305367
v 0.00234347 -0.04475513 0.25328811
v 0.00233329 -0.04451606 0.25329515
v 0.00264877 -0.04115000 0.25305367
v 0.00230199 -0.04427968 0.25331651
v 0.00224981 -0.04404772 0.25335117
v 0.00217848 -0.04382607 0.25339668
v 0.00241348 -0.04115000 0.25323839
v 0.00190487 -0.04835000 0.25355260
v 0.00171581 -0.04644591 0.25364447
v 0.00216506 -0.04835000 0.25340501
v 0.00185514 -0.04627454 0.25357796
v 0.00197817 -0.04609017 0.25351360
v 0.00208521 -0.04589247 0.25345306
v 0.00216596 -0.04570684 0.25340445
v 0.00241348 -0.04835000 0.25323839
v 0.00217587 -0.04568089 0.25339830
v 0.00224762 -0.04546024 0.25335259
v 0.00082344 -0.04704328 0.25392902
v 0.00106861 -0.04835000 0.25387348
v 0.00061376 -0.04710232 0.25396388
v 0.00077648 -0.04835000 0.25393783
v 0.00048081 -0.04712730 0.25398011
v 0.00039863 -0.04713810 0.25398789
v 0.00102392 -0.04696266 0.25388482
v 0.00106947 -0.04694078 0.25387326
v 0.00135511 -0.04835000 0.25378749
v 0.00121556 -0.04686087 0.25383230
v 0.00139567 -0.04673975 0.25377340
v -0.00256938 -0.04115000 0.25301396
v -0.00256938 -0.04835000 0.25301396
v -0.00278711 -0.04115000 0.25280883
v -0.00278711 -0.04835000 0.25280883
v -0.00298889 -0.04115000 0.25258801
v -0.00298889 -0.04835000 0.25258801
v -0.00317361 -0.04115000 0.25235273
v -0.00317361 -0.04835000 0.25235273
v -0.00334023 -0.04115000 0.25210430
v -0.00334023 -0.04835000 0.25210430
v -0.00348782 -0.04115000 0.25184412
v -0.00348782 -0.04835000 0.25184412
v -0.00361555 -0.04115000 0.25157363
v -0.00361555 -0.04835000 0.25157363
v -0.00372271 -0.04115000 0.25129436
v -0.00372271 -0.04835000 0.25129436
v -0.00380870 -0.04115000 0.25100786
v -0.00380870 -0.04835000 0.25100786
v -0.00387305 -0.04115000 0.25071573
v -0.00387305 -0.04835000 0.25071573
v -0.00391538 -0.04115000 0.25041961
v -0.00391538 -0.04835000 0.25041961
v -0.00393546 -0.04115000 0.25012115
v -0.00393546 -0.04835000 0.25012115
v -0.00393318 -0.04115000 0.24982203
v -0.00393318 -0.04835000 0.24982203
v -0.00390856 -0.04115000 0.24952392
v -0.00390856 -0.04835000 0.24952392
v -0.00386173 -0.04115000 0.24922848
v -0.00386173 -0.04835000 0.24922848
v -0.00379295 -0.04115000 0.24893736
v -0.00379295 -0.04835000 0.24893736
v -0.00370260 -0.04115000 0.24865220
v -0.00370260 -0.04835000 0.24865220
v -0.00359120 -0.04115000 0.24837459
v -0.00359120 -0.04835000 0.24837459
v -0.00345937 -0.04115000 0.24810608
v -0.00345937 -0.04835000 0.24810608
v -0.00330784 -0.04115000 0.24784817
v -0.00330784 -0.04835000 0.24784817
v -0.00313746 -0.04115000 0.24760231
v -0.00313746 -0.04835000 0.24760231
v -0.00294918 -0.04115000 0.24736987
v -0.00294918 -0.04835000 0.24736987
v -0.00274405 -0.04115000 0.24715214
v -0.00274405 -0.04835000 0.24715214
v -0.00252323 -0.04115000 0.24695036
v -0.00252323 -0.04835000 0.24695036
v -0.00228795 -0.04115000 0.24676564
v -0.00228795 -0.04835000 0.24676564
v -0.00203953 -0.04115000 0.24659902
v -0.00203953 -0.04835000 0.24659902
v -0.00177934 -0.04115000 0.24645143
v -0.00177934 -0.04835000 0.24645143
v -0.00150886 -0.04115000 0.24632370
v -0.00150886 -0.04835000 0.24632370
v -0.00122958 -0.04115000 0.24621654
v -0.00122958 -0.04835000 0.24621654
v -0.00094308 -0.04115000 0.24613054
v -0.00094308 -0.04835000 0.24613054
v -0.00065095 -0.04115000 0.24606620
v -0.00065095 -0.04835000 0.24606620
v -0.00035483 -0.04115000 0.24602387
v -0.00035483 -0.04835000 0.24602387
v -0.00005637 -0.04115000 0.24600379
v -0.00005637 -0.04835000 0.24600379
v 0.00024275 -0.04115000 0.24600607
v 0.00024275 -0.04835000 0.24600607
v 0.00054086 -0.04115000 0.24603069
v 0.00054086 -0.04835000 0.24603069
v 0.00083630 -0.04115000 0.24607752
v 0.00083630 -0.04835000 0.24607752
v 0.00112742 -0.04115000 0.24614630
v 0.00112742 -0.04835000 0.24614630
v 0.00141258 -0.04115000 0.24623664
v 0.00141258 -0.04835000 0.24623664
v 0.00169019 -0.04115000 0.24634804
v 0.00169019 -0.04835000 0.24634804
v 0.00195870 -0.04115000 0.24647988
v 0.00195870 -0.04835000 0.24647988
v 0.00221661 -0.04115000 0.24663141
v 0.00221661 -0.04835000 0.24663141
v 0.00246247 -0.04115000 0.24680179
v 0.00246247 -0.04835000 0.24680179
v 0.00269491 -0.04115000 0.24699007
v 0.00269491 -0.04835000 0.24699007
v 0.00291264 -0.04115000 0.24719519
v 0.00291264 -0.04835000 0.24719519
v 0.00311442 -0.04115000 0.24741601
v 0.00311442 -0.04835000 0.24741601
v 0.00329914 -0.04115000 0.24765130
v 0.00329914 -0.04835000 0.24765130
v 0.00346576 -0.04115000 0.24789972
v 0.00346576 -0.04835000 0.24789972
v 0.00361335 -0.04115000 0.24815991
v 0.00361335 -0.04835000 0.24815991
v 0.00374108 -0.04115000 0.24843039
v 0.00374108 -0.04835000 0.24843039
v 0.00384824 -0.04115000 0.24870967
v 0.00384824 -0.04835000 0.24870967
v 0.00393424 -0.04115000 0.24899617
v 0.00393424 -0.04835000 0.24899617
v 0.00399858 -0.04115000 0.24928830
v 0.00399858 -0.04835000 0.24928830
v 0.00404091 -0.04115000 0.24958442
v 0.00404091 -0.04835000 0.24958442
v 0.00406099 -0.04115000 0.24988287
v 0.00406099 -0.04835000 0.24988287
v 0.00405871 -0.04115000 0.25018200
v 0.00405871 -0.04835000 0.25018200
v 0.00403409 -0.04115000 0.25048011
v 0.00403409 -0.04835000 0.25048011
v 0.00398726 -0.04115000 0.25077555
v 0.00398726 -0.04835000 0.25077555
v 0.00391848 -0.04115000 0.25106667
v 0.00391848 -0.04835000 0.25106667
v 0.00382813 -0.04115000 0.25135183
v 0.00382813 -0.04835000 0.25135183
v 0.00371673 -0.04115000 0.25162944
v 0.00371673 -0.04835000 0.25162944
v 0.00358490 -0.04115000 0.25189795
v 0.00358490 -0.04835000 0.25189795
v 0.00343337 -0.04115000 0.25215586
v 0.00343337 -0.04835000 0.25215586
v 0.00326299 -0.04115000 0.25240172
v 0.00326299 -0.04835000 0.25240172
v 0.00307471 -0.04115000 0.25263416
v 0.00307471 -0.04835000 0.25263416
v 0.00286958 -0.04115000 0.25285189
v 0.00286958 -0.04835000 0.25285189
v 0.00496333 -0.04075000 0.25527690
v 0.00290737 -0.04075000 0.25335884
v 0.00437488 -0.04075000 0.25576792
v 0.00264856 -0.04075000 0.25356203
v 0.00373758 -0.04075000 0.25619360
v 0.00237529 -0.04075000 0.25374531
v 0.00305863 -0.04075000 0.25654913
v -0.00217694 -0.04075000 0.25684480
v -0.00142203 -0.04075000 0.25414392
v -0.00289159 -0.04075000 0.25656797
v -0.00172740 -0.04075000 0.25402138
v -0.00357277 -0.04075000 0.25621674
v -0.00202276 -0.04075000 0.25387636
v -0.00230646 -0.04075000 0.25370968
v -0.00421276 -0.04075000 0.25579510
v -0.00257691 -0.04075000 0.25352226
v -0.00480431 -0.04075000 0.25530782
v -0.00682406 -0.04075000 0.25210241
v -0.00419585 -0.04075000 0.25110844
v -0.00700830 -0.04075000 0.25135849
v -0.00426663 -0.04075000 0.25078710
v -0.00711243 -0.04075000 0.25059919
v -0.00431319 -0.04075000 0.25046137
v -0.00713404 -0.04075000 0.25021647
v -0.00433528 -0.04075000 0.25013307
v -0.00713525 -0.04075000 0.24983313
v -0.00433278 -0.04075000 0.24980404
v -0.00707652 -0.04075000 0.24906899
v -0.00430569 -0.04075000 0.24947611
v -0.00693690 -0.04075000 0.24831541
v 0.00670504 -0.04075000 0.25278054
v 0.00408213 -0.04075000 0.25179218
v 0.00637207 -0.04075000 0.25347082
v 0.00393711 -0.04075000 0.25208754
v 0.00596762 -0.04075000 0.25412181
v 0.00208908 -0.04075000 0.25390766
v 0.00179155 -0.04075000 0.25404816
v 0.00234575 -0.04075000 0.25683048
v 0.00148434 -0.04075000 0.25416604
v 0.00160699 -0.04075000 0.25703447
v -0.00622445 -0.04075000 0.25351070
v -0.00384288 -0.04075000 0.25202833
v -0.00656179 -0.04075000 0.25282253
v -0.00398338 -0.04075000 0.25173080
v -0.00410126 -0.04075000 0.25142359
v -0.00425418 -0.04075000 0.24915112
v -0.00417852 -0.04075000 0.24883090
v -0.00671798 -0.04075000 0.24758095
v -0.00407914 -0.04075000 0.24851722
v -0.00642222 -0.04075000 0.24687392
v -0.00393637 -0.04075000 0.24401478
v -0.00224976 -0.04075000 0.24625872
v -0.00327731 -0.04075000 0.24362362
v -0.00196355 -0.04075000 0.24609637
v -0.00258041 -0.04075000 0.24330473
v -0.00034319 -0.04075000 0.24281347
v -0.00006829 -0.04075000 0.24560397
v 0.00042320 -0.04075000 0.24281104
v 0.00026074 -0.04075000 0.24560647
v 0.00118551 -0.04075000 0.24289009
v 0.00719600 -0.04075000 0.24902380
v 0.00443872 -0.04075000 0.24954266
v 0.00725957 -0.04075000 0.24978756
v 0.00446081 -0.04075000 0.24987096
v 0.00724159 -0.04075000 0.25055375
v 0.00445831 -0.04075000 0.25019999
v 0.00443122 -0.04075000 0.25052792
v 0.00714228 -0.04075000 0.25131369
v 0.00437971 -0.04075000 0.25085290
v 0.00696275 -0.04075000 0.25205876
v 0.00430405 -0.04075000 0.25117313
v 0.00420467 -0.04075000 0.25148681
v 0.00008556 -0.04075000 0.25720198
v -0.00013521 -0.04075000 0.25439756
v -0.00067988 -0.04075000 0.25716361
v -0.00046314 -0.04075000 0.25437047
v -0.00143690 -0.04075000 0.25704410
v -0.00078812 -0.04075000 0.25431896
v -0.00110835 -0.04075000 0.25424330
v -0.00283260 -0.04075000 0.25331515
v -0.00307209 -0.04075000 0.25308952
v -0.00534071 -0.04075000 0.25476043
v -0.00329406 -0.04075000 0.25284661
v -0.00581588 -0.04075000 0.25415911
v -0.00349725 -0.04075000 0.25258780
v -0.00368053 -0.04075000 0.25231453
v -0.00395660 -0.04075000 0.24821185
v -0.00381158 -0.04075000 0.24791649
v -0.00605298 -0.04075000 0.24620233
v -0.00364490 -0.04075000 0.24763279
v -0.00561445 -0.04075000 0.24557379
v -0.00345748 -0.04075000 0.24736234
v -0.00511160 -0.04075000 0.24499542
v -0.00325037 -0.04075000 0.24710665
v -0.00302474 -0.04075000 0.24686716
v -0.00455012 -0.04075000 0.24447378
v -0.00278184 -0.04075000 0.24664519
v -0.00252302 -0.04075000 0.24644200
v 0.00058867 -0.04075000 0.24563356
v 0.00091365 -0.04075000 0.24568507
v 0.00193510 -0.04075000 0.24304972
v 0.00123388 -0.04075000 0.24576073
v 0.00266348 -0.04075000 0.24328813
v 0.00377043 -0.04075000 0.25237124
v 0.00358301 -0.04075000 0.25264169
v 0.00549626 -0.04075000 0.25472612
v 0.00337590 -0.04075000 0.25289738
v 0.00315027 -0.04075000 0.25313687
v 0.00116919 -0.04075000 0.25426063
v 0.00084785 -0.04075000 0.25433141
v 0.00085074 -0.04075000 0.25715877
v 0.00052212 -0.04075000 0.25437797
v 0.00019382 -0.04075000 0.25440006
v 0.00154756 -0.04075000 0.24586011
v 0.00185293 -0.04075000 0.24598265
v 0.00336239 -0.04075000 0.24360260
v 0.00214829 -0.04075000 0.24612767
v 0.00402391 -0.04075000 0.24398958
v 0.00243199 -0.04075000 0.24629435
v 0.00464055 -0.04075000 0.24444469
v -0.00166602 -0.04075000 0.24595587
v -0.00135881 -0.04075000 0.24583799
v -0.00185355 -0.04075000 0.24306172
v -0.00104366 -0.04075000 0.24574340
v -0.00110499 -0.04075000 0.24289734
v -0.00072232 -0.04075000 0.24567262
v -0.00039659 -0.04075000 0.24562606
v 0.00270244 -0.04075000 0.24648177
v 0.00295813 -0.04075000 0.24668888
v 0.00520533 -0.04075000 0.24496276
v 0.00319762 -0.04075000 0.24691451
v 0.00571183 -0.04075000 0.24553793
v 0.00341959 -0.04075000 0.24715741
v 0.00362278 -0.04075000 0.24741622
v 0.00615433 -0.04075000 0.24616368
v 0.00380606 -0.04075000 0.24768949
v 0.00652781 -0.04075000 0.24683292
v 0.00396841 -0.04075000 0.24797570
v 0.00410891 -0.04075000 0.24827323
v 0.00682804 -0.04075000 0.24753807
v 0.00422679 -0.04075000 0.24858044
v 0.00705162 -0.04075000 0.24827113
v 0.00432138 -0.04075000 0.24889559
v 0.00439216 -0.04075000 0.24921693
v -0.00252302 -0.04875000 0.24644200
v -0.00278184 -0.04875000 0.24664519
v 0.00445831 -0.04875000 0.25019999
v 0.00446081 -0.04875000 0.24987096
v 0.00341959 -0.04875000 0.24715741
v 0.00319762 -0.04875000 0.24691451
v 0.00154756 -0.04875000 0.24586011
v 0.00123388 -0.04875000 0.24576073
v 0.00091365 -0.04875000 0.24568507
v 0.00058867 -0.04875000 0.24563356
v 0.00026074 -0.04875000 0.24560647
v -0.00166602 -0.04875000 0.24595587
v -0.00196355 -0.04875000 0.24609637
v -0.00224976 -0.04875000 0.24625872
v -0.00410126 -0.04875000 0.25142359
v -0.00398338 -0.04875000 0.25173080
v 0.00019382 -0.04875000 0.25440006
v 0.00052212 -0.04875000 0.25437797
v 0.00420467 -0.04875000 0.25148681
v 0.00430405 -0.04875000 0.25117313
v 0.00437971 -0.04875000 0.25085290
v 0.00443122 -0.04875000 0.25052792
v 0.00443872 -0.04875000 0.24954266
v 0.00439216 -0.04875000 0.24921693
v 0.00432138 -0.04875000 0.24889559
v 0.00422679 -0.04875000 0.24858044
v -0.00006829 -0.04875000 0.24560397
v -0.00039659 -0.04875000 0.24562606
v -0.00072232 -0.04875000 0.24567262
v -0.00104366 -0.04875000 0.24574340
v -0.00135881 -0.04875000 0.24583799
v -0.00302474 -0.04875000 0.24686716
v -0.00325037 -0.04875000 0.24710665
v -0.00345748 -0.04875000 0.24736234
v -0.00364490 -0.04875000 0.24763279
v 0.00084785 -0.04875000 0.25433141
v 0.00116919 -0.04875000 0.25426063
v 0.00148434 -0.04875000 0.25416604
v 0.00315027 -0.04875000 0.25313687
v 0.00337590 -0.04875000 0.25289738
v 0.00410891 -0.04875000 0.24827323
v 0.00396841 -0.04875000 0.24797570
v 0.00380606 -0.04875000 0.24768949
v 0.00362278 -0.04875000 0.24741622
v 0.00295813 -0.04875000 0.24668888
v 0.00270244 -0.04875000 0.24648177
v 0.00243199 -0.04875000 0.24629435
v 0.00214829 -0.04875000 0.24612767
v 0.00185293 -0.04875000 0.24598265
v -0.00381158 -0.04875000 0.24791649
v -0.00395660 -0.04875000 0.24821185
v -0.00407914 -0.04875000 0.24851722
v -0.00417852 -0.04875000 0.24883090
v -0.00425418 -0.04875000 0.24915112
v -0.00430569 -0.04875000 0.24947611
v -0.00433278 -0.04875000 0.24980404
v -0.00433528 -0.04875000 0.25013307
v -0.00431319 -0.04875000 0.25046137
v -0.00426663 -0.04875000 0.25078710
v -0.00419585 -0.04875000 0.25110844
v 0.00179155 -0.04875000 0.25404816
v 0.00208908 -0.04875000 0.25390766
v 0.00237529 -0.04875000 0.25374531
v 0.00264856 -0.04875000 0.25356203
v 0.00290737 -0.04875000 0.25335884
v 0.00358301 -0.04875000 0.25264169
v 0.00377043 -0.04875000 0.25237124
v 0.00393711 -0.04875000 0.25208754
v 0.00408213 -0.04875000 0.25179218
v -0.00110835 -0.04875000 0.25424330
v -0.00078812 -0.04875000 0.25431896
v -0.00046314 -0.04875000 0.25437047
v -0.00013521 -0.04875000 0.25439756
v -0.00384288 -0.04875000 0.25202833
v -0.00368053 -0.04875000 0.25231453
v -0.00349725 -0.04875000 0.25258780
v -0.00329406 -0.04875000 0.25284661
v -0.00307209 -0.04875000 0.25308952
v -0.00283260 -0.04875000 0.25331515
v -0.00257691 -0.04875000 0.25352226
v -0.00230646 -0.04875000 0.25370968
v -0.00202276 -0.04875000 0.25387636
v -0.00172740 -0.04875000 0.25402138
v -0.00142203 -0.04875000 0.25414392
v 0.00009662 -0.04674022 0.25776915
v 0.00019382 -0.04675000 0.25440006
v -0.00000635 -0.04673997 0.25439947
v -0.00004404 -0.04672123 0.25776689
v -0.00014472 -0.04672121 0.25439139
v -0.00009781 -0.04671126 0.25776513
v -0.00028916 -0.04666324 0.25775485
v -0.00020535 -0.04670988 0.25438587
v -0.00037305 -0.04663573 0.25774836
v -0.00058364 -0.04659381 0.25432382
v -0.00068329 -0.04649601 0.25771380
v -0.00047459 -0.04663567 0.25434664
v -0.00065290 -0.04651257 0.25771792
v -0.00039773 -0.04666096 0.25436031
v -0.00047558 -0.04659644 0.25773878
v -0.00108687 -0.04629247 0.25416437
v -0.00121236 -0.04607136 0.25761595
v -0.00107005 -0.04630603 0.25417120
v -0.00112502 -0.04616381 0.25763553
v -0.00076282 -0.04650859 0.25427743
v -0.00078596 -0.04649597 0.25427062
v -0.00082116 -0.04641196 0.25769307
v -0.00093082 -0.04640774 0.25422362
v -0.00096582 -0.04630606 0.25766772
v -0.00097975 -0.04629478 0.25766508
v -0.00137435 -0.04586245 0.25757596
v -0.00131834 -0.04607136 0.25405920
v -0.00141566 -0.04579866 0.25756500
v -0.00136323 -0.04601940 0.25403631
v -0.00148011 -0.04586484 0.25397271
v -0.00152338 -0.04579878 0.25394766
v -0.00147609 -0.04569447 0.25754839
v -0.00123135 -0.04616279 0.25410122
v -0.00125657 -0.04601976 0.25760551
v -0.00156046 -0.04551829 0.25752407
v -0.00158207 -0.04569889 0.25391235
v -0.00156976 -0.04549574 0.25752130
v -0.00178058 -0.04517150 0.25378094
v -0.00178638 -0.04514427 0.25377681
v -0.00170555 -0.04494743 0.25747912
v -0.00181668 -0.04494578 0.25375495
v -0.00171359 -0.04483490 0.25747651
v -0.00182466 -0.04483495 0.25374912
v -0.00171541 -0.04475121 0.25747592
v -0.00166824 -0.04552182 0.25385763
v -0.00167910 -0.04549585 0.25385048
v -0.00162743 -0.04533383 0.25750381
v -0.00173649 -0.04533695 0.25381177
v -0.00167006 -0.04517139 0.25749048
v -0.00167625 -0.04514188 0.25748852
v -0.00182650 -0.04474657 0.25374777
v -0.00181592 -0.04454679 0.25375551
v -0.00170562 -0.04455327 0.25747910
v -0.00180992 -0.04449580 0.25375987
v -0.00169905 -0.04449593 0.25748122
v -0.00178483 -0.04434830 0.25377791
v -0.00167623 -0.04435801 0.25748852
v -0.00173472 -0.04415742 0.25381299
v -0.00162794 -0.04416782 0.25750366
v -0.00166653 -0.04397420 0.25385874
v -0.00156085 -0.04398266 0.25752395
v -0.00160773 -0.04384939 0.25389641
v -0.00149918 -0.04384954 0.25754186
v -0.00131981 -0.04356070 0.25758996
v -0.00137443 -0.04363767 0.25757594
v -0.00142667 -0.04356065 0.25400251
v -0.00147572 -0.04380483 0.25754849
v -0.00147813 -0.04363227 0.25397383
v -0.00158050 -0.04379826 0.25391331
v -0.00136142 -0.04347844 0.25403725
v -0.00123036 -0.04333623 0.25410168
v -0.00125719 -0.04348099 0.25760536
v -0.00119918 -0.04330613 0.25411599
v -0.00112441 -0.04333559 0.25763567
v -0.00109407 -0.04330609 0.25764215
v -0.00108508 -0.04320607 0.25416510
v -0.00097921 -0.04320478 0.25766518
v -0.00092839 -0.04309064 0.25422447
v -0.00082212 -0.04308869 0.25769291
v -0.00076054 -0.04299019 0.25427809
v -0.00065296 -0.04298746 0.25771791
v -0.00063317 -0.04292763 0.25431211
v -0.00053109 -0.04292757 0.25773284
v -0.00058130 -0.04290522 0.25432435
v -0.00039467 -0.04283810 0.25436081
v -0.00047493 -0.04290329 0.25773885
v -0.00031137 -0.04281459 0.25437331
v -0.00029044 -0.04283715 0.25775476
v -0.00021030 -0.04281455 0.25775985
v -0.00020194 -0.04278943 0.25438621
v -0.00000296 -0.04275969 0.25439959
v -0.00009942 -0.04278906 0.25776507
v 0.00002412 -0.04275721 0.25440041
v 0.00009698 -0.04275974 0.25776916
v 0.00012452 -0.04275721 0.25776920
v 0.00029396 -0.04275000 0.25776662
v 0.00019886 -0.04275001 0.25439991
v 0.00046361 -0.04275721 0.25775910
v 0.00036325 -0.04275721 0.25439030
v 0.00049104 -0.04275974 0.25775742
v 0.00068679 -0.04278904 0.25774165
v 0.00040010 -0.04276070 0.25438692
v 0.00079728 -0.04281455 0.25772983
v 0.00078606 -0.04284032 0.25432422
v 0.00111589 -0.04292757 0.25768376
v 0.00069652 -0.04281459 0.25434327
v 0.00106012 -0.04290326 0.25769311
v 0.00059598 -0.04279105 0.25436139
v 0.00087655 -0.04283702 0.25772003
v 0.00183338 -0.04348132 0.25751319
v 0.00156743 -0.04330613 0.25403355
v 0.00189470 -0.04356070 0.25749417
v 0.00160156 -0.04334016 0.25401533
v 0.00097047 -0.04290837 0.25427617
v 0.00101409 -0.04292763 0.25426303
v 0.00123728 -0.04298780 0.25766148
v 0.00114548 -0.04299362 0.25421925
v 0.00140400 -0.04308867 0.25762658
v 0.00130872 -0.04309415 0.25415581
v 0.00155918 -0.04320477 0.25758955
v 0.00146080 -0.04320971 0.25408728
v 0.00167247 -0.04330609 0.25755971
v 0.00170293 -0.04333616 0.25755127
v 0.00204784 -0.04380479 0.25744351
v 0.00178776 -0.04356065 0.25390673
v 0.00207089 -0.04384954 0.25743548
v 0.00184071 -0.04363724 0.25387290
v 0.00172824 -0.04348284 0.25394317
v 0.00194829 -0.04363753 0.25747696
v 0.00193895 -0.04380384 0.25380646
v 0.00196219 -0.04384941 0.25379003
v 0.00213147 -0.04398286 0.25741390
v 0.00202104 -0.04398006 0.25374714
v 0.00219700 -0.04416735 0.25738973
v 0.00208619 -0.04416476 0.25369748
v 0.00224430 -0.04435726 0.25737175
v 0.00213385 -0.04435806 0.25365964
v 0.00226679 -0.04449593 0.25736305
v 0.00215588 -0.04449579 0.25364170
v 0.00227316 -0.04455269 0.25736056
v 0.00216242 -0.04455505 0.25363632
v 0.00228281 -0.04475043 0.25735678
v 0.00217171 -0.04475428 0.25362863
v 0.00228103 -0.04483490 0.25735748
v 0.00216996 -0.04483496 0.25363009
v 0.00216140 -0.04495537 0.25363716
v 0.00227322 -0.04494671 0.25736054
v 0.00213189 -0.04515184 0.25366122
v 0.00224454 -0.04514153 0.25737166
v 0.00212786 -0.04517146 0.25366447
v 0.00223841 -0.04517139 0.25737402
v 0.00208420 -0.04534186 0.25369903
v 0.00219674 -0.04533353 0.25738983
v 0.00203069 -0.04549586 0.25373994
v 0.00214012 -0.04549574 0.25741076
v 0.00198889 -0.04579866 0.25746355
v 0.00204811 -0.04569470 0.25744341
v 0.00188103 -0.04579878 0.25384622
v 0.00213112 -0.04551800 0.25741403
v 0.00193583 -0.04570206 0.25380864
v 0.00201866 -0.04552574 0.25374891
v 0.00178899 -0.04607136 0.25752651
v 0.00183232 -0.04601998 0.25751351
v 0.00168300 -0.04607136 0.25396977
v 0.00194774 -0.04586330 0.25747714
v 0.00172559 -0.04602045 0.25394475
v 0.00183803 -0.04586681 0.25387464
v 0.00159820 -0.04616326 0.25401714
v 0.00145776 -0.04629284 0.25408874
v 0.00170273 -0.04616404 0.25755133
v 0.00144182 -0.04630603 0.25409635
v 0.00155881 -0.04629553 0.25758964
v 0.00154597 -0.04630606 0.25759287
v 0.00130540 -0.04640812 0.25415720
v 0.00140256 -0.04641230 0.25762690
v 0.00116416 -0.04649597 0.25421251
v 0.00126669 -0.04649601 0.25765569
v 0.00114059 -0.04650906 0.25422099
v 0.00096518 -0.04659388 0.25427771
v 0.00123653 -0.04651260 0.25766163
v 0.00085786 -0.04663567 0.25430694
v 0.00106065 -0.04659651 0.25769303
v 0.00095905 -0.04663573 0.25770867
v 0.00078161 -0.04666107 0.25432523
v 0.00058956 -0.04671026 0.25436243
v 0.00087539 -0.04666333 0.25772018
v 0.00053124 -0.04672121 0.25437125
v 0.00029414 -0.04675000 0.25776661
v 0.00049173 -0.04674020 0.25775737
v 0.00039245 -0.04674008 0.25438766
v 0.00063173 -0.04672123 0.25774676
v 0.00068547 -0.04671123 0.25774178
v -0.00235014 -0.04075000 0.24676235
v -0.00206725 -0.04075000 0.24657458
v -0.00206725 -0.07575000 0.24657458
v -0.00176945 -0.07575000 0.24641149
v -0.00176945 -0.04075000 0.24641149
v -0.00113783 -0.04075000 0.24616382
v -0.00113783 -0.07575000 0.24616382
v -0.00047344 -0.04075000 0.24602645
v -0.00047344 -0.07575000 0.24602645
v 0.00020462 -0.04075000 0.24600334
v 0.00020462 -0.07575000 0.24600334
v 0.00087682 -0.04075000 0.24609516
v 0.00087682 -0.07575000 0.24609516
v 0.00152384 -0.04075000 0.24629926
v 0.00152384 -0.07575000 0.24629926
v 0.00212706 -0.04075000 0.24660977
v 0.00212706 -0.07575000 0.24660977
v 0.00266913 -0.04075000 0.24701776
v 0.00266913 -0.07575000 0.24701776
v 0.00313445 -0.04075000 0.24751149
v 0.00313445 -0.07575000 0.24751149
v 0.00350963 -0.04075000 0.24807676
v 0.00350963 -0.07575000 0.24807676
v 0.00378389 -0.04075000 0.24869730
v 0.00378389 -0.07575000 0.24869730
v 0.00394933 -0.04075000 0.24935527
v 0.00394933 -0.07575000 0.24935527
v 0.00400119 -0.04075000 0.25003173
v 0.00400119 -0.07575000 0.25003173
v 0.00393799 -0.04075000 0.25070722
v 0.00393799 -0.07575000 0.25070722
v 0.00376153 -0.04075000 0.25136232
v 0.00376153 -0.07575000 0.25136232
v 0.00347690 -0.04075000 0.25197818
v 0.00347690 -0.07575000 0.25197818
v 0.00309229 -0.04075000 0.25253707
v 0.00309229 -0.07575000 0.25253707
v 0.00261875 -0.04075000 0.25302293
v 0.00261875 -0.07575000 0.25302293
v 0.00206992 -0.04075000 0.25342176
v 0.00206992 -0.07575000 0.25342176
v 0.00146157 -0.04075000 0.25372211
v 0.00146157 -0.07575000 0.25372211
v 0.00081122 -0.04075000 0.25391533
v 0.00081122 -0.07575000 0.25391533
v 0.00013757 -0.04075000 0.25399585
v 0.00013757 -0.07575000 0.25399585
v -0.00054000 -0.04075000 0.25396137
v -0.00054000 -0.07575000 0.25396137
v -0.00120200 -0.04075000 0.25381288
v -0.00120200 -0.07575000 0.25381288
v -0.00182938 -0.04075000 0.25355464
v -0.00182938 -0.07575000 0.25355464
v -0.00240409 -0.04075000 0.25319410
v -0.00240409 -0.07575000 0.25319410
v -0.00290961 -0.04075000 0.25274161
v -0.00290961 -0.07575000 0.25274161
v -0.00333138 -0.04075000 0.25221019
v -0.00333138 -0.07575000 0.25221019
v -0.00365727 -0.04075000 0.25161514
v -0.00365727 -0.07575000 0.25161514
v -0.00387792 -0.04075000 0.25097358
v -0.00387792 -0.07575000 0.25097358
v -0.00398696 -0.04075000 0.25030395
v -0.00398696 -0.07575000 0.25030395
v -0.00398127 -0.04075000 0.24962553
v -0.00398127 -0.07575000 0.24962553
v -0.00386101 -0.04075000 0.24895783
v -0.00386101 -0.07575000 0.24895783
v -0.00362963 -0.04075000 0.24832005
v -0.00362963 -0.07575000 0.24832005
v -0.00329380 -0.04075000 0.24773055
v -0.00329380 -0.07575000 0.24773055
v -0.00286317 -0.04075000 0.24720629
v -0.00286317 -0.07575000 0.24720629
v -0.00235014 -0.07575000 0.24676235
v 0.00000134 -0.04075000 0.24999817
v 0.00000134 -0.07575000 0.24999817
f 1 2 3
f 4 5 6
f 3 4 1
f 1 4 6
f 1 6 7
f 7 6 8
f 7 8 9
f 9 8 10
f 11 12 13
f 13 12 14
f 15 16 17
f 17 16 18
f 17 18 19
f 19 20 17
f 17 20 21
f 17 21 13
f 13 21 22
f 13 22 11
f 14 23 13
f 13 23 24
f 13 24 25
f 26 27 28
f 29 30 31
f 32 33 34
f 35 36 37
f 38 39 40
f 38 40 36
f 41 42 43
f 43 42 44
f 43 44 45
f 41 43 46
f 46 43 47
f 46 47 48
f 48 49 46
f 46 49 50
f 46 50 51
f 52 53 45
f 54 55 53
f 56 57 58
f 55 59 53
f 53 59 60
f 53 60 61
f 61 60 62
f 61 62 63
f 63 62 64
f 63 64 65
f 65 64 66
f 65 66 58
f 58 66 67
f 58 67 56
f 57 68 58
f 58 68 69
f 58 69 70
f 71 72 73
f 74 75 73
f 73 75 76
f 77 78 52
f 52 78 79
f 72 80 73
f 73 80 81
f 73 81 74
f 76 82 73
f 73 82 83
f 73 83 52
f 52 83 84
f 52 84 77
f 79 85 52
f 52 85 86
f 52 86 87
f 70 88 58
f 58 88 89
f 58 89 71
f 87 90 52
f 52 90 91
f 52 91 53
f 53 91 92
f 53 92 93
f 93 94 53
f 53 94 95
f 53 95 54
f 71 73 58
f 58 73 96
f 58 96 97
f 98 99 97
f 100 101 102
f 103 104 96
f 96 104 105
f 96 105 97
f 97 105 106
f 97 106 98
f 99 107 97
f 97 107 108
f 97 108 102
f 102 108 109
f 102 109 100
f 103 110 111
f 111 110 112
f 113 114 115
f 112 116 111
f 111 116 117
f 111 117 118
f 118 117 119
f 119 120 118
f 118 120 121
f 118 121 115
f 122 123 124
f 124 123 125
f 123 126 125
f 125 126 127
f 125 127 128
f 129 130 131
f 131 130 132
f 131 132 128
f 129 133 33
f 33 133 134
f 31 135 136
f 31 136 34
f 34 136 137
f 34 137 32
f 135 138 139
f 139 138 140
f 141 142 143
f 143 142 144
f 143 144 139
f 145 141 146
f 146 147 145
f 145 147 148
f 145 148 149
f 148 150 149
f 149 150 151
f 149 151 152
f 153 39 154
f 154 39 155
f 154 155 156
f 156 155 157
f 156 157 158
f 159 160 161
f 152 151 161
f 161 151 162
f 161 162 159
f 163 31 164
f 164 31 165
f 163 166 31
f 31 166 167
f 31 167 135
f 135 167 168
f 135 168 138
f 169 30 170
f 170 30 171
f 170 171 172
f 169 173 30
f 30 173 174
f 30 174 31
f 31 174 175
f 31 175 165
f 176 177 178
f 178 177 179
f 178 179 180
f 180 179 181
f 180 181 182
f 182 181 183
f 182 183 184
f 184 183 160
f 176 185 177
f 177 185 186
f 177 186 171
f 171 186 187
f 171 187 172
f 188 189 34
f 34 189 190
f 190 191 34
f 34 191 192
f 34 192 31
f 31 192 193
f 31 193 29
f 134 194 33
f 33 194 195
f 33 195 34
f 34 195 196
f 196 197 34
f 34 197 198
f 34 198 199
f 124 114 122
f 122 114 113
f 122 113 200
f 200 113 201
f 202 203 204
f 205 206 113
f 204 203 207
f 203 208 207
f 207 208 209
f 207 209 210
f 210 209 211
f 210 211 205
f 206 212 113
f 113 212 213
f 113 213 201
f 199 214 34
f 34 214 215
f 34 215 188
f 188 215 216
f 188 216 217
f 217 218 188
f 188 218 219
f 188 219 204
f 204 219 220
f 204 220 202
f 221 222 223
f 224 225 113
f 223 222 226
f 115 121 113
f 113 121 227
f 113 227 224
f 222 228 226
f 226 228 229
f 226 229 230
f 225 231 113
f 113 231 232
f 113 232 233
f 234 235 236
f 237 238 239
f 239 238 240
f 239 240 241
f 236 235 233
f 236 242 234
f 234 242 243
f 234 243 223
f 223 243 244
f 223 244 221
f 245 246 239
f 239 246 247
f 239 247 237
f 235 248 233
f 233 248 249
f 233 249 113
f 113 249 250
f 113 250 205
f 205 250 251
f 205 251 210
f 28 252 253
f 230 245 226
f 226 245 239
f 226 239 254
f 254 239 255
f 253 256 28
f 28 256 257
f 28 257 239
f 239 257 258
f 239 258 255
f 27 259 28
f 28 259 260
f 28 260 261
f 157 152 158
f 158 152 161
f 158 161 262
f 262 161 263
f 264 265 266
f 266 265 252
f 266 252 267
f 261 268 28
f 28 268 269
f 28 269 252
f 252 269 270
f 252 270 267
f 264 271 265
f 265 271 272
f 265 272 273
f 273 272 274
f 274 275 273
f 273 275 276
f 273 276 277
f 277 276 278
f 277 278 279
f 160 183 161
f 161 183 280
f 161 280 281
f 278 282 279
f 279 282 283
f 279 283 281
f 281 283 284
f 281 284 161
f 161 284 285
f 161 285 263
f 110 286 287
f 287 288 110
f 110 288 289
f 110 289 112
f 103 96 110
f 110 96 290
f 110 290 286
f 291 292 73
f 73 292 293
f 73 293 96
f 96 293 294
f 96 294 290
f 295 296 37
f 36 40 37
f 37 40 297
f 37 297 295
f 44 35 45
f 45 35 37
f 45 37 52
f 52 37 296
f 52 296 298
f 299 300 40
f 40 300 301
f 40 301 297
f 153 302 39
f 39 302 303
f 39 303 40
f 40 303 304
f 40 304 299
f 140 305 139
f 139 305 306
f 139 306 143
f 143 306 307
f 143 307 308
f 308 309 143
f 143 309 310
f 143 310 141
f 141 310 311
f 141 311 146
f 312 313 131
f 131 313 314
f 131 314 129
f 129 314 315
f 129 315 133
f 127 316 128
f 128 316 317
f 128 317 131
f 131 317 318
f 131 318 312
f 241 291 239
f 239 291 73
f 239 73 28
f 28 73 52
f 28 52 26
f 26 52 298
f 319 103 111
f 319 111 320
f 320 111 118
f 320 118 321
f 321 118 115
f 321 115 322
f 322 115 323
f 323 115 114
f 323 114 324
f 324 114 124
f 324 124 325
f 325 124 125
f 325 125 326
f 326 125 128
f 326 128 327
f 327 128 132
f 327 132 328
f 328 132 130
f 328 130 329
f 329 130 129
f 329 129 330
f 330 129 33
f 330 33 331
f 331 33 32
f 331 32 332
f 332 32 137
f 332 137 333
f 333 137 136
f 333 136 334
f 334 136 135
f 334 135 335
f 335 135 139
f 335 139 336
f 336 139 144
f 336 144 337
f 337 144 142
f 337 142 338
f 338 142 141
f 338 141 339
f 339 141 145
f 339 145 340
f 340 145 149
f 340 149 341
f 341 149 152
f 341 152 342
f 342 152 343
f 343 152 157
f 343 157 344
f 344 157 155
f 344 155 345
f 345 155 39
f 345 39 346
f 346 39 38
f 346 38 347
f 348 349 17
f 17 349 5
f 5 4 350
f 35 15 36
f 36 15 17
f 36 17 38
f 38 17 5
f 38 5 347
f 347 5 350
f 351 352 107
f 16 15 353
f 353 354 16
f 16 354 355
f 16 355 18
f 18 355 356
f 18 356 19
f 19 356 357
f 19 357 20
f 20 357 358
f 20 358 21
f 21 358 359
f 21 359 22
f 22 359 360
f 22 360 11
f 11 360 361
f 11 361 12
f 12 361 362
f 12 362 14
f 14 362 363
f 14 363 23
f 23 363 364
f 23 364 24
f 106 105 25
f 365 366 367
f 368 369 370
f 370 371 368
f 368 371 372
f 368 372 373
f 373 372 374
f 373 374 367
f 367 374 375
f 367 375 365
f 376 377 41
f 377 378 41
f 41 378 379
f 41 379 380
f 380 381 382
f 382 381 383
f 382 383 368
f 368 383 384
f 368 384 369
f 385 51 386
f 386 51 387
f 388 46 389
f 389 46 51
f 389 51 390
f 390 51 385
f 388 391 46
f 46 391 392
f 46 392 393
f 393 394 46
f 46 394 395
f 46 395 41
f 41 395 396
f 41 396 376
f 366 397 367
f 367 397 398
f 367 398 399
f 399 398 400
f 399 400 401
f 402 403 50
f 50 403 404
f 404 405 50
f 50 405 406
f 50 406 51
f 51 406 407
f 51 407 387
f 408 409 108
f 108 409 410
f 108 410 411
f 412 413 108
f 108 413 414
f 108 414 408
f 352 415 107
f 107 415 416
f 107 416 108
f 108 416 417
f 108 417 412
f 411 418 419
f 419 418 420
f 419 420 421
f 421 422 419
f 419 422 423
f 419 423 424
f 424 425 419
f 419 425 426
f 419 426 427
f 427 426 428
f 427 428 429
f 428 430 429
f 429 430 431
f 429 431 432
f 432 433 429
f 429 433 434
f 429 434 435
f 435 436 429
f 429 436 437
f 429 437 438
f 99 439 440
f 440 441 99
f 99 441 442
f 99 442 443
f 443 444 99
f 99 444 445
f 99 445 107
f 107 445 446
f 107 446 351
f 24 364 25
f 25 364 447
f 25 447 106
f 106 447 448
f 106 448 98
f 98 448 429
f 98 429 99
f 99 429 438
f 99 438 439
f 380 382 41
f 41 382 449
f 41 449 42
f 42 449 353
f 42 353 44
f 44 353 15
f 44 15 35
f 411 419 108
f 108 419 450
f 108 450 109
f 109 450 451
f 109 451 100
f 100 451 452
f 100 452 101
f 101 452 453
f 101 453 102
f 102 453 454
f 102 454 97
f 97 454 455
f 97 455 58
f 58 455 456
f 58 456 65
f 65 456 457
f 65 457 63
f 63 457 458
f 63 458 61
f 61 458 459
f 61 459 53
f 53 459 460
f 53 460 45
f 45 460 461
f 45 461 43
f 43 461 462
f 43 462 47
f 47 462 463
f 47 463 48
f 48 463 464
f 48 464 49
f 49 464 399
f 49 399 50
f 50 399 401
f 50 401 402
f 104 103 319
f 465 3 319
f 319 3 2
f 319 2 104
f 466 467 2
f 2 467 13
f 2 13 104
f 104 13 25
f 104 25 105
f 468 469 470
f 471 472 71
f 473 474 81
f 475 476 477
f 478 479 95
f 480 481 482
f 481 480 483
f 483 480 484
f 483 484 485
f 485 484 486
f 486 484 487
f 486 487 488
f 489 490 54
f 491 492 54
f 54 492 493
f 54 493 489
f 95 479 54
f 54 479 494
f 54 494 491
f 495 496 497
f 497 496 498
f 497 498 499
f 499 500 497
f 497 500 501
f 497 501 487
f 487 501 502
f 487 502 488
f 93 503 94
f 94 503 504
f 94 504 505
f 505 506 94
f 94 506 507
f 94 507 95
f 95 507 508
f 95 508 478
f 509 92 510
f 510 92 91
f 509 511 92
f 92 511 512
f 92 512 93
f 93 512 513
f 93 513 503
f 90 514 91
f 91 514 515
f 91 515 510
f 87 516 517
f 517 518 87
f 87 518 519
f 87 519 90
f 90 519 520
f 90 520 514
f 516 87 521
f 521 87 86
f 521 86 522
f 477 476 523
f 523 476 524
f 523 524 525
f 525 526 523
f 523 526 527
f 523 527 528
f 529 530 85
f 530 531 85
f 85 531 532
f 85 532 533
f 533 534 85
f 85 534 535
f 85 535 86
f 86 535 536
f 86 536 522
f 537 538 477
f 477 538 539
f 477 539 475
f 482 540 480
f 480 540 541
f 480 541 542
f 542 541 543
f 542 543 544
f 544 543 545
f 544 545 546
f 546 545 547
f 546 547 548
f 548 547 549
f 548 549 550
f 550 551 548
f 548 551 552
f 548 552 537
f 537 552 553
f 537 553 538
f 554 555 556
f 556 555 557
f 556 557 558
f 558 557 559
f 560 561 557
f 557 561 562
f 557 562 559
f 563 564 565
f 565 564 566
f 565 566 560
f 560 566 567
f 560 567 561
f 568 569 74
f 568 74 570
f 81 474 74
f 74 474 571
f 74 571 570
f 572 573 574
f 574 573 575
f 574 575 565
f 565 575 576
f 565 576 563
f 577 80 578
f 578 80 72
f 578 72 579
f 577 580 80
f 80 580 581
f 80 581 81
f 81 581 582
f 81 582 473
f 71 472 72
f 72 472 583
f 72 583 579
f 584 585 88
f 88 585 586
f 88 586 89
f 89 586 587
f 89 587 71
f 71 587 588
f 71 588 471
f 584 88 589
f 589 88 70
f 589 70 590
f 591 592 69
f 69 592 593
f 69 593 70
f 70 593 594
f 70 594 590
f 591 69 595
f 595 69 68
f 595 68 596
f 597 598 57
f 57 598 599
f 599 600 57
f 57 600 601
f 57 601 68
f 68 601 602
f 68 602 596
f 603 604 605
f 605 604 606
f 605 606 607
f 607 608 605
f 605 608 609
f 605 609 610
f 610 609 611
f 610 611 612
f 470 469 613
f 613 469 614
f 613 614 615
f 615 616 613
f 613 616 617
f 613 617 603
f 603 617 618
f 603 618 604
f 554 619 555
f 555 619 620
f 555 620 621
f 621 620 622
f 621 622 470
f 470 622 623
f 470 623 468
f 612 597 610
f 610 597 57
f 610 57 624
f 624 57 56
f 624 56 625
f 625 56 67
f 625 67 626
f 626 67 66
f 626 66 627
f 627 66 64
f 627 64 628
f 628 64 62
f 628 62 629
f 629 62 60
f 629 60 630
f 630 60 59
f 630 59 631
f 631 59 55
f 631 55 497
f 497 55 54
f 497 54 495
f 495 54 490
f 528 529 523
f 523 529 85
f 523 85 632
f 632 85 79
f 632 79 633
f 633 79 78
f 633 78 634
f 634 78 77
f 634 77 635
f 635 77 84
f 635 84 636
f 636 84 83
f 636 83 637
f 637 83 82
f 637 82 638
f 638 82 76
f 638 76 639
f 639 76 75
f 639 75 574
f 574 75 74
f 574 74 572
f 572 74 569
f 613 450 470
f 470 450 419
f 470 419 621
f 621 419 427
f 621 427 555
f 555 427 429
f 555 429 557
f 557 429 448
f 557 448 560
f 560 448 447
f 560 447 565
f 565 447 364
f 565 364 574
f 574 364 363
f 574 363 639
f 639 363 362
f 639 362 638
f 638 362 361
f 638 361 637
f 637 361 360
f 637 360 636
f 636 360 359
f 636 359 635
f 635 359 358
f 635 358 634
f 634 358 357
f 634 357 633
f 633 357 356
f 633 356 632
f 632 356 355
f 632 355 523
f 523 355 354
f 523 354 477
f 477 354 353
f 477 353 537
f 537 353 449
f 537 449 548
f 548 449 382
f 548 382 546
f 546 382 368
f 546 368 544
f 544 368 373
f 544 373 542
f 542 373 367
f 542 367 480
f 480 367 399
f 480 399 484
f 484 399 464
f 484 464 487
f 487 464 463
f 487 463 497
f 497 463 462
f 497 462 631
f 631 462 461
f 631 461 630
f 630 461 460
f 630 460 629
f 629 460 459
f 629 459 628
f 628 459 458
f 628 458 627
f 627 458 457
f 627 457 626
f 626 457 456
f 626 456 625
f 625 456 455
f 625 455 624
f 624 455 454
f 624 454 610
f 610 454 453
f 610 453 605
f 605 453 452
f 605 452 603
f 603 452 451
f 603 451 613
f 613 451 450
f 365 375 541
f 541 540 365
f 365 540 482
f 365 482 366
f 482 481 366
f 366 481 483
f 366 483 397
f 397 483 485
f 485 486 397
f 397 486 488
f 397 488 398
f 398 488 502
f 398 502 400
f 502 501 400
f 400 501 500
f 400 500 401
f 401 500 499
f 401 499 402
f 499 498 402
f 402 498 496
f 402 496 403
f 496 495 403
f 403 495 490
f 403 490 404
f 490 489 404
f 404 489 493
f 404 493 405
f 493 492 405
f 405 492 491
f 405 491 406
f 491 494 406
f 406 494 479
f 406 479 407
f 479 478 407
f 407 478 508
f 407 508 387
f 387 508 507
f 387 507 386
f 507 506 386
f 386 506 505
f 386 505 385
f 385 505 504
f 385 504 390
f 390 504 503
f 503 513 390
f 390 513 512
f 390 512 389
f 512 511 389
f 389 511 509
f 389 509 388
f 388 509 510
f 388 510 391
f 510 515 391
f 391 515 514
f 391 514 392
f 514 520 392
f 392 520 519
f 392 519 393
f 519 518 393
f 393 518 517
f 393 517 394
f 517 516 394
f 394 516 521
f 394 521 395
f 395 521 396
f 521 522 396
f 396 522 536
f 396 536 376
f 536 535 376
f 376 535 534
f 376 534 377
f 534 533 377
f 377 533 532
f 377 532 378
f 532 531 378
f 378 531 530
f 378 530 379
f 530 529 379
f 379 529 528
f 379 528 380
f 528 527 380
f 380 527 526
f 380 526 381
f 526 525 381
f 381 525 524
f 381 524 383
f 383 524 476
f 383 476 384
f 384 476 475
f 384 475 539
f 538 370 539
f 539 370 369
f 539 369 384
f 538 553 370
f 370 553 552
f 370 552 371
f 552 551 371
f 371 551 550
f 371 550 372
f 550 549 372
f 372 549 547
f 372 547 374
f 374 547 545
f 374 545 375
f 375 545 543
f 375 543 541
f 412 593 592
f 431 430 619
f 619 554 431
f 431 554 556
f 431 556 432
f 556 558 432
f 432 558 559
f 432 559 433
f 559 562 433
f 433 562 561
f 433 561 434
f 434 561 567
f 567 566 434
f 434 566 564
f 434 564 435
f 435 564 563
f 435 563 436
f 436 563 576
f 436 576 437
f 576 575 437
f 437 575 573
f 437 573 438
f 573 572 438
f 438 572 569
f 438 569 439
f 569 568 439
f 439 568 570
f 439 570 440
f 570 571 440
f 440 571 474
f 440 474 441
f 474 473 441
f 441 473 582
f 441 582 442
f 442 582 581
f 442 581 443
f 581 580 443
f 443 580 577
f 443 577 444
f 444 577 578
f 444 578 445
f 578 579 445
f 445 579 583
f 445 583 446
f 583 472 446
f 446 472 471
f 446 471 351
f 351 471 588
f 351 588 352
f 352 588 587
f 352 587 415
f 415 587 586
f 415 586 416
f 586 585 416
f 416 585 584
f 416 584 417
f 584 589 417
f 417 589 590
f 417 590 412
f 412 590 594
f 412 594 593
f 591 414 592
f 592 414 413
f 592 413 412
f 591 595 414
f 414 595 596
f 414 596 408
f 408 596 602
f 408 602 409
f 602 601 409
f 409 601 600
f 409 600 410
f 600 599 410
f 410 599 598
f 410 598 411
f 598 597 411
f 411 597 612
f 411 612 418
f 612 611 418
f 418 611 609
f 418 609 420
f 606 421 607
f 607 421 420
f 607 420 608
f 608 420 609
f 604 423 606
f 606 423 422
f 606 422 421
f 604 618 423
f 423 618 617
f 423 617 424
f 617 616 424
f 424 616 615
f 424 615 425
f 615 614 425
f 425 614 469
f 425 469 426
f 469 468 426
f 426 468 623
f 426 623 428
f 428 623 622
f 428 622 430
f 430 622 620
f 430 620 619
f 257 640 258
f 258 640 641
f 258 641 255
f 255 641 642
f 255 642 254
f 254 642 643
f 254 643 226
f 226 643 644
f 226 644 223
f 223 644 645
f 223 645 234
f 234 645 646
f 234 646 235
f 235 646 647
f 235 647 248
f 248 647 648
f 248 648 249
f 648 649 249
f 249 649 650
f 249 650 250
f 250 650 651
f 250 651 251
f 251 651 652
f 251 652 210
f 210 652 653
f 210 653 207
f 207 653 654
f 207 654 204
f 204 654 655
f 204 655 188
f 188 655 656
f 188 656 189
f 189 656 657
f 189 657 190
f 190 657 658
f 190 658 191
f 658 659 191
f 191 659 660
f 191 660 192
f 192 660 661
f 192 661 193
f 193 661 662
f 193 662 29
f 29 662 663
f 29 663 30
f 30 663 664
f 30 664 171
f 171 664 665
f 171 665 177
f 177 665 666
f 177 666 179
f 179 666 667
f 179 667 181
f 181 667 668
f 181 668 183
f 183 668 669
f 183 669 280
f 280 669 670
f 280 670 281
f 281 670 671
f 281 671 279
f 279 671 672
f 279 672 277
f 277 672 673
f 277 673 273
f 273 673 674
f 273 674 265
f 265 674 675
f 265 675 252
f 252 675 676
f 252 676 253
f 253 676 677
f 253 677 256
f 256 677 678
f 256 678 257
f 257 678 679
f 257 679 640
f 347 350 680
f 680 350 465
f 680 465 319
f 681 682 680
f 680 682 683
f 680 683 684
f 678 685 679
f 679 685 686
f 679 686 680
f 680 686 687
f 680 687 681
f 347 688 689
f 690 691 343
f 343 691 692
f 343 692 670
f 670 692 693
f 670 693 671
f 671 693 694
f 671 694 672
f 672 694 695
f 672 695 673
f 673 695 696
f 673 696 674
f 674 696 697
f 678 677 685
f 685 677 676
f 685 676 698
f 698 676 699
f 700 701 347
f 347 701 702
f 347 702 688
f 697 703 674
f 674 703 704
f 674 704 675
f 675 704 705
f 705 706 675
f 675 706 707
f 675 707 676
f 676 707 708
f 676 708 699
f 689 709 347
f 347 709 710
f 347 710 346
f 710 711 346
f 346 711 712
f 346 712 345
f 345 712 713
f 345 713 344
f 344 713 714
f 344 714 343
f 343 714 715
f 343 715 690
f 684 716 680
f 680 716 717
f 680 717 347
f 347 717 718
f 347 718 700
f 719 720 337
f 337 720 336
f 334 721 333
f 333 721 722
f 722 723 333
f 333 723 724
f 333 724 725
f 720 726 336
f 336 726 727
f 336 727 335
f 335 727 728
f 335 728 334
f 334 728 729
f 334 729 721
f 664 730 665
f 665 730 731
f 338 339 732
f 725 733 663
f 663 733 734
f 663 734 664
f 664 734 735
f 664 735 730
f 736 666 737
f 737 666 665
f 737 665 738
f 738 665 731
f 670 669 343
f 343 669 668
f 343 668 739
f 739 668 667
f 739 667 740
f 739 741 343
f 343 741 742
f 343 742 342
f 342 742 743
f 342 743 341
f 341 743 744
f 341 744 340
f 744 745 340
f 340 745 746
f 340 746 339
f 339 746 747
f 339 747 732
f 732 748 338
f 338 748 749
f 338 749 337
f 337 749 750
f 337 750 719
f 751 752 667
f 667 752 753
f 667 753 740
f 736 754 666
f 666 754 755
f 666 755 667
f 667 755 756
f 667 756 751
f 757 758 333
f 758 759 333
f 333 759 760
f 333 760 332
f 332 760 761
f 332 761 331
f 328 329 762
f 654 763 655
f 655 763 764
f 656 765 766
f 761 767 331
f 331 767 768
f 331 768 330
f 325 326 769
f 656 766 657
f 657 766 770
f 657 770 658
f 768 771 330
f 330 771 772
f 330 772 329
f 329 772 773
f 329 773 762
f 762 774 328
f 328 774 775
f 328 775 327
f 775 776 327
f 327 776 777
f 327 777 326
f 326 777 778
f 326 778 769
f 769 779 325
f 325 779 780
f 325 780 324
f 324 780 781
f 324 781 323
f 323 781 782
f 764 783 655
f 655 783 784
f 655 784 656
f 656 784 785
f 656 785 765
f 663 662 725
f 725 662 661
f 725 661 333
f 333 661 660
f 333 660 757
f 757 660 659
f 757 659 786
f 786 659 658
f 786 658 787
f 787 658 770
f 652 651 788
f 788 651 323
f 788 323 789
f 789 323 782
f 652 788 653
f 653 788 790
f 653 790 791
f 791 792 653
f 653 792 793
f 653 793 654
f 654 793 794
f 654 794 763
f 795 796 645
f 645 796 797
f 645 797 646
f 795 645 798
f 798 645 644
f 798 644 799
f 797 800 646
f 646 800 801
f 646 801 647
f 801 802 647
f 647 802 803
f 647 803 648
f 648 803 649
f 649 803 804
f 649 804 805
f 320 321 806
f 807 808 680
f 808 809 680
f 680 809 810
f 680 810 811
f 806 812 320
f 320 812 813
f 320 813 319
f 319 813 814
f 319 814 815
f 642 641 680
f 680 641 640
f 680 640 679
f 805 816 649
f 649 816 323
f 649 323 650
f 650 323 651
f 319 817 818
f 811 819 680
f 680 819 820
f 680 820 642
f 642 820 821
f 642 821 643
f 643 821 822
f 643 822 644
f 644 822 823
f 644 823 799
f 816 824 323
f 323 824 825
f 323 825 322
f 322 825 826
f 322 826 321
f 321 826 827
f 321 827 806
f 815 828 319
f 319 828 829
f 319 829 817
f 818 830 319
f 319 830 831
f 319 831 680
f 680 831 832
f 680 832 807
f 350 4 465
f 465 4 3
f 807 832 293
f 293 832 831
f 293 831 294
f 294 831 830
f 294 830 290
f 290 830 818
f 290 818 286
f 286 818 817
f 286 817 287
f 287 817 829
f 287 829 288
f 288 829 828
f 288 828 289
f 289 828 815
f 289 815 112
f 112 815 814
f 112 814 116
f 116 814 813
f 116 813 117
f 117 813 812
f 117 812 119
f 119 812 806
f 119 806 120
f 120 806 827
f 120 827 121
f 121 827 826
f 121 826 227
f 227 826 825
f 227 825 224
f 224 825 824
f 224 824 225
f 225 824 816
f 225 816 231
f 231 816 805
f 231 805 232
f 232 805 804
f 232 804 233
f 233 804 803
f 233 803 236
f 236 803 802
f 236 802 242
f 242 802 801
f 242 801 243
f 243 801 800
f 243 800 244
f 244 800 797
f 244 797 221
f 221 797 796
f 221 796 222
f 222 796 795
f 222 795 228
f 228 795 798
f 228 798 229
f 229 798 799
f 229 799 230
f 230 799 823
f 230 823 245
f 245 823 822
f 245 822 246
f 246 822 821
f 246 821 247
f 247 821 820
f 247 820 237
f 237 820 819
f 237 819 238
f 238 819 811
f 238 811 240
f 240 811 810
f 240 810 241
f 241 810 809
f 241 809 291
f 291 809 808
f 291 808 292
f 292 808 807
f 292 807 293
f 700 718 296
f 296 718 717
f 296 717 298
f 298 717 716
f 298 716 26
f 26 716 684
f 26 684 27
f 27 684 683
f 27 683 259
f 259 683 682
f 259 682 260
f 260 682 681
f 260 681 261
f 261 681 687
f 261 687 268
f 268 687 686
f 268 686 269
f 269 686 685
f 269 685 270
f 270 685 698
f 270 698 267
f 267 698 699
f 267 699 266
f 266 699 708
f 266 708 264
f 264 708 707
f 264 707 271
f 271 707 706
f 271 706 272
f 272 706 705
f 272 705 274
f 274 705 704
f 274 704 275
f 275 704 703
f 275 703 276
f 276 703 697
f 276 697 278
f 278 697 696
f 278 696 282
f 282 696 695
f 282 695 283
f 283 695 694
f 283 694 284
f 284 694 693
f 284 693 285
f 285 693 692
f 285 692 263
f 263 692 691
f 263 691 262
f 262 691 690
f 262 690 158
f 158 690 715
f 158 715 156
f 156 715 714
f 156 714 154
f 154 714 713
f 154 713 153
f 153 713 712
f 153 712 302
f 302 712 711
f 302 711 303
f 303 711 710
f 303 710 304
f 304 710 709
f 304 709 299
f 299 709 689
f 299 689 300
f 300 689 688
f 300 688 301
f 301 688 702
f 301 702 297
f 297 702 701
f 297 701 295
f 295 701 700
f 295 700 296
f 753 752 180
f 180 752 751
f 180 751 178
f 178 751 756
f 178 756 176
f 176 756 755
f 176 755 185
f 185 755 754
f 185 754 186
f 186 754 736
f 186 736 187
f 187 736 737
f 187 737 172
f 172 737 738
f 172 738 170
f 170 738 731
f 170 731 169
f 169 731 730
f 169 730 173
f 173 730 735
f 173 735 174
f 174 735 734
f 174 734 175
f 175 734 733
f 175 733 165
f 165 733 725
f 165 725 164
f 164 725 724
f 164 724 163
f 163 724 723
f 163 723 166
f 166 723 722
f 166 722 167
f 167 722 721
f 167 721 168
f 168 721 729
f 168 729 138
f 138 729 728
f 138 728 140
f 140 728 727
f 140 727 305
f 305 727 726
f 305 726 306
f 306 726 720
f 306 720 307
f 307 720 719
f 307 719 308
f 308 719 750
f 308 750 309
f 309 750 749
f 309 749 310
f 310 749 748
f 310 748 311
f 311 748 732
f 311 732 146
f 146 732 747
f 146 747 147
f 147 747 746
f 147 746 148
f 148 746 745
f 148 745 150
f 150 745 744
f 150 744 151
f 151 744 743
f 151 743 162
f 162 743 742
f 162 742 159
f 159 742 741
f 159 741 160
f 160 741 739
f 160 739 184
f 184 739 740
f 184 740 182
f 182 740 753
f 182 753 180
f 794 793 211
f 211 793 792
f 211 792 205
f 205 792 791
f 205 791 206
f 206 791 790
f 206 790 212
f 212 790 788
f 212 788 213
f 213 788 789
f 213 789 201
f 201 789 782
f 201 782 200
f 200 782 781
f 200 781 122
f 122 781 780
f 122 780 123
f 123 780 779
f 123 779 126
f 126 779 769
f 126 769 127
f 127 769 778
f 127 778 316
f 316 778 777
f 316 777 317
f 317 777 776
f 317 776 318
f 318 776 775
f 318 775 312
f 312 775 774
f 312 774 313
f 313 774 762
f 313 762 314
f 314 762 773
f 314 773 315
f 315 773 772
f 315 772 133
f 133 772 771
f 133 771 134
f 134 771 768
f 134 768 194
f 194 768 767
f 194 767 195
f 195 767 761
f 195 761 196
f 196 761 760
f 196 760 197
f 197 760 759
f 197 759 198
f 198 759 758
f 198 758 199
f 199 758 757
f 199 757 214
f 214 757 786
f 214 786 215
f 215 786 787
f 215 787 216
f 216 787 770
f 216 770 217
f 217 770 766
f 217 766 218
f 218 766 765
f 218 765 219
f 219 765 785
f 219 785 220
f 220 785 784
f 220 784 202
f 202 784 783
f 202 783 203
f 203 783 764
f 203 764 208
f 208 764 763
f 208 763 209
f 209 763 794
f 209 794 211
f 833 466 1
f 1 466 2
f 834 833 7
f 7 833 1
f 835 834 9
f 9 834 7
f 836 835 10
f 10 835 9
f 837 836 8
f 8 836 10
f 838 837 6
f 6 837 8
f 349 838 5
f 5 838 6
f 467 348 13
f 13 348 17
f 838 349 837
f 837 349 348
f 837 348 836
f 836 348 467
f 836 467 835
f 835 467 466
f 835 466 834
f 834 466 833
f 839 840 841
f 839 841 842
f 842 841 843
f 842 843 844
f 844 843 845
f 844 845 846
f 846 845 847
f 846 847 848
f 848 847 849
f 848 849 850
f 850 849 851
f 850 851 852
f 852 851 853
f 852 853 854
f 854 853 855
f 854 855 856
f 856 855 857
f 856 857 858
f 858 857 859
f 858 859 860
f 860 859 861
f 860 861 862
f 862 861 863
f 862 863 864
f 864 863 865
f 864 865 866
f 866 865 867
f 866 867 868
f 868 867 869
f 868 869 870
f 870 869 871
f 870 871 872
f 872 871 873
f 872 873 874
f 874 873 875
f 874 875 876
f 876 875 877
f 876 877 878
f 878 877 879
f 878 879 880
f 880 879 881
f 880 881 882
f 882 881 883
f 882 883 884
f 884 883 885
f 884 885 886
f 886 885 887
f 886 887 888
f 888 887 889
f 888 889 890
f 890 889 891
f 890 891 892
f 892 891 893
f 892 893 894
f 894 893 895
f 894 895 896
f 896 895 897
f 896 897 898
f 898 897 899
f 898 899 900
f 900 899 901
f 900 901 902
f 902 901 903
f 902 903 904
f 904 903 905
f 904 905 906
f 906 905 907
f 906 907 908
f 908 907 909
f 908 909 910
f 910 909 911
f 910 911 912
f 912 911 913
f 912 913 914
f 914 913 915
f 914 915 916
f 916 915 917
f 916 917 918
f 918 917 919
f 918 919 920
f 920 919 921
f 920 921 922
f 922 921 923
f 922 923 924
f 924 923 925
f 924 925 926
f 926 925 927
f 926 927 928
f 929 928 930
f 930 928 927
f 931 929 932
f 932 929 930
f 933 934 935
f 935 934 936
f 937 938 939
f 939 938 940
f 839 940 840
f 840 940 938
f 904 906 931
f 931 906 908
f 920 922 931
f 864 941 862
f 862 941 939
f 931 942 904
f 904 942 943
f 904 943 902
f 902 943 944
f 902 944 900
f 914 916 931
f 931 916 918
f 931 918 920
f 944 945 900
f 900 945 946
f 900 946 898
f 870 947 948
f 908 910 931
f 931 910 912
f 931 912 914
f 928 929 926
f 926 929 931
f 926 931 924
f 924 931 922
f 946 949 898
f 898 949 950
f 898 950 896
f 896 950 951
f 896 951 894
f 894 951 952
f 894 952 934
f 870 948 868
f 940 839 939
f 939 839 842
f 939 842 844
f 844 846 939
f 939 846 848
f 939 848 850
f 850 852 939
f 939 852 854
f 939 854 856
f 948 953 868
f 868 953 954
f 868 954 866
f 866 954 955
f 866 955 864
f 864 955 956
f 864 956 941
f 856 858 939
f 939 858 860
f 939 860 862
f 947 870 957
f 957 870 872
f 957 872 958
f 958 872 874
f 958 874 933
f 933 874 876
f 933 876 878
f 886 888 934
f 878 880 933
f 933 880 882
f 933 882 934
f 934 882 884
f 934 884 886
f 888 890 934
f 934 890 892
f 934 892 894
f 936 959 893
f 903 960 905
f 905 960 932
f 932 930 927
f 869 867 961
f 893 959 895
f 895 959 962
f 895 962 897
f 899 963 901
f 901 963 964
f 901 964 903
f 903 964 965
f 903 965 960
f 961 966 869
f 869 966 967
f 869 967 871
f 871 967 968
f 871 968 873
f 873 968 969
f 873 969 935
f 927 925 932
f 932 925 923
f 932 923 921
f 915 913 932
f 932 913 911
f 937 970 863
f 863 970 971
f 863 971 865
f 865 971 972
f 865 972 867
f 867 972 973
f 867 973 961
f 962 974 897
f 897 974 975
f 897 975 899
f 899 975 976
f 899 976 963
f 921 919 932
f 932 919 917
f 932 917 915
f 911 909 932
f 932 909 907
f 932 907 905
f 863 861 937
f 937 861 859
f 937 859 857
f 879 877 935
f 935 877 875
f 935 875 873
f 857 855 937
f 937 855 853
f 937 853 851
f 851 849 937
f 937 849 847
f 937 847 845
f 840 938 841
f 841 938 937
f 841 937 843
f 843 937 845
f 893 891 936
f 936 891 889
f 936 889 887
f 887 885 936
f 936 885 883
f 936 883 935
f 935 883 881
f 935 881 879
f 937 939 970
f 970 939 941
f 970 941 971
f 971 941 956
f 971 956 972
f 972 956 955
f 972 955 973
f 973 955 954
f 973 954 961
f 961 954 953
f 961 953 966
f 966 953 948
f 966 948 967
f 967 948 947
f 967 947 968
f 968 947 957
f 968 957 969
f 969 957 958
f 969 958 935
f 935 958 933
f 936 934 959
f 959 934 952
f 959 952 962
f 962 952 951
f 962 951 974
f 974 951 950
f 974 950 975
f 975 950 949
f 975 949 976
f 976 949 946
f 976 946 963
f 963 946 945
f 963 945 964
f 964 945 944
f 964 944 965
f 965 944 943
f 965 943 960
f 960 943 942
f 960 942 932
f 932 942 931
f 977 978 979
f 980 981 982
f 983 977 984
f 985 986 987
f 986 988 989
f 989 988 990
f 987 991 985
f 985 991 992
f 985 992 993
f 994 995 996
f 996 995 997
f 998 999 1000
f 983 984 1001
f 1002 1003 1004
f 1004 1005 1002
f 1002 1005 1006
f 1002 1006 1007
f 1007 1008 1002
f 1002 1008 1009
f 1002 1009 1010
f 1011 1012 1013
f 1013 1012 1014
f 1012 1015 1016
f 1017 1018 1019
f 1019 1018 1020
f 1020 1021 1019
f 1019 1021 1022
f 1019 1022 1023
f 1023 1024 1019
f 1019 1024 1025
f 1019 1025 1026
f 1026 1025 1027
f 1027 1028 1026
f 1026 1028 1029
f 1026 1029 1002
f 1002 1029 1030
f 1002 1030 1003
f 1011 1031 1012
f 1012 1031 1032
f 1012 1032 1015
f 1016 1033 1012
f 1012 1033 1034
f 1012 1034 1035
f 1036 1017 1037
f 1037 1017 1038
f 1036 1039 1017
f 1017 1039 1040
f 1017 1040 1018
f 1035 1041 1017
f 1041 1042 1017
f 1017 1042 1043
f 1017 1043 1038
f 1044 1045 1000
f 1000 1045 1046
f 1000 1046 998
f 1001 984 1047
f 1047 984 1048
f 1047 1048 1049
f 984 1050 1051
f 1051 1050 1052
f 1049 1053 1047
f 1047 1053 1054
f 1047 1054 1055
f 1056 1057 1050
f 1051 1058 984
f 984 1058 1059
f 984 1059 1060
f 1060 1061 984
f 984 1061 1062
f 984 1062 1063
f 1063 1064 984
f 984 1064 1065
f 984 1065 1048
f 1055 1066 1047
f 1047 1066 1067
f 1047 1067 1068
f 1069 1070 1071
f 1050 1072 1073
f 1057 1074 1050
f 1050 1074 1075
f 1050 1075 1072
f 1073 1076 1050
f 1050 1076 1077
f 1050 1077 1052
f 1068 1078 1047
f 1047 1078 1079
f 1047 1079 1071
f 1071 1079 1080
f 1071 1080 1081
f 1070 1082 1071
f 1071 1082 1083
f 1071 1083 1084
f 1081 1085 1071
f 1071 1085 1086
f 1071 1086 1069
f 1087 1088 1000
f 1000 1088 1089
f 1000 1089 1090
f 1091 1092 1093
f 1094 1095 1096
f 1095 1097 1096
f 1096 1097 1098
f 1096 1098 1099
f 1099 1100 1096
f 1096 1100 1101
f 1096 1101 1102
f 1102 1103 1096
f 1096 1103 1104
f 1096 1104 1000
f 1000 1104 1105
f 1000 1105 1087
f 1090 1106 1000
f 1000 1106 1107
f 1000 1107 1108
f 1109 1110 1044
f 1044 1110 1111
f 1111 1112 1044
f 1044 1112 1113
f 1044 1113 1114
f 1092 1115 1093
f 1093 1115 1116
f 1093 1116 1117
f 1108 1118 1000
f 1000 1118 1119
f 1000 1119 1044
f 1044 1119 1120
f 1044 1120 1109
f 1114 1121 1044
f 1044 1121 1122
f 1044 1122 1093
f 1093 1122 1123
f 1093 1123 1091
f 1117 1124 1093
f 1093 1124 1125
f 1093 1125 1094
f 1126 1127 1050
f 1050 1127 1128
f 1050 1128 1129
f 1129 1130 1050
f 1050 1130 1131
f 1050 1131 1132
f 1133 1134 989
f 989 1134 1135
f 1135 1136 989
f 989 1136 1137
f 989 1137 1138
f 1138 1137 1139
f 1138 1139 1140
f 1132 1141 1050
f 1050 1141 1142
f 1050 1142 1143
f 1143 1142 1144
f 1143 1144 1145
f 1145 1146 1143
f 1143 1146 1147
f 1143 1147 1148
f 1148 1149 1143
f 1143 1149 1150
f 1143 1150 1151
f 1140 1152 1138
f 1138 1152 1153
f 1138 1153 1154
f 1154 1155 1138
f 1138 1155 1156
f 1138 1156 1157
f 977 979 984
f 984 979 1138
f 984 1138 1050
f 1050 1138 1157
f 1050 1157 1126
f 1151 1158 1143
f 1143 1158 1159
f 1143 1159 989
f 989 1159 1160
f 1160 1161 989
f 989 1161 1162
f 989 1162 1163
f 1163 1164 989
f 989 1164 1165
f 989 1165 1133
f 986 989 987
f 987 989 1138
f 987 1138 1093
f 1093 1138 979
f 1093 979 1044
f 1044 979 978
f 1044 978 1045
f 1166 1167 1143
f 1168 1169 989
f 989 1169 1170
f 1171 1172 990
f 990 1172 1173
f 990 1173 1174
f 1167 1175 1143
f 1143 1175 1176
f 1143 1176 1177
f 1174 1178 990
f 990 1178 1179
f 990 1179 989
f 989 1179 1180
f 989 1180 1168
f 1143 1181 1182
f 1182 1181 1183
f 1182 1183 1184
f 1170 1185 989
f 989 1185 1186
f 989 1186 1187
f 1177 1188 1143
f 1143 1188 1189
f 1143 1189 1181
f 1184 1190 1182
f 1182 1190 1191
f 1182 1191 1192
f 1192 1193 1182
f 1182 1193 1194
f 1182 1194 1195
f 1195 1196 1182
f 1182 1196 1197
f 1182 1197 990
f 990 1197 1198
f 990 1198 1199
f 1199 1200 990
f 990 1200 1201
f 990 1201 1171
f 1187 1202 989
f 989 1202 1203
f 989 1203 1143
f 1143 1203 1204
f 1143 1204 1166
f 1205 1206 990
f 1205 990 1207
f 1208 1209 1182
f 1182 1209 1210
f 1210 1211 1182
f 1182 1211 1212
f 1182 1212 1213
f 1206 1214 990
f 990 1214 1215
f 990 1215 1216
f 1217 1218 1219
f 1219 1218 1220
f 1219 1220 1221
f 1222 1223 1224
f 1213 1225 1182
f 1182 1225 1226
f 1182 1226 1219
f 1219 1226 1227
f 1219 1227 1217
f 1221 1228 1219
f 1219 1228 1229
f 1219 1229 1230
f 1231 1232 1222
f 1222 1232 1233
f 1224 1234 1222
f 1222 1234 1235
f 1222 1235 990
f 990 1235 1236
f 990 1236 1207
f 1230 1237 1219
f 1219 1237 1238
f 1219 1238 1222
f 1222 1238 1239
f 1222 1239 1231
f 1233 1240 1222
f 1222 1240 1241
f 1222 1241 1223
f 1216 1242 990
f 990 1242 1243
f 990 1243 1182
f 1182 1243 1244
f 1182 1244 1208
f 1245 1246 996
f 1247 1248 1222
f 1222 1248 1249
f 1249 1250 1222
f 1222 1250 1251
f 1222 1251 1252
f 1253 1254 1219
f 1219 1254 1255
f 1219 1255 1256
f 1256 1257 1219
f 1219 1257 1258
f 1219 1258 1259
f 1260 1261 1262
f 1262 1261 1219
f 1262 1219 1263
f 1263 1219 1259
f 1246 1247 996
f 996 1247 1222
f 996 1222 994
f 994 1222 990
f 994 990 1264
f 1264 990 988
f 1252 1265 1222
f 1222 1265 1266
f 1222 1266 1267
f 1260 1268 1261
f 1261 1268 1269
f 1261 1269 1270
f 1270 1271 1261
f 1261 1271 1272
f 1261 1272 1273
f 1267 1274 1222
f 1222 1274 1275
f 1222 1275 1219
f 1219 1275 1276
f 1219 1276 1253
f 1273 1277 1261
f 1261 1277 1278
f 1261 1278 996
f 996 1278 1279
f 1279 1280 996
f 996 1280 1281
f 996 1281 1282
f 1282 1283 996
f 996 1283 1284
f 996 1284 1245
f 1035 1017 1012
f 1012 1017 1285
f 1012 1285 1261
f 1261 1285 1286
f 1261 1286 1219
f 1219 1286 1287
f 1219 1287 1182
f 1182 1287 1288
f 1182 1288 1143
f 1143 1288 1071
f 1143 1071 1050
f 1050 1071 1084
f 1050 1084 1056
f 996 1289 1290
f 1291 1012 1292
f 1292 1012 1293
f 1290 1294 996
f 996 1294 1295
f 996 1295 1296
f 1296 1297 996
f 996 1297 1298
f 996 1298 1299
f 1291 1300 1012
f 1012 1300 1301
f 1012 1301 1302
f 1303 1304 1305
f 1302 1306 1012
f 1012 1306 1307
f 1012 1307 1305
f 1305 1307 1308
f 1305 1308 1303
f 1299 1309 996
f 996 1309 1310
f 996 1310 1261
f 1261 1310 1311
f 1261 1311 1312
f 1312 1313 1261
f 1261 1313 1314
f 1261 1314 1315
f 1304 1316 1305
f 1305 1316 1317
f 1305 1317 1318
f 1315 1319 1261
f 1261 1319 1320
f 1261 1320 1321
f 1321 1322 1261
f 1261 1322 1323
f 1261 1323 1012
f 1012 1323 1324
f 1012 1324 1293
f 1318 1325 1305
f 1305 1325 1326
f 1305 1326 996
f 996 1326 1327
f 996 1327 1289
f 999 1328 1000
f 1000 1328 1329
f 1000 1329 1096
f 1096 1329 1330
f 1096 1330 1331
f 1331 1330 1332
f 1331 1332 1333
f 1333 1332 1334
f 1333 1334 1335
f 1335 1334 1336
f 1335 1336 1337
f 1337 1336 1338
f 1337 1338 982
f 982 1338 1339
f 982 1339 980
f 1305 1340 1012
f 1012 1340 1002
f 1012 1002 1014
f 1014 1002 1010
f 993 992 997
f 997 992 1341
f 997 1341 996
f 996 1341 1342
f 996 1342 1305
f 1305 1342 1343
f 1305 1343 1340
f 1344 981 1345
f 1345 981 1346
f 1347 1348 982
f 1344 1349 981
f 981 1349 1350
f 981 1350 1351
f 1351 1352 981
f 981 1352 1353
f 981 1353 982
f 982 1353 1354
f 982 1354 1347
f 1355 1356 1343
f 982 1357 1358
f 1348 1359 982
f 982 1359 1360
f 982 1360 1357
f 1358 1361 982
f 982 1361 1362
f 982 1362 1363
f 1343 1356 981
f 981 1356 1364
f 981 1364 1346
f 1094 1096 1093
f 1093 1096 1331
f 1093 1331 987
f 987 1331 1333
f 987 1333 991
f 991 1333 1335
f 991 1335 992
f 992 1335 1337
f 992 1337 1341
f 1341 1337 982
f 1341 982 1342
f 1342 982 1363
f 1342 1363 1365
f 1365 1366 1342
f 1342 1366 1367
f 1342 1367 1368
f 1369 1370 1343
f 1343 1370 1371
f 1343 1371 1372
f 1372 1373 1343
f 1343 1373 1374
f 1343 1374 1355
f 1368 1375 1342
f 1342 1375 1376
f 1342 1376 1377
f 1377 1378 1342
f 1342 1378 1379
f 1342 1379 1343
f 1343 1379 1380
f 1343 1380 1369
f 1381 1382 1383
f 1384 1385 1386
f 1386 1385 1387
f 1388 1389 1390
f 1391 1392 1390
f 1387 1385 1393
f 1393 1385 1394
f 1393 1394 1395
f 1390 1396 1397
f 1392 1398 1399
f 1398 1400 1399
f 1399 1400 1401
f 1399 1401 1402
f 1402 1403 1399
f 1399 1403 1404
f 1399 1404 1405
f 1406 1407 1408
f 1408 1407 1399
f 1408 1399 1409
f 1409 1399 1405
f 1384 1410 1385
f 1385 1410 1411
f 1385 1411 1412
f 1388 1390 1413
f 1389 1414 1390
f 1390 1414 1415
f 1390 1415 1396
f 1397 1416 1390
f 1390 1416 1417
f 1390 1417 1391
f 1406 1418 1407
f 1407 1418 1419
f 1407 1419 1394
f 1394 1419 1420
f 1394 1420 1421
f 1421 1422 1394
f 1394 1422 1423
f 1394 1423 1395
f 1412 1424 1385
f 1385 1424 1425
f 1385 1425 1426
f 1392 1399 1390
f 1390 1399 1427
f 1390 1427 1428
f 1429 1430 1431
f 1432 1433 1434
f 1435 1436 1428
f 1429 1431 1437
f 1436 1438 1428
f 1428 1438 1439
f 1428 1439 1440
f 1430 1441 1431
f 1431 1441 1442
f 1431 1442 1443
f 1443 1444 1431
f 1431 1444 1445
f 1431 1445 1446
f 1447 1434 1448
f 1448 1434 1449
f 1447 1450 1434
f 1434 1450 1451
f 1434 1451 1432
f 1433 1452 1434
f 1434 1452 1453
f 1434 1453 1427
f 1454 1455 1428
f 1428 1455 1456
f 1428 1456 1435
f 1446 1457 1431
f 1431 1457 1458
f 1431 1458 1434
f 1434 1458 1459
f 1434 1459 1449
f 1453 1460 1427
f 1427 1460 1461
f 1427 1461 1462
f 1462 1463 1427
f 1427 1463 1464
f 1427 1464 1465
f 1465 1466 1427
f 1427 1466 1467
f 1427 1467 1428
f 1428 1467 1468
f 1428 1468 1454
f 1469 1470 1471
f 1471 1470 1390
f 1472 1473 1390
f 1390 1473 1474
f 1390 1474 1475
f 1475 1476 1390
f 1390 1476 1477
f 1390 1477 1471
f 1478 1479 1480
f 1480 1479 1481
f 1480 1481 1482
f 1482 1483 1480
f 1480 1483 1484
f 1480 1484 1485
f 1478 1480 1486
f 1486 1480 1470
f 1486 1470 1487
f 1469 1488 1470
f 1470 1488 1489
f 1470 1489 1490
f 1491 1492 1470
f 1470 1492 1493
f 1470 1493 1487
f 1494 1495 1428
f 1428 1495 1496
f 1428 1496 1497
f 1498 1499 1390
f 1390 1499 1500
f 1390 1500 1472
f 1490 1501 1470
f 1470 1501 1502
f 1470 1502 1491
f 1485 1503 1480
f 1480 1503 1504
f 1480 1504 1428
f 1428 1504 1505
f 1428 1505 1494
f 1497 1506 1428
f 1428 1506 1507
f 1428 1507 1390
f 1390 1507 1508
f 1390 1508 1498
f 1509 1510 1511
f 1511 1510 1512
f 1513 1514 1515
f 1512 1510 1516
f 1516 1510 1470
f 1516 1470 1517
f 1509 1518 1510
f 1510 1518 1519
f 1510 1519 1520
f 1521 1480 1522
f 1522 1480 1523
f 1520 1524 1510
f 1510 1524 1525
f 1510 1525 1526
f 1527 1528 1515
f 1529 1530 1470
f 1470 1530 1531
f 1470 1531 1532
f 1532 1533 1470
f 1470 1533 1534
f 1470 1534 1517
f 1526 1535 1510
f 1510 1535 1536
f 1510 1536 1515
f 1515 1536 1537
f 1515 1537 1527
f 1528 1538 1515
f 1515 1538 1539
f 1515 1539 1513
f 1514 1540 1515
f 1515 1540 1541
f 1515 1541 1480
f 1480 1541 1542
f 1480 1542 1523
f 1521 1543 1480
f 1480 1543 1544
f 1480 1544 1545
f 1545 1546 1480
f 1480 1546 1547
f 1480 1547 1470
f 1470 1547 1548
f 1470 1548 1529
f 1549 1550 1551
f 1551 1550 1552
f 1551 1552 1553
f 1554 1555 1510
f 1510 1556 1551
f 1551 1556 1557
f 1551 1557 1549
f 1558 1559 1560
f 1555 1561 1510
f 1510 1561 1562
f 1510 1562 1556
f 1559 1563 1560
f 1560 1563 1564
f 1560 1564 1565
f 1553 1566 1551
f 1551 1566 1567
f 1551 1567 1568
f 1569 1570 1515
f 1515 1570 1571
f 1515 1571 1572
f 1573 1574 1510
f 1575 1576 1515
f 1515 1576 1577
f 1515 1577 1569
f 1574 1578 1510
f 1510 1578 1579
f 1510 1579 1554
f 1568 1580 1551
f 1551 1580 1581
f 1551 1581 1560
f 1560 1581 1582
f 1560 1582 1558
f 1572 1583 1515
f 1515 1583 1584
f 1515 1584 1510
f 1510 1584 1585
f 1510 1585 1573
f 1565 1586 1560
f 1560 1586 1587
f 1560 1587 1515
f 1515 1587 1588
f 1515 1588 1575
f 1589 1590 1591
f 1551 1592 1593
f 1593 1592 1594
f 1593 1594 1595
f 1595 1596 1593
f 1593 1596 1597
f 1593 1597 1598
f 1598 1599 1593
f 1593 1599 1600
f 1593 1600 1601
f 1551 1602 1603
f 1589 1591 1604
f 1605 1606 1560
f 1560 1606 1607
f 1608 1609 1551
f 1601 1610 1593
f 1593 1610 1611
f 1593 1611 1591
f 1591 1611 1612
f 1591 1612 1604
f 1590 1613 1591
f 1591 1613 1614
f 1591 1614 1615
f 1603 1616 1551
f 1551 1616 1617
f 1551 1617 1592
f 1607 1618 1560
f 1560 1618 1619
f 1560 1619 1620
f 1609 1621 1551
f 1551 1621 1622
f 1551 1622 1602
f 1620 1623 1560
f 1560 1623 1624
f 1560 1624 1551
f 1551 1624 1625
f 1551 1625 1608
f 1615 1626 1591
f 1591 1626 1627
f 1591 1627 1560
f 1560 1627 1628
f 1560 1628 1605
f 1426 1413 1385
f 1385 1413 1390
f 1385 1390 1629
f 1629 1390 1470
f 1629 1470 1630
f 1630 1470 1510
f 1630 1510 1631
f 1631 1510 1551
f 1631 1551 1632
f 1632 1551 1593
f 1632 1593 1633
f 1633 1593 1634
f 1593 1635 1634
f 1634 1635 1636
f 1634 1636 1637
f 1637 1638 1634
f 1634 1638 1639
f 1634 1639 1640
f 1641 1642 1593
f 1593 1642 1643
f 1593 1643 1635
f 1644 1645 1591
f 1591 1645 1646
f 1591 1646 1647
f 1648 1649 1593
f 1593 1649 1650
f 1593 1650 1651
f 1651 1652 1593
f 1593 1652 1653
f 1593 1653 1641
f 1640 1654 1634
f 1634 1654 1655
f 1634 1655 1656
f 1657 1658 1659
f 1659 1658 1660
f 1659 1660 1661
f 1656 1662 1634
f 1634 1662 1663
f 1634 1663 1659
f 1659 1663 1664
f 1659 1664 1657
f 1661 1665 1659
f 1659 1665 1666
f 1659 1666 1591
f 1591 1666 1667
f 1591 1667 1644
f 1647 1668 1591
f 1591 1668 1669
f 1591 1669 1670
f 1670 1671 1591
f 1591 1671 1672
f 1591 1672 1593
f 1593 1672 1673
f 1593 1673 1648
f 1440 1437 1428
f 1428 1437 1431
f 1428 1431 1480
f 1480 1431 1674
f 1480 1674 1515
f 1515 1674 1675
f 1515 1675 1560
f 1560 1675 1676
f 1560 1676 1591
f 1591 1676 1677
f 1591 1677 1659
f 1659 1677 1678
f 1679 1680 1681
f 1681 1680 1682
f 1683 1684 1681
f 1685 1686 1687
f 1687 1686 1681
f 1687 1681 1688
f 1688 1681 1682
f 1684 1689 1681
f 1681 1689 1690
f 1681 1690 1679
f 1685 1691 1686
f 1686 1691 1692
f 1686 1692 1693
f 1693 1694 1686
f 1686 1694 1695
f 1686 1695 1696
f 1696 1697 1686
f 1686 1697 1698
f 1686 1698 1699
f 1699 1700 1634
f 1701 1702 1633
f 1700 1703 1634
f 1634 1703 1704
f 1634 1704 1705
f 1705 1706 1634
f 1634 1706 1707
f 1634 1707 1708
f 1701 1633 1709
f 1708 1710 1634
f 1634 1710 1711
f 1634 1711 1633
f 1633 1711 1712
f 1633 1712 1709
f 1702 1713 1633
f 1633 1713 1714
f 1633 1714 1715
f 1715 1716 1633
f 1633 1716 1717
f 1633 1717 1681
f 1681 1717 1718
f 1681 1718 1683
f 1719 1720 1721
f 1722 1723 1678
f 1721 1724 1719
f 1719 1724 1725
f 1719 1725 1726
f 1726 1727 1719
f 1719 1727 1728
f 1719 1728 1729
f 1729 1730 1719
f 1719 1730 1731
f 1719 1731 1732
f 1732 1731 1733
f 1732 1733 1734
f 1735 1736 1732
f 1732 1736 1737
f 1732 1737 1738
f 1739 1678 1740
f 1740 1678 1741
f 1739 1742 1678
f 1678 1742 1743
f 1678 1743 1722
f 1744 1745 1659
f 1659 1745 1746
f 1659 1746 1747
f 1747 1748 1659
f 1659 1748 1749
f 1659 1749 1750
f 1734 1751 1732
f 1732 1751 1752
f 1732 1752 1735
f 1738 1753 1732
f 1732 1753 1754
f 1732 1754 1678
f 1678 1754 1755
f 1678 1755 1741
f 1723 1756 1678
f 1678 1756 1757
f 1678 1757 1659
f 1659 1757 1758
f 1659 1758 1744
f 1699 1634 1686
f 1686 1634 1659
f 1686 1659 1719
f 1719 1659 1750
f 1719 1750 1720
f 1434 1381 1431
f 1431 1381 1383
f 1431 1383 1674
f 1674 1383 1759
f 1674 1759 1675
f 1675 1759 1760
f 1675 1760 1676
f 1676 1760 1761
f 1676 1761 1677
f 1677 1761 1762
f 1677 1762 1678
f 1678 1762 1763
f 1678 1763 1732
f 1732 1763 1764
f 1732 1764 1765
f 1766 1681 1767
f 1767 1681 1686
f 1767 1686 1768
f 1768 1686 1719
f 1768 1719 1769
f 1769 1719 1732
f 1769 1732 1770
f 1770 1732 1765
f 1770 1765 1771
f 980 1339 1381
f 1381 1339 1382
f 1399 1407 1026
f 1026 1002 1399
f 1399 1002 1340
f 1399 1340 1427
f 1427 1340 1343
f 1427 1343 1434
f 1434 1343 981
f 1434 981 1381
f 1381 981 980
f 1019 1026 1394
f 1394 1026 1407
f 1766 1001 1681
f 1681 1001 1047
f 1681 1047 1633
f 1633 1047 1071
f 1633 1071 1632
f 1632 1071 1288
f 1632 1288 1631
f 1631 1288 1287
f 1631 1287 1630
f 1630 1287 1286
f 1630 1286 1629
f 1629 1286 1285
f 1629 1285 1385
f 1385 1285 1017
f 1385 1017 1394
f 1394 1017 1019
f 983 1001 1767
f 1767 1001 1766
f 1770 1771 998
f 983 1767 977
f 977 1767 1768
f 977 1768 978
f 978 1768 1769
f 978 1769 1045
f 1045 1769 1770
f 1045 1770 1046
f 1046 1770 998
f 999 998 1765
f 1765 998 1771
f 1382 1339 1383
f 1383 1339 1338
f 1383 1338 1759
f 1759 1338 1336
f 1759 1336 1760
f 1760 1336 1334
f 1760 1334 1761
f 1761 1334 1332
f 1761 1332 1762
f 1762 1332 1330
f 1762 1330 1763
f 1763 1330 1329
f 1763 1329 1764
f 1764 1329 1328
f 1764 1328 1765
f 1765 1328 999
f 1144 1643 1145
f 1145 1643 1642
f 1145 1642 1146
f 1146 1642 1641
f 1146 1641 1147
f 1147 1641 1653
f 1147 1653 1148
f 1148 1653 1652
f 1148 1652 1149
f 1149 1652 1651
f 1149 1651 1150
f 1150 1651 1650
f 1150 1650 1151
f 1151 1650 1649
f 1151 1649 1158
f 1158 1649 1648
f 1158 1648 1159
f 1159 1648 1673
f 1159 1673 1160
f 1160 1673 1672
f 1160 1672 1161
f 1161 1672 1671
f 1161 1671 1162
f 1162 1671 1670
f 1162 1670 1163
f 1163 1670 1669
f 1163 1669 1164
f 1164 1669 1668
f 1164 1668 1165
f 1165 1668 1647
f 1165 1647 1133
f 1133 1647 1646
f 1133 1646 1134
f 1134 1646 1645
f 1134 1645 1135
f 1135 1645 1644
f 1135 1644 1136
f 1136 1644 1667
f 1136 1667 1137
f 1137 1667 1666
f 1137 1666 1139
f 1139 1666 1665
f 1139 1665 1140
f 1140 1665 1661
f 1140 1661 1152
f 1152 1661 1660
f 1152 1660 1153
f 1153 1660 1658
f 1153 1658 1154
f 1154 1658 1657
f 1154 1657 1155
f 1155 1657 1664
f 1155 1664 1156
f 1156 1664 1663
f 1156 1663 1157
f 1157 1663 1662
f 1157 1662 1126
f 1126 1662 1656
f 1126 1656 1127
f 1127 1656 1655
f 1127 1655 1128
f 1128 1655 1654
f 1128 1654 1129
f 1129 1654 1640
f 1129 1640 1130
f 1130 1640 1639
f 1130 1639 1131
f 1131 1639 1638
f 1131 1638 1132
f 1132 1638 1637
f 1132 1637 1141
f 1141 1637 1636
f 1141 1636 1142
f 1142 1636 1635
f 1142 1635 1144
f 1144 1635 1643
f 1183 1592 1184
f 1184 1592 1617
f 1184 1617 1190
f 1190 1617 1616
f 1190 1616 1191
f 1191 1616 1603
f 1191 1603 1192
f 1192 1603 1602
f 1192 1602 1193
f 1193 1602 1622
f 1193 1622 1194
f 1194 1622 1621
f 1194 1621 1195
f 1195 1621 1609
f 1195 1609 1196
f 1196 1609 1608
f 1196 1608 1197
f 1197 1608 1625
f 1197 1625 1198
f 1198 1625 1624
f 1198 1624 1199
f 1199 1624 1623
f 1199 1623 1200
f 1200 1623 1620
f 1200 1620 1201
f 1201 1620 1619
f 1201 1619 1171
f 1171 1619 1618
f 1171 1618 1172
f 1172 1618 1607
f 1172 1607 1173
f 1173 1607 1606
f 1173 1606 1174
f 1174 1606 1605
f 1174 1605 1178
f 1178 1605 1628
f 1178 1628 1179
f 1179 1628 1627
f 1179 1627 1180
f 1180 1627 1626
f 1180 1626 1168
f 1168 1626 1615
f 1168 1615 1169
f 1169 1615 1614
f 1169 1614 1170
f 1170 1614 1613
f 1170 1613 1185
f 1185 1613 1590
f 1185 1590 1186
f 1186 1590 1589
f 1186 1589 1187
f 1187 1589 1604
f 1187 1604 1202
f 1202 1604 1612
f 1202 1612 1203
f 1203 1612 1611
f 1203 1611 1204
f 1204 1611 1610
f 1204 1610 1166
f 1166 1610 1601
f 1166 1601 1167
f 1167 1601 1600
f 1167 1600 1175
f 1175 1600 1599
f 1175 1599 1176
f 1176 1599 1598
f 1176 1598 1177
f 1177 1598 1597
f 1177 1597 1188
f 1188 1597 1596
f 1188 1596 1189
f 1189 1596 1595
f 1189 1595 1181
f 1181 1595 1594
f 1181 1594 1183
f 1183 1594 1592
f 1227 1556 1217
f 1217 1556 1562
f 1217 1562 1218
f 1218 1562 1561
f 1218 1561 1220
f 1220 1561 1555
f 1220 1555 1221
f 1221 1555 1554
f 1221 1554 1228
f 1228 1554 1579
f 1228 1579 1229
f 1229 1579 1578
f 1229 1578 1230
f 1230 1578 1574
f 1230 1574 1237
f 1237 1574 1573
f 1237 1573 1238
f 1238 1573 1585
f 1238 1585 1239
f 1239 1585 1584
f 1239 1584 1231
f 1231 1584 1583
f 1231 1583 1232
f 1232 1583 1572
f 1232 1572 1233
f 1233 1572 1571
f 1233 1571 1240
f 1240 1571 1570
f 1240 1570 1241
f 1241 1570 1569
f 1241 1569 1223
f 1223 1569 1577
f 1223 1577 1224
f 1224 1577 1576
f 1224 1576 1234
f 1234 1576 1575
f 1234 1575 1235
f 1235 1575 1588
f 1235 1588 1236
f 1236 1588 1587
f 1236 1587 1207
f 1207 1587 1586
f 1207 1586 1205
f 1205 1586 1565
f 1205 1565 1206
f 1206 1565 1564
f 1206 1564 1214
f 1214 1564 1563
f 1214 1563 1215
f 1215 1563 1559
f 1215 1559 1216
f 1216 1559 1558
f 1216 1558 1242
f 1242 1558 1582
f 1242 1582 1243
f 1243 1582 1581
f 1243 1581 1244
f 1244 1581 1580
f 1244 1580 1208
f 1208 1580 1568
f 1208 1568 1209
f 1209 1568 1567
f 1209 1567 1210
f 1210 1567 1566
f 1210 1566 1211
f 1211 1566 1553
f 1211 1553 1212
f 1212 1553 1552
f 1212 1552 1213
f 1213 1552 1550
f 1213 1550 1225
f 1225 1550 1549
f 1225 1549 1226
f 1226 1549 1557
f 1226 1557 1227
f 1227 1557 1556
f 1262 1512 1260
f 1260 1512 1516
f 1260 1516 1268
f 1268 1516 1517
f 1268 1517 1269
f 1269 1517 1534
f 1269 1534 1270
f 1270 1534 1533
f 1270 1533 1271
f 1271 1533 1532
f 1271 1532 1272
f 1272 1532 1531
f 1272 1531 1273
f 1273 1531 1530
f 1273 1530 1277
f 1277 1530 1529
f 1277 1529 1278
f 1278 1529 1548
f 1278 1548 1279
f 1279 1548 1547
f 1279 1547 1280
f 1280 1547 1546
f 1280 1546 1281
f 1281 1546 1545
f 1281 1545 1282
f 1282 1545 1544
f 1282 1544 1283
f 1283 1544 1543
f 1283 1543 1284
f 1284 1543 1521
f 1284 1521 1245
f 1245 1521 1522
f 1245 1522 1246
f 1246 1522 1523
f 1246 1523 1247
f 1247 1523 1542
f 1247 1542 1248
f 1248 1542 1541
f 1248 1541 1249
f 1249 1541 1540
f 1249 1540 1250
f 1250 1540 1514
f 1250 1514 1251
f 1251 1514 1513
f 1251 1513 1252
f 1252 1513 1539
f 1252 1539 1265
f 1265 1539 1538
f 1265 1538 1266
f 1266 1538 1528
f 1266 1528 1267
f 1267 1528 1527
f 1267 1527 1274
f 1274 1527 1537
f 1274 1537 1275
f 1275 1537 1536
f 1275 1536 1276
f 1276 1536 1535
f 1276 1535 1253
f 1253 1535 1526
f 1253 1526 1254
f 1254 1526 1525
f 1254 1525 1255
f 1255 1525 1524
f 1255 1524 1256
f 1256 1524 1520
f 1256 1520 1257
f 1257 1520 1519
f 1257 1519 1258
f 1258 1519 1518
f 1258 1518 1259
f 1259 1518 1509
f 1259 1509 1263
f 1263 1509 1511
f 1263 1511 1262
f 1262 1511 1512
f 1323 1469 1324
f 1324 1469 1471
f 1324 1471 1293
f 1293 1471 1477
f 1293 1477 1292
f 1292 1477 1476
f 1292 1476 1291
f 1291 1476 1475
f 1291 1475 1300
f 1300 1475 1474
f 1300 1474 1301
f 1301 1474 1473
f 1301 1473 1302
f 1302 1473 1472
f 1302 1472 1306
f 1306 1472 1500
f 1306 1500 1307
f 1307 1500 1499
f 1307 1499 1308
f 1308 1499 1498
f 1308 1498 1303
f 1303 1498 1508
f 1303 1508 1304
f 1304 1508 1507
f 1304 1507 1316
f 1316 1507 1506
f 1316 1506 1317
f 1317 1506 1497
f 1317 1497 1318
f 1318 1497 1496
f 1318 1496 1325
f 1325 1496 1495
f 1325 1495 1326
f 1326 1495 1494
f 1326 1494 1327
f 1327 1494 1505
f 1327 1505 1289
f 1289 1505 1504
f 1289 1504 1290
f 1290 1504 1503
f 1290 1503 1294
f 1294 1503 1485
f 1294 1485 1295
f 1295 1485 1484
f 1295 1484 1296
f 1296 1484 1483
f 1296 1483 1297
f 1297 1483 1482
f 1297 1482 1298
f 1298 1482 1481
f 1298 1481 1299
f 1299 1481 1479
f 1299 1479 1309
f 1309 1479 1478
f 1309 1478 1310
f 1310 1478 1486
f 1310 1486 1311
f 1311 1486 1487
f 1311 1487 1312
f 1312 1487 1493
f 1312 1493 1313
f 1313 1493 1492
f 1313 1492 1314
f 1314 1492 1491
f 1314 1491 1315
f 1315 1491 1502
f 1315 1502 1319
f 1319 1502 1501
f 1319 1501 1320
f 1320 1501 1490
f 1320 1490 1321
f 1321 1490 1489
f 1321 1489 1322
f 1322 1489 1488
f 1322 1488 1323
f 1323 1488 1469
f 1772 1773 986
f 986 1773 988
f 1772 986 985
f 1772 985 1774
f 1774 985 993
f 1774 993 997
f 1775 1774 995
f 995 1774 997
f 1775 995 994
f 1775 994 1773
f 1773 994 1264
f 1773 1264 988
f 1774 1775 1772
f 1772 1775 1773
f 1684 1683 1079
f 1079 1683 1718
f 1079 1718 1080
f 1080 1718 1717
f 1080 1717 1081
f 1081 1717 1716
f 1081 1716 1085
f 1085 1716 1715
f 1085 1715 1086
f 1086 1715 1714
f 1086 1714 1069
f 1069 1714 1713
f 1069 1713 1070
f 1070 1713 1702
f 1070 1702 1082
f 1082 1702 1701
f 1082 1701 1083
f 1083 1701 1709
f 1083 1709 1084
f 1084 1709 1712
f 1084 1712 1056
f 1056 1712 1711
f 1056 1711 1057
f 1057 1711 1710
f 1057 1710 1074
f 1074 1710 1708
f 1074 1708 1075
f 1075 1708 1707
f 1075 1707 1072
f 1072 1707 1706
f 1072 1706 1073
f 1073 1706 1705
f 1073 1705 1076
f 1076 1705 1704
f 1076 1704 1077
f 1077 1704 1703
f 1077 1703 1052
f 1052 1703 1700
f 1052 1700 1051
f 1051 1700 1699
f 1051 1699 1058
f 1058 1699 1698
f 1058 1698 1059
f 1059 1698 1697
f 1059 1697 1060
f 1060 1697 1696
f 1060 1696 1061
f 1061 1696 1695
f 1061 1695 1062
f 1062 1695 1694
f 1062 1694 1063
f 1063 1694 1693
f 1063 1693 1064
f 1064 1693 1692
f 1064 1692 1065
f 1065 1692 1691
f 1065 1691 1048
f 1048 1691 1685
f 1048 1685 1049
f 1049 1685 1687
f 1049 1687 1053
f 1053 1687 1688
f 1053 1688 1054
f 1054 1688 1682
f 1054 1682 1055
f 1055 1682 1680
f 1055 1680 1066
f 1066 1680 1679
f 1066 1679 1067
f 1067 1679 1690
f 1067 1690 1068
f 1068 1690 1689
f 1068 1689 1078
f 1078 1689 1684
f 1078 1684 1079
f 1384 1386 1018
f 1018 1386 1387
f 1018 1387 1020
f 1020 1387 1393
f 1020 1393 1021
f 1021 1393 1395
f 1021 1395 1022
f 1022 1395 1423
f 1022 1423 1023
f 1023 1423 1422
f 1023 1422 1024
f 1024 1422 1421
f 1024 1421 1025
f 1025 1421 1420
f 1025 1420 1027
f 1027 1420 1419
f 1027 1419 1028
f 1028 1419 1418
f 1028 1418 1029
f 1029 1418 1406
f 1029 1406 1030
f 1030 1406 1408
f 1030 1408 1003
f 1003 1408 1409
f 1003 1409 1004
f 1004 1409 1405
f 1004 1405 1005
f 1005 1405 1404
f 1005 1404 1006
f 1006 1404 1403
f 1006 1403 1007
f 1007 1403 1402
f 1007 1402 1008
f 1008 1402 1401
f 1008 1401 1009
f 1009 1401 1400
f 1009 1400 1010
f 1010 1400 1398
f 1010 1398 1014
f 1014 1398 1392
f 1014 1392 1013
f 1013 1392 1391
f 1013 1391 1011
f 1011 1391 1417
f 1011 1417 1031
f 1031 1417 1416
f 1031 1416 1032
f 1032 1416 1397
f 1032 1397 1015
f 1015 1397 1396
f 1015 1396 1016
f 1016 1396 1415
f 1016 1415 1033
f 1033 1415 1414
f 1033 1414 1034
f 1034 1414 1389
f 1034 1389 1035
f 1035 1389 1388
f 1035 1388 1041
f 1041 1388 1413
f 1041 1413 1042
f 1042 1413 1426
f 1042 1426 1043
f 1043 1426 1425
f 1043 1425 1038
f 1038 1425 1424
f 1038 1424 1037
f 1037 1424 1412
f 1037 1412 1036
f 1036 1412 1411
f 1036 1411 1039
f 1039 1411 1410
f 1039 1410 1040
f 1040 1410 1384
f 1040 1384 1018
f 1455 1454 1379
f 1379 1454 1468
f 1379 1468 1380
f 1380 1468 1467
f 1380 1467 1369
f 1369 1467 1466
f 1369 1466 1370
f 1370 1466 1465
f 1370 1465 1371
f 1371 1465 1464
f 1371 1464 1372
f 1372 1464 1463
f 1372 1463 1373
f 1373 1463 1462
f 1373 1462 1374
f 1374 1462 1461
f 1374 1461 1355
f 1355 1461 1460
f 1355 1460 1356
f 1356 1460 1453
f 1356 1453 1364
f 1364 1453 1452
f 1364 1452 1346
f 1346 1452 1433
f 1346 1433 1345
f 1345 1433 1432
f 1345 1432 1344
f 1344 1432 1451
f 1344 1451 1349
f 1349 1451 1450
f 1349 1450 1350
f 1350 1450 1447
f 1350 1447 1351
f 1351 1447 1448
f 1351 1448 1352
f 1352 1448 1449
f 1352 1449 1353
f 1353 1449 1459
f 1353 1459 1354
f 1354 1459 1458
f 1354 1458 1347
f 1347 1458 1457
f 1347 1457 1348
f 1348 1457 1446
f 1348 1446 1359
f 1359 1446 1445
f 1359 1445 1360
f 1360 1445 1444
f 1360 1444 1357
f 1357 1444 1443
f 1357 1443 1358
f 1358 1443 1442
f 1358 1442 1361
f 1361 1442 1441
f 1361 1441 1362
f 1362 1441 1430
f 1362 1430 1363
f 1363 1430 1429
f 1363 1429 1365
f 1365 1429 1437
f 1365 1437 1366
f 1366 1437 1440
f 1366 1440 1367
f 1367 1440 1439
f 1367 1439 1368
f 1368 1439 1438
f 1368 1438 1375
f 1375 1438 1436
f 1375 1436 1376
f 1376 1436 1435
f 1376 1435 1377
f 1377 1435 1456
f 1377 1456 1378
f 1378 1456 1455
f 1378 1455 1379
f 1724 1721 1122
f 1122 1721 1720
f 1122 1720 1123
f 1123 1720 1750
f 1123 1750 1091
f 1091 1750 1749
f 1091 1749 1092
f 1092 1749 1748
f 1092 1748 1115
f 1115 1748 1747
f 1115 1747 1116
f 1116 1747 1746
f 1116 1746 1117
f 1117 1746 1745
f 1117 1745 1124
f 1124 1745 1744
f 1124 1744 1125
f 1125 1744 1758
f 1125 1758 1094
f 1094 1758 1757
f 1094 1757 1095
f 1095 1757 1756
f 1095 1756 1097
f 1097 1756 1723
f 1097 1723 1098
f 1098 1723 1722
f 1098 1722 1099
f 1099 1722 1743
f 1099 1743 1100
f 1100 1743 1742
f 1100 1742 1101
f 1101 1742 1739
f 1101 1739 1102
f 1102 1739 1740
f 1102 1740 1103
f 1103 1740 1741
f 1103 1741 1104
f 1104 1741 1755
f 1104 1755 1105
f 1105 1755 1754
f 1105 1754 1087
f 1087 1754 1753
f 1087 1753 1088
f 1088 1753 1738
f 1088 1738 1089
f 1089 1738 1737
f 1089 1737 1090
f 1090 1737 1736
f 1090 1736 1106
f 1106 1736 1735
f 1106 1735 1107
f 1107 1735 1752
f 1107 1752 1108
f 1108 1752 1751
f 1108 1751 1118
f 1118 1751 1734
f 1118 1734 1119
f 1119 1734 1733
f 1119 1733 1120
f 1120 1733 1731
f 1120 1731 1109
f 1109 1731 1730
f 1109 1730 1110
f 1110 1730 1729
f 1110 1729 1111
f 1111 1729 1728
f 1111 1728 1112
f 1112 1728 1727
f 1112 1727 1113
f 1113 1727 1726
f 1113 1726 1114
f 1114 1726 1725
f 1114 1725 1121
f 1121 1725 1724
f 1121 1724 1122
f 1776 1777 1778
f 1779 1780 1781
f 1780 1782 1781
f 1781 1782 1783
f 1781 1783 1784
f 1784 1783 1785
f 1784 1785 1786
f 1787 1788 1789
f 1789 1788 1790
f 1789 1790 1781
f 1781 1790 1791
f 1781 1791 1779
f 1792 1793 1794
f 1794 1793 1789
f 1789 1793 1795
f 1789 1795 1787
f 1796 1797 1798
f 1798 1799 1796
f 1796 1799 1800
f 1796 1800 1794
f 1794 1800 1801
f 1794 1801 1792
f 1797 1796 1802
f 1802 1796 1803
f 1802 1803 1804
f 1805 1806 1807
f 1805 1807 1808
f 1807 1809 1808
f 1808 1809 1810
f 1808 1810 1803
f 1803 1810 1811
f 1803 1811 1804
f 1806 1805 1812
f 1812 1805 1813
f 1812 1813 1814
f 1815 1816 1817
f 1817 1816 1818
f 1817 1818 1819
f 1814 1820 1812
f 1812 1820 1821
f 1812 1821 1822
f 1822 1821 1823
f 1822 1823 1824
f 1824 1823 1825
f 1824 1825 1815
f 1815 1825 1826
f 1815 1826 1816
f 1778 1777 1827
f 1827 1777 1828
f 1827 1828 1829
f 1819 1818 1830
f 1830 1818 1831
f 1830 1831 1778
f 1778 1831 1832
f 1778 1832 1776
f 1828 1833 1829
f 1829 1833 1834
f 1829 1834 1835
f 1834 1836 1835
f 1835 1836 1837
f 1835 1837 1838
f 1838 1837 1839
f 1838 1839 1840
f 1840 1839 1841
f 1840 1841 1842
f 1843 1844 1845
f 1845 1844 1846
f 1845 1846 1847
f 1847 1846 1848
f 1841 1849 1842
f 1842 1849 1850
f 1842 1850 1851
f 1851 1850 1852
f 1851 1852 1853
f 1853 1852 1854
f 1853 1854 1848
f 1848 1854 1855
f 1848 1855 1847
f 1845 1856 1843
f 1843 1856 1857
f 1843 1857 1858
f 1858 1857 1859
f 1858 1859 1860
f 1860 1859 1861
f 1860 1861 1862
f 1862 1863 1864
f 1864 1863 1865
f 1864 1865 1866
f 1866 1865 1867
f 1866 1867 1868
f 1868 1867 1869
f 1869 1867 1870
f 1869 1870 1871
f 1872 1873 1870
f 1870 1873 1874
f 1870 1874 1871
f 1875 1876 1872
f 1872 1876 1877
f 1872 1877 1873
f 1878 1879 1875
f 1875 1879 1880
f 1875 1880 1876
f 1881 1882 1878
f 1878 1882 1883
f 1878 1883 1879
f 1884 1885 1886
f 1886 1885 1887
f 1886 1887 1881
f 1881 1887 1888
f 1881 1888 1882
f 1889 1890 1891
f 1891 1890 1892
f 1891 1892 1886
f 1886 1892 1893
f 1886 1893 1884
f 1894 1895 1896
f 1896 1895 1897
f 1894 1898 1895
f 1895 1898 1899
f 1895 1899 1891
f 1891 1899 1900
f 1891 1900 1889
f 1897 1895 1901
f 1901 1895 1902
f 1901 1902 1903
f 1904 1905 1906
f 1906 1907 1904
f 1904 1907 1908
f 1904 1908 1902
f 1902 1908 1909
f 1902 1909 1903
f 1910 1911 1912
f 1912 1911 1904
f 1904 1911 1913
f 1904 1913 1905
f 1910 1912 1914
f 1914 1912 1915
f 1914 1915 1916
f 1917 1918 1919
f 1919 1918 1920
f 1920 1921 1919
f 1919 1921 1922
f 1919 1922 1915
f 1915 1922 1923
f 1915 1923 1916
f 1924 1925 1926
f 1926 1925 1927
f 1926 1927 1919
f 1919 1927 1928
f 1919 1928 1917
f 1929 1930 1931
f 1931 1930 1932
f 1931 1932 1926
f 1926 1932 1933
f 1926 1933 1924
f 1934 1935 1936
f 1936 1935 1937
f 1936 1937 1931
f 1931 1937 1938
f 1931 1938 1929
f 1939 1940 1941
f 1941 1940 1942
f 1941 1942 1936
f 1936 1942 1943
f 1936 1943 1934
f 1939 1941 1944
f 1944 1941 1945
f 1944 1945 1946
f 1947 1948 1949
f 1949 1948 1950
f 1949 1950 1945
f 1945 1950 1951
f 1945 1951 1946
f 1952 1953 1954
f 1954 1955 1952
f 1952 1955 1956
f 1952 1956 1949
f 1949 1956 1957
f 1949 1957 1947
f 1958 1959 1960
f 1959 1961 1960
f 1960 1961 1962
f 1960 1962 1952
f 1952 1962 1963
f 1952 1963 1953
f 1964 1965 1966
f 1966 1965 1967
f 1966 1967 1960
f 1960 1967 1968
f 1960 1968 1958
f 1969 1970 1971
f 1971 1970 1972
f 1972 1973 1971
f 1971 1973 1974
f 1971 1974 1966
f 1966 1974 1975
f 1966 1975 1964
f 1969 1971 1976
f 1976 1971 1977
f 1976 1977 1978
f 1979 1980 1981
f 1981 1982 1979
f 1979 1982 1983
f 1979 1983 1977
f 1977 1983 1984
f 1977 1984 1978
f 1980 1979 1985
f 1985 1979 1986
f 1985 1986 1987
f 1988 1989 1990
f 1990 1991 1988
f 1988 1991 1992
f 1988 1992 1986
f 1986 1992 1993
f 1986 1993 1987
f 1994 1995 1996
f 1996 1995 1997
f 1996 1997 1988
f 1988 1997 1998
f 1988 1998 1989
f 1999 2000 2001
f 2001 2000 2002
f 2001 2002 1996
f 1996 2002 2003
f 1996 2003 1994
f 2004 2005 2006
f 2006 2007 2004
f 2004 2007 2008
f 2004 2008 2001
f 2001 2008 2009
f 2001 2009 1999
f 2010 2011 2012
f 2012 2011 2013
f 2012 2013 2004
f 2004 2013 2014
f 2004 2014 2005
f 2015 2016 2017
f 2017 2018 2015
f 2015 2018 2019
f 2015 2019 2012
f 2012 2019 2020
f 2012 2020 2010
f 2021 2022 2023
f 2023 2024 2021
f 2021 2024 2025
f 2021 2025 2015
f 2015 2025 2026
f 2015 2026 2016
f 2022 2021 2027
f 2027 2021 2028
f 2027 2028 2029
f 2030 2031 2032
f 2032 2033 2030
f 2030 2033 2034
f 2030 2034 2028
f 2028 2034 2035
f 2028 2035 2029
f 2036 2037 2038
f 2038 2037 2039
f 2038 2039 2030
f 2030 2039 2040
f 2030 2040 2031
f 2041 2042 2043
f 2043 2044 2041
f 2041 2044 2045
f 2041 2045 2038
f 2038 2045 2046
f 2038 2046 2036
f 2047 2048 2049
f 2049 2050 2047
f 2047 2050 2051
f 2047 2051 2041
f 2041 2051 2052
f 2041 2052 2042
f 2048 2047 2053
f 2053 2047 2054
f 2053 2054 2055
f 2056 2057 2058
f 2058 2059 2056
f 2056 2059 2060
f 2056 2060 2054
f 2054 2060 2061
f 2054 2061 2055
f 2062 2063 2064
f 2064 2063 2065
f 2064 2065 2056
f 2056 2065 2066
f 2056 2066 2057
f 2067 2068 2069
f 2069 2070 2067
f 2067 2070 2071
f 2067 2071 2064
f 2064 2071 2072
f 2064 2072 2062
f 2073 2074 2075
f 2075 2074 2076
f 2075 2076 2067
f 2067 2076 2077
f 2067 2077 2068
f 2078 2079 2080
f 2080 2079 2081
f 2080 2081 2075
f 2075 2081 2082
f 2075 2082 2073
f 2083 2084 2085
f 2085 2086 2083
f 2083 2086 2087
f 2083 2087 2080
f 2080 2087 2088
f 2080 2088 2078
f 2089 2090 2091
f 2091 2090 2092
f 2091 2092 2083
f 2083 2092 2093
f 2083 2093 2084
f 2089 2091 2094
f 2094 2091 2095
f 2094 2095 2096
f 1861 2097 1862
f 1862 2097 2098
f 1862 2098 1863
f 1863 2098 2099
f 1863 2099 2095
f 2095 2099 2100
f 2095 2100 2096
f 1971 1966 2101
f 1971 2101 1977
f 1988 1986 2101
f 2101 1986 1979
f 2101 1979 1977
f 2004 2001 2101
f 2101 2001 1996
f 2101 1996 1988
f 2021 2015 2101
f 2101 2015 2012
f 2101 2012 2004
f 2038 2030 2101
f 2101 2030 2028
f 2101 2028 2021
f 2054 2047 2101
f 2101 2047 2041
f 2101 2041 2038
f 2067 2064 2101
f 2101 2064 2056
f 2101 2056 2054
f 2083 2080 2101
f 2101 2080 2075
f 2101 2075 2067
f 1863 2095 2101
f 2101 2095 2091
f 2101 2091 2083
f 1870 1867 2101
f 2101 1867 1865
f 2101 1865 1863
f 1878 1875 2101
f 2101 1875 1872
f 2101 1872 1870
f 1891 1886 2101
f 2101 1886 1881
f 2101 1881 1878
f 1904 1902 2101
f 2101 1902 1895
f 2101 1895 1891
f 1919 1915 2101
f 2101 1915 1912
f 2101 1912 1904
f 1936 1931 2101
f 2101 1931 1926
f 2101 1926 1919
f 1949 1945 2101
f 2101 1945 1941
f 2101 1941 1936
f 1966 1960 2101
f 2101 1960 1952
f 2101 1952 1949
f 2102 2103 2104
f 2104 2103 2105
f 2106 2107 2108
f 2109 2110 2111
f 2111 2110 2112
f 2111 2112 2105
f 2105 2112 2113
f 2105 2113 2104
f 2102 2114 2103
f 2103 2114 2115
f 2103 2115 2116
f 2109 2111 2117
f 2117 2111 2118
f 2117 2118 2119
f 2120 2121 2122
f 2122 2121 2123
f 2122 2123 2118
f 2118 2123 2124
f 2118 2124 2119
f 2115 2125 2116
f 2116 2125 2126
f 2116 2126 2127
f 2128 2129 2130
f 2130 2129 2131
f 2130 2131 2132
f 2132 2131 2133
f 2132 2133 2134
f 2134 2133 2135
f 2134 2135 2136
f 2136 2135 2137
f 2136 2137 2138
f 2138 2137 2139
f 2138 2139 2122
f 2122 2139 2140
f 2122 2140 2120
f 2141 2142 2143
f 2143 2142 2144
f 2143 2144 2145
f 2145 2144 2146
f 2147 2148 2149
f 2149 2148 2150
f 2149 2150 2144
f 2144 2150 2151
f 2144 2151 2146
f 2147 2149 2152
f 2152 2149 2153
f 2152 2153 2154
f 2154 2153 2155
f 2154 2155 2156
f 2157 2158 2159
f 2159 2158 2160
f 2159 2160 2161
f 2161 2160 2162
f 2161 2162 2163
f 2163 2162 2164
f 2163 2164 2165
f 2165 2164 2166
f 2165 2166 2167
f 2167 2166 2168
f 2167 2168 2128
f 2128 2168 2169
f 2128 2169 2129
f 2170 2171 2172
f 2172 2171 2173
f 2172 2173 2174
f 2174 2173 2175
f 2174 2175 2176
f 2176 2175 2177
f 2176 2177 2178
f 2178 2177 2179
f 2178 2179 2180
f 2180 2179 2181
f 2180 2181 2157
f 2157 2181 2182
f 2157 2182 2158
f 2126 2183 2127
f 2127 2183 2184
f 2127 2184 2155
f 2155 2184 2185
f 2155 2185 2156
f 2186 2187 2188
f 2188 2187 2189
f 2188 2189 2190
f 2190 2189 2191
f 2190 2191 2192
f 2192 2191 2193
f 2192 2193 2194
f 2194 2193 2195
f 2194 2195 2196
f 2196 2195 2197
f 2196 2197 2170
f 2170 2197 2198
f 2170 2198 2171
f 2106 2108 2199
f 2141 2200 2142
f 2142 2200 2201
f 2142 2201 2108
f 2108 2201 2202
f 2108 2202 2199
f 2107 2203 2108
f 2108 2203 2204
f 2108 2204 2205
f 2205 2204 2206
f 2205 2206 2207
f 2207 2206 2208
f 2207 2208 2209
f 2209 2208 2210
f 2209 2210 2211
f 2211 2210 2212
f 2211 2212 2213
f 2213 2212 2214
f 2213 2214 2186
f 2186 2214 2215
f 2186 2215 2187
f 2216 2217 2218
f 2219 2220 2221
f 2222 2223 2224
f 2225 2226 2227
f 2228 2229 2193
f 2230 2231 2171
f 2232 2233 2168
f 2234 2235 2139
f 2235 2236 2139
f 2139 2236 2237
f 2139 2237 2140
f 2140 2237 2120
f 2234 2139 2238
f 2238 2139 2137
f 2238 2137 2239
f 2239 2137 2240
f 2240 2137 2135
f 2240 2135 2241
f 2241 2135 2242
f 2242 2135 2133
f 2242 2133 2243
f 2244 2245 2131
f 2131 2245 2246
f 2131 2246 2133
f 2133 2246 2247
f 2133 2247 2243
f 2244 2131 2248
f 2248 2131 2129
f 2248 2129 2249
f 2250 2251 2169
f 2169 2251 2252
f 2169 2252 2129
f 2129 2252 2253
f 2129 2253 2249
f 2233 2254 2168
f 2168 2254 2255
f 2168 2255 2169
f 2169 2255 2256
f 2169 2256 2250
f 2232 2168 2257
f 2257 2168 2166
f 2257 2166 2258
f 2164 2259 2166
f 2166 2259 2260
f 2166 2260 2258
f 2261 2262 2162
f 2162 2262 2263
f 2162 2263 2164
f 2164 2263 2264
f 2164 2264 2259
f 2265 2266 2160
f 2160 2266 2267
f 2160 2267 2162
f 2162 2267 2268
f 2162 2268 2261
f 2265 2160 2269
f 2269 2160 2158
f 2269 2158 2270
f 2271 2272 2182
f 2182 2272 2273
f 2182 2273 2158
f 2158 2273 2274
f 2158 2274 2270
f 2275 2276 2181
f 2181 2276 2277
f 2181 2277 2182
f 2182 2277 2278
f 2182 2278 2271
f 2275 2181 2279
f 2279 2181 2179
f 2279 2179 2280
f 2281 2282 2177
f 2177 2282 2283
f 2283 2284 2177
f 2177 2284 2285
f 2177 2285 2179
f 2179 2285 2286
f 2179 2286 2280
f 2281 2177 2287
f 2287 2177 2175
f 2287 2175 2288
f 2288 2175 2289
f 2289 2175 2173
f 2289 2173 2290
f 2231 2291 2171
f 2171 2291 2292
f 2171 2292 2173
f 2173 2292 2293
f 2173 2293 2290
f 2230 2171 2294
f 2294 2171 2198
f 2294 2198 2295
f 2296 2297 2197
f 2197 2297 2298
f 2197 2298 2198
f 2198 2298 2299
f 2198 2299 2295
f 2296 2197 2300
f 2300 2197 2195
f 2300 2195 2301
f 2229 2302 2193
f 2193 2302 2303
f 2193 2303 2195
f 2195 2303 2304
f 2195 2304 2301
f 2305 2306 2191
f 2191 2306 2307
f 2191 2307 2193
f 2193 2307 2308
f 2193 2308 2228
f 2305 2191 2309
f 2309 2191 2189
f 2309 2189 2310
f 2187 2311 2189
f 2189 2311 2312
f 2189 2312 2310
f 2313 2314 2215
f 2215 2314 2315
f 2215 2315 2187
f 2187 2315 2316
f 2187 2316 2311
f 2313 2215 2317
f 2317 2215 2214
f 2317 2214 2318
f 2212 2319 2320
f 2320 2321 2212
f 2212 2321 2322
f 2212 2322 2214
f 2214 2322 2323
f 2214 2323 2318
f 2324 2325 2210
f 2210 2325 2326
f 2210 2326 2212
f 2212 2326 2327
f 2212 2327 2319
f 2324 2210 2328
f 2328 2210 2208
f 2328 2208 2329
f 2330 2331 2206
f 2206 2331 2332
f 2206 2332 2208
f 2208 2332 2333
f 2208 2333 2329
f 2227 2334 2225
f 2225 2334 2335
f 2225 2335 2336
f 2336 2335 2337
f 2336 2337 2203
f 2203 2337 2338
f 2203 2338 2204
f 2204 2338 2339
f 2204 2339 2206
f 2206 2339 2340
f 2206 2340 2330
f 2226 2341 2227
f 2227 2341 2342
f 2227 2342 2343
f 2343 2342 2344
f 2343 2344 2345
f 2345 2344 2346
f 2345 2346 2347
f 2347 2346 2348
f 2347 2348 2349
f 2348 2350 2349
f 2349 2350 2351
f 2349 2351 2352
f 2352 2351 2353
f 2352 2353 2354
f 2354 2353 2355
f 2354 2355 2356
f 2356 2355 2357
f 2356 2357 2358
f 2358 2357 2359
f 2358 2359 2360
f 2360 2359 2361
f 2360 2361 2362
f 2362 2361 2363
f 2362 2363 2364
f 2364 2363 2365
f 2366 2367 2368
f 2368 2367 2365
f 2368 2365 2369
f 2369 2365 2363
f 2222 2224 2370
f 2371 2372 2373
f 2373 2374 2371
f 2371 2374 2375
f 2371 2375 2224
f 2224 2375 2376
f 2224 2376 2370
f 2220 2377 2221
f 2221 2377 2378
f 2221 2378 2371
f 2371 2378 2379
f 2371 2379 2372
f 2380 2381 2382
f 2382 2381 2383
f 2382 2383 2221
f 2221 2383 2384
f 2221 2384 2219
f 2217 2385 2218
f 2218 2385 2386
f 2218 2386 2382
f 2382 2386 2387
f 2382 2387 2380
f 2366 2388 2367
f 2367 2388 2389
f 2367 2389 2218
f 2218 2389 2390
f 2218 2390 2216
f 2391 1808 1803
f 2392 2393 2394
f 2395 2396 2397
f 2398 2399 2400
f 2401 2402 2403
f 2404 2405 2406
f 2407 2408 2409
f 2410 2411 2412
f 2413 2414 2415
f 2416 2417 2418
f 2419 2420 2421
f 2422 2365 2367
f 2423 2424 2218
f 2218 2424 2425
f 2218 2425 2367
f 2367 2425 2426
f 2367 2426 2422
f 2427 2428 2382
f 2382 2428 2429
f 2382 2429 2218
f 2218 2429 2430
f 2218 2430 2423
f 2431 2432 2221
f 2221 2432 2433
f 2221 2433 2382
f 2382 2433 2434
f 2382 2434 2427
f 2371 2435 2436
f 2371 2436 2221
f 2221 2436 2437
f 2221 2437 2431
f 2438 2439 2224
f 2224 2439 2440
f 2224 2440 2371
f 2371 2440 2441
f 2371 2441 2435
f 2442 2443 2444
f 2444 2443 2445
f 2444 2445 2223
f 2223 2445 2224
f 2224 2445 2446
f 2224 2446 2438
f 2447 2448 2449
f 2449 2448 2450
f 2449 2450 2442
f 2442 2450 2451
f 2442 2451 2443
f 2452 2453 2454
f 2454 2453 2455
f 2454 2455 2447
f 2447 2455 2456
f 2447 2456 2448
f 2457 2458 2459
f 2459 2458 2460
f 2459 2460 2452
f 2452 2460 2461
f 2452 2461 2453
f 2462 2463 2464
f 2464 2463 2465
f 2464 2465 2466
f 2466 2465 2467
f 2466 2467 2468
f 2468 2467 2469
f 2468 2469 2457
f 2457 2469 2470
f 2457 2470 2458
f 2471 2472 2462
f 2462 2472 2473
f 2462 2473 2463
f 2474 2475 2476
f 2476 2475 2477
f 2476 2477 2471
f 2471 2477 2478
f 2471 2478 2472
f 2479 2480 2481
f 2481 2480 2482
f 2481 2482 2483
f 2483 2482 2484
f 2483 2484 2474
f 2474 2484 2485
f 2474 2485 2475
f 2486 2487 2488
f 2488 2487 2489
f 2488 2489 2479
f 2479 2489 2490
f 2479 2490 2480
f 2491 2492 2486
f 2486 2492 2493
f 2486 2493 2487
f 2494 2495 2496
f 2496 2497 2494
f 2494 2497 2498
f 2494 2498 2499
f 2498 2500 2499
f 2499 2500 2501
f 2499 2501 2502
f 2502 2501 2503
f 2502 2503 2504
f 2504 2503 2505
f 2504 2505 2491
f 2491 2505 2506
f 2491 2506 2492
f 2507 2508 2509
f 2509 2508 2510
f 2509 2510 2495
f 2495 2510 2511
f 2495 2511 2496
f 2512 2513 2514
f 2514 2513 2515
f 2514 2515 2516
f 2516 2515 2517
f 2516 2517 2518
f 2518 2517 2519
f 2518 2519 2507
f 2507 2519 2520
f 2507 2520 2508
f 2521 2522 2512
f 2512 2522 2523
f 2512 2523 2513
f 2524 2525 2521
f 2521 2525 2526
f 2521 2526 2522
f 2527 2528 2529
f 2529 2528 2530
f 2529 2530 2524
f 2524 2530 2531
f 2524 2531 2525
f 2532 2533 2534
f 2534 2533 2535
f 2534 2535 2536
f 2536 2535 2537
f 2536 2537 2527
f 2527 2537 2538
f 2527 2538 2528
f 2539 2540 2532
f 2532 2540 2541
f 2532 2541 2533
f 2542 2543 2544
f 2544 2543 2545
f 2544 2545 2546
f 2546 2545 2547
f 2546 2547 2539
f 2539 2547 2548
f 2539 2548 2540
f 2549 2550 2551
f 2551 2550 2552
f 2551 2552 2542
f 2542 2552 2553
f 2542 2553 2543
f 2554 2555 2556
f 2556 2555 2557
f 2556 2557 2558
f 2557 2559 2558
f 2558 2559 2560
f 2558 2560 2549
f 2549 2560 2561
f 2549 2561 2550
f 2562 2563 2564
f 2564 2563 2565
f 2564 2565 2566
f 2566 2565 2567
f 2566 2567 2554
f 2554 2567 2568
f 2554 2568 2555
f 2569 2570 2571
f 2571 2570 2572
f 2571 2572 2562
f 2562 2572 2573
f 2562 2573 2563
f 2574 2575 2569
f 2569 2575 2576
f 2569 2576 2570
f 2577 2578 2579
f 2579 2578 2580
f 2579 2580 2574
f 2574 2580 2581
f 2574 2581 2575
f 2582 2583 2584
f 2584 2583 2585
f 2584 2585 2577
f 2577 2585 2586
f 2577 2586 2578
f 2587 2588 2589
f 2589 2588 2590
f 2589 2590 2591
f 2590 2592 2591
f 2591 2592 2593
f 2591 2593 2594
f 2594 2593 2595
f 2594 2595 2582
f 2582 2595 2596
f 2582 2596 2583
f 2597 2598 2599
f 2599 2598 2600
f 2599 2600 2587
f 2587 2600 2601
f 2587 2601 2588
f 2602 2603 2604
f 2604 2603 2605
f 2604 2605 2606
f 2606 2605 2607
f 2606 2607 2597
f 2597 2607 2608
f 2597 2608 2598
f 2609 2610 2602
f 2602 2610 2611
f 2602 2611 2603
f 2612 2613 2614
f 2614 2613 2615
f 2614 2615 2616
f 2615 2617 2616
f 2616 2617 2618
f 2616 2618 2619
f 2619 2618 2620
f 2619 2620 2609
f 2609 2620 2621
f 2609 2621 2610
f 2622 2623 2624
f 2624 2623 2625
f 2624 2625 2612
f 2612 2625 2626
f 2612 2626 2613
f 2627 2628 2629
f 2629 2628 2630
f 2629 2630 2622
f 2622 2630 2631
f 2622 2631 2623
f 2421 2632 2419
f 2419 2632 2633
f 2419 2633 2634
f 2634 2633 2635
f 2634 2635 2627
f 2627 2635 2636
f 2627 2636 2628
f 2637 2638 2639
f 2639 2638 2640
f 2639 2640 2420
f 2420 2640 2641
f 2420 2641 2421
f 2642 2643 2644
f 2642 2644 2645
f 2645 2644 2646
f 2645 2646 2647
f 2646 2648 2647
f 2647 2648 2649
f 2647 2649 2650
f 2650 2649 2651
f 2650 2651 2652
f 2652 2651 2653
f 2652 2653 2637
f 2637 2653 2654
f 2637 2654 2638
f 2643 2642 2655
f 2655 2642 2656
f 2655 2656 2657
f 2657 2656 2658
f 2658 2656 2659
f 2658 2659 2660
f 2661 2662 2660
f 2660 2662 2658
f 2663 2664 2665
f 2665 2664 2666
f 2665 2666 2661
f 2661 2666 2667
f 2661 2667 2662
f 2668 2669 2663
f 2663 2669 2670
f 2663 2670 2664
f 2671 2672 2673
f 2673 2672 2674
f 2673 2674 2675
f 2675 2674 2676
f 2675 2676 2677
f 2677 2676 2678
f 2677 2678 2668
f 2668 2678 2679
f 2668 2679 2669
f 2680 2681 2671
f 2671 2681 2682
f 2671 2682 2672
f 2683 2684 2685
f 2685 2684 2686
f 2685 2686 2687
f 2686 2688 2687
f 2687 2688 2689
f 2687 2689 2680
f 2680 2689 2690
f 2680 2690 2681
f 2691 2692 2693
f 2693 2692 2694
f 2693 2694 2695
f 2694 2696 2695
f 2695 2696 2697
f 2695 2697 2698
f 2698 2697 2699
f 2698 2699 2683
f 2683 2699 2700
f 2683 2700 2684
f 2701 2702 2703
f 2703 2702 2704
f 2703 2704 2705
f 2705 2704 2706
f 2705 2706 2691
f 2691 2706 2707
f 2691 2707 2692
f 2708 2709 2701
f 2701 2709 2710
f 2701 2710 2702
f 2711 2712 2713
f 2713 2712 2714
f 2713 2714 2715
f 2715 2714 2716
f 2715 2716 2708
f 2708 2716 2717
f 2708 2717 2709
f 2718 2719 2711
f 2711 2719 2720
f 2711 2720 2712
f 2721 2722 2718
f 2718 2722 2723
f 2718 2723 2719
f 2724 2725 2721
f 2721 2725 2726
f 2721 2726 2722
f 2727 2728 2729
f 2729 2728 2730
f 2729 2730 2724
f 2724 2730 2731
f 2724 2731 2725
f 2732 2733 2734
f 2734 2733 2735
f 2734 2735 2736
f 2735 2737 2736
f 2736 2737 2738
f 2736 2738 2739
f 2739 2738 2740
f 2739 2740 2727
f 2727 2740 2741
f 2727 2741 2728
f 2742 2743 2744
f 2744 2743 2745
f 2744 2745 2746
f 2745 2747 2746
f 2746 2747 2748
f 2746 2748 2749
f 2749 2748 2750
f 2749 2750 2751
f 2751 2750 2752
f 2751 2752 2732
f 2732 2752 2753
f 2732 2753 2733
f 2754 2755 2742
f 2742 2755 2756
f 2742 2756 2743
f 2757 2758 2759
f 2759 2758 2760
f 2759 2760 2754
f 2754 2760 2761
f 2754 2761 2755
f 2762 2763 2764
f 2764 2763 2765
f 2764 2765 2766
f 2766 2765 2767
f 2766 2767 2757
f 2757 2767 2768
f 2757 2768 2758
f 2769 2770 2762
f 2762 2770 2771
f 2762 2771 2763
f 2772 2773 2769
f 2769 2773 2774
f 2769 2774 2770
f 2418 2775 2416
f 2416 2775 2776
f 2416 2776 2777
f 2777 2776 2778
f 2777 2778 2779
f 2779 2778 2780
f 2779 2780 2772
f 2772 2780 2781
f 2772 2781 2773
f 2782 2783 2784
f 2782 2784 2785
f 2785 2784 2786
f 2785 2786 2417
f 2417 2786 2787
f 2417 2787 2418
f 2783 2782 2788
f 2788 2782 2789
f 2788 2789 2790
f 2790 2789 2791
f 2790 2791 2792
f 2792 2791 2793
f 2792 2793 2794
f 2794 2793 2795
f 2794 2795 2796
f 2796 2795 2797
f 2796 2797 2798
f 2798 2797 2799
f 2799 2797 2800
f 2799 2800 2801
f 2801 2800 2802
f 2801 2802 2803
f 2803 2802 2804
f 2803 2804 2805
f 2806 2807 2808
f 2808 2807 2809
f 2808 2809 2810
f 2810 2809 2811
f 2810 2811 2804
f 2804 2811 2812
f 2804 2812 2805
f 2813 2814 2815
f 2815 2814 2816
f 2815 2816 2806
f 2806 2816 2817
f 2806 2817 2807
f 2818 2819 2813
f 2813 2819 2820
f 2813 2820 2814
f 2821 2822 2823
f 2823 2824 2821
f 2821 2824 2825
f 2821 2825 2826
f 2826 2825 2827
f 2826 2827 2818
f 2818 2827 2828
f 2818 2828 2819
f 2415 2414 2829
f 2829 2414 2830
f 2829 2830 2831
f 2831 2830 2832
f 2831 2832 2822
f 2822 2832 2833
f 2822 2833 2823
f 2413 2415 2834
f 2834 2415 2835
f 2834 2835 2836
f 2836 2835 2837
f 2837 2835 2838
f 2837 2838 2839
f 2839 2838 2840
f 2839 2840 2841
f 2841 2840 2842
f 2841 2842 2843
f 2844 2845 2846
f 2846 2845 2847
f 2846 2847 2842
f 2842 2847 2848
f 2842 2848 2843
f 2849 2850 2844
f 2844 2850 2851
f 2844 2851 2845
f 2852 2853 2854
f 2854 2853 2855
f 2854 2855 2849
f 2849 2855 2856
f 2849 2856 2850
f 2857 2858 2859
f 2859 2858 2860
f 2859 2860 2852
f 2852 2860 2861
f 2852 2861 2853
f 2862 2863 2864
f 2864 2863 2865
f 2864 2865 2857
f 2857 2865 2866
f 2857 2866 2858
f 2867 2868 2869
f 2869 2870 2867
f 2867 2870 2871
f 2867 2871 2872
f 2872 2871 2873
f 2872 2873 2874
f 2874 2873 2875
f 2874 2875 2862
f 2862 2875 2876
f 2862 2876 2863
f 2877 2878 2879
f 2879 2880 2877
f 2877 2880 2881
f 2877 2881 2882
f 2882 2881 2883
f 2882 2883 2868
f 2868 2883 2884
f 2868 2884 2869
f 2885 2886 2887
f 2887 2886 2888
f 2887 2888 2889
f 2888 2890 2889
f 2889 2890 2891
f 2889 2891 2892
f 2892 2891 2893
f 2892 2893 2894
f 2894 2893 2895
f 2894 2895 2878
f 2878 2895 2896
f 2878 2896 2879
f 2897 2898 2899
f 2899 2898 2900
f 2899 2900 2901
f 2901 2900 2902
f 2901 2902 2885
f 2885 2902 2903
f 2885 2903 2886
f 2904 2905 2897
f 2897 2905 2906
f 2897 2906 2898
f 2907 2908 2909
f 2909 2908 2910
f 2909 2910 2904
f 2904 2910 2911
f 2904 2911 2905
f 2912 2913 2914
f 2914 2913 2915
f 2914 2915 2907
f 2907 2915 2916
f 2907 2916 2908
f 2917 2918 2912
f 2912 2918 2919
f 2912 2919 2913
f 2920 2921 2922
f 2922 2921 2923
f 2922 2923 2917
f 2917 2923 2924
f 2917 2924 2918
f 2925 2926 2927
f 2927 2926 2928
f 2927 2928 2920
f 2920 2928 2929
f 2920 2929 2921
f 2412 2411 2930
f 2930 2411 2931
f 2930 2931 2932
f 2931 2933 2932
f 2932 2933 2934
f 2932 2934 2935
f 2935 2934 2936
f 2935 2936 2925
f 2925 2936 2937
f 2925 2937 2926
f 2410 2412 2938
f 2938 2412 2939
f 2938 2939 2940
f 2940 2939 2941
f 2940 2941 2942
f 2943 2944 2942
f 2942 2944 2945
f 2942 2945 2940
f 2946 2947 2948
f 2948 2947 2949
f 2948 2949 2943
f 2943 2949 2950
f 2943 2950 2944
f 2951 2952 2953
f 2953 2952 2954
f 2953 2954 2946
f 2946 2954 2955
f 2946 2955 2947
f 2956 2957 2958
f 2958 2957 2959
f 2958 2959 2960
f 2960 2959 2961
f 2960 2961 2951
f 2951 2961 2962
f 2951 2962 2952
f 2963 2964 2956
f 2956 2964 2965
f 2956 2965 2957
f 2966 2967 2963
f 2963 2967 2968
f 2963 2968 2964
f 2969 2970 2971
f 2971 2972 2969
f 2969 2972 2973
f 2969 2973 2974
f 2974 2973 2975
f 2974 2975 2976
f 2976 2975 2977
f 2976 2977 2966
f 2966 2977 2978
f 2966 2978 2967
f 2979 2980 2981
f 2979 2981 2982
f 2982 2981 2983
f 2982 2983 2970
f 2970 2983 2984
f 2970 2984 2971
f 2980 2979 2985
f 2985 2979 2986
f 2985 2986 2987
f 2987 2986 2988
f 2987 2988 2989
f 2989 2988 2990
f 2989 2990 2991
f 2991 2990 2992
f 2992 2990 2993
f 2992 2993 2994
f 2994 2993 2995
f 2994 2995 2996
f 2996 2995 2997
f 2997 2995 2998
f 2997 2998 2999
f 2999 2998 3000
f 3000 2998 3001
f 3000 3001 3002
f 3003 3004 3005
f 3005 3004 3006
f 3005 3006 3007
f 3007 3006 3008
f 3007 3008 3002
f 3002 3008 3009
f 3002 3009 3000
f 3010 3011 3003
f 3003 3011 3012
f 3003 3012 3004
f 3013 3014 3015
f 3015 3014 3016
f 3015 3016 3017
f 3017 3016 3018
f 3017 3018 3019
f 3019 3018 3020
f 3019 3020 3021
f 3021 3020 3022
f 3021 3022 3010
f 3010 3022 3023
f 3010 3023 3011
f 3024 3025 3013
f 3013 3025 3026
f 3013 3026 3014
f 3027 3028 3029
f 3029 3028 3030
f 3029 3030 3031
f 3030 3032 3031
f 3031 3032 3033
f 3031 3033 3034
f 3034 3033 3035
f 3034 3035 3024
f 3024 3035 3036
f 3024 3036 3025
f 3037 3038 3027
f 3027 3038 3039
f 3027 3039 3028
f 3040 3041 3042
f 3042 3041 3043
f 3042 3043 3037
f 3037 3043 3044
f 3037 3044 3038
f 3045 3046 3047
f 3047 3046 3048
f 3047 3048 3040
f 3040 3048 3049
f 3040 3049 3041
f 3050 3051 3052
f 3052 3051 3053
f 3052 3053 3045
f 3045 3053 3054
f 3045 3054 3046
f 3055 3056 3057
f 3057 3056 3058
f 3057 3058 3059
f 3059 3058 3060
f 3059 3060 3050
f 3050 3060 3061
f 3050 3061 3051
f 3062 3063 3064
f 3064 3063 3065
f 3064 3065 3055
f 3055 3065 3066
f 3055 3066 3056
f 3067 3068 3069
f 3069 3070 3067
f 3067 3070 3071
f 3067 3071 3062
f 3062 3071 3072
f 3062 3072 3063
f 3073 3074 3075
f 3075 3074 3076
f 3075 3076 3077
f 3076 3078 3077
f 3077 3078 3079
f 3077 3079 3080
f 3080 3079 3081
f 3080 3081 3082
f 3082 3081 3083
f 3082 3083 3068
f 3068 3083 3084
f 3068 3084 3069
f 3085 3086 3087
f 3087 3086 3088
f 3087 3088 3089
f 3089 3088 3090
f 3089 3090 3073
f 3073 3090 3091
f 3073 3091 3074
f 2409 3092 2407
f 2407 3092 3093
f 2407 3093 3085
f 3085 3093 3094
f 3085 3094 3086
f 3095 3096 3097
f 3097 3096 3098
f 3097 3098 3099
f 3099 3098 3100
f 3099 3100 2408
f 2408 3100 3101
f 2408 3101 2409
f 3102 3103 3104
f 3104 3103 3105
f 3104 3105 3106
f 3106 3105 3107
f 3106 3107 3095
f 3095 3107 3108
f 3095 3108 3096
f 3109 3110 3102
f 3102 3110 3111
f 3102 3111 3103
f 3112 3113 3114
f 3114 3113 3115
f 3114 3115 3116
f 3116 3115 3117
f 3116 3117 3109
f 3109 3117 3118
f 3109 3118 3110
f 3119 3120 3121
f 3121 3122 3119
f 3119 3122 3123
f 3119 3123 3112
f 3112 3123 3124
f 3112 3124 3113
f 3125 3126 3127
f 3127 3126 3128
f 3127 3128 3120
f 3120 3128 3129
f 3120 3129 3121
f 3130 3131 3132
f 3132 3131 3133
f 3132 3133 3134
f 3134 3133 3135
f 3134 3135 3136
f 3136 3135 3137
f 3136 3137 3125
f 3125 3137 3138
f 3125 3138 3126
f 3139 3140 3130
f 3130 3140 3141
f 3130 3141 3131
f 3142 3143 3139
f 3139 3143 3144
f 3139 3144 3140
f 3145 3146 3147
f 3147 3146 3148
f 3147 3148 3142
f 3142 3148 3149
f 3142 3149 3143
f 3150 3151 3152
f 3152 3151 3153
f 3152 3153 3154
f 3154 3153 3155
f 3154 3155 3145
f 3145 3155 3156
f 3145 3156 3146
f 3157 3158 3150
f 3150 3158 3159
f 3150 3159 3151
f 3160 3161 3162
f 3162 3161 3163
f 3162 3163 3164
f 3164 3163 3165
f 3164 3165 3157
f 3157 3165 3166
f 3157 3166 3158
f 3167 3168 3169
f 3169 3168 3170
f 3169 3170 3160
f 3160 3170 3171
f 3160 3171 3161
f 3172 3173 3174
f 3174 3173 3175
f 3174 3175 3176
f 3175 3177 3176
f 3176 3177 3178
f 3176 3178 3167
f 3167 3178 3179
f 3167 3179 3168
f 3180 3181 3182
f 3182 3181 3183
f 3182 3183 3184
f 3184 3183 3185
f 3184 3185 3172
f 3172 3185 3186
f 3172 3186 3173
f 3187 3188 3189
f 3189 3188 3190
f 3189 3190 3180
f 3180 3190 3191
f 3180 3191 3181
f 3192 3193 3187
f 3187 3193 3194
f 3187 3194 3188
f 3195 3196 3197
f 3197 3196 3198
f 3197 3198 3192
f 3192 3198 3199
f 3192 3199 3193
f 3200 3201 3202
f 3202 3201 3203
f 3202 3203 3204
f 3204 3203 3205
f 3204 3205 3195
f 3195 3205 3206
f 3195 3206 3196
f 3207 3208 3209
f 3202 3210 3200
f 3200 3210 3211
f 3200 3211 3212
f 3212 3211 3207
f 3212 3207 3213
f 3213 3207 3209
f 3214 3215 3208
f 3208 3215 3216
f 3208 3216 3209
f 3217 3218 3219
f 3219 3220 3217
f 3217 3220 3221
f 3217 3221 3222
f 3222 3221 3223
f 3222 3223 3224
f 3224 3223 3225
f 3224 3225 3214
f 3214 3225 3226
f 3214 3226 3215
f 3227 3228 3229
f 3229 3228 3230
f 3229 3230 3231
f 3231 3230 3232
f 3231 3232 3218
f 3218 3232 3233
f 3218 3233 3219
f 3234 3235 3236
f 3236 3235 3237
f 3236 3237 3238
f 3238 3237 3239
f 3238 3239 3240
f 3240 3239 3241
f 3240 3241 3227
f 3227 3241 3242
f 3227 3242 3228
f 3243 3244 3234
f 3234 3244 3245
f 3234 3245 3235
f 3246 3247 3248
f 3248 3247 3249
f 3248 3249 3243
f 3243 3249 3250
f 3243 3250 3244
f 3251 3252 3253
f 3253 3254 3251
f 3251 3254 3255
f 3251 3255 3256
f 3256 3255 3257
f 3256 3257 3258
f 3258 3257 3259
f 3258 3259 3246
f 3246 3259 3260
f 3246 3260 3247
f 3261 3262 3263
f 3263 3262 3264
f 3263 3264 3265
f 3265 3264 3266
f 3265 3266 3252
f 3252 3266 3267
f 3252 3267 3253
f 3268 3269 3270
f 3270 3271 3268
f 3268 3271 3272
f 3268 3272 3261
f 3261 3272 3273
f 3261 3273 3262
f 3274 3275 3276
f 3276 3275 3277
f 3276 3277 3278
f 3278 3277 3279
f 3278 3279 3269
f 3269 3279 3280
f 3269 3280 3270
f 3281 3282 3283
f 3283 3282 3284
f 3283 3284 3274
f 3274 3284 3285
f 3274 3285 3275
f 3286 3287 3288
f 3288 3287 3289
f 3288 3289 3281
f 3281 3289 3290
f 3281 3290 3282
f 2406 3291 2404
f 2404 3291 3292
f 2404 3292 3293
f 3293 3292 3294
f 3293 3294 3286
f 3286 3294 3295
f 3286 3295 3287
f 3296 3297 3298
f 3298 3297 3299
f 3298 3299 3300
f 3299 3301 3300
f 3300 3301 3302
f 3300 3302 3303
f 3303 3302 3304
f 3303 3304 3305
f 3305 3304 3306
f 3305 3306 3307
f 3307 3306 3308
f 3307 3308 3309
f 3309 3308 3310
f 3309 3310 2405
f 2405 3310 3311
f 2405 3311 2406
f 3312 3313 3314
f 3314 3313 3315
f 3314 3315 3296
f 3296 3315 3316
f 3296 3316 3297
f 3317 3318 3319
f 3319 3320 3317
f 3317 3320 3321
f 3317 3321 3322
f 3322 3321 3323
f 3322 3323 3312
f 3312 3323 3324
f 3312 3324 3313
f 3325 3326 3327
f 3327 3326 3328
f 3327 3328 3318
f 3318 3328 3329
f 3318 3329 3319
f 3330 3331 3332
f 3332 3331 3333
f 3332 3333 3334
f 3334 3333 3335
f 3334 3335 3336
f 3336 3335 3337
f 3336 3337 3325
f 3325 3337 3338
f 3325 3338 3326
f 3339 3340 3330
f 3330 3340 3341
f 3330 3341 3331
f 3342 3343 3339
f 3339 3343 3344
f 3339 3344 3340
f 2401 2403 3345
f 2403 3346 3345
f 3345 3346 3347
f 3345 3347 3348
f 3348 3347 3342
f 3342 3347 3349
f 3342 3349 3343
f 3350 3351 3352
f 3352 3351 3353
f 3352 3353 2402
f 2402 3353 3354
f 2402 3354 2403
f 3355 3356 3357
f 3357 3356 3358
f 3357 3358 3359
f 3359 3358 3360
f 3359 3360 3350
f 3350 3360 3361
f 3350 3361 3351
f 3362 3363 3364
f 3364 3365 3362
f 3362 3365 3366
f 3362 3366 3355
f 3355 3366 3367
f 3355 3367 3356
f 3368 3369 3370
f 3370 3369 3371
f 3370 3371 3372
f 3372 3371 3373
f 3372 3373 3363
f 3363 3373 3374
f 3363 3374 3364
f 3375 3376 3377
f 3377 3376 3378
f 3377 3378 3379
f 3379 3378 3380
f 3379 3380 3368
f 3368 3380 3381
f 3368 3381 3369
f 3382 3383 3375
f 3375 3383 3384
f 3375 3384 3376
f 3385 3386 3382
f 3382 3386 3387
f 3382 3387 3383
f 3388 3389 3390
f 3390 3389 3391
f 3390 3391 3385
f 3385 3391 3392
f 3385 3392 3386
f 3393 3394 3395
f 3395 3394 3396
f 3395 3396 3388
f 3388 3396 3397
f 3388 3397 3389
f 3398 3399 3400
f 3400 3399 3401
f 3400 3401 3402
f 3401 3403 3402
f 3402 3403 3404
f 3402 3404 3405
f 3405 3404 3406
f 3405 3406 3407
f 3407 3406 3408
f 3407 3408 3393
f 3393 3408 3409
f 3393 3409 3394
f 3410 3411 3412
f 3412 3411 3413
f 3412 3413 3398
f 3398 3413 3414
f 3398 3414 3399
f 3415 3416 3417
f 3417 3418 3415
f 3415 3418 3419
f 3415 3419 3420
f 3420 3419 3421
f 3420 3421 3410
f 3410 3421 3422
f 3410 3422 3411
f 3423 3424 3425
f 3425 3424 3426
f 3425 3426 3427
f 3427 3426 3428
f 3427 3428 3416
f 3416 3428 3429
f 3416 3429 3417
f 3430 3431 3432
f 3432 3431 3433
f 3432 3433 3434
f 3434 3433 3435
f 3434 3435 3423
f 3423 3435 3436
f 3423 3436 3424
f 3437 3438 3430
f 3430 3438 3439
f 3430 3439 3431
f 3440 3441 3437
f 3437 3441 3442
f 3437 3442 3438
f 3443 3444 3440
f 3440 3444 3445
f 3440 3445 3441
f 3446 3447 3448
f 3448 3449 3446
f 3446 3449 3450
f 3446 3450 3451
f 3451 3450 3452
f 3451 3452 3443
f 3443 3452 3453
f 3443 3453 3444
f 3454 3455 3456
f 3456 3455 3457
f 3456 3457 3447
f 3447 3457 3458
f 3447 3458 3448
f 3459 3460 3461
f 3461 3460 3462
f 3461 3462 3463
f 3462 3464 3463
f 3463 3464 3465
f 3463 3465 3466
f 3466 3465 3467
f 3466 3467 3468
f 3468 3467 3469
f 3468 3469 3454
f 3454 3469 3470
f 3454 3470 3455
f 3471 3472 3473
f 3473 3472 3474
f 3473 3474 3459
f 3459 3474 3475
f 3459 3475 3460
f 3476 3477 3471
f 3471 3477 3478
f 3471 3478 3472
f 3479 3480 3481
f 3481 3480 3482
f 3481 3482 3476
f 3476 3482 3483
f 3476 3483 3477
f 3484 3485 3486
f 3486 3485 3487
f 3486 3487 3479
f 3479 3487 3488
f 3479 3488 3480
f 3489 3490 3491
f 3491 3492 3489
f 3489 3492 3493
f 3489 3493 3494
f 3494 3493 3495
f 3494 3495 3496
f 3496 3495 3497
f 3496 3497 3498
f 3498 3497 3499
f 3498 3499 3484
f 3484 3499 3500
f 3484 3500 3485
f 3501 3502 3503
f 3503 3504 3501
f 3501 3504 3505
f 3501 3505 3490
f 3490 3505 3506
f 3490 3506 3491
f 3507 3508 3509
f 3509 3508 3510
f 3509 3510 3511
f 3510 3512 3511
f 3511 3512 3513
f 3511 3513 3514
f 3514 3513 3515
f 3514 3515 3516
f 3516 3515 3517
f 3516 3517 3502
f 3502 3517 3518
f 3502 3518 3503
f 3519 3520 3521
f 3521 3520 3522
f 3521 3522 3523
f 3523 3522 3524
f 3523 3524 3507
f 3507 3524 3525
f 3507 3525 3508
f 3526 3527 3519
f 3519 3527 3528
f 3519 3528 3520
f 3529 3530 3531
f 3531 3530 3532
f 3531 3532 3526
f 3526 3532 3533
f 3526 3533 3527
f 3534 3535 3536
f 3536 3535 3537
f 3536 3537 3529
f 3529 3537 3538
f 3529 3538 3530
f 3539 3540 3541
f 3541 3542 3539
f 3539 3542 3543
f 3539 3543 3544
f 3544 3543 3545
f 3544 3545 3546
f 3546 3545 3547
f 3546 3547 3534
f 3534 3547 3548
f 3534 3548 3535
f 3549 3550 3551
f 3551 3550 3552
f 3551 3552 3553
f 3553 3552 3554
f 3553 3554 3540
f 3540 3554 3555
f 3540 3555 3541
f 3556 3557 3558
f 3558 3559 3556
f 3556 3559 3560
f 3556 3560 3549
f 3549 3560 3561
f 3549 3561 3550
f 3562 3563 3564
f 3562 3564 3565
f 3565 3564 3566
f 3565 3566 3557
f 3557 3566 3567
f 3557 3567 3558
f 3563 3562 3568
f 3568 3562 3569
f 3568 3569 3570
f 3570 3569 3571
f 3570 3571 3572
f 3572 3571 3573
f 3572 3573 3574
f 3574 3573 3575
f 3574 3575 3576
f 3577 3578 3579
f 3579 3578 3580
f 3579 3580 3575
f 3575 3580 3581
f 3575 3581 3576
f 3582 3583 3584
f 3584 3583 3585
f 3584 3585 3577
f 3577 3585 3586
f 3577 3586 3578
f 3587 3588 3589
f 3589 3588 3590
f 3589 3590 3582
f 3582 3590 3591
f 3582 3591 3583
f 3592 3593 3594
f 3594 3593 3595
f 3594 3595 3596
f 3595 3597 3596
f 3596 3597 3598
f 3596 3598 3599
f 3599 3598 3600
f 3599 3600 3601
f 3601 3600 3602
f 3601 3602 3587
f 3587 3602 3603
f 3587 3603 3588
f 3604 3605 3606
f 3606 3607 3604
f 3604 3607 3608
f 3604 3608 3592
f 3592 3608 3609
f 3592 3609 3593
f 3610 3611 3612
f 3610 3612 3613
f 3613 3612 3614
f 3613 3614 3615
f 3614 3616 3615
f 3615 3616 3617
f 3615 3617 3618
f 3618 3617 3619
f 3618 3619 3620
f 3620 3619 3621
f 3620 3621 3605
f 3605 3621 3622
f 3605 3622 3606
f 3611 3610 3623
f 3623 3610 3624
f 3623 3624 3625
f 3625 3624 3626
f 3625 3626 3627
f 3628 3629 3626
f 3626 3629 3630
f 3626 3630 3627
f 3631 3632 3633
f 3633 3632 3634
f 3633 3634 3628
f 3628 3634 3635
f 3628 3635 3629
f 3636 3637 3638
f 3638 3637 3639
f 3638 3639 3631
f 3631 3639 3640
f 3631 3640 3632
f 3641 3642 3643
f 3643 3642 3644
f 3643 3644 3645
f 3644 3646 3645
f 3645 3646 3647
f 3645 3647 3648
f 3648 3647 3649
f 3648 3649 3636
f 3636 3649 3650
f 3636 3650 3637
f 3651 3652 3653
f 3653 3652 3654
f 3653 3654 3655
f 3655 3654 3656
f 3655 3656 3641
f 3641 3656 3657
f 3641 3657 3642
f 3658 3659 3660
f 3660 3661 3658
f 3658 3661 3662
f 3658 3662 3651
f 3651 3662 3652
f 3663 3664 3665
f 3665 3664 3666
f 3665 3666 3667
f 3667 3666 3668
f 3667 3668 3659
f 3659 3668 3669
f 3659 3669 3660
f 3670 3671 3672
f 3672 3671 3673
f 3672 3673 3674
f 3674 3673 3675
f 3674 3675 3663
f 3663 3675 3676
f 3663 3676 3664
f 3677 3678 3670
f 3670 3678 3679
f 3670 3679 3671
f 3680 3681 3682
f 3682 3681 3683
f 3682 3683 3677
f 3677 3683 3684
f 3677 3684 3678
f 2400 3685 2398
f 2398 3685 3686
f 2398 3686 3687
f 3687 3686 3688
f 3687 3688 3680
f 3680 3688 3689
f 3680 3689 3681
f 3690 3691 3692
f 3692 3691 3693
f 3692 3693 2399
f 2399 3693 3694
f 2399 3694 2400
f 3695 3696 3697
f 3697 3696 3698
f 3697 3698 3699
f 3699 3698 3700
f 3699 3700 3701
f 3701 3700 3702
f 3701 3702 3703
f 3703 3702 3704
f 3703 3704 3690
f 3690 3704 3705
f 3690 3705 3691
f 3706 3707 3708
f 3708 3707 3709
f 3708 3709 3695
f 3695 3709 3710
f 3695 3710 3696
f 3711 3712 3713
f 3713 3712 3714
f 3713 3714 3706
f 3706 3714 3715
f 3706 3715 3707
f 3716 3717 3718
f 3718 3717 3719
f 3718 3719 3711
f 3711 3719 3720
f 3711 3720 3712
f 3721 3722 3723
f 3723 3722 3724
f 3723 3724 3716
f 3716 3724 3725
f 3716 3725 3717
f 3726 3727 3721
f 3721 3727 3728
f 3721 3728 3722
f 3729 3730 3731
f 3731 3732 3729
f 3729 3732 3733
f 3729 3733 3734
f 3734 3733 3735
f 3734 3735 3726
f 3726 3735 3736
f 3726 3736 3727
f 3737 3738 3739
f 3739 3738 3740
f 3739 3740 3741
f 3740 3742 3741
f 3741 3742 3743
f 3741 3743 3744
f 3744 3743 3745
f 3744 3745 3746
f 3746 3745 3747
f 3746 3747 3730
f 3730 3747 3748
f 3730 3748 3731
f 3749 3750 3751
f 3751 3750 3752
f 3751 3752 3753
f 3752 3754 3753
f 3753 3754 3755
f 3753 3755 3737
f 3737 3755 3756
f 3737 3756 3738
f 3757 3758 3759
f 3759 3758 3760
f 3759 3760 3761
f 3761 3760 3762
f 3761 3762 3749
f 3749 3762 3763
f 3749 3763 3750
f 3764 3765 3757
f 3757 3765 3766
f 3757 3766 3758
f 3767 3768 3769
f 3769 3768 3770
f 3769 3770 3764
f 3764 3770 3771
f 3764 3771 3765
f 3772 3773 3774
f 3774 3773 3775
f 3774 3775 3767
f 3767 3775 3768
f 3776 3777 3778
f 3778 3779 3776
f 3776 3779 3780
f 3776 3780 3781
f 3781 3780 3782
f 3781 3782 3772
f 3772 3782 3783
f 3772 3783 3773
f 3784 3785 3786
f 3786 3785 3787
f 3786 3787 3777
f 3777 3787 3788
f 3777 3788 3778
f 3789 3790 3791
f 3791 3792 3789
f 3789 3792 3793
f 3789 3793 3784
f 3784 3793 3794
f 3784 3794 3785
f 3795 3796 3797
f 3797 3796 3798
f 3797 3798 3799
f 3798 3800 3799
f 3799 3800 3801
f 3799 3801 3802
f 3802 3801 3803
f 3802 3803 3804
f 3804 3803 3805
f 3804 3805 3790
f 3790 3805 3806
f 3790 3806 3791
f 3807 3808 3809
f 3809 3808 3810
f 3809 3810 3811
f 3811 3810 3812
f 3811 3812 3795
f 3795 3812 3813
f 3795 3813 3796
f 2397 3814 2395
f 2395 3814 3815
f 2395 3815 3807
f 3807 3815 3816
f 3807 3816 3808
f 3817 3818 3819
f 3819 3818 3820
f 3819 3820 3821
f 3821 3820 3822
f 3821 3822 3823
f 3823 3822 3824
f 3823 3824 2396
f 2396 3824 3825
f 2396 3825 2397
f 3826 3827 3828
f 3828 3829 3826
f 3826 3829 3830
f 3826 3830 3831
f 3831 3830 3832
f 3831 3832 3817
f 3817 3832 3833
f 3817 3833 3818
f 3834 3835 3836
f 3836 3835 3837
f 3836 3837 3838
f 3838 3837 3839
f 3838 3839 3827
f 3827 3839 3840
f 3827 3840 3828
f 3841 3842 3843
f 3843 3844 3841
f 3841 3844 3845
f 3841 3845 3834
f 3834 3845 3846
f 3834 3846 3835
f 3847 3848 3849
f 3849 3848 3850
f 3849 3850 3842
f 3842 3850 3851
f 3842 3851 3843
f 3852 3853 3854
f 3854 3853 3855
f 3854 3855 3856
f 3856 3855 3857
f 3856 3857 3847
f 3847 3857 3858
f 3847 3858 3848
f 3859 3860 3852
f 3852 3860 3861
f 3852 3861 3853
f 3862 3863 3864
f 3864 3863 3865
f 3864 3865 3866
f 3865 3867 3866
f 3866 3867 3868
f 3866 3868 3869
f 3869 3868 3870
f 3869 3870 3859
f 3859 3870 3871
f 3859 3871 3860
f 3872 3873 3874
f 3874 3873 3875
f 3874 3875 3862
f 3862 3875 3876
f 3862 3876 3863
f 3877 3878 3879
f 3879 3878 3880
f 3879 3880 3872
f 3872 3880 3881
f 3872 3881 3873
f 3882 3883 3884
f 3884 3883 3885
f 3884 3885 3886
f 3886 3885 3887
f 3886 3887 3877
f 3877 3887 3888
f 3877 3888 3878
f 3889 3890 3882
f 3882 3890 3891
f 3882 3891 3883
f 3892 3893 3894
f 3894 3893 3895
f 3894 3895 3889
f 3889 3895 3896
f 3889 3896 3890
f 3897 3898 3899
f 3899 3898 3900
f 3899 3900 3901
f 3900 3902 3901
f 3901 3902 3903
f 3901 3903 3904
f 3904 3903 3905
f 3904 3905 3892
f 3892 3905 3906
f 3892 3906 3893
f 3907 3908 3909
f 3909 3908 3910
f 3909 3910 3911
f 3911 3910 3912
f 3911 3912 3897
f 3897 3912 3913
f 3897 3913 3898
f 3914 3915 3907
f 3907 3915 3916
f 3907 3916 3908
f 3917 3918 3919
f 3919 3918 3920
f 3919 3920 3914
f 3914 3920 3921
f 3914 3921 3915
f 3922 3923 3924
f 3924 3923 3917
f 3917 3923 3925
f 3917 3925 3918
f 3926 3927 3928
f 3928 3927 3929
f 3928 3929 3930
f 3929 3931 3930
f 3930 3931 3932
f 3930 3932 3933
f 3933 3932 3934
f 3933 3934 3922
f 3922 3934 3935
f 3922 3935 3923
f 3936 3937 3938
f 3938 3939 3936
f 3936 3939 3940
f 3936 3940 3941
f 3941 3940 3942
f 3941 3942 3943
f 3943 3942 3944
f 3943 3944 3945
f 3945 3944 3946
f 3945 3946 3926
f 3926 3946 3947
f 3926 3947 3927
f 3948 3949 3950
f 3950 3949 3951
f 3950 3951 3937
f 3937 3951 3952
f 3937 3952 3938
f 3953 3954 3955
f 3955 3954 3956
f 3955 3956 3957
f 3957 3956 3958
f 3957 3958 3959
f 3959 3958 3960
f 3959 3960 3948
f 3948 3960 3961
f 3948 3961 3949
f 3962 3963 3953
f 3953 3963 3964
f 3953 3964 3954
f 3965 3966 3962
f 3962 3966 3967
f 3962 3967 3963
f 3968 3969 3970
f 3970 3969 3971
f 3970 3971 3965
f 3965 3971 3972
f 3965 3972 3966
f 3973 3974 3975
f 3975 3974 3976
f 3975 3976 3977
f 3976 3978 3977
f 3977 3978 3979
f 3977 3979 3980
f 3980 3979 3981
f 3980 3981 3968
f 3968 3981 3982
f 3968 3982 3969
f 3983 3984 3985
f 3985 3984 3986
f 3985 3986 3987
f 3987 3986 3988
f 3987 3988 3973
f 3973 3988 3989
f 3973 3989 3974
f 3990 3991 3992
f 3992 3993 3990
f 3990 3993 3994
f 3990 3994 3983
f 3983 3994 3995
f 3983 3995 3984
f 3996 3997 3998
f 3998 3997 3999
f 3998 3999 4000
f 4000 3999 4001
f 4000 4001 3991
f 3991 4001 4002
f 3991 4002 3992
f 4003 4004 4005
f 4005 4004 4006
f 4005 4006 4007
f 4007 4006 4008
f 4007 4008 4009
f 4009 4008 4010
f 4009 4010 3996
f 3996 4010 4011
f 3996 4011 3997
f 4012 4013 4014
f 4014 4013 4015
f 4014 4015 4003
f 4003 4015 4016
f 4003 4016 4004
f 2394 4017 2392
f 2392 4017 4018
f 2392 4018 4019
f 4019 4018 4020
f 4019 4020 4012
f 4012 4020 4021
f 4012 4021 4013
f 4022 4023 4024
f 4024 4023 4025
f 4024 4025 4026
f 4025 4027 4026
f 4026 4027 4028
f 4026 4028 4029
f 4029 4028 4030
f 4029 4030 4031
f 4031 4030 4032
f 4031 4032 2393
f 2393 4032 2394
f 4033 4034 4035
f 4033 4035 4036
f 4035 4037 4036
f 4036 4037 4038
f 4036 4038 4022
f 4022 4038 4039
f 4022 4039 4023
f 4034 4033 4040
f 4040 4033 4041
f 4040 4041 4042
f 4042 4041 4043
f 4042 4043 4044
f 4044 4043 4045
f 4044 4045 4046
f 4046 4045 4047
f 4046 4047 4048
f 4048 4047 4049
f 4049 4047 4050
f 4049 4050 4051
f 4051 4050 4052
f 4052 4050 4053
f 4052 4053 4054
f 4054 4053 4055
f 4054 4055 4056
f 4056 4055 4057
f 4057 4055 4058
f 4057 4058 4059
f 4059 4058 4060
f 4059 4060 4061
f 4061 4060 4062
f 4062 4060 4063
f 4062 4063 4064
f 4064 4063 4065
f 4064 4065 4066
f 4066 4065 4067
f 4067 4065 4068
f 4067 4068 4069
f 4069 4068 4070
f 4070 4068 4071
f 4070 4071 4072
f 4072 4071 4073
f 4072 4073 4074
f 4074 4073 4075
f 4074 4075 4076
f 4076 4075 4077
f 4076 4077 4078
f 4078 4077 4079
f 4078 4079 4080
f 4080 4079 4081
f 4081 4079 4082
f 4081 4082 4083
f 4083 4082 4084
f 4083 4084 1786
f 1786 4084 4085
f 1786 4085 1784
f 1796 4086 1803
f 1803 4086 4087
f 1803 4087 2391
f 4088 4089 1794
f 1794 4089 4090
f 1794 4090 1796
f 1796 4090 4091
f 1796 4091 4086
f 4088 1794 4092
f 4092 1794 1789
f 4092 1789 4093
f 4093 1789 4094
f 4094 1789 1781
f 4094 1781 4095
f 1784 4085 1781
f 1781 4085 4096
f 1781 4096 4095
f 4097 2167 2128
f 2130 4098 2128
f 2128 4098 4099
f 2128 4099 4097
f 2132 4100 2130
f 2130 4100 4101
f 2130 4101 4098
f 2134 4102 2132
f 2132 4102 4103
f 2132 4103 4100
f 2136 4104 2134
f 2134 4104 4105
f 2134 4105 4102
f 2138 4106 2136
f 2136 4106 4107
f 2136 4107 4104
f 2122 4108 2138
f 2138 4108 4109
f 2138 4109 4106
f 4110 2122 2118
f 2111 4111 2118
f 2118 4111 4112
f 2118 4112 4110
f 2105 4113 2111
f 2111 4113 4114
f 2111 4114 4111
f 2103 4115 2105
f 2105 4115 4116
f 2105 4116 4113
f 2116 4117 2103
f 2103 4117 4118
f 2103 4118 4115
f 2127 4119 2116
f 2116 4119 4120
f 2116 4120 4117
f 2155 4121 2127
f 2127 4121 4122
f 2127 4122 4119
f 4123 2155 2153
f 2149 4124 2153
f 2153 4124 4125
f 2153 4125 4123
f 2144 4126 2149
f 2149 4126 4127
f 2149 4127 4124
f 2142 4128 2144
f 2144 4128 4129
f 2144 4129 4126
f 2108 4130 2142
f 2142 4130 4131
f 2142 4131 4128
f 2205 4132 2108
f 2108 4132 4133
f 2108 4133 4130
f 2207 4134 2205
f 2205 4134 4135
f 2205 4135 4132
f 4136 2207 2209
f 2211 4137 2209
f 2209 4137 4138
f 2209 4138 4136
f 2213 4139 2211
f 2211 4139 4140
f 2211 4140 4137
f 2186 4141 2213
f 2213 4141 4142
f 2213 4142 4139
f 2188 4143 2186
f 2186 4143 4144
f 2186 4144 4141
f 2190 4145 2188
f 2188 4145 4146
f 2188 4146 4143
f 2192 4147 2190
f 2190 4147 4148
f 2190 4148 4145
f 4149 2192 2194
f 2196 4150 2194
f 2194 4150 4151
f 2194 4151 4149
f 2170 4152 2196
f 2196 4152 4153
f 2196 4153 4150
f 2172 4154 2170
f 2170 4154 4155
f 2170 4155 4152
f 2174 4156 2172
f 2172 4156 4157
f 2172 4157 4154
f 2176 4158 2174
f 2174 4158 4159
f 2174 4159 4156
f 2178 4160 2176
f 2176 4160 4161
f 2176 4161 4158
f 4162 2178 2180
f 2157 4163 2180
f 2180 4163 4164
f 2180 4164 4162
f 2159 4165 2157
f 2157 4165 4166
f 2157 4166 4163
f 2161 4167 2159
f 2159 4167 4168
f 2159 4168 4165
f 2163 4169 2161
f 2161 4169 4170
f 2161 4170 4167
f 2165 4171 2163
f 2163 4171 4172
f 2163 4172 4169
f 2167 4173 2165
f 2165 4173 4174
f 2165 4174 4171
f 4175 4176 4177
f 4177 4176 4178
f 4177 4178 4179
f 4179 4178 4180
f 4098 4101 4177
f 4101 4100 4177
f 4177 4100 4103
f 4177 4103 4175
f 4175 4103 4102
f 4175 4102 4105
f 2167 4097 4177
f 4177 4097 4099
f 4177 4099 4098
f 4105 4104 4175
f 4175 4104 4107
f 4175 4107 4106
f 4106 4109 4175
f 4175 4109 4108
f 4175 4108 2122
f 4111 4114 4175
f 4114 4113 4175
f 4175 4113 4116
f 4175 4116 4176
f 4176 4116 4115
f 4176 4115 4118
f 2122 4110 4175
f 4175 4110 4112
f 4175 4112 4111
f 4118 4117 4176
f 4176 4117 4120
f 4176 4120 4119
f 4119 4122 4176
f 4176 4122 4121
f 4176 4121 2155
f 4124 4127 4176
f 4127 4126 4176
f 4176 4126 4129
f 4176 4129 4178
f 4178 4129 4128
f 4178 4128 4131
f 2155 4123 4176
f 4176 4123 4125
f 4176 4125 4124
f 4131 4130 4178
f 4178 4130 4133
f 4178 4133 4132
f 4132 4135 4178
f 4178 4135 4134
f 4178 4134 2207
f 4137 4140 4178
f 4140 4139 4178
f 4178 4139 4142
f 4178 4142 4180
f 4180 4142 4141
f 4180 4141 4144
f 2207 4136 4178
f 4178 4136 4138
f 4178 4138 4137
f 4144 4143 4180
f 4180 4143 4146
f 4180 4146 4145
f 4145 4148 4180
f 4180 4148 4147
f 4180 4147 2192
f 4157 4179 4154
f 4154 4179 4180
f 4154 4180 4155
f 4157 4156 4179
f 4179 4156 4159
f 4179 4159 4158
f 4150 4153 4180
f 4180 4153 4152
f 4180 4152 4155
f 4158 4161 4179
f 4179 4161 4160
f 4179 4160 2178
f 2192 4149 4180
f 4180 4149 4151
f 4180 4151 4150
f 4163 4166 4179
f 4166 4165 4179
f 4179 4165 4168
f 4179 4168 4177
f 4177 4168 4167
f 4177 4167 4170
f 2178 4162 4179
f 4179 4162 4164
f 4179 4164 4163
f 4170 4169 4177
f 4177 4169 4172
f 4177 4172 4171
f 4171 4174 4177
f 4177 4174 4173
f 4177 4173 2167
f 4181 4182 4183
f 4184 4185 4186
f 4187 2147 2152
f 4188 1873 4189
f 4189 1873 1877
f 4189 1877 4190
f 4190 1877 1876
f 4190 1876 4191
f 4191 1876 1880
f 4191 1880 4192
f 4192 1880 1879
f 4192 1879 4193
f 4188 4194 1873
f 1873 4194 4195
f 1873 4195 1874
f 1874 4195 4196
f 1874 4196 1871
f 4196 4197 1871
f 1871 4197 4198
f 1871 4198 1869
f 1869 4198 4199
f 1869 4199 1868
f 1868 4199 4200
f 4200 4201 1868
f 1868 4201 4202
f 1868 4202 1866
f 1866 4202 4203
f 1866 4203 1864
f 1864 4203 1862
f 4204 4205 2184
f 2184 4205 2185
f 2185 4205 4206
f 2185 4206 2156
f 2156 4206 4207
f 2156 4207 2154
f 2154 4207 4208
f 2154 4208 2152
f 2152 4208 4209
f 2152 4209 4187
f 4204 2184 4210
f 4210 2184 2183
f 4210 2183 4211
f 4211 2183 2126
f 4211 2126 4212
f 4212 2126 2125
f 4212 2125 4213
f 4213 2125 2115
f 4213 2115 4214
f 4214 2115 2114
f 4214 2114 4215
f 4215 2114 2102
f 4215 2102 4216
f 4216 2102 2104
f 4216 2104 4217
f 4217 2104 4218
f 4217 4218 4219
f 4219 4218 4220
f 4219 4220 4221
f 4221 4220 4222
f 4222 4220 4223
f 4222 4223 4224
f 4223 4225 4224
f 4224 4225 4226
f 4224 4226 4227
f 4227 4226 4228
f 4227 4228 4229
f 4229 4228 4230
f 4229 4230 4231
f 4230 4232 4231
f 4231 4232 4233
f 4231 4233 4234
f 4233 4235 4234
f 4234 4235 4236
f 4234 4236 4237
f 4237 4236 4238
f 4237 4238 4239
f 4239 4238 4240
f 4239 4240 4241
f 4241 4240 4242
f 4241 4242 4243
f 4243 4242 4244
f 4243 4244 4245
f 4245 4244 4246
f 4245 4246 4247
f 4247 4246 4248
f 4247 4248 4249
f 4248 4250 4249
f 4249 4250 4251
f 4249 4251 4252
f 4252 4251 4253
f 4252 4253 4254
f 4254 4253 4255
f 4254 4255 4256
f 4256 4255 4257
f 4256 4257 4258
f 4257 4259 4258
f 4258 4259 4260
f 4258 4260 4261
f 4261 4260 4262
f 4261 4262 4263
f 4263 4262 4264
f 4263 4264 4265
f 4264 4266 4265
f 4265 4266 4267
f 4265 4267 4268
f 4267 4269 4268
f 4268 4269 4270
f 4268 4270 4271
f 4271 4270 4272
f 4272 4270 4273
f 4272 4273 4274
f 4274 4273 4275
f 4274 4275 4276
f 4276 4275 4277
f 4277 4275 4278
f 4277 4278 4279
f 4278 4280 4279
f 4279 4280 4281
f 4279 4281 4282
f 4281 4283 4282
f 4282 4283 4284
f 4282 4284 4285
f 4285 4284 4286
f 4285 4286 4287
f 4287 4286 4288
f 4287 4288 4289
f 4289 4288 4290
f 4289 4290 4291
f 4291 4290 4292
f 4291 4292 4293
f 4292 4294 4293
f 4293 4294 4295
f 4293 4295 4296
f 4296 4295 4297
f 4296 4297 4298
f 4298 4297 4299
f 4298 4299 4300
f 4299 4301 4300
f 4300 4301 4302
f 4300 4302 4303
f 4303 4302 4304
f 4303 4304 4305
f 4305 4304 4306
f 4307 4308 4309
f 4309 4308 4310
f 4309 4310 4311
f 4311 4310 4312
f 4311 4312 4313
f 4313 4312 4314
f 4313 4314 4315
f 4315 4314 4305
f 4315 4305 4316
f 4316 4305 4306
f 4317 4318 4307
f 4307 4318 4319
f 4307 4319 4308
f 4317 4320 4318
f 4318 4320 4321
f 4318 4321 4322
f 4321 4323 4322
f 4322 4323 4324
f 4322 4324 4325
f 4325 4324 4326
f 4325 4326 4327
f 4327 4326 4328
f 4327 4328 4329
f 4328 4330 4329
f 4329 4330 4331
f 4329 4331 4332
f 4332 4331 4333
f 4332 4333 4334
f 4334 4333 4335
f 4335 4336 4334
f 4334 4336 4337
f 4334 4337 4338
f 4338 4337 4339
f 4338 4339 4340
f 4340 4339 4341
f 4340 4341 4342
f 4342 4341 4343
f 4342 4343 4344
f 4345 4346 4347
f 4343 4348 4344
f 4344 4348 4349
f 4344 4349 4350
f 4350 4349 4351
f 4350 4351 4352
f 4352 4351 4353
f 4352 4353 4354
f 4354 4353 4355
f 4354 4355 4346
f 4346 4355 4356
f 4346 4356 4347
f 4347 4357 4345
f 4345 4357 4358
f 4345 4358 4359
f 4359 4358 4360
f 4359 4360 4361
f 4362 4363 4364
f 4364 4363 4365
f 4360 4366 4361
f 4361 4366 4367
f 4361 4367 4368
f 4368 4367 4369
f 4368 4369 4370
f 4370 4369 4371
f 4370 4371 4372
f 4372 4371 4373
f 4372 4373 4365
f 4365 4373 4374
f 4365 4374 4364
f 4362 4375 4363
f 4363 4375 4376
f 4363 4376 4377
f 4377 4376 4378
f 4377 4378 4379
f 4379 4378 4380
f 4379 4380 4381
f 4381 4380 4382
f 4381 4382 4383
f 4382 4384 4383
f 4383 4384 4385
f 4385 4384 4386
f 4385 4386 4387
f 4387 4386 4388
f 4387 4388 4389
f 4389 4388 4390
f 4389 4390 4391
f 4391 4390 4392
f 4390 4393 4392
f 4392 4393 4394
f 4392 4394 4395
f 4396 4397 4398
f 4394 4399 4395
f 4395 4399 4400
f 4395 4400 4401
f 4401 4400 4402
f 4401 4402 4403
f 4403 4402 4404
f 4403 4404 4405
f 4405 4404 4406
f 4405 4406 4397
f 4397 4406 4407
f 4397 4407 4398
f 4398 4408 4396
f 4396 4408 4409
f 4396 4409 4410
f 4410 4409 4411
f 4410 4411 4412
f 4412 4411 4413
f 4412 4413 4414
f 4414 4413 4415
f 4414 4415 4416
f 4416 4415 4417
f 4416 4417 4418
f 4417 4419 4418
f 4418 4419 4420
f 4418 4420 4421
f 4421 4420 4422
f 4421 4422 4423
f 4422 4424 4423
f 4423 4424 4425
f 4423 4425 4426
f 4426 4425 4427
f 4426 4427 4428
f 4428 4427 4429
f 4428 4429 4430
f 4429 4431 4430
f 4430 4431 4432
f 4430 4432 4433
f 4433 4432 4434
f 4433 4434 4435
f 4434 4436 4435
f 4435 4436 4437
f 4435 4437 4438
f 4438 4437 4439
f 4438 4439 4440
f 4439 4441 4440
f 4440 4441 4442
f 4440 4442 4443
f 4443 4442 4444
f 4443 4444 4445
f 4444 4446 4445
f 4445 4446 4447
f 4445 4447 4448
f 4447 4449 4448
f 4448 4449 4450
f 4448 4450 4451
f 4451 4450 4452
f 4451 4452 4453
f 4453 4452 4454
f 4453 4454 4455
f 4454 4456 4455
f 4455 4456 4457
f 4455 4457 4458
f 4457 4459 4458
f 4458 4459 4460
f 4458 4460 4461
f 4461 4460 4462
f 4461 4462 4463
f 4463 4462 4464
f 4463 4464 4465
f 4465 4464 4466
f 4465 4466 4467
f 4466 4468 4467
f 4467 4468 4469
f 4467 4469 4470
f 4470 4469 4471
f 4471 4472 4470
f 4470 4472 4473
f 4470 4473 4474
f 4474 4473 4475
f 4474 4475 4476
f 4476 4475 4477
f 4477 4475 4478
f 4477 4478 4479
f 4478 4480 4479
f 4479 4480 4481
f 4479 4481 4482
f 4481 4483 4482
f 4482 4483 4484
f 4482 4484 4485
f 4484 4486 4485
f 4485 4486 4487
f 4485 4487 4488
f 4488 4487 4489
f 4488 4489 4490
f 4490 4489 4491
f 4490 4491 4492
f 4491 4493 4492
f 4492 4493 4494
f 4492 4494 4495
f 4495 4494 4496
f 4495 4496 4497
f 4497 4496 4498
f 4497 4498 4499
f 4499 4498 4500
f 4499 4500 4501
f 4502 4503 4504
f 4501 4500 4504
f 4504 4500 4505
f 4504 4505 4502
f 4503 4502 4506
f 4506 4502 4507
f 4506 4507 4508
f 4508 4507 4509
f 4509 4507 4510
f 4509 4510 4511
f 4510 4512 4511
f 4511 4512 4513
f 4511 4513 4514
f 4514 4513 4515
f 4514 4515 4516
f 4517 4518 4519
f 4515 4520 4516
f 4516 4520 4517
f 4516 4517 4521
f 4521 4517 4519
f 4518 4522 4519
f 4519 4522 4523
f 4519 4523 4524
f 4525 4526 4527
f 4527 4526 4528
f 4527 4528 4529
f 4523 4530 4524
f 4524 4530 4531
f 4524 4531 4532
f 4532 4531 4533
f 4532 4533 4534
f 4534 4533 4535
f 4534 4535 4536
f 4536 4535 4537
f 4536 4537 4525
f 4525 4537 4538
f 4525 4538 4526
f 4528 4539 4529
f 4529 4539 4540
f 4529 4540 4541
f 4541 4540 4542
f 4541 4542 4543
f 4543 4542 4544
f 4543 4544 4545
f 4544 4546 4545
f 4545 4546 4547
f 4545 4547 4548
f 4548 4547 4549
f 4548 4549 4550
f 4550 4549 4551
f 4550 4551 4552
f 4552 4551 4553
f 4552 4553 4554
f 4554 4553 4555
f 4554 4555 4556
f 4555 4557 4556
f 4556 4557 4558
f 4558 4557 4559
f 4558 4559 4560
f 4559 4561 4560
f 4560 4561 4562
f 4560 4562 4563
f 4563 4562 4564
f 4563 4564 4565
f 4564 4566 4565
f 4565 4566 4567
f 4565 4567 4568
f 4567 4569 4568
f 4568 4569 4570
f 4568 4570 4571
f 4571 4570 4572
f 4571 4572 4573
f 4573 4572 4574
f 4573 4574 4575
f 4574 4576 4575
f 4575 4576 4577
f 4575 4577 4578
f 4577 4579 4578
f 4578 4579 4580
f 4578 4580 4581
f 4581 4580 4582
f 4581 4582 4583
f 4583 4582 4584
f 4583 4584 4585
f 4584 4586 4585
f 4585 4586 4587
f 4585 4587 4588
f 4588 4587 4589
f 4588 4589 4590
f 4589 4591 4590
f 4590 4591 4592
f 4590 4592 4593
f 4593 4592 4594
f 4592 4595 4594
f 4594 4595 4596
f 4594 4596 4597
f 4597 4596 4598
f 4597 4598 4599
f 4598 4600 4599
f 4599 4600 4601
f 4599 4601 4602
f 4602 4601 4603
f 4602 4603 4604
f 4604 4603 4605
f 4604 4605 4606
f 4606 4605 4607
f 4606 4607 4608
f 4608 4607 4609
f 4608 4609 4610
f 4609 4611 4610
f 4610 4611 4612
f 4610 4612 4613
f 4612 4614 4613
f 4613 4614 4615
f 4613 4615 4616
f 4616 4615 4617
f 4616 4617 4618
f 4618 4617 4619
f 4618 4619 4620
f 4621 4622 4623
f 4623 4622 4624
f 4623 4624 4625
f 4619 4626 4620
f 4620 4626 4627
f 4620 4627 4621
f 4621 4627 4628
f 4621 4628 4622
f 4629 4630 4631
f 4625 4624 4631
f 4631 4624 4632
f 4631 4632 4629
f 4629 4633 4630
f 4630 4633 4634
f 4630 4634 4635
f 4635 4634 4636
f 4635 4636 4637
f 4637 4636 4638
f 4637 4638 4639
f 4639 4638 4640
f 4639 4640 4641
f 4641 4640 4642
f 4641 4642 4643
f 4643 4642 4644
f 4643 4644 4645
f 4644 4646 4645
f 4645 4646 4647
f 4645 4647 4648
f 4648 4647 4649
f 4648 4649 4650
f 4649 4651 4650
f 4650 4651 4652
f 4650 4652 4653
f 4653 4652 4654
f 4653 4654 4655
f 4654 4656 4655
f 4655 4656 4657
f 4655 4657 4658
f 4657 4659 4658
f 4658 4659 4660
f 4658 4660 4661
f 4661 4660 4662
f 4661 4662 4663
f 4663 4662 4664
f 4663 4664 4665
f 4664 4666 4665
f 4665 4666 4667
f 4665 4667 4668
f 4667 4669 4668
f 4668 4669 4670
f 4668 4670 4671
f 4671 4670 4672
f 4671 4672 4673
f 4673 4672 4674
f 4673 4674 4675
f 4674 4676 4675
f 4675 4676 4677
f 4675 4677 4678
f 4678 4677 4679
f 4678 4679 4680
f 4680 4679 4681
f 4681 4682 4680
f 4680 4682 4683
f 4680 4683 4684
f 4684 4683 4685
f 4684 4685 4686
f 4686 4685 4687
f 4687 4685 4688
f 4687 4688 4689
f 4689 4688 4690
f 4689 4690 4691
f 4691 4690 4692
f 4691 4692 4693
f 4692 4694 4693
f 4693 4694 4695
f 4693 4695 4696
f 4696 4695 4697
f 4696 4697 4698
f 4698 4697 4699
f 4697 4700 4699
f 4699 4700 4701
f 4699 4701 4702
f 4701 4703 4702
f 4702 4703 4704
f 4702 4704 4705
f 4705 4704 4706
f 4705 4706 4707
f 4707 4706 4708
f 4707 4708 4709
f 4709 4708 4710
f 4709 4710 4711
f 4710 4712 4711
f 4711 4712 4713
f 4711 4713 4714
f 4714 4713 4715
f 4714 4715 4716
f 4716 4715 4717
f 4716 4717 4718
f 4718 4717 4719
f 4718 4719 4720
f 4720 4719 4721
f 4720 4721 4722
f 4722 4721 4723
f 4722 4723 4724
f 4724 4723 4725
f 4725 4723 4726
f 4725 4726 4727
f 4726 4728 4727
f 4727 4728 4729
f 4729 4728 4730
f 4729 4730 4731
f 4730 4732 4731
f 4731 4732 4733
f 4731 4733 4734
f 4734 4733 4735
f 4734 4735 4736
f 4736 4735 4737
f 4735 4738 4737
f 4737 4738 4739
f 4737 4739 4740
f 4740 4739 4741
f 4740 4741 4742
f 4741 4743 4742
f 4742 4743 4744
f 4742 4744 4745
f 4745 4744 4746
f 4745 4746 4747
f 4747 4746 4748
f 4747 4748 4749
f 4748 4750 4749
f 4749 4750 4751
f 4749 4751 4752
f 4752 4751 4753
f 4752 4753 4754
f 4754 4753 4755
f 4754 4755 4756
f 4756 4755 4757
f 4756 4757 4758
f 4757 4759 4758
f 4758 4759 4760
f 4758 4760 4761
f 4760 4762 4761
f 4761 4762 4763
f 4761 4763 4764
f 4764 4763 4765
f 4764 4765 4766
f 4766 4765 4767
f 4766 4767 4768
f 4768 4767 4769
f 4767 4770 4769
f 4769 4770 4771
f 4769 4771 4772
f 4772 4771 4773
f 4772 4773 4774
f 4773 4775 4774
f 4774 4775 4776
f 4774 4776 4777
f 4777 4776 4778
f 4777 4778 4779
f 4778 4780 4779
f 4779 4780 4781
f 4779 4781 4782
f 4782 4781 4783
f 4782 4783 4784
f 4783 4785 4784
f 4784 4785 4786
f 4784 4786 4787
f 4787 4786 4788
f 4787 4788 4789
f 4788 4790 4789
f 4789 4790 4791
f 4789 4791 4792
f 4791 4793 4792
f 4792 4793 4794
f 4792 4794 4795
f 4795 4794 4796
f 4796 4794 4797
f 4796 4797 4798
f 4798 4797 4799
f 4798 4799 4800
f 4800 4799 4801
f 4800 4801 4802
f 4801 4803 4802
f 4802 4803 4804
f 4802 4804 4805
f 4804 4806 4805
f 4805 4806 4807
f 4805 4807 4808
f 4808 4807 4809
f 4808 4809 4810
f 4810 4809 4811
f 4810 4811 4812
f 4811 4813 4812
f 4812 4813 4814
f 4812 4814 4815
f 4815 4814 4816
f 4815 4816 4817
f 4817 4816 4818
f 4817 4818 4819
f 4819 4818 4820
f 4819 4820 4821
f 4821 4820 4822
f 4821 4822 4823
f 4822 4824 4823
f 4823 4824 4825
f 4823 4825 4826
f 4826 4825 4827
f 4826 4827 4828
f 4829 4830 4831
f 4827 4832 4828
f 4828 4832 4833
f 4828 4833 4834
f 4834 4833 4835
f 4834 4835 4836
f 4836 4835 4837
f 4836 4837 4838
f 4838 4837 4839
f 4838 4839 4831
f 4831 4839 4840
f 4831 4840 4829
f 4829 4841 4830
f 4830 4841 4842
f 4830 4842 4843
f 4843 4842 4844
f 4843 4844 4845
f 4844 4846 4845
f 4845 4846 4847
f 4845 4847 4848
f 4848 4847 4849
f 4848 4849 4850
f 4849 4851 4850
f 4850 4851 4852
f 4850 4852 4853
f 4853 4852 4854
f 4853 4854 4855
f 4855 4854 4856
f 4855 4856 4857
f 4856 4858 4857
f 4857 4858 4859
f 4857 4859 4860
f 4860 4859 4861
f 4860 4861 4862
f 4861 4863 4862
f 4862 4863 4864
f 4862 4864 4865
f 4865 4864 4866
f 4865 4866 4867
f 4867 4866 4868
f 4867 4868 4869
f 4869 4868 4870
f 4870 4868 4871
f 4870 4871 4872
f 4871 4873 4872
f 4872 4873 4874
f 4874 4873 4875
f 4874 4875 4876
f 4875 4877 4876
f 4876 4877 4878
f 4876 4878 4879
f 4879 4878 4880
f 4879 4880 4881
f 4880 4882 4881
f 4881 4882 4883
f 4881 4883 4884
f 4885 4886 4887
f 4883 4888 4884
f 4884 4888 4889
f 4884 4889 4890
f 4890 4889 4891
f 4890 4891 4892
f 4892 4891 4893
f 4892 4893 4894
f 4894 4893 4895
f 4894 4895 4886
f 4886 4895 4896
f 4886 4896 4887
f 4887 4897 4885
f 4885 4897 4898
f 4885 4898 4899
f 4899 4898 4900
f 4899 4900 4901
f 4900 4902 4901
f 4901 4902 4903
f 4901 4903 4904
f 4904 4903 4905
f 4904 4905 4906
f 4905 4907 4906
f 4906 4907 4908
f 4906 4908 4909
f 4909 4908 4910
f 4908 4911 4910
f 4910 4911 4912
f 4910 4912 4913
f 4912 4914 4913
f 4913 4914 4915
f 4913 4915 4916
f 4916 4915 4917
f 4916 4917 4918
f 4918 4917 4919
f 4918 4919 4920
f 4920 4919 4921
f 4920 4921 4922
f 4921 4923 4922
f 4922 4923 4924
f 4922 4924 4925
f 4924 4926 4925
f 4925 4926 4927
f 4925 4927 4928
f 4928 4927 4929
f 4928 4929 4930
f 4930 4929 4931
f 4930 4931 4932
f 4932 4931 4933
f 4932 4933 4934
f 4934 4933 4935
f 4934 4935 4936
f 4935 4937 4936
f 4936 4937 4938
f 4936 4938 4939
f 4939 4938 4940
f 4939 4940 4941
f 4941 4940 4942
f 4941 4942 4943
f 4943 4942 4944
f 4943 4944 4945
f 4945 4944 4946
f 4944 4947 4946
f 4946 4947 4948
f 4946 4948 4949
f 4949 4948 4950
f 4949 4950 4951
f 4952 4953 4954
f 4950 4955 4951
f 4951 4955 4952
f 4951 4952 4956
f 4956 4952 4954
f 4953 4957 4954
f 4954 4957 4958
f 4954 4958 4959
f 4960 4961 4962
f 4962 4961 4963
f 4958 4964 4959
f 4959 4964 4965
f 4959 4965 4966
f 4966 4965 4967
f 4966 4967 4968
f 4968 4967 4969
f 4968 4969 4970
f 4970 4969 4971
f 4970 4971 4963
f 4963 4971 4972
f 4963 4972 4962
f 4960 4973 4961
f 4961 4973 4974
f 4961 4974 4975
f 4975 4974 4976
f 4975 4976 4977
f 4977 4976 4978
f 4977 4978 4979
f 4978 4980 4979
f 4979 4980 4981
f 4979 4981 4982
f 4982 4981 4983
f 4982 4983 4984
f 4984 4983 4985
f 4984 4985 4986
f 4985 4987 4986
f 4986 4987 4988
f 4986 4988 4989
f 4989 4988 4990
f 4989 4990 4991
f 4990 4992 4991
f 4991 4992 4993
f 4991 4993 4994
f 4994 4993 4995
f 4994 4995 4996
f 4996 4995 4997
f 4996 4997 4998
f 4998 4997 4999
f 4998 4999 5000
f 4999 5001 5000
f 5000 5001 5002
f 5002 5001 5003
f 5002 5003 5004
f 5004 5003 5005
f 5004 5005 5006
f 5006 5005 5007
f 5006 5007 5008
f 5008 5007 5009
f 5008 5009 5010
f 5009 5011 5010
f 5010 5011 5012
f 5010 5012 5013
f 5014 5015 5016
f 5012 5017 5013
f 5013 5017 5018
f 5013 5018 5019
f 5019 5018 5020
f 5019 5020 5021
f 5021 5020 5022
f 5021 5022 5023
f 5023 5022 5024
f 5023 5024 5025
f 5025 5024 5026
f 5025 5026 5016
f 5016 5026 5027
f 5016 5027 5014
f 5014 5028 5015
f 5015 5028 5029
f 5015 5029 5030
f 5029 5031 5030
f 5030 5031 5032
f 5030 5032 5033
f 5033 5032 5034
f 5033 5034 5035
f 5035 5034 5036
f 5035 5036 5037
f 5037 5036 5038
f 5037 5038 5039
f 5039 5038 5040
f 5039 5040 5041
f 5041 5040 5042
f 5041 5042 5043
f 5042 5044 5043
f 5043 5044 5045
f 5045 5044 5046
f 5045 5046 5047
f 5047 5046 5048
f 5047 5048 5049
f 5049 5048 5050
f 5049 5050 5051
f 5050 5052 5051
f 5051 5052 5053
f 5051 5053 5054
f 5055 5056 5057
f 5053 5058 5054
f 5054 5058 5059
f 5054 5059 5060
f 5060 5059 5061
f 5060 5061 5062
f 5062 5061 5063
f 5062 5063 5064
f 5064 5063 5065
f 5064 5065 5056
f 5056 5065 5066
f 5056 5066 5057
f 5057 5067 5055
f 5055 5067 5068
f 5055 5068 5069
f 5069 5068 5070
f 5069 5070 5071
f 5071 5070 5072
f 5071 5072 5073
f 5073 5072 5074
f 5073 5074 5075
f 5074 5076 5075
f 5075 5076 5077
f 5075 5077 5078
f 5078 5077 5079
f 5078 5079 5080
f 5079 5081 5080
f 5080 5081 5082
f 5080 5082 5083
f 5083 5082 5084
f 5084 5082 5085
f 5084 5085 5086
f 5085 5087 5086
f 5086 5087 5088
f 5086 5088 5089
f 5088 5090 5089
f 5089 5090 5091
f 5089 5091 5092
f 5092 5091 5093
f 5092 5093 5094
f 5094 5093 5095
f 5094 5095 5096
f 5095 5097 5096
f 5096 5097 5098
f 5096 5098 5099
f 5098 5100 5099
f 5099 5100 5101
f 5099 5101 5102
f 5102 5101 5103
f 5102 5103 5104
f 5104 5103 5105
f 5104 5105 5106
f 5105 5107 5106
f 5106 5107 5108
f 5106 5108 5109
f 5108 5110 5109
f 5109 5110 5111
f 5109 5111 5112
f 5112 5111 5113
f 5112 5113 5114
f 5114 5113 5115
f 5114 5115 5116
f 5116 5115 5117
f 5116 5117 5118
f 5118 5117 5119
f 5118 5119 5120
f 5120 5119 5121
f 5120 5121 5122
f 5122 5121 5123
f 5122 5123 5124
f 5124 5123 5125
f 5124 5125 5126
f 5125 5127 5126
f 5126 5127 5128
f 5126 5128 5129
f 5129 5128 5130
f 5129 5130 5131
f 5130 5132 5131
f 5131 5132 5133
f 5131 5133 5134
f 5134 5133 5135
f 5134 5135 5136
f 5136 5135 5137
f 5136 5137 5138
f 5138 5137 5139
f 5138 5139 5140
f 5140 5139 5141
f 5140 5141 5142
f 5141 5143 5142
f 5142 5143 5144
f 5142 5144 5145
f 5144 5146 5145
f 5145 5146 5147
f 5145 5147 5148
f 5148 5147 5149
f 5148 5149 5150
f 5150 5149 5151
f 5150 5151 5152
f 5152 5151 5153
f 5152 5153 5154
f 5154 5153 5155
f 5154 5155 5156
f 5155 5157 5156
f 5156 5157 5158
f 5156 5158 5159
f 5159 5158 5160
f 5159 5160 5161
f 5161 5160 5162
f 5161 5162 5163
f 5163 5162 5164
f 5163 5164 5165
f 5165 5164 5166
f 5165 5166 5167
f 5167 5166 5168
f 5167 5168 5169
f 5168 5170 5169
f 5169 5170 5171
f 5169 5171 5172
f 5172 5171 5173
f 5172 5173 5174
f 5174 5173 5175
f 5174 5175 5176
f 5176 5175 5177
f 5176 5177 5178
f 5177 5179 5178
f 5178 5179 5180
f 5178 5180 5181
f 5181 5180 5182
f 5181 5182 5183
f 5182 5184 5183
f 5183 5184 5185
f 5183 5185 5186
f 5186 5185 5187
f 5186 5187 5188
f 5188 5187 5189
f 5188 5189 5190
f 5190 5189 5191
f 5190 5191 5192
f 5192 5191 5193
f 5192 5193 5194
f 5194 5193 5195
f 5194 5195 5196
f 5196 5195 5197
f 5196 5197 5198
f 5198 5197 5199
f 5198 5199 5200
f 5199 5201 5200
f 5200 5201 5202
f 5200 5202 5203
f 5203 5202 5204
f 5203 5204 5205
f 5205 5204 5206
f 5205 5206 5207
f 5207 5206 5208
f 5207 5208 5209
f 5208 5210 5209
f 5209 5210 5211
f 5209 5211 5212
f 5212 5211 5213
f 5212 5213 5214
f 5215 5216 5217
f 5217 5216 5218
f 5217 5218 5219
f 5219 5218 5214
f 5219 5214 5220
f 5220 5214 5213
f 4186 4185 5221
f 5221 4185 5222
f 5221 5222 5223
f 5223 5222 5224
f 5223 5224 5225
f 5225 5224 5226
f 5225 5226 5227
f 5227 5226 5228
f 5227 5228 5229
f 5229 5228 5230
f 5229 5230 5215
f 5215 5230 5231
f 5215 5231 5216
f 4186 5232 4184
f 4184 5232 5233
f 4184 5233 5234
f 5234 5233 5235
f 5234 5235 5236
f 5236 5235 5237
f 5236 5237 5238
f 5238 5237 5239
f 5238 5239 5240
f 5239 5241 5240
f 5240 5241 5242
f 5240 5242 5243
f 5242 5244 5243
f 5243 5244 5245
f 5243 5245 5246
f 5246 5245 5247
f 5246 5247 5248
f 5248 5247 5249
f 5248 5249 5250
f 5250 5249 5251
f 5250 5251 5252
f 5252 5251 5253
f 5252 5253 5254
f 5253 5255 5254
f 5254 5255 5256
f 5254 5256 5257
f 5257 5256 5258
f 5257 5258 5259
f 5258 5260 5259
f 5259 5260 5261
f 5259 5261 5262
f 5262 5261 5263
f 5262 5263 5264
f 5263 5265 5264
f 5264 5265 5266
f 5264 5266 5267
f 5267 5266 5268
f 5267 5268 5269
f 5269 5268 5270
f 5269 5270 5271
f 5271 5270 5272
f 5271 5272 5273
f 5273 5272 5274
f 5273 5274 5275
f 5274 5276 5275
f 5275 5276 5277
f 5275 5277 5278
f 5279 5280 5281
f 5281 5280 5282
f 5277 5283 5278
f 5278 5283 5284
f 5278 5284 5285
f 5285 5284 5282
f 5285 5282 5286
f 5286 5282 5280
f 5281 5287 5279
f 5279 5287 5288
f 5279 5288 5289
f 5288 5290 5289
f 5289 5290 5291
f 5289 5291 5292
f 5292 5291 5293
f 5292 5293 5294
f 5294 5293 5295
f 5296 5297 5298
f 5293 5299 5295
f 5295 5299 5296
f 5295 5296 5300
f 5300 5296 5298
f 5297 5301 5298
f 5298 5301 5302
f 5298 5302 5303
f 5302 5304 5303
f 5303 5304 5305
f 5303 5305 5306
f 5306 5305 5307
f 5306 5307 5308
f 5308 5307 5309
f 5308 5309 5310
f 5309 5311 5310
f 5310 5311 5312
f 5310 5312 5313
f 5313 5312 5314
f 5313 5314 5315
f 5315 5314 5316
f 5317 5318 5319
f 5319 5318 5320
f 5316 5321 5315
f 5315 5321 5322
f 5315 5322 5323
f 5323 5322 5324
f 5323 5324 5325
f 5325 5324 5326
f 5325 5326 5320
f 5320 5326 5327
f 5320 5327 5319
f 5328 5329 5317
f 5317 5329 5330
f 5317 5330 5318
f 5328 5331 5329
f 5329 5331 5332
f 5329 5332 5333
f 5332 5334 5333
f 5333 5334 5335
f 5333 5335 5336
f 5336 5335 5337
f 5336 5337 5338
f 5338 5337 5339
f 5338 5339 5340
f 5340 5339 5341
f 5340 5341 5342
f 5342 5341 5343
f 5342 5343 5344
f 5343 5345 5344
f 5344 5345 5346
f 5346 5345 5347
f 5346 5347 5348
f 5347 5349 5348
f 5348 5349 5350
f 5348 5350 5351
f 5351 5350 5352
f 5351 5352 5353
f 5352 5354 5353
f 5353 5354 5355
f 5353 5355 5356
f 5356 5355 5357
f 5356 5357 5358
f 5358 5357 5359
f 5358 5359 5360
f 5361 5362 5360
f 5360 5362 5363
f 5360 5363 5358
f 5361 5364 5362
f 5362 5364 5365
f 5362 5365 5366
f 5367 5368 5369
f 5365 5370 5366
f 5366 5370 5371
f 5366 5371 5372
f 5372 5371 5373
f 5372 5373 5374
f 5374 5373 5375
f 5374 5375 5376
f 5376 5375 5377
f 5376 5377 5368
f 5368 5377 5378
f 5368 5378 5369
f 5369 5379 5367
f 5367 5379 5380
f 5367 5380 5381
f 5381 5380 5382
f 5381 5382 5383
f 5382 5384 5383
f 5383 5384 5385
f 5383 5385 5386
f 5386 5385 5387
f 5386 5387 5388
f 5387 5389 5388
f 5388 5389 5390
f 5388 5390 5391
f 5391 5390 5392
f 5391 5392 5393
f 5393 5392 5394
f 5393 5394 5395
f 5395 5394 5396
f 5395 5396 5397
f 5397 5396 5398
f 5397 5398 5399
f 5398 5400 5399
f 5399 5400 5401
f 5399 5401 5402
f 5401 5403 5402
f 5402 5403 5404
f 5402 5404 5405
f 5404 5406 5405
f 5405 5406 5407
f 5405 5407 5408
f 5408 5407 5409
f 5408 5409 5410
f 5410 5409 5411
f 5410 5411 5412
f 5411 5413 5412
f 5412 5413 5414
f 5412 5414 5415
f 5415 5414 5416
f 5415 5416 5417
f 5417 5416 5418
f 5417 5418 5419
f 5419 5418 5420
f 5419 5420 5421
f 5420 5422 5421
f 5421 5422 5423
f 5421 5423 5424
f 5423 5425 5424
f 5424 5425 5426
f 5424 5426 5427
f 5427 5426 5428
f 5427 5428 5429
f 5429 5428 5430
f 5430 5428 5431
f 5430 5431 5432
f 5431 5433 5432
f 5432 5433 5434
f 5432 5434 5435
f 5435 5434 5436
f 5435 5436 5437
f 5436 5438 5437
f 5437 5438 5439
f 5437 5439 5440
f 5440 5439 5441
f 5440 5441 5442
f 5442 5441 5443
f 5442 5443 5444
f 5443 5445 5444
f 5444 5445 5446
f 5444 5446 5447
f 5447 5446 5448
f 5447 5448 5449
f 5449 5448 5450
f 5449 5450 5451
f 5451 5450 5452
f 5451 5452 5453
f 5452 5454 5453
f 5453 5454 5455
f 5453 5455 5456
f 5455 5457 5456
f 5456 5457 5458
f 5456 5458 5459
f 5459 5458 5460
f 5459 5460 5461
f 5461 5460 5462
f 5461 5462 5463
f 5463 5462 5464
f 5463 5464 5465
f 5465 5464 5466
f 5465 5466 5467
f 5466 5468 5467
f 5467 5468 5469
f 5467 5469 5470
f 5470 5469 5471
f 5470 5471 5472
f 5472 5471 5473
f 5472 5473 5474
f 5474 5473 5475
f 5474 5475 5476
f 5476 5475 5477
f 5476 5477 5478
f 5477 5479 5478
f 5478 5479 5480
f 5478 5480 5481
f 5481 5480 5482
f 5482 5480 5483
f 5482 5483 5484
f 5483 5485 5484
f 5484 5485 5486
f 5484 5486 5487
f 5487 5486 5488
f 5487 5488 5489
f 5489 5488 5490
f 5489 5490 5491
f 5492 5493 5494
f 5494 5493 5495
f 5490 5496 5491
f 5491 5496 5497
f 5491 5497 5498
f 5498 5497 5499
f 5498 5499 5500
f 5500 5499 5501
f 5500 5501 5495
f 5495 5501 5502
f 5495 5502 5494
f 5492 5503 5493
f 5493 5503 5504
f 5493 5504 5505
f 5505 5504 5506
f 5505 5506 5507
f 5507 5506 5508
f 5508 5506 5509
f 5508 5509 5510
f 5509 5511 5510
f 5510 5511 5512
f 5511 5513 5512
f 5512 5513 5514
f 5512 5514 5515
f 5515 5514 5516
f 5515 5516 5517
f 5517 5516 5518
f 5517 5518 5519
f 5518 5520 5519
f 5519 5520 5521
f 5519 5521 5522
f 5521 5523 5522
f 5522 5523 5524
f 5522 5524 5525
f 5524 5526 5525
f 5525 5526 5527
f 5525 5527 5528
f 5528 5527 5529
f 5528 5529 5530
f 5529 5531 5530
f 5530 5531 5532
f 5530 5532 5533
f 5533 5532 5534
f 5533 5534 5535
f 5535 5534 5536
f 5535 5536 5537
f 5537 5536 5538
f 5537 5538 5539
f 5538 5540 5539
f 5539 5540 5541
f 5539 5541 5542
f 5542 5541 5543
f 5543 5541 5544
f 5543 5544 5545
f 5545 5544 5546
f 5545 5546 5547
f 5547 5546 5548
f 5547 5548 5549
f 5549 5548 5550
f 5549 5550 5551
f 5551 5550 5552
f 5551 5552 5553
f 5552 5554 5553
f 5553 5554 5555
f 5553 5555 5556
f 5556 5555 5557
f 5556 5557 5558
f 5558 5557 5559
f 5558 5559 5560
f 5559 5561 5560
f 5560 5561 5562
f 5560 5562 5563
f 5563 5562 5564
f 5563 5564 5565
f 5565 5564 5566
f 5565 5566 5567
f 5567 5566 5568
f 5567 5568 5569
f 5569 5568 5570
f 5569 5570 5571
f 5570 5572 5571
f 5571 5572 5573
f 5571 5573 5574
f 5574 5573 5575
f 5574 5575 5576
f 5576 5575 5577
f 5576 5577 5578
f 5579 5580 5581
f 5581 5580 5582
f 5581 5582 5578
f 5578 5582 5583
f 5578 5583 5576
f 5579 5584 5580
f 5580 5584 5585
f 5580 5585 5586
f 5586 5585 5587
f 5586 5587 5588
f 5588 5587 5589
f 5588 5589 5590
f 5590 5589 5591
f 5590 5591 5592
f 5592 5591 5593
f 5592 5593 5594
f 5593 5595 5594
f 5594 5595 5596
f 5594 5596 5597
f 5597 5596 5598
f 5597 5598 5599
f 5599 5598 5600
f 5599 5600 5601
f 5601 5600 5602
f 5601 5602 5603
f 5603 5602 5604
f 5603 5604 5605
f 5605 5604 5606
f 5605 5606 5607
f 5606 5608 5607
f 5607 5608 5609
f 5607 5609 5610
f 5610 5609 5611
f 5610 5611 5612
f 5611 5613 5612
f 5612 5613 5614
f 5612 5614 5615
f 5615 5614 5616
f 5615 5616 5617
f 5616 5618 5617
f 5617 5618 5619
f 5617 5619 5620
f 5620 5619 5621
f 5620 5621 5622
f 5621 5623 5622
f 5622 5623 5624
f 5622 5624 5625
f 5625 5624 5626
f 5625 5626 5627
f 5627 5626 5628
f 5627 5628 5629
f 5629 5628 5630
f 5629 5630 5631
f 5630 5632 5631
f 5631 5632 5633
f 5631 5633 5634
f 5634 5633 5635
f 5634 5635 5636
f 5636 5635 5637
f 5636 5637 5638
f 5637 5639 5638
f 5638 5639 5640
f 5638 5640 5641
f 4183 4182 5642
f 5640 5643 5641
f 5641 5643 5644
f 5641 5644 5645
f 5645 5644 5642
f 5645 5642 5646
f 5646 5642 4182
f 4183 5647 4181
f 4181 5647 5648
f 4181 5648 5649
f 5649 5648 5650
f 5649 5650 5651
f 5651 5650 5652
f 5651 5652 5653
f 5653 5652 5654
f 5653 5654 5655
f 5654 5656 5655
f 5655 5656 5657
f 5655 5657 5658
f 5658 5657 5659
f 5658 5659 5660
f 5661 5662 5663
f 5659 5664 5660
f 5660 5664 5661
f 5660 5661 5665
f 5665 5661 5663
f 5662 5666 5663
f 5663 5666 5667
f 5663 5667 5668
f 5669 5670 5671
f 5667 5672 5668
f 5668 5672 5673
f 5668 5673 5674
f 5674 5673 5675
f 5674 5675 5676
f 5676 5675 5677
f 5676 5677 5678
f 5678 5677 5679
f 5678 5679 5670
f 5670 5679 5680
f 5670 5680 5671
f 5671 5681 5669
f 5669 5681 5682
f 5669 5682 5683
f 5683 5682 5684
f 5683 5684 5685
f 5686 5687 5688
f 5688 5687 5689
f 5684 5690 5685
f 5685 5690 5691
f 5685 5691 5692
f 5692 5691 5693
f 5692 5693 5694
f 5694 5693 5695
f 5694 5695 5696
f 5696 5695 5697
f 5696 5697 5686
f 5686 5697 5698
f 5686 5698 5687
f 5689 5699 5688
f 5688 5699 5700
f 5688 5700 5701
f 5701 5700 5702
f 5701 5702 5703
f 5703 5702 5704
f 5703 5704 5705
f 5705 5704 5706
f 5705 5706 5707
f 5706 5708 5707
f 5707 5708 5709
f 5707 5709 5710
f 5710 5709 5711
f 5710 5711 5712
f 5711 5713 5712
f 5712 5713 5714
f 5712 5714 5715
f 5715 5714 5716
f 5715 5716 5717
f 5717 5716 5718
f 5717 5718 5719
f 5719 5718 5720
f 5719 5720 5721
f 5720 5722 5721
f 5721 5722 5723
f 5721 5723 5724
f 5723 5725 5724
f 5724 5725 5726
f 5724 5726 5727
f 5727 5726 5728
f 5727 5728 5729
f 5729 5728 5730
f 5729 5730 5731
f 5730 5732 5731
f 5731 5732 5733
f 5731 5733 5734
f 5733 5735 5734
f 5734 5735 5736
f 5734 5736 5737
f 5737 5736 5738
f 5737 5738 5739
f 5739 5738 5740
f 5739 5740 5741
f 5741 5740 5742
f 5741 5742 5743
f 5743 5742 5744
f 5743 5744 5745
f 5744 5746 5745
f 5745 5746 5747
f 5745 5747 5748
f 5747 5749 5748
f 5748 5749 5750
f 5748 5750 5751
f 5751 5750 5752
f 5751 5752 5753
f 5753 5752 5754
f 5753 5754 5755
f 5754 5756 5755
f 5755 5756 5757
f 5755 5757 5758
f 5757 5759 5758
f 5758 5759 5760
f 5758 5760 5761
f 5761 5760 5762
f 5761 5762 5763
f 5763 5762 5764
f 5763 5764 5765
f 5766 5767 5768
f 5768 5767 5769
f 5764 5770 5765
f 5765 5770 5771
f 5765 5771 5769
f 5769 5771 5772
f 5769 5772 5768
f 5773 5774 5766
f 5766 5774 5775
f 5766 5775 5767
f 5773 5776 5774
f 5774 5776 5777
f 5774 5777 5778
f 5777 5779 5778
f 5778 5779 5780
f 5778 5780 5781
f 5781 5780 5782
f 5781 5782 5783
f 5783 5782 5784
f 5783 5784 5785
f 5784 5786 5785
f 5785 5786 5787
f 5785 5787 5788
f 5788 5787 5789
f 5788 5789 5790
f 5789 5791 5790
f 5790 5791 5792
f 5790 5792 5793
f 5793 5792 5794
f 5793 5794 5795
f 5795 5794 5796
f 5794 5797 5796
f 5796 5797 5798
f 5796 5798 5799
f 5799 5798 5800
f 5799 5800 5801
f 5800 5802 5801
f 5801 5802 5803
f 5801 5803 5804
f 5804 5803 5805
f 5804 5805 5806
f 5806 5805 5807
f 5806 5807 5808
f 5808 5807 5809
f 5808 5809 5810
f 5811 5812 5813
f 5814 5815 5813
f 5813 5815 5816
f 5813 5816 5811
f 5809 5817 5810
f 5810 5817 5818
f 5810 5818 5819
f 5819 5818 5820
f 5819 5820 5821
f 5821 5820 5822
f 5821 5822 5823
f 5823 5822 5824
f 5823 5824 5825
f 5825 5824 5826
f 5825 5826 5827
f 5827 5826 5828
f 5827 5828 5814
f 5814 5828 5815
f 5812 5811 5829
f 5829 5811 5830
f 5829 5830 5831
f 5831 5830 5832
f 5831 5832 5833
f 5833 5832 5834
f 5833 5834 5835
f 5835 5834 5836
f 5836 5834 5837
f 5836 5837 5838
f 5837 5839 5838
f 5838 5839 5840
f 5838 5840 5841
f 5841 5840 5842
f 5841 5842 5843
f 5842 5844 5843
f 5843 5844 5845
f 5843 5845 5846
f 5846 5845 5847
f 5846 5847 5848
f 5848 5847 5849
f 5848 5849 5850
f 5850 5849 5851
f 5850 5851 5852
f 5851 5853 5852
f 5852 5853 5854
f 5852 5854 5855
f 5855 5854 5856
f 5855 5856 5857
f 5857 5856 5858
f 5857 5858 5859
f 5859 5858 5860
f 5859 5860 5861
f 5861 5860 5862
f 5861 5862 5863
f 5862 5864 5863
f 5863 5864 5865
f 5863 5865 5866
f 5866 5865 5867
f 5866 5867 5868
f 5868 5867 5869
f 5868 5869 5870
f 5870 5869 5871
f 5870 5871 5872
f 5871 5873 5872
f 5872 5873 5874
f 5874 5873 5875
f 5874 5875 5876
f 5876 5875 5877
f 5876 5877 5878
f 5878 5877 5879
f 5879 5877 5880
f 5879 5880 5881
f 5880 5882 5881
f 5881 5882 5883
f 5881 5883 5884
f 5883 5885 5884
f 5884 5885 5886
f 5884 5886 5887
f 5887 5886 5888
f 5887 5888 5889
f 5889 5888 5890
f 5889 5890 5891
f 5891 5890 5892
f 5891 5892 5893
f 5892 5894 5893
f 5893 5894 5895
f 5893 5895 5896
f 5896 5895 5897
f 5896 5897 5898
f 5898 5897 5899
f 5898 5899 5900
f 5900 5899 5901
f 5900 5901 5902
f 5901 5903 5902
f 5902 5903 5904
f 5902 5904 5905
f 5904 5906 5905
f 5905 5906 5907
f 5905 5907 5908
f 5908 5907 5909
f 5908 5909 5910
f 5910 5909 5911
f 5910 5911 5912
f 5912 5911 5913
f 5912 5913 5914
f 5914 5913 5915
f 5914 5915 5916
f 5916 5915 5917
f 5916 5917 5918
f 5917 5919 5918
f 5918 5919 5920
f 5918 5920 5921
f 5921 5920 5922
f 5921 5922 5923
f 5922 5924 5923
f 5923 5924 5925
f 5923 5925 5926
f 5926 5925 5927
f 5926 5927 5928
f 5928 5927 5929
f 5928 5929 5930
f 5930 5929 5931
f 5930 5931 5932
f 5932 5931 5933
f 5932 5933 5934
f 5933 5935 5934
f 5934 5935 5936
f 5934 5936 5937
f 5936 5938 5937
f 5937 5938 5939
f 5937 5939 5940
f 5940 5939 5941
f 5940 5941 5942
f 5942 5941 5943
f 5942 5943 5944
f 5944 5943 5945
f 5944 5945 5946
f 5945 5947 5946
f 5946 5947 5948
f 5946 5948 5949
f 5949 5948 5950
f 5949 5950 5951
f 5951 5950 5952
f 5951 5952 5953
f 5953 5952 5954
f 5953 5954 5955
f 5954 5956 5955
f 5955 5956 5957
f 5955 5957 5958
f 5958 5957 5959
f 5958 5959 5960
f 5960 5959 5961
f 5960 5961 5962
f 5962 5961 5963
f 5962 5963 5964
f 5964 5963 5965
f 5964 5965 5966
f 5965 5967 5966
f 5966 5967 5968
f 5966 5968 5969
f 5969 5968 5970
f 5969 5970 5971
f 5972 5973 5974
f 5970 5975 5971
f 5971 5975 5972
f 5971 5972 5976
f 5976 5972 5974
f 5973 5977 5974
f 5974 5977 5978
f 5974 5978 5979
f 5980 5981 5982
f 5978 5983 5979
f 5979 5983 5984
f 5979 5984 5985
f 5985 5984 5986
f 5985 5986 5987
f 5987 5986 5988
f 5987 5988 5989
f 5989 5988 5990
f 5989 5990 5981
f 5981 5990 5991
f 5981 5991 5982
f 5982 5992 5980
f 5980 5992 5993
f 5980 5993 5994
f 5994 5993 5995
f 5994 5995 5996
f 5995 5997 5996
f 5996 5997 5998
f 5996 5998 5999
f 6000 6001 6002
f 5998 6003 5999
f 5999 6003 6004
f 5999 6004 6005
f 6005 6004 6000
f 6005 6000 6006
f 6006 6000 6002
f 6001 6007 6002
f 6002 6007 6008
f 6002 6008 6009
f 6009 6008 6010
f 6009 6010 6011
f 6010 6012 6011
f 6011 6012 6013
f 6011 6013 6014
f 6014 6013 6015
f 6014 6015 6016
f 6016 6015 6017
f 6016 6017 6018
f 6018 6017 6019
f 6018 6019 6020
f 6019 6021 6020
f 6020 6021 6022
f 6020 6022 6023
f 6023 6022 6024
f 6023 6024 6025
f 6025 6024 6026
f 6025 6026 6027
f 6026 6028 6027
f 6027 6028 6029
f 6027 6029 6030
f 6030 6029 6031
f 6030 6031 6032
f 6032 6031 6033
f 6032 6033 1888
f 1888 6033 6034
f 1888 6034 1882
f 1882 6034 6035
f 1882 6035 1883
f 1883 6035 6036
f 1883 6036 1879
f 1879 6036 6037
f 1879 6037 4193
f 4215 4216 6038
f 4265 4268 6039
f 6040 6041 4303
f 4345 4359 6042
f 6042 4359 6043
f 4490 4492 6044
f 4532 4534 6045
f 4543 4545 6046
f 6047 6048 4550
f 6049 6050 4563
f 4606 4608 6051
f 6052 6053 4613
f 4671 4673 6054
f 4686 4687 6055
f 4724 4725 6056
f 4802 4805 6057
f 4872 4874 6058
f 4890 4892 6059
f 6060 6061 4886
f 4939 4941 6062
f 4991 4994 6063
f 6064 6065 5118
f 5126 5129 6066
f 5142 5145 6067
f 5194 5196 6068
f 5209 5212 6069
f 6070 6071 5346
f 6072 6073 5395
f 5405 5408 6074
f 5417 5419 6075
f 5484 5487 6076
f 6076 5487 6077
f 5551 5553 6078
f 5603 5605 6079
f 5617 5620 6080
f 5634 5636 6081
f 5655 5658 6082
f 5674 5676 6083
f 6084 6085 5686
f 5751 5753 6086
f 5806 5808 6087
f 6087 5808 6088
f 6089 6090 5814
f 5843 5846 6091
f 6091 5846 6092
f 5891 5893 6093
f 6025 6027 1890
f 5902 5905 2000
f 2076 2074 6094
f 2088 2087 6090
f 1856 1845 6095
f 1823 1821 6096
f 6096 1821 1820
f 6096 1820 6097
f 6097 1820 1814
f 6097 1814 1813
f 1823 6096 1825
f 1825 6096 6098
f 1825 6098 1826
f 6099 1776 1832
f 1832 1831 6099
f 6099 1831 1818
f 6099 1818 6098
f 6098 1818 1816
f 6098 1816 1826
f 1776 6099 1777
f 1777 6099 6100
f 1777 6100 1828
f 1837 1836 6101
f 6101 1836 1834
f 6101 1834 6100
f 6100 1834 1833
f 6100 1833 1828
f 1850 1849 6102
f 6102 1849 1841
f 6102 1841 6101
f 6101 1841 1839
f 6101 1839 1837
f 1845 1847 6095
f 6095 1847 1855
f 6095 1855 6103
f 6103 1855 1854
f 6103 1854 1852
f 6104 1857 1856
f 1857 6104 1859
f 1859 6104 6105
f 1859 6105 1861
f 2100 2099 6087
f 6087 2099 2098
f 6087 2098 6105
f 6105 2098 2097
f 6105 2097 1861
f 2100 6087 2096
f 2096 6087 6088
f 2096 6088 2094
f 6106 2090 6088
f 6088 2090 2089
f 6088 2089 2094
f 6107 2093 6106
f 6106 2093 2092
f 6106 2092 2090
f 2087 2086 6090
f 6090 2086 2085
f 6090 2085 6107
f 6107 2085 2084
f 6107 2084 2093
f 2088 6090 2078
f 2078 6090 6089
f 2078 6089 2079
f 2074 2073 6094
f 6094 2073 2082
f 6094 2082 6089
f 6089 2082 2081
f 6089 2081 2079
f 2068 2077 6108
f 6108 2077 2076
f 2072 2071 6109
f 6109 2071 2070
f 6109 2070 6108
f 6108 2070 2069
f 6108 2069 2068
f 2072 6109 2062
f 2062 6109 6110
f 2062 6110 2063
f 6091 2057 2066
f 6091 2066 6110
f 6110 2066 2065
f 6110 2065 2063
f 2061 2060 6092
f 6092 2060 2059
f 6092 2059 6091
f 6091 2059 2058
f 6091 2058 2057
f 2061 6092 2055
f 2055 6092 6111
f 2055 6111 2053
f 2053 6111 2048
f 2048 6111 6112
f 2048 6112 2049
f 2042 2052 6113
f 6113 2052 2051
f 6113 2051 6112
f 6112 2051 2050
f 6112 2050 2049
f 2046 2045 6114
f 6114 2045 2044
f 6114 2044 6113
f 6113 2044 2043
f 6113 2043 2042
f 2046 6114 2036
f 2036 6114 6115
f 2036 6115 2037
f 6116 2031 2040
f 6116 2040 6115
f 6115 2040 2039
f 6115 2039 2037
f 2035 2034 6117
f 6117 2034 2033
f 6117 2033 6116
f 6116 2033 2032
f 6116 2032 2031
f 6118 2027 2029
f 2025 2024 6119
f 6119 2024 2023
f 6119 2023 6118
f 6118 2023 2022
f 6118 2022 2027
f 6120 2026 2025
f 2019 2018 6121
f 6121 2018 2017
f 6121 2017 6120
f 6120 2017 2016
f 6120 2016 2026
f 2013 2011 6093
f 6093 2011 2010
f 6093 2010 6121
f 6121 2010 2020
f 6121 2020 2019
f 2013 6093 2014
f 2014 6093 5893
f 2014 5893 5896
f 5900 2007 5898
f 5898 2007 2006
f 5898 2006 5896
f 5896 2006 2005
f 5896 2005 2014
f 2000 1999 5902
f 5902 1999 2009
f 5902 2009 5900
f 5900 2009 2008
f 5900 2008 2007
f 5910 1994 5908
f 5908 1994 2003
f 5908 2003 5905
f 5905 2003 2002
f 5905 2002 2000
f 5912 1997 5910
f 5910 1997 1995
f 5910 1995 1994
f 5916 1990 5914
f 5914 1990 1989
f 5914 1989 5912
f 5912 1989 1998
f 5912 1998 1997
f 5918 1992 5916
f 5916 1992 1991
f 5916 1991 1990
f 5923 1985 5921
f 5921 1985 1987
f 5921 1987 5918
f 5918 1987 1993
f 5918 1993 1992
f 5928 1982 5926
f 5926 1982 1981
f 5926 1981 5923
f 5923 1981 1980
f 5923 1980 1985
f 5932 1978 5930
f 5930 1978 1984
f 5930 1984 5928
f 5928 1984 1983
f 5928 1983 1982
f 5937 1970 5934
f 5934 1970 1969
f 5934 1969 5932
f 5932 1969 1976
f 5932 1976 1978
f 5942 1974 5940
f 5940 1974 1973
f 5940 1973 5937
f 5937 1973 1972
f 5937 1972 1970
f 5944 1964 5942
f 5942 1964 1975
f 5942 1975 1974
f 1958 5946 1959
f 1959 5946 5949
f 1959 5949 1961
f 1958 1968 5946
f 5946 1968 1967
f 5946 1967 5944
f 5944 1967 1965
f 5944 1965 1964
f 1961 5949 1962
f 1962 5949 5951
f 1962 5951 1963
f 1963 5951 5953
f 1963 5953 1953
f 1953 5953 1954
f 1954 5953 5955
f 1954 5955 1955
f 1955 5955 5958
f 1955 5958 1956
f 5962 1948 5960
f 5960 1948 1947
f 5960 1947 5958
f 5958 1947 1957
f 5958 1957 1956
f 5964 1951 5962
f 5962 1951 1950
f 5962 1950 1948
f 5969 1939 5966
f 5966 1939 1944
f 5966 1944 5964
f 5964 1944 1946
f 5964 1946 1951
f 1935 1934 5974
f 5974 1934 1943
f 5974 1943 5976
f 5976 1943 1942
f 5976 1942 5971
f 5971 1942 1940
f 5971 1940 5969
f 5969 1940 1939
f 5987 1930 5985
f 5985 1930 1929
f 5985 1929 5979
f 5979 1929 1938
f 5979 1938 5974
f 5974 1938 1937
f 5974 1937 1935
f 5989 1933 5987
f 5987 1933 1932
f 5987 1932 1930
f 5980 1918 1917
f 1917 1928 5980
f 5980 1928 1927
f 5980 1927 5981
f 5981 1927 1925
f 5981 1925 5989
f 5989 1925 1924
f 5989 1924 1933
f 1918 5980 1920
f 1920 5980 5994
f 1920 5994 1921
f 5999 1916 5996
f 5996 1916 1923
f 5996 1923 5994
f 5994 1923 1922
f 5994 1922 1921
f 6006 1911 6005
f 6005 1911 1910
f 6005 1910 5999
f 5999 1910 1914
f 5999 1914 1916
f 1906 1905 6002
f 6002 1905 1913
f 6002 1913 6006
f 6006 1913 1911
f 1906 6002 1907
f 1907 6002 6009
f 1907 6009 1908
f 1908 6009 1909
f 1909 6009 6011
f 1909 6011 1903
f 1903 6011 6014
f 1903 6014 1901
f 1901 6014 6016
f 1901 6016 1897
f 1897 6016 6018
f 1897 6018 1896
f 1896 6018 1894
f 1894 6018 6020
f 1894 6020 1898
f 1898 6020 1899
f 1899 6020 6023
f 1899 6023 1900
f 6025 1890 6023
f 6023 1890 1889
f 6023 1889 1900
f 6030 1893 6027
f 6027 1893 1892
f 6027 1892 1890
f 1888 1887 6032
f 6032 1887 1885
f 6032 1885 6030
f 6030 1885 1884
f 6030 1884 1893
f 6122 6123 2147
f 2359 2146 2361
f 2361 2146 2151
f 2361 2151 2363
f 2363 2151 2150
f 2363 2150 6123
f 6123 2150 2148
f 6123 2148 2147
f 2143 2350 2141
f 2141 2350 2348
f 2141 2348 2200
f 2359 2357 2146
f 2146 2357 2355
f 2146 2355 2145
f 2145 2355 2353
f 2145 2353 2143
f 2143 2353 2351
f 2143 2351 2350
f 2348 2346 2200
f 2200 2346 2344
f 2200 2344 2201
f 2201 2344 2342
f 2201 2342 2202
f 2202 2342 2341
f 2202 2341 2199
f 2199 2341 2226
f 2199 2226 2106
f 2203 2107 2336
f 2336 2107 2106
f 2336 2106 2225
f 2225 2106 2226
f 2388 2366 6122
f 6122 2366 2368
f 6122 2368 6123
f 6123 2368 2369
f 6123 2369 2363
f 2388 6122 2389
f 2389 6122 6124
f 2389 6124 2390
f 2386 2385 6125
f 6125 2385 2217
f 6125 2217 6124
f 6124 2217 2216
f 6124 2216 2390
f 2381 2380 6126
f 6126 2380 2387
f 2381 6126 2383
f 2383 6126 6127
f 2383 6127 2384
f 2377 2220 6127
f 6127 2220 2219
f 6127 2219 2384
f 2373 2372 6128
f 6128 2372 2379
f 6128 2379 6129
f 6129 2379 2378
f 6129 2378 2377
f 2370 2376 6038
f 6038 2376 2375
f 6038 2375 6128
f 6128 2375 2374
f 6128 2374 2373
f 2370 6038 2222
f 2222 6038 6130
f 2222 6130 2223
f 5891 6093 5889
f 5889 6093 6121
f 5889 6121 5887
f 5887 6121 6120
f 5887 6120 5884
f 2025 6119 6120
f 6120 6119 5881
f 6120 5881 5884
f 5874 6118 6117
f 6117 6118 2029
f 6117 2029 2035
f 5874 5876 6118
f 6118 5876 5878
f 6118 5878 6119
f 6119 5878 5879
f 6119 5879 5881
f 6115 5868 6116
f 6116 5868 5870
f 6116 5870 6117
f 6117 5870 5872
f 6117 5872 5874
f 6113 5861 6114
f 6114 5861 5863
f 6114 5863 6115
f 6115 5863 5866
f 6115 5866 5868
f 6111 5855 6112
f 6112 5855 5857
f 6112 5857 6113
f 6113 5857 5859
f 6113 5859 5861
f 5846 5848 6092
f 6092 5848 5850
f 6092 5850 6111
f 6111 5850 5852
f 6111 5852 5855
f 5843 6091 5841
f 5841 6091 6110
f 5841 6110 5838
f 5838 6110 6109
f 5838 6109 5836
f 5836 6109 5835
f 5835 6109 6108
f 5835 6108 5833
f 2076 6094 6108
f 6108 6094 5831
f 6108 5831 5833
f 5814 5813 6089
f 6089 5813 5812
f 6089 5812 6094
f 6094 5812 5829
f 6094 5829 5831
f 6106 5823 6107
f 6107 5823 5825
f 6107 5825 6090
f 6090 5825 5827
f 6090 5827 5814
f 5808 5810 6088
f 6088 5810 5819
f 6088 5819 6106
f 6106 5819 5821
f 6106 5821 5823
f 5806 6087 5804
f 5804 6087 6105
f 5804 6105 5801
f 5801 6105 6104
f 5801 6104 5799
f 1856 6095 6104
f 6104 6095 5796
f 6104 5796 5799
f 5788 6103 6102
f 6102 6103 1852
f 6102 1852 1850
f 5788 5790 6103
f 6103 5790 5793
f 6103 5793 6095
f 6095 5793 5795
f 6095 5795 5796
f 6100 5781 6101
f 6101 5781 5783
f 6101 5783 6102
f 6102 5783 5785
f 6102 5785 5788
f 6098 5775 6099
f 6099 5775 5774
f 6099 5774 6100
f 6100 5774 5778
f 6100 5778 5781
f 6097 5765 6096
f 6096 5765 5769
f 6096 5769 6098
f 6098 5769 5767
f 6098 5767 5775
f 6086 5753 6131
f 5753 5755 6131
f 6131 5755 5758
f 6131 5758 6132
f 6132 5758 5761
f 6132 5761 6097
f 6097 5761 5763
f 6097 5763 5765
f 6133 5743 6134
f 6134 5743 5745
f 6134 5745 6135
f 6135 5745 5748
f 5734 5737 6136
f 6136 5737 5739
f 6136 5739 6133
f 6133 5739 5741
f 6133 5741 5743
f 6137 5729 5731
f 6137 5731 6138
f 5729 6137 5727
f 5727 6137 6139
f 5727 6139 5724
f 5721 6140 5719
f 5719 6140 6141
f 5719 6141 5717
f 5717 6141 6142
f 5717 6142 5715
f 5715 6142 5712
f 5712 6142 6143
f 5712 6143 5710
f 5707 6144 5705
f 5705 6144 6145
f 5705 6145 5703
f 5703 6145 6146
f 5703 6146 5701
f 5701 6146 5688
f 5683 5685 6147
f 6147 5685 5692
f 6147 5692 6148
f 6148 5692 5694
f 6148 5694 6085
f 6085 5694 5696
f 6085 5696 5686
f 6149 5670 6150
f 6150 5670 5669
f 6083 5676 6149
f 6149 5676 5678
f 6149 5678 5670
f 6082 5658 6151
f 5668 6152 5663
f 5663 6152 6153
f 5663 6153 5665
f 5665 6153 6151
f 5665 6151 5660
f 5660 6151 5658
f 5653 6154 5651
f 5651 6154 6155
f 5646 4182 6156
f 6156 4182 4181
f 6156 4181 6155
f 6155 4181 5649
f 6155 5649 5651
f 6157 5641 6158
f 6158 5641 5645
f 6081 5636 6157
f 6157 5636 5638
f 6157 5638 5641
f 6159 5629 6160
f 6160 5629 5631
f 6080 5620 6161
f 5620 5622 6161
f 6161 5622 5625
f 6161 5625 6159
f 6159 5625 5627
f 6159 5627 5629
f 6079 5605 6162
f 5615 6163 5612
f 5612 6163 6164
f 5612 6164 5610
f 5610 6164 6162
f 5610 6162 5607
f 5607 6162 5605
f 5601 6165 5599
f 5599 6165 6166
f 5590 5592 6167
f 6167 5592 5594
f 6167 5594 6166
f 6166 5594 5597
f 6166 5597 5599
f 6168 6169 5588
f 5583 5582 6170
f 6170 5582 5580
f 6170 5580 6169
f 6169 5580 5586
f 6169 5586 5588
f 5576 6171 5574
f 5574 6171 6172
f 5574 6172 5571
f 5571 6172 6173
f 5563 5565 6174
f 6174 5565 5567
f 6174 5567 6173
f 6173 5567 5569
f 6173 5569 5571
f 6175 5558 6176
f 6176 5558 5560
f 6078 5553 6175
f 6175 5553 5556
f 6175 5556 5558
f 6177 5547 6178
f 6178 5547 5549
f 5537 5539 6179
f 6179 5539 5542
f 6179 5542 6180
f 6180 5542 5543
f 6180 5543 6177
f 6177 5543 5545
f 6177 5545 5547
f 6181 5533 6182
f 6182 5533 5535
f 5522 5525 6183
f 6183 5525 5528
f 6183 5528 6181
f 6181 5528 5530
f 6181 5530 5533
f 6184 6185 5519
f 5508 5510 6186
f 6186 5510 5512
f 6186 5512 6187
f 6187 5512 5515
f 6187 5515 6185
f 6185 5515 5517
f 6185 5517 5519
f 6188 5505 5507
f 6188 5507 6189
f 5505 6188 5493
f 5493 6188 6190
f 5493 6190 5495
f 5500 6191 5498
f 5498 6191 6192
f 5498 6192 5491
f 5491 6192 6077
f 5491 6077 5489
f 5489 6077 5487
f 5482 6193 5481
f 5481 6193 6194
f 5472 5474 6195
f 6195 5474 5476
f 6195 5476 6194
f 6194 5476 5478
f 6194 5478 5481
f 6196 6197 5470
f 5461 5463 6198
f 6198 5463 5465
f 6198 5465 6197
f 6197 5465 5467
f 6197 5467 5470
f 5459 6199 5456
f 5456 6199 6200
f 5456 6200 5453
f 5453 6200 6201
f 5444 5447 6202
f 6202 5447 5449
f 6202 5449 6201
f 6201 5449 5451
f 6201 5451 5453
f 5442 6203 5440
f 5440 6203 6204
f 5440 6204 5437
f 5437 6204 6205
f 5429 5430 6206
f 6206 5430 5432
f 6206 5432 6205
f 6205 5432 5435
f 6205 5435 5437
f 6207 5424 6208
f 6208 5424 5427
f 6075 5419 6207
f 6207 5419 5421
f 6207 5421 5424
f 6209 5412 6210
f 6210 5412 5415
f 6074 5408 6209
f 6209 5408 5410
f 6209 5410 5412
f 5402 6211 5399
f 5399 6211 6072
f 5399 6072 5397
f 5397 6072 5395
f 5386 5388 6212
f 6212 5388 5391
f 6212 5391 6073
f 6073 5391 5393
f 6073 5393 5395
f 6213 5381 5383
f 6213 5383 6214
f 5381 6213 5367
f 5367 6213 6215
f 5367 6215 5368
f 5376 6216 5374
f 5374 6216 6217
f 5374 6217 5372
f 5372 6217 6218
f 5372 6218 5366
f 5366 6218 5362
f 5362 6218 6219
f 5362 6219 5363
f 5358 6220 5356
f 5356 6220 6221
f 5356 6221 5353
f 5353 6221 6222
f 5353 6222 5351
f 5351 6222 5348
f 5336 5338 6223
f 6223 5338 5340
f 6223 5340 6224
f 6224 5340 5342
f 6224 5342 6071
f 6071 5342 5344
f 6071 5344 5346
f 5333 6225 5329
f 5329 6225 6226
f 5329 6226 5330
f 5330 6226 6227
f 5330 6227 5318
f 5318 6227 5320
f 6228 5323 5325
f 6228 5325 6229
f 5323 6228 5315
f 5315 6228 6230
f 5315 6230 5313
f 5310 6231 5308
f 5308 6231 6232
f 5308 6232 5306
f 5306 6232 6233
f 5306 6233 5303
f 5303 6233 5298
f 5298 6233 6234
f 5298 6234 5300
f 6235 5294 6236
f 6236 5294 5295
f 5286 5280 6237
f 6237 5280 5279
f 6237 5279 6238
f 6238 5279 5289
f 6238 5289 6235
f 6235 5289 5292
f 6235 5292 5294
f 5285 6239 5278
f 5278 6239 6240
f 5278 6240 5275
f 5275 6240 6241
f 5275 6241 5273
f 5273 6241 5271
f 6242 5267 6243
f 6243 5267 5269
f 5257 5259 6244
f 6244 5259 5262
f 6244 5262 6242
f 6242 5262 5264
f 6242 5264 5267
f 6245 6246 5254
f 5243 5246 6247
f 6247 5246 5248
f 6247 5248 6248
f 6248 5248 5250
f 6248 5250 6246
f 6246 5250 5252
f 6246 5252 5254
f 6249 6250 5240
f 4184 5234 6251
f 6251 5234 5236
f 6251 5236 6250
f 6250 5236 5238
f 6250 5238 5240
f 4185 6252 5222
f 5222 6252 6253
f 5222 6253 5224
f 5224 6253 6254
f 5231 5230 6255
f 6255 5230 5228
f 6255 5228 6254
f 6254 5228 5226
f 6254 5226 5224
f 6256 5218 6257
f 6257 5218 5216
f 6069 5212 6256
f 6256 5212 5214
f 6256 5214 5218
f 5207 6258 5205
f 5205 6258 6259
f 6068 5196 6260
f 5196 5198 6260
f 6260 5198 5200
f 6260 5200 6259
f 6259 5200 5203
f 6259 5203 5205
f 5192 6261 5190
f 5190 6261 6262
f 5181 5183 6263
f 6263 5183 5186
f 6263 5186 6262
f 6262 5186 5188
f 6262 5188 5190
f 6264 6265 5178
f 6266 5174 6265
f 6265 5174 5176
f 6265 5176 5178
f 5165 5167 6267
f 6267 5167 5169
f 6267 5169 6266
f 6266 5169 5172
f 6266 5172 5174
f 5163 6268 5161
f 5161 6268 6269
f 5161 6269 5159
f 5159 6269 6270
f 5159 6270 5156
f 5156 6270 5154
f 6271 5150 6272
f 6272 5150 5152
f 6067 5145 6271
f 6271 5145 5148
f 6271 5148 5150
f 5140 6273 5138
f 5138 6273 6274
f 6066 5129 6275
f 5129 5131 6275
f 6275 5131 5134
f 6275 5134 6274
f 6274 5134 5136
f 6274 5136 5138
f 5124 6276 5122
f 5122 6276 6064
f 5122 6064 5120
f 5120 6064 5118
f 5109 5112 6277
f 6277 5112 5114
f 6277 5114 6065
f 6065 5114 5116
f 6065 5116 5118
f 6278 5104 5106
f 6278 5106 6279
f 5104 6278 5102
f 5102 6278 6280
f 5102 6280 5099
f 5096 6281 5094
f 5094 6281 6282
f 5094 6282 5092
f 5092 6282 6283
f 5092 6283 5089
f 5089 6283 5086
f 6284 5083 6285
f 6285 5083 5084
f 5071 5073 6286
f 6286 5073 5075
f 6286 5075 6287
f 6287 5075 5078
f 6287 5078 6284
f 6284 5078 5080
f 6284 5080 5083
f 5069 6288 5055
f 5055 6288 6289
f 5055 6289 5056
f 5056 6289 6290
f 5056 6290 5064
f 5064 6290 5062
f 6291 6292 5060
f 5045 5047 6293
f 6293 5047 5049
f 6293 5049 6294
f 6294 5049 5051
f 6294 5051 6292
f 6292 5051 5054
f 6292 5054 5060
f 6295 6296 5043
f 5035 5037 6297
f 6297 5037 5039
f 6297 5039 6296
f 6296 5039 5041
f 6296 5041 5043
f 5033 6298 5030
f 5030 6298 6299
f 5030 6299 5015
f 5015 6299 6300
f 5021 5023 6301
f 6301 5023 5025
f 6301 5025 6300
f 6300 5025 5016
f 6300 5016 5015
f 5019 6302 5013
f 5013 6302 6303
f 5013 6303 5010
f 5010 6303 6304
f 5010 6304 5008
f 5008 6304 5006
f 6305 5002 6306
f 6306 5002 5004
f 6063 4994 6307
f 4994 4996 6307
f 6307 4996 4998
f 6307 4998 6305
f 6305 4998 5000
f 6305 5000 5002
f 4989 6308 4986
f 4986 6308 6309
f 4986 6309 4984
f 4984 6309 6310
f 4984 6310 4982
f 4982 6310 4979
f 6311 4975 4977
f 6311 4977 6312
f 4975 6311 4961
f 4961 6311 6313
f 4961 6313 4963
f 4970 6314 4968
f 4968 6314 6315
f 4968 6315 4966
f 4966 6315 6316
f 4966 6316 4959
f 4959 6316 4954
f 4954 6316 6317
f 4954 6317 4956
f 4951 6318 4949
f 4949 6318 6319
f 4949 6319 4946
f 4946 6319 6320
f 4946 6320 4945
f 6062 4941 6320
f 6320 4941 4943
f 6320 4943 4945
f 4936 6321 4934
f 4934 6321 6322
f 4925 4928 6323
f 6323 4928 4930
f 6323 4930 6322
f 6322 4930 4932
f 6322 4932 4934
f 6324 6325 4922
f 4913 4916 6326
f 6326 4916 4918
f 6326 4918 6325
f 6325 4918 4920
f 6325 4920 4922
f 4910 6327 4909
f 4909 6327 6328
f 4909 6328 4906
f 4906 6328 6329
f 4885 4899 6330
f 6330 4899 4901
f 6330 4901 6329
f 6329 4901 4904
f 6329 4904 4906
f 6059 4892 6061
f 6061 4892 4894
f 6061 4894 4886
f 6058 4874 6331
f 4884 6332 4881
f 4881 6332 6333
f 4881 6333 4879
f 4879 6333 6331
f 4879 6331 4876
f 4876 6331 4874
f 4870 6334 4869
f 4869 6334 6335
f 4860 4862 6336
f 6336 4862 4865
f 6336 4865 6335
f 6335 4865 4867
f 6335 4867 4869
f 6337 6338 4857
f 6339 4853 6338
f 6338 4853 4855
f 6338 4855 4857
f 4843 4845 6340
f 6340 4845 4848
f 6340 4848 6339
f 6339 4848 4850
f 6339 4850 4853
f 6341 6342 4830
f 4834 4836 6343
f 6343 4836 4838
f 6343 4838 6342
f 6342 4838 4831
f 6342 4831 4830
f 4828 6344 4826
f 4826 6344 6345
f 4826 6345 4823
f 4823 6345 6346
f 4815 4817 6347
f 6347 4817 4819
f 6347 4819 6346
f 6346 4819 4821
f 6346 4821 4823
f 6348 4810 6349
f 6349 4810 4812
f 6057 4805 6348
f 6348 4805 4808
f 6348 4808 4810
f 4800 6350 4798
f 4798 6350 6351
f 4798 6351 4796
f 4796 6351 6352
f 4796 6352 4795
f 4795 6352 4792
f 6353 6354 4789
f 4777 4779 6355
f 6355 4779 4782
f 6355 4782 6356
f 6356 4782 4784
f 6356 4784 6354
f 6354 4784 4787
f 6354 4787 4789
f 6357 6358 4774
f 6359 4769 6358
f 6358 4769 4772
f 6358 4772 4774
f 4761 4764 6360
f 6360 4764 4766
f 6360 4766 6359
f 6359 4766 4768
f 6359 4768 4769
f 6361 6362 4758
f 4749 4752 6363
f 6363 4752 4754
f 6363 4754 6362
f 6362 4754 4756
f 6362 4756 4758
f 4747 6364 4745
f 4745 6364 6365
f 4745 6365 4742
f 4742 6365 6366
f 4742 6366 4740
f 4740 6366 4737
f 6367 4734 6368
f 6368 4734 4736
f 6056 4725 6369
f 4725 4727 6369
f 6369 4727 4729
f 6369 4729 6367
f 6367 4729 4731
f 6367 4731 4734
f 4711 4714 6370
f 6370 4714 4716
f 6370 4716 6371
f 6371 4716 4718
f 6371 4718 6372
f 6372 4718 4720
f 6372 4720 4722
f 6373 4707 6374
f 6374 4707 4709
f 4696 4698 6375
f 6375 4698 4699
f 6375 4699 6376
f 6376 4699 4702
f 6376 4702 6373
f 6373 4702 4705
f 6373 4705 4707
f 6377 4691 6378
f 6378 4691 4693
f 6055 4687 6377
f 6377 4687 4689
f 6377 4689 4691
f 6054 4673 6379
f 4684 6380 4680
f 4680 6380 6381
f 4680 6381 4678
f 4678 6381 6379
f 4678 6379 4675
f 4675 6379 4673
f 4668 6382 4665
f 4665 6382 6383
f 4665 6383 4663
f 4663 6383 6384
f 4663 6384 4661
f 4661 6384 4658
f 6385 6386 4655
f 4643 4645 6387
f 6387 4645 4648
f 6387 4648 6388
f 6388 4648 4650
f 6388 4650 6386
f 6386 4650 4653
f 6386 4653 4655
f 4641 6389 4639
f 4639 6389 6390
f 4639 6390 4637
f 4637 6390 6391
f 4637 6391 4635
f 4635 6391 4630
f 6392 4625 6393
f 6393 4625 4631
f 4616 4618 6394
f 6394 4618 4620
f 6394 4620 6395
f 6395 4620 4621
f 6395 4621 6392
f 6392 4621 4623
f 6392 4623 4625
f 6051 4608 6053
f 6053 4608 4610
f 6053 4610 4613
f 4604 6396 4602
f 4602 6396 6397
f 4593 4594 6398
f 6398 4594 4597
f 6398 4597 6397
f 6397 4597 4599
f 6397 4599 4602
f 4590 6399 4588
f 4588 6399 6400
f 4588 6400 4585
f 4585 6400 6401
f 4585 6401 4583
f 4583 6401 4581
f 4581 6401 6402
f 4581 6402 4578
f 4575 6403 4573
f 4573 6403 6404
f 4573 6404 4571
f 4571 6404 6405
f 4571 6405 4568
f 4568 6405 4565
f 4552 4554 6406
f 6406 4554 4556
f 6406 4556 6407
f 6407 4556 4558
f 6407 4558 6050
f 6050 4558 4560
f 6050 4560 4563
f 6046 4545 6048
f 6048 4545 4548
f 6048 4548 4550
f 4541 6408 4529
f 4529 6408 6409
f 6045 4534 6410
f 4534 4536 6410
f 6410 4536 4525
f 6410 4525 6409
f 6409 4525 4527
f 6409 4527 4529
f 4524 6411 4519
f 4519 6411 6412
f 4519 6412 4521
f 4521 6412 6413
f 4521 6413 4516
f 4516 6413 4514
f 6414 6415 4511
f 6416 4508 6415
f 6415 4508 4509
f 6415 4509 4511
f 4501 4504 6417
f 6417 4504 4503
f 6417 4503 6416
f 6416 4503 4506
f 6416 4506 4508
f 6418 4497 6419
f 6419 4497 4499
f 6044 4492 6418
f 6418 4492 4495
f 6418 4495 4497
f 4488 6420 4485
f 4485 6420 6421
f 4485 6421 4482
f 4482 6421 6422
f 4482 6422 4479
f 4479 6422 4477
f 6423 6424 4476
f 4463 4465 6425
f 6425 4465 4467
f 6425 4467 6426
f 6426 4467 4470
f 6426 4470 6424
f 6424 4470 4474
f 6424 4474 4476
f 6427 6428 4461
f 4448 4451 6429
f 6429 4451 4453
f 6429 4453 6430
f 6430 4453 4455
f 6430 4455 6428
f 6428 4455 4458
f 6428 4458 4461
f 6431 4443 4445
f 6431 4445 6432
f 4443 6431 4440
f 4440 6431 6433
f 4440 6433 4438
f 4435 6434 4433
f 4433 6434 6435
f 4433 6435 4430
f 4430 6435 6436
f 4430 6436 4428
f 4428 6436 4426
f 6437 4421 6438
f 6438 4421 4423
f 4410 4412 6439
f 6439 4412 4414
f 6439 4414 6440
f 6440 4414 4416
f 6440 4416 6437
f 6437 4416 4418
f 6437 4418 4421
f 6441 4397 6442
f 6442 4397 4396
f 4395 4401 6443
f 6443 4401 4403
f 6443 4403 6441
f 6441 4403 4405
f 6441 4405 4397
f 6444 6445 4392
f 6446 4389 6445
f 6445 4389 4391
f 6445 4391 4392
f 4381 4383 6447
f 6447 4383 4385
f 6447 4385 6446
f 6446 4385 4387
f 6446 4387 4389
f 6448 4377 4379
f 6448 4379 6449
f 4377 6448 4363
f 4363 6448 6450
f 4363 6450 4365
f 4372 6451 4370
f 4370 6451 6452
f 4370 6452 4368
f 4368 6452 6043
f 4368 6043 4361
f 4361 6043 4359
f 6453 4354 6454
f 6454 4354 4346
f 4342 4344 6455
f 6455 4344 4350
f 6455 4350 6453
f 6453 4350 4352
f 6453 4352 4354
f 6456 6457 4340
f 4327 4329 6458
f 6458 4329 4332
f 6458 4332 6459
f 6459 4332 4334
f 6459 4334 6457
f 6457 4334 4338
f 6457 4338 4340
f 6460 4322 4325
f 6460 4325 6461
f 4322 6460 4318
f 4318 6460 6462
f 4318 6462 4319
f 4308 6463 4310
f 4310 6463 6464
f 4310 6464 4312
f 4312 6464 6465
f 4312 6465 4314
f 4314 6465 4305
f 4291 4293 6466
f 6466 4293 4296
f 6466 4296 6467
f 6467 4296 4298
f 6467 4298 6041
f 6041 4298 4300
f 6041 4300 4303
f 6468 4287 6469
f 6469 4287 4289
f 4276 4277 6470
f 6470 4277 4279
f 6470 4279 6471
f 6471 4279 4282
f 6471 4282 6468
f 6468 4282 4285
f 6468 4285 4287
f 6472 4272 6473
f 6473 4272 4274
f 6039 4268 6472
f 6472 4268 4271
f 6472 4271 4272
f 4263 6474 4261
f 4261 6474 6475
f 4252 4254 6476
f 6476 4254 4256
f 6476 4256 6475
f 6475 4256 4258
f 6475 4258 4261
f 6477 4247 4249
f 6477 4249 6478
f 4247 6477 4245
f 4245 6477 6479
f 4245 6479 4243
f 4234 4237 6480
f 6480 4237 4239
f 6480 4239 6479
f 6479 4239 4241
f 6479 4241 4243
f 6481 6482 4231
f 4222 4224 6483
f 6483 4224 4227
f 6483 4227 6482
f 6482 4227 4229
f 6482 4229 4231
f 4221 6484 4219
f 4219 6484 6130
f 6038 4216 6130
f 6130 4216 4217
f 6130 4217 4219
f 4215 6038 4214
f 4214 6038 6128
f 4214 6128 4213
f 4213 6128 6129
f 4213 6129 4212
f 2377 6127 6129
f 6129 6127 4211
f 6129 4211 4212
f 4206 6126 6125
f 6125 6126 2387
f 6125 2387 2386
f 4206 4205 6126
f 6126 4205 4204
f 6126 4204 6127
f 6127 4204 4210
f 6127 4210 4211
f 2147 4187 6122
f 6122 4187 4209
f 6122 4209 6124
f 6124 4209 4208
f 6124 4208 6125
f 6125 4208 4207
f 6125 4207 4206
f 4086 6086 4087
f 4087 6086 6131
f 4087 6131 2391
f 2391 6131 6132
f 2391 6132 1808
f 1808 6132 6097
f 1808 6097 1805
f 1805 6097 1813
f 4086 4091 6086
f 6086 4091 6135
f 6086 6135 5751
f 5751 6135 5748
f 4091 4090 6135
f 6135 4090 4089
f 6135 4089 6134
f 6134 4089 4088
f 6134 4088 6133
f 4094 6136 4093
f 4093 6136 6133
f 4093 6133 4092
f 4092 6133 4088
f 4094 4095 6136
f 6136 4095 6138
f 6136 6138 5734
f 5734 6138 5731
f 4082 6139 4084
f 4084 6139 6137
f 4084 6137 4085
f 4085 6137 6138
f 4085 6138 4096
f 4096 6138 4095
f 4082 4079 6139
f 6139 4079 6140
f 6139 6140 5724
f 5724 6140 5721
f 4079 4077 6140
f 6140 4077 4075
f 6140 4075 6141
f 6141 4075 4073
f 6141 4073 6142
f 4065 6143 4068
f 4068 6143 6142
f 4068 6142 4071
f 4071 6142 4073
f 4065 4063 6143
f 6143 4063 6144
f 6143 6144 5710
f 5710 6144 5707
f 4053 6146 4055
f 4055 6146 6145
f 4055 6145 4058
f 4058 6145 6144
f 4058 6144 4060
f 4060 6144 4063
f 4053 4050 6146
f 6146 4050 6084
f 6146 6084 5688
f 5688 6084 5686
f 4050 4047 6084
f 6084 4047 4045
f 6084 4045 6085
f 6085 4045 4043
f 6085 4043 6148
f 4036 6147 4033
f 4033 6147 6148
f 4033 6148 4041
f 4041 6148 4043
f 4036 4022 6147
f 6147 4022 6150
f 6147 6150 5683
f 5683 6150 5669
f 4031 6083 4029
f 4029 6083 6149
f 4029 6149 4026
f 4026 6149 6150
f 4026 6150 4024
f 4024 6150 4022
f 4031 2393 6083
f 6083 2393 6152
f 6083 6152 5674
f 5674 6152 5668
f 2393 2392 6152
f 6152 2392 4019
f 6152 4019 6153
f 6153 4019 4012
f 6153 4012 6151
f 4005 6082 4003
f 4003 6082 6151
f 4003 6151 4014
f 4014 6151 4012
f 4005 4007 6082
f 6082 4007 6154
f 6082 6154 5655
f 5655 6154 5653
f 4000 6156 3998
f 3998 6156 6155
f 3998 6155 3996
f 3996 6155 6154
f 3996 6154 4009
f 4009 6154 4007
f 4000 3991 6156
f 6156 3991 6158
f 6156 6158 5646
f 5646 6158 5645
f 3987 6081 3985
f 3985 6081 6157
f 3985 6157 3983
f 3983 6157 6158
f 3983 6158 3990
f 3990 6158 3991
f 3987 3973 6081
f 6081 3973 6160
f 6081 6160 5634
f 5634 6160 5631
f 3973 3975 6160
f 6160 3975 3977
f 6160 3977 6159
f 6159 3977 3980
f 6159 3980 6161
f 3965 6080 3970
f 3970 6080 6161
f 3970 6161 3968
f 3968 6161 3980
f 3965 3962 6080
f 6080 3962 6163
f 6080 6163 5617
f 5617 6163 5615
f 3962 3953 6163
f 6163 3953 3955
f 6163 3955 6164
f 6164 3955 3957
f 6164 3957 6162
f 3950 6079 3948
f 3948 6079 6162
f 3948 6162 3959
f 3959 6162 3957
f 3950 3937 6079
f 6079 3937 6165
f 6079 6165 5603
f 5603 6165 5601
f 3945 6167 3943
f 3943 6167 6166
f 3943 6166 3941
f 3941 6166 6165
f 3941 6165 3936
f 3936 6165 3937
f 3945 3926 6167
f 6167 3926 6168
f 6167 6168 5590
f 5590 6168 5588
f 3922 6170 3933
f 3933 6170 6169
f 3933 6169 3930
f 3930 6169 6168
f 3930 6168 3928
f 3928 6168 3926
f 3922 3924 6170
f 6170 3924 6171
f 6170 6171 5583
f 5583 6171 5576
f 3924 3917 6171
f 6171 3917 3919
f 6171 3919 6172
f 6172 3919 3914
f 6172 3914 6173
f 3911 6174 3909
f 3909 6174 6173
f 3909 6173 3907
f 3907 6173 3914
f 3911 3897 6174
f 6174 3897 6176
f 6174 6176 5563
f 5563 6176 5560
f 3892 6078 3904
f 3904 6078 6175
f 3904 6175 3901
f 3901 6175 6176
f 3901 6176 3899
f 3899 6176 3897
f 3892 3894 6078
f 6078 3894 6178
f 6078 6178 5551
f 5551 6178 5549
f 3894 3889 6178
f 6178 3889 3882
f 6178 3882 6177
f 6177 3882 3884
f 6177 3884 6180
f 3879 6179 3877
f 3877 6179 6180
f 3877 6180 3886
f 3886 6180 3884
f 3879 3872 6179
f 6179 3872 6182
f 6179 6182 5537
f 5537 6182 5535
f 3866 6183 3864
f 3864 6183 6181
f 3864 6181 3862
f 3862 6181 6182
f 3862 6182 3874
f 3874 6182 3872
f 3866 3869 6183
f 6183 3869 6184
f 6183 6184 5522
f 5522 6184 5519
f 3869 3859 6184
f 6184 3859 3852
f 6184 3852 6185
f 6185 3852 3854
f 6185 3854 6187
f 3849 6186 3847
f 3847 6186 6187
f 3847 6187 3856
f 3856 6187 3854
f 3849 3842 6186
f 6186 3842 6189
f 6186 6189 5508
f 5508 6189 5507
f 3838 6190 3836
f 3836 6190 6188
f 3836 6188 3834
f 3834 6188 6189
f 3834 6189 3841
f 3841 6189 3842
f 3838 3827 6190
f 6190 3827 6191
f 6190 6191 5495
f 5495 6191 5500
f 3827 3826 6191
f 6191 3826 3831
f 6191 3831 6192
f 6192 3831 3817
f 6192 3817 6077
f 3823 6076 3821
f 3821 6076 6077
f 3821 6077 3819
f 3819 6077 3817
f 3823 2396 6076
f 6076 2396 6193
f 6076 6193 5484
f 5484 6193 5482
f 3811 6195 3809
f 3809 6195 6194
f 3809 6194 3807
f 3807 6194 6193
f 3807 6193 2395
f 2395 6193 2396
f 3811 3795 6195
f 6195 3795 6196
f 6195 6196 5472
f 5472 6196 5470
f 3804 6198 3802
f 3802 6198 6197
f 3802 6197 3799
f 3799 6197 6196
f 3799 6196 3797
f 3797 6196 3795
f 3804 3790 6198
f 6198 3790 6199
f 6198 6199 5461
f 5461 6199 5459
f 3776 6202 3777
f 3777 6202 6201
f 3777 6201 3786
f 3786 6201 6200
f 3786 6200 3784
f 3784 6200 6199
f 3784 6199 3789
f 3789 6199 3790
f 3776 3781 6202
f 6202 3781 6203
f 6202 6203 5444
f 5444 6203 5442
f 3781 3772 6203
f 6203 3772 3774
f 6203 3774 6204
f 6204 3774 3767
f 6204 3767 6205
f 3757 6206 3764
f 3764 6206 6205
f 3764 6205 3769
f 3769 6205 3767
f 3757 3759 6206
f 6206 3759 6208
f 6206 6208 5429
f 5429 6208 5427
f 3753 6075 3751
f 3751 6075 6207
f 3751 6207 3749
f 3749 6207 6208
f 3749 6208 3761
f 3761 6208 3759
f 3753 3737 6075
f 6075 3737 6210
f 6075 6210 5417
f 5417 6210 5415
f 3746 6074 3744
f 3744 6074 6209
f 3744 6209 3741
f 3741 6209 6210
f 3741 6210 3739
f 3739 6210 3737
f 3746 3730 6074
f 6074 3730 6211
f 6074 6211 5405
f 5405 6211 5402
f 3730 3729 6211
f 6211 3729 3734
f 6211 3734 6072
f 6072 3734 3726
f 6072 3726 6073
f 3716 6212 3723
f 3723 6212 6073
f 3723 6073 3721
f 3721 6073 3726
f 3716 3718 6212
f 6212 3718 6214
f 6212 6214 5386
f 5386 6214 5383
f 3708 6215 3706
f 3706 6215 6213
f 3706 6213 3713
f 3713 6213 6214
f 3713 6214 3711
f 3711 6214 3718
f 3708 3695 6215
f 6215 3695 6216
f 6215 6216 5368
f 5368 6216 5376
f 3695 3697 6216
f 6216 3697 3699
f 6216 3699 6217
f 6217 3699 3701
f 6217 3701 6218
f 3692 6219 3690
f 3690 6219 6218
f 3690 6218 3703
f 3703 6218 3701
f 3692 2399 6219
f 6219 2399 6220
f 6219 6220 5363
f 5363 6220 5358
f 3682 6222 3680
f 3680 6222 6221
f 3680 6221 3687
f 3687 6221 6220
f 3687 6220 2398
f 2398 6220 2399
f 3682 3677 6222
f 6222 3677 6070
f 6222 6070 5348
f 5348 6070 5346
f 3677 3670 6070
f 6070 3670 3672
f 6070 3672 6071
f 6071 3672 3674
f 6071 3674 6224
f 3667 6223 3665
f 3665 6223 6224
f 3665 6224 3663
f 3663 6224 3674
f 3667 3659 6223
f 6223 3659 6225
f 6223 6225 5336
f 5336 6225 5333
f 3655 6227 3653
f 3653 6227 6226
f 3653 6226 3651
f 3651 6226 6225
f 3651 6225 3658
f 3658 6225 3659
f 3655 3641 6227
f 6227 3641 6229
f 6227 6229 5320
f 5320 6229 5325
f 3636 6230 3648
f 3648 6230 6228
f 3648 6228 3645
f 3645 6228 6229
f 3645 6229 3643
f 3643 6229 3641
f 3636 3638 6230
f 6230 3638 6231
f 6230 6231 5313
f 5313 6231 5310
f 3624 6234 3626
f 3626 6234 6233
f 3626 6233 3628
f 3628 6233 6232
f 3628 6232 3633
f 3633 6232 6231
f 3633 6231 3631
f 3631 6231 3638
f 3624 3610 6234
f 6234 3610 6236
f 6234 6236 5300
f 5300 6236 5295
f 3610 3613 6236
f 6236 3613 3615
f 6236 3615 6235
f 6235 3615 3618
f 6235 3618 6238
f 3604 6237 3605
f 3605 6237 6238
f 3605 6238 3620
f 3620 6238 3618
f 3604 3592 6237
f 6237 3592 6239
f 6237 6239 5286
f 5286 6239 5285
f 3601 6241 3599
f 3599 6241 6240
f 3599 6240 3596
f 3596 6240 6239
f 3596 6239 3594
f 3594 6239 3592
f 3601 3587 6241
f 6241 3587 6243
f 6241 6243 5271
f 5271 6243 5269
f 3577 6244 3584
f 3584 6244 6242
f 3584 6242 3582
f 3582 6242 6243
f 3582 6243 3589
f 3589 6243 3587
f 3577 3579 6244
f 6244 3579 6245
f 6244 6245 5257
f 5257 6245 5254
f 3579 3575 6245
f 6245 3575 3573
f 6245 3573 6246
f 6246 3573 3571
f 6246 3571 6248
f 3565 6247 3562
f 3562 6247 6248
f 3562 6248 3569
f 3569 6248 3571
f 3565 3557 6247
f 6247 3557 6249
f 6247 6249 5243
f 5243 6249 5240
f 3553 6251 3551
f 3551 6251 6250
f 3551 6250 3549
f 3549 6250 6249
f 3549 6249 3556
f 3556 6249 3557
f 3553 3540 6251
f 6251 3540 6252
f 6251 6252 4184
f 4184 6252 4185
f 3540 3539 6252
f 6252 3539 3544
f 6252 3544 6253
f 6253 3544 3546
f 6253 3546 6254
f 3529 6255 3536
f 3536 6255 6254
f 3536 6254 3534
f 3534 6254 3546
f 3529 3531 6255
f 6255 3531 6257
f 6255 6257 5231
f 5231 6257 5216
f 3523 6069 3521
f 3521 6069 6256
f 3521 6256 3519
f 3519 6256 6257
f 3519 6257 3526
f 3526 6257 3531
f 3523 3507 6069
f 6069 3507 6258
f 6069 6258 5209
f 5209 6258 5207
f 3507 3509 6258
f 6258 3509 3511
f 6258 3511 6259
f 6259 3511 3514
f 6259 3514 6260
f 3501 6068 3502
f 3502 6068 6260
f 3502 6260 3516
f 3516 6260 3514
f 3501 3490 6068
f 6068 3490 6261
f 6068 6261 5194
f 5194 6261 5192
f 3498 6263 3496
f 3496 6263 6262
f 3496 6262 3494
f 3494 6262 6261
f 3494 6261 3489
f 3489 6261 3490
f 3498 3484 6263
f 6263 3484 6264
f 6263 6264 5181
f 5181 6264 5178
f 3484 3486 6264
f 6264 3486 3479
f 6264 3479 6265
f 6265 3479 3481
f 6265 3481 6266
f 3473 6267 3471
f 3471 6267 6266
f 3471 6266 3476
f 3476 6266 3481
f 3473 3459 6267
f 6267 3459 6268
f 6267 6268 5165
f 5165 6268 5163
f 3468 6270 3466
f 3466 6270 6269
f 3466 6269 3463
f 3463 6269 6268
f 3463 6268 3461
f 3461 6268 3459
f 3468 3454 6270
f 6270 3454 6272
f 6270 6272 5154
f 5154 6272 5152
f 3451 6067 3446
f 3446 6067 6271
f 3446 6271 3447
f 3447 6271 6272
f 3447 6272 3456
f 3456 6272 3454
f 3451 3443 6067
f 6067 3443 6273
f 6067 6273 5142
f 5142 6273 5140
f 3443 3440 6273
f 6273 3440 3437
f 6273 3437 6274
f 6274 3437 3430
f 6274 3430 6275
f 3423 6066 3434
f 3434 6066 6275
f 3434 6275 3432
f 3432 6275 3430
f 3423 3425 6066
f 6066 3425 6276
f 6066 6276 5126
f 5126 6276 5124
f 3425 3427 6276
f 6276 3427 3416
f 6276 3416 6064
f 6064 3416 3415
f 6064 3415 6065
f 3412 6277 3410
f 3410 6277 6065
f 3410 6065 3420
f 3420 6065 3415
f 3412 3398 6277
f 6277 3398 6279
f 6277 6279 5109
f 5109 6279 5106
f 3407 6280 3405
f 3405 6280 6278
f 3405 6278 3402
f 3402 6278 6279
f 3402 6279 3400
f 3400 6279 3398
f 3407 3393 6280
f 6280 3393 6281
f 6280 6281 5099
f 5099 6281 5096
f 3385 6283 3390
f 3390 6283 6282
f 3390 6282 3388
f 3388 6282 6281
f 3388 6281 3395
f 3395 6281 3393
f 3385 3382 6283
f 6283 3382 6285
f 6283 6285 5086
f 5086 6285 5084
f 3382 3375 6285
f 6285 3375 3377
f 6285 3377 6284
f 6284 3377 3379
f 6284 3379 6287
f 3372 6286 3370
f 3370 6286 6287
f 3370 6287 3368
f 3368 6287 3379
f 3372 3363 6286
f 6286 3363 6288
f 6286 6288 5071
f 5071 6288 5069
f 3359 6290 3357
f 3357 6290 6289
f 3357 6289 3355
f 3355 6289 6288
f 3355 6288 3362
f 3362 6288 3363
f 3359 3350 6290
f 6290 3350 6291
f 6290 6291 5062
f 5062 6291 5060
f 3350 3352 6291
f 6291 3352 2402
f 6291 2402 6292
f 6292 2402 2401
f 6292 2401 6294
f 3342 6293 3348
f 3348 6293 6294
f 3348 6294 3345
f 3345 6294 2401
f 3342 3339 6293
f 6293 3339 6295
f 6293 6295 5045
f 5045 6295 5043
f 3336 6297 3334
f 3334 6297 6296
f 3334 6296 3332
f 3332 6296 6295
f 3332 6295 3330
f 3330 6295 3339
f 3336 3325 6297
f 6297 3325 6298
f 6297 6298 5035
f 5035 6298 5033
f 3325 3327 6298
f 6298 3327 3318
f 6298 3318 6299
f 6299 3318 3317
f 6299 3317 6300
f 3314 6301 3312
f 3312 6301 6300
f 3312 6300 3322
f 3322 6300 3317
f 3314 3296 6301
f 6301 3296 6302
f 6301 6302 5021
f 5021 6302 5019
f 3305 6304 3303
f 3303 6304 6303
f 3303 6303 3300
f 3300 6303 6302
f 3300 6302 3298
f 3298 6302 3296
f 3305 3307 6304
f 6304 3307 6306
f 6304 6306 5006
f 5006 6306 5004
f 3307 3309 6306
f 6306 3309 2405
f 6306 2405 6305
f 6305 2405 2404
f 6305 2404 6307
f 3288 6063 3286
f 3286 6063 6307
f 3286 6307 3293
f 3293 6307 2404
f 3288 3281 6063
f 6063 3281 6308
f 6063 6308 4991
f 4991 6308 4989
f 3278 6310 3276
f 3276 6310 6309
f 3276 6309 3274
f 3274 6309 6308
f 3274 6308 3283
f 3283 6308 3281
f 3278 3269 6310
f 6310 3269 6312
f 6310 6312 4979
f 4979 6312 4977
f 3265 6313 3263
f 3263 6313 6311
f 3263 6311 3261
f 3261 6311 6312
f 3261 6312 3268
f 3268 6312 3269
f 3265 3252 6313
f 6313 3252 6314
f 6313 6314 4963
f 4963 6314 4970
f 3252 3251 6314
f 6314 3251 3256
f 6314 3256 6315
f 6315 3256 3258
f 6315 3258 6316
f 3243 6317 3248
f 3248 6317 6316
f 3248 6316 3246
f 3246 6316 3258
f 3243 3234 6317
f 6317 3234 6318
f 6317 6318 4956
f 4956 6318 4951
f 3234 3236 6318
f 6318 3236 3238
f 6318 3238 6319
f 6319 3238 3240
f 6319 3240 6320
f 3231 6062 3229
f 3229 6062 6320
f 3229 6320 3227
f 3227 6320 3240
f 3231 3218 6062
f 6062 3218 6321
f 6062 6321 4939
f 4939 6321 4936
f 3214 6323 3224
f 3224 6323 6322
f 3224 6322 3222
f 3222 6322 6321
f 3222 6321 3217
f 3217 6321 3218
f 3214 3208 6323
f 6323 3208 6324
f 6323 6324 4925
f 4925 6324 4922
f 3202 6326 3210
f 3210 6326 6325
f 3210 6325 3211
f 3211 6325 6324
f 3211 6324 3207
f 3207 6324 3208
f 3202 3204 6326
f 6326 3204 6327
f 6326 6327 4913
f 4913 6327 4910
f 3204 3195 6327
f 6327 3195 3197
f 6327 3197 6328
f 6328 3197 3192
f 6328 3192 6329
f 3180 6330 3189
f 3189 6330 6329
f 3189 6329 3187
f 3187 6329 3192
f 3180 3182 6330
f 6330 3182 6060
f 6330 6060 4885
f 4885 6060 4886
f 3176 6059 3174
f 3174 6059 6061
f 3174 6061 3172
f 3172 6061 6060
f 3172 6060 3184
f 3184 6060 3182
f 3176 3167 6059
f 6059 3167 6332
f 6059 6332 4890
f 4890 6332 4884
f 3167 3169 6332
f 6332 3169 3160
f 6332 3160 6333
f 6333 3160 3162
f 6333 3162 6331
f 3150 6058 3157
f 3157 6058 6331
f 3157 6331 3164
f 3164 6331 3162
f 3150 3152 6058
f 6058 3152 6334
f 6058 6334 4872
f 4872 6334 4870
f 3142 6336 3147
f 3147 6336 6335
f 3147 6335 3145
f 3145 6335 6334
f 3145 6334 3154
f 3154 6334 3152
f 3142 3139 6336
f 6336 3139 6337
f 6336 6337 4860
f 4860 6337 4857
f 3139 3130 6337
f 6337 3130 3132
f 6337 3132 6338
f 6338 3132 3134
f 6338 3134 6339
f 3127 6340 3125
f 3125 6340 6339
f 3125 6339 3136
f 3136 6339 3134
f 3127 3120 6340
f 6340 3120 6341
f 6340 6341 4843
f 4843 6341 4830
f 3116 6343 3114
f 3114 6343 6342
f 3114 6342 3112
f 3112 6342 6341
f 3112 6341 3119
f 3119 6341 3120
f 3116 3109 6343
f 6343 3109 6344
f 6343 6344 4834
f 4834 6344 4828
f 3109 3102 6344
f 6344 3102 3104
f 6344 3104 6345
f 6345 3104 3106
f 6345 3106 6346
f 3099 6347 3097
f 3097 6347 6346
f 3097 6346 3095
f 3095 6346 3106
f 3099 2408 6347
f 6347 2408 6349
f 6347 6349 4815
f 4815 6349 4812
f 3089 6057 3087
f 3087 6057 6348
f 3087 6348 3085
f 3085 6348 6349
f 3085 6349 2407
f 2407 6349 2408
f 3089 3073 6057
f 6057 3073 6350
f 6057 6350 4802
f 4802 6350 4800
f 3082 6352 3080
f 3080 6352 6351
f 3080 6351 3077
f 3077 6351 6350
f 3077 6350 3075
f 3075 6350 3073
f 3082 3068 6352
f 6352 3068 6353
f 6352 6353 4792
f 4792 6353 4789
f 3068 3067 6353
f 6353 3067 3062
f 6353 3062 6354
f 6354 3062 3064
f 6354 3064 6356
f 3059 6355 3057
f 3057 6355 6356
f 3057 6356 3055
f 3055 6356 3064
f 3059 3050 6355
f 6355 3050 6357
f 6355 6357 4777
f 4777 6357 4774
f 3050 3052 6357
f 6357 3052 3045
f 6357 3045 6358
f 6358 3045 3047
f 6358 3047 6359
f 3037 6360 3042
f 3042 6360 6359
f 3042 6359 3040
f 3040 6359 3047
f 3037 3027 6360
f 6360 3027 6361
f 6360 6361 4761
f 4761 6361 4758
f 3024 6363 3034
f 3034 6363 6362
f 3034 6362 3031
f 3031 6362 6361
f 3031 6361 3029
f 3029 6361 3027
f 3024 3013 6363
f 6363 3013 6364
f 6363 6364 4749
f 4749 6364 4747
f 3021 6366 3019
f 3019 6366 6365
f 3019 6365 3017
f 3017 6365 6364
f 3017 6364 3015
f 3015 6364 3013
f 3021 3010 6366
f 6366 3010 6368
f 6366 6368 4737
f 4737 6368 4736
f 3010 3003 6368
f 6368 3003 3005
f 6368 3005 6367
f 6367 3005 3007
f 6367 3007 6369
f 2998 6056 3001
f 3001 6056 6369
f 3001 6369 3002
f 3002 6369 3007
f 2998 2995 6056
f 6056 2995 6372
f 6056 6372 4724
f 4724 6372 4722
f 2986 6370 2988
f 2988 6370 6371
f 2988 6371 2990
f 2990 6371 6372
f 2990 6372 2993
f 2993 6372 2995
f 2986 2979 6370
f 6370 2979 6374
f 6370 6374 4711
f 4711 6374 4709
f 2979 2982 6374
f 6374 2982 2970
f 6374 2970 6373
f 6373 2970 2969
f 6373 2969 6376
f 2966 6375 2976
f 2976 6375 6376
f 2976 6376 2974
f 2974 6376 2969
f 2966 2963 6375
f 6375 2963 6378
f 6375 6378 4696
f 4696 6378 4693
f 2951 6055 2960
f 2960 6055 6377
f 2960 6377 2958
f 2958 6377 6378
f 2958 6378 2956
f 2956 6378 2963
f 2951 2953 6055
f 6055 2953 6380
f 6055 6380 4686
f 4686 6380 4684
f 2953 2946 6380
f 6380 2946 2948
f 6380 2948 6381
f 6381 2948 2943
f 6381 2943 6379
f 2939 6054 2941
f 2941 6054 6379
f 2941 6379 2942
f 2942 6379 2943
f 2939 2412 6054
f 6054 2412 6382
f 6054 6382 4671
f 4671 6382 4668
f 2925 6384 2935
f 2935 6384 6383
f 2935 6383 2932
f 2932 6383 6382
f 2932 6382 2930
f 2930 6382 2412
f 2925 2927 6384
f 6384 2927 6385
f 6384 6385 4658
f 4658 6385 4655
f 2927 2920 6385
f 6385 2920 2922
f 6385 2922 6386
f 6386 2922 2917
f 6386 2917 6388
f 2907 6387 2914
f 2914 6387 6388
f 2914 6388 2912
f 2912 6388 2917
f 2907 2909 6387
f 6387 2909 6389
f 6387 6389 4643
f 4643 6389 4641
f 2901 6391 2899
f 2899 6391 6390
f 2899 6390 2897
f 2897 6390 6389
f 2897 6389 2904
f 2904 6389 2909
f 2901 2885 6391
f 6391 2885 6393
f 6391 6393 4630
f 4630 6393 4631
f 2885 2887 6393
f 6393 2887 2889
f 6393 2889 6392
f 6392 2889 2892
f 6392 2892 6395
f 2877 6394 2878
f 2878 6394 6395
f 2878 6395 2894
f 2894 6395 2892
f 2877 2882 6394
f 6394 2882 6052
f 6394 6052 4616
f 4616 6052 4613
f 2874 6051 2872
f 2872 6051 6053
f 2872 6053 2867
f 2867 6053 6052
f 2867 6052 2868
f 2868 6052 2882
f 2874 2862 6051
f 6051 2862 6396
f 6051 6396 4606
f 4606 6396 4604
f 2852 6398 2859
f 2859 6398 6397
f 2859 6397 2857
f 2857 6397 6396
f 2857 6396 2864
f 2864 6396 2862
f 2852 2854 6398
f 6398 2854 6399
f 6398 6399 4593
f 4593 6399 4590
f 2840 6402 2842
f 2842 6402 6401
f 2842 6401 2846
f 2846 6401 6400
f 2846 6400 2844
f 2844 6400 6399
f 2844 6399 2849
f 2849 6399 2854
f 2840 2838 6402
f 6402 2838 6403
f 6402 6403 4578
f 4578 6403 4575
f 2831 6405 2829
f 2829 6405 6404
f 2829 6404 2415
f 2415 6404 6403
f 2415 6403 2835
f 2835 6403 2838
f 2831 2822 6405
f 6405 2822 6049
f 6405 6049 4565
f 4565 6049 4563
f 2822 2821 6049
f 6049 2821 2826
f 6049 2826 6050
f 6050 2826 2818
f 6050 2818 6407
f 2806 6406 2815
f 2815 6406 6407
f 2815 6407 2813
f 2813 6407 2818
f 2806 2808 6406
f 6406 2808 6047
f 6406 6047 4552
f 4552 6047 4550
f 2800 6046 2802
f 2802 6046 6048
f 2802 6048 2804
f 2804 6048 6047
f 2804 6047 2810
f 2810 6047 2808
f 2800 2797 6046
f 6046 2797 6408
f 6046 6408 4543
f 4543 6408 4541
f 2797 2795 6408
f 6408 2795 2793
f 6408 2793 6409
f 6409 2793 2791
f 6409 2791 6410
f 2785 6045 2782
f 2782 6045 6410
f 2782 6410 2789
f 2789 6410 2791
f 2785 2417 6045
f 6045 2417 6411
f 6045 6411 4532
f 4532 6411 4524
f 2772 6413 2779
f 2779 6413 6412
f 2779 6412 2777
f 2777 6412 6411
f 2777 6411 2416
f 2416 6411 2417
f 2772 2769 6413
f 6413 2769 6414
f 6413 6414 4514
f 4514 6414 4511
f 2769 2762 6414
f 6414 2762 2764
f 6414 2764 6415
f 6415 2764 2766
f 6415 2766 6416
f 2754 6417 2759
f 2759 6417 6416
f 2759 6416 2757
f 2757 6416 2766
f 2754 2742 6417
f 6417 2742 6419
f 6417 6419 4501
f 4501 6419 4499
f 2751 6044 2749
f 2749 6044 6418
f 2749 6418 2746
f 2746 6418 6419
f 2746 6419 2744
f 2744 6419 2742
f 2751 2732 6044
f 6044 2732 6420
f 6044 6420 4490
f 4490 6420 4488
f 2727 6422 2739
f 2739 6422 6421
f 2739 6421 2736
f 2736 6421 6420
f 2736 6420 2734
f 2734 6420 2732
f 2727 2729 6422
f 6422 2729 6423
f 6422 6423 4477
f 4477 6423 4476
f 2713 6425 2711
f 2711 6425 6426
f 2711 6426 2718
f 2718 6426 6424
f 2718 6424 2721
f 2721 6424 6423
f 2721 6423 2724
f 2724 6423 2729
f 2713 2715 6425
f 6425 2715 6427
f 6425 6427 4463
f 4463 6427 4461
f 2715 2708 6427
f 6427 2708 2701
f 6427 2701 6428
f 6428 2701 2703
f 6428 2703 6430
f 2693 6429 2691
f 2691 6429 6430
f 2691 6430 2705
f 2705 6430 2703
f 2693 2695 6429
f 6429 2695 6432
f 6429 6432 4448
f 4448 6432 4445
f 2687 6433 2685
f 2685 6433 6431
f 2685 6431 2683
f 2683 6431 6432
f 2683 6432 2698
f 2698 6432 2695
f 2687 2680 6433
f 6433 2680 6434
f 6433 6434 4438
f 4438 6434 4435
f 2677 6436 2675
f 2675 6436 6435
f 2675 6435 2673
f 2673 6435 6434
f 2673 6434 2671
f 2671 6434 2680
f 2677 2668 6436
f 6436 2668 6438
f 6436 6438 4426
f 4426 6438 4423
f 2668 2663 6438
f 6438 2663 2665
f 6438 2665 6437
f 6437 2665 2661
f 6437 2661 6440
f 2656 6439 2659
f 2659 6439 6440
f 2659 6440 2660
f 2660 6440 2661
f 2656 2642 6439
f 6439 2642 6442
f 6439 6442 4410
f 4410 6442 4396
f 2652 6443 2650
f 2650 6443 6441
f 2650 6441 2647
f 2647 6441 6442
f 2647 6442 2645
f 2645 6442 2642
f 2652 2637 6443
f 6443 2637 6444
f 6443 6444 4395
f 4395 6444 4392
f 2637 2639 6444
f 6444 2639 2420
f 6444 2420 6445
f 6445 2420 2419
f 6445 2419 6446
f 2629 6447 2627
f 2627 6447 6446
f 2627 6446 2634
f 2634 6446 2419
f 2629 2622 6447
f 6447 2622 6449
f 6447 6449 4381
f 4381 6449 4379
f 2616 6450 2614
f 2614 6450 6448
f 2614 6448 2612
f 2612 6448 6449
f 2612 6449 2624
f 2624 6449 2622
f 2616 2619 6450
f 6450 2619 6451
f 6450 6451 4365
f 4365 6451 4372
f 2619 2609 6451
f 6451 2609 2602
f 6451 2602 6452
f 6452 2602 2604
f 6452 2604 6043
f 2599 6042 2597
f 2597 6042 6043
f 2597 6043 2606
f 2606 6043 2604
f 2599 2587 6042
f 6042 2587 6454
f 6042 6454 4345
f 4345 6454 4346
f 2582 6455 2594
f 2594 6455 6453
f 2594 6453 2591
f 2591 6453 6454
f 2591 6454 2589
f 2589 6454 2587
f 2582 2584 6455
f 6455 2584 6456
f 6455 6456 4342
f 4342 6456 4340
f 2584 2577 6456
f 6456 2577 2579
f 6456 2579 6457
f 6457 2579 2574
f 6457 2574 6459
f 2562 6458 2571
f 2571 6458 6459
f 2571 6459 2569
f 2569 6459 2574
f 2562 2564 6458
f 6458 2564 6461
f 6458 6461 4327
f 4327 6461 4325
f 2558 6462 2556
f 2556 6462 6460
f 2556 6460 2554
f 2554 6460 6461
f 2554 6461 2566
f 2566 6461 2564
f 2558 2549 6462
f 6462 2549 6463
f 6462 6463 4319
f 4319 6463 4308
f 2546 6465 2544
f 2544 6465 6464
f 2544 6464 2542
f 2542 6464 6463
f 2542 6463 2551
f 2551 6463 2549
f 2546 2539 6465
f 6465 2539 6040
f 6465 6040 4305
f 4305 6040 4303
f 2539 2532 6040
f 6040 2532 2534
f 6040 2534 6041
f 6041 2534 2536
f 6041 2536 6467
f 2524 6466 2529
f 2529 6466 6467
f 2529 6467 2527
f 2527 6467 2536
f 2524 2521 6466
f 6466 2521 6469
f 6466 6469 4291
f 4291 6469 4289
f 2521 2512 6469
f 6469 2512 2514
f 6469 2514 6468
f 6468 2514 2516
f 6468 2516 6471
f 2509 6470 2507
f 2507 6470 6471
f 2507 6471 2518
f 2518 6471 2516
f 2509 2495 6470
f 6470 2495 6473
f 6470 6473 4276
f 4276 6473 4274
f 2504 6039 2502
f 2502 6039 6472
f 2502 6472 2499
f 2499 6472 6473
f 2499 6473 2494
f 2494 6473 2495
f 2504 2491 6039
f 6039 2491 6474
f 6039 6474 4265
f 4265 6474 4263
f 2481 6476 2479
f 2479 6476 6475
f 2479 6475 2488
f 2488 6475 6474
f 2488 6474 2486
f 2486 6474 2491
f 2481 2483 6476
f 6476 2483 6478
f 6476 6478 4252
f 4252 6478 4249
f 2483 2474 6478
f 6478 2474 2476
f 6478 2476 6477
f 6477 2476 2471
f 6477 2471 6479
f 2466 6480 2464
f 2464 6480 6479
f 2464 6479 2462
f 2462 6479 2471
f 2466 2468 6480
f 6480 2468 6481
f 6480 6481 4234
f 4234 6481 4231
f 2454 6483 2452
f 2452 6483 6482
f 2452 6482 2459
f 2459 6482 6481
f 2459 6481 2457
f 2457 6481 2468
f 2454 2447 6483
f 6483 2447 6484
f 6483 6484 4222
f 4222 6484 4221
f 2447 2449 6484
f 6484 2449 2442
f 6484 2442 6130
f 6130 2442 2444
f 6130 2444 2223
f 4510 4507 2472
f 4799 2790 2792
f 5837 5834 3915
f 4267 2246 4269
f 4269 2246 4270
f 2248 4275 4273
f 2255 4284 4283
f 4284 2255 4286
f 4202 1858 4203
f 4203 1858 1860
f 4203 1860 1862
f 4202 4201 1858
f 1858 4201 4200
f 1858 4200 1843
f 1843 4200 1844
f 1844 4200 4199
f 1844 4199 1846
f 1846 4199 4198
f 1846 4198 1848
f 1848 4198 4197
f 1848 4197 1853
f 4197 4196 1853
f 1853 4196 4195
f 1853 4195 1851
f 1851 4195 4194
f 1851 4194 1842
f 1842 4194 1840
f 1840 4194 4188
f 1840 4188 1838
f 4188 4189 1838
f 1838 4189 4190
f 1838 4190 1835
f 1835 4190 4191
f 1835 4191 1829
f 1829 4191 1827
f 1827 4191 4192
f 1827 4192 1778
f 4192 4193 1778
f 1778 4193 6037
f 1778 6037 1830
f 1830 6037 6036
f 6031 1822 6033
f 6033 1822 1824
f 6033 1824 6034
f 6034 1824 1815
f 6034 1815 6035
f 6035 1815 1817
f 6035 1817 6036
f 6036 1817 1819
f 6036 1819 1830
f 6019 1802 6021
f 6021 1802 1804
f 6021 1804 6022
f 6022 1804 1811
f 6022 1811 6024
f 6024 1811 1810
f 6024 1810 6026
f 6026 1810 1809
f 6026 1809 6028
f 6028 1809 1807
f 6028 1807 6029
f 6029 1807 1806
f 6029 1806 6031
f 6031 1806 1812
f 6031 1812 1822
f 6000 1788 6001
f 6001 1788 1787
f 6001 1787 6007
f 6007 1787 1795
f 6007 1795 6008
f 6008 1795 1793
f 6008 1793 6010
f 6010 1793 1792
f 6010 1792 6012
f 6012 1792 1801
f 6012 1801 6013
f 6013 1801 1800
f 6013 1800 6015
f 6015 1800 1799
f 6015 1799 6017
f 6017 1799 1798
f 6017 1798 6019
f 6019 1798 1797
f 6019 1797 1802
f 6004 1791 6000
f 6000 1791 1790
f 6000 1790 1788
f 5993 1786 5995
f 5995 1786 1785
f 5995 1785 5997
f 5997 1785 1783
f 5997 1783 5998
f 5998 1783 1782
f 5998 1782 6003
f 6003 1782 1780
f 6003 1780 6004
f 6004 1780 1779
f 6004 1779 1791
f 4441 4439 2347
f 2347 4439 2345
f 2345 4439 4437
f 2345 4437 2343
f 2343 4437 4436
f 2343 4436 2227
f 2227 4436 4434
f 2227 4434 2334
f 2334 4434 4432
f 2334 4432 2335
f 4432 4431 2335
f 2335 4431 4429
f 2335 4429 2337
f 2337 4429 2338
f 2338 4429 4427
f 2338 4427 2339
f 2339 4427 4425
f 2339 4425 2340
f 2340 4425 4424
f 2340 4424 2330
f 2330 4424 4422
f 2330 4422 2331
f 2331 4422 4420
f 2331 4420 2332
f 4420 4419 2332
f 2332 4419 4417
f 2332 4417 2333
f 2333 4417 4415
f 2333 4415 2329
f 2329 4415 4413
f 4411 2324 4413
f 4413 2324 2328
f 4413 2328 2329
f 4409 2326 4411
f 4411 2326 2325
f 4411 2325 2324
f 4409 4408 2326
f 2326 4408 4398
f 2326 4398 2327
f 2327 4398 2319
f 2319 4398 4407
f 2319 4407 2320
f 2320 4407 2321
f 2321 4407 4406
f 2321 4406 2322
f 2322 4406 4404
f 2322 4404 2323
f 2323 4404 4402
f 2323 4402 2318
f 4402 4400 2318
f 2318 4400 4399
f 2318 4399 2317
f 2317 4399 2313
f 2313 4399 4394
f 2313 4394 2314
f 2314 4394 4393
f 2314 4393 2315
f 4393 4390 2315
f 2315 4390 4388
f 2315 4388 2316
f 2316 4388 2311
f 2311 4388 4386
f 2311 4386 2312
f 4386 4384 2312
f 2312 4384 2310
f 2310 4384 4382
f 2310 4382 2309
f 2309 4382 4380
f 2309 4380 2305
f 2305 4380 2306
f 2306 4380 4378
f 2306 4378 2307
f 2307 4378 4376
f 2307 4376 2308
f 2308 4376 4375
f 2308 4375 2228
f 2228 4375 4362
f 2228 4362 2229
f 2229 4362 4364
f 2229 4364 2302
f 2302 4364 4374
f 2302 4374 2303
f 2303 4374 2304
f 2304 4374 4373
f 2304 4373 2301
f 2301 4373 4371
f 2301 4371 2300
f 2300 4371 4369
f 2300 4369 2296
f 2296 4369 4367
f 2296 4367 2297
f 2297 4367 4366
f 2297 4366 2298
f 4366 4360 2298
f 2298 4360 4358
f 2298 4358 2299
f 2299 4358 2295
f 2295 4358 4357
f 2295 4357 2294
f 4357 4347 2294
f 2294 4347 4356
f 2294 4356 2230
f 2230 4356 2231
f 2231 4356 4355
f 2231 4355 2291
f 2291 4355 4353
f 2291 4353 2292
f 2292 4353 4351
f 2292 4351 2293
f 2293 4351 4349
f 2293 4349 2290
f 4349 4348 2290
f 2290 4348 4343
f 2290 4343 2289
f 2289 4343 4341
f 2289 4341 2288
f 2288 4341 4339
f 2288 4339 2287
f 2287 4339 4337
f 2287 4337 2281
f 2281 4337 4336
f 2281 4336 2282
f 2282 4336 4335
f 2282 4335 2283
f 2283 4335 4333
f 2283 4333 2284
f 2284 4333 4331
f 2284 4331 2285
f 2285 4331 2286
f 2286 4331 4330
f 2286 4330 2280
f 2280 4330 4328
f 2280 4328 2279
f 2279 4328 4326
f 2279 4326 2275
f 2275 4326 4324
f 2275 4324 2276
f 2276 4324 4323
f 2276 4323 2277
f 2277 4323 4321
f 2277 4321 2278
f 2278 4321 4320
f 2278 4320 2271
f 2271 4320 4317
f 2271 4317 2272
f 2272 4317 4307
f 2272 4307 2273
f 2273 4307 4309
f 2273 4309 2274
f 2274 4309 2270
f 2270 4309 4311
f 2270 4311 2269
f 2269 4311 2265
f 2265 4311 4313
f 2265 4313 2266
f 2266 4313 4315
f 2266 4315 2267
f 2267 4315 4316
f 2267 4316 2268
f 4316 4306 2268
f 2268 4306 4304
f 2268 4304 2261
f 2261 4304 4302
f 2261 4302 2262
f 2262 4302 4301
f 2262 4301 2263
f 2263 4301 4299
f 2263 4299 2264
f 4294 2259 4295
f 4295 2259 2264
f 4295 2264 4297
f 4297 2264 4299
f 2255 2254 4286
f 4286 2254 2233
f 4286 2233 4288
f 4288 2233 2232
f 4288 2232 4290
f 4290 2232 2257
f 4290 2257 4292
f 4292 2257 2258
f 4292 2258 4294
f 4294 2258 2260
f 4294 2260 2259
f 2248 2249 4275
f 4275 2249 2253
f 4275 2253 4278
f 4278 2253 2252
f 4278 2252 4280
f 4280 2252 2251
f 4280 2251 4281
f 4281 2251 2250
f 4281 2250 4283
f 4283 2250 2256
f 4283 2256 2255
f 4270 2246 2245
f 4270 2245 4273
f 4273 2245 2244
f 4273 2244 2248
f 4264 2242 4266
f 4266 2242 2243
f 4266 2243 4267
f 4267 2243 2247
f 4267 2247 2246
f 4264 4262 2242
f 2242 4262 4260
f 2242 4260 2241
f 2241 4260 4259
f 2241 4259 2240
f 4259 4257 2240
f 2240 4257 4255
f 2240 4255 2239
f 2239 4255 4253
f 2239 4253 2238
f 2238 4253 2234
f 2234 4253 4251
f 2234 4251 2235
f 2235 4251 4250
f 2235 4250 2236
f 4250 4248 2236
f 2236 4248 4246
f 2236 4246 2237
f 2237 4246 4244
f 2237 4244 2120
f 2120 4244 4242
f 2120 4242 4240
f 4238 2123 4240
f 4240 2123 2121
f 4240 2121 2120
f 4238 4236 2123
f 2123 4236 4235
f 2123 4235 2124
f 4235 4233 2124
f 2124 4233 4232
f 2124 4232 2119
f 2119 4232 4230
f 2119 4230 2117
f 2117 4230 4228
f 2117 4228 2109
f 4228 4226 2109
f 2109 4226 4225
f 2109 4225 2110
f 2110 4225 4223
f 2110 4223 2112
f 2112 4223 4220
f 2112 4220 2113
f 2113 4220 4218
f 2113 4218 2104
f 4076 4078 5982
f 5982 4078 4080
f 5982 4080 5992
f 5992 4080 4081
f 5992 4081 5993
f 5993 4081 4083
f 5993 4083 1786
f 5982 5991 4076
f 4076 5991 5990
f 4076 5990 4074
f 4074 5990 5988
f 4066 4067 5983
f 5983 4067 4069
f 5983 4069 5984
f 5984 4069 4070
f 5984 4070 5986
f 5986 4070 4072
f 5986 4072 5988
f 5988 4072 4074
f 5983 5978 4066
f 4066 5978 5977
f 4066 5977 4064
f 4064 5977 5973
f 4064 5973 4062
f 4062 5973 5972
f 4054 4056 5970
f 5970 4056 4057
f 5970 4057 5975
f 5975 4057 4059
f 5975 4059 5972
f 5972 4059 4061
f 5972 4061 4062
f 5970 5968 4054
f 4054 5968 5967
f 4054 5967 4052
f 4052 5967 5965
f 4052 5965 4051
f 4051 5965 5963
f 4051 5963 4049
f 4049 5963 4048
f 4048 5963 5961
f 4048 5961 4046
f 4046 5961 5959
f 4046 5959 4044
f 4044 5959 5957
f 4044 5957 4042
f 4042 5957 5956
f 4042 5956 4040
f 4040 5956 5954
f 4040 5954 4034
f 4034 5954 5952
f 4034 5952 4035
f 4035 5952 4037
f 4037 5952 5950
f 4037 5950 4038
f 4038 5950 5948
f 4038 5948 4039
f 4039 5948 5947
f 4039 5947 4023
f 4023 5947 5945
f 4023 5945 4025
f 4025 5945 5943
f 4025 5943 4027
f 4027 5943 5941
f 4027 5941 4028
f 4028 5941 5939
f 4028 5939 4030
f 4030 5939 4032
f 4032 5939 5938
f 4032 5938 2394
f 2394 5938 5936
f 2394 5936 5935
f 2394 5935 4017
f 4017 5935 5933
f 4017 5933 4018
f 4018 5933 5931
f 4018 5931 4020
f 4020 5931 5929
f 4020 5929 4021
f 4021 5929 4013
f 4013 5929 5927
f 4013 5927 4015
f 5927 5925 4015
f 4015 5925 5924
f 4015 5924 4016
f 4016 5924 5922
f 4016 5922 4004
f 4004 5922 4006
f 4006 5922 5920
f 4006 5920 4008
f 4008 5920 5919
f 4008 5919 4010
f 4010 5919 5917
f 4010 5917 4011
f 5917 5915 4011
f 4011 5915 5913
f 4011 5913 3997
f 3997 5913 5911
f 3994 3993 5906
f 5906 3993 3992
f 5906 3992 5907
f 5907 3992 4002
f 5907 4002 5909
f 5909 4002 4001
f 5909 4001 5911
f 5911 4001 3999
f 5911 3999 3997
f 5906 5904 3994
f 3994 5904 5903
f 3994 5903 3995
f 3995 5903 5901
f 3976 3974 5895
f 5895 3974 3989
f 5895 3989 5897
f 5897 3989 3988
f 5897 3988 5899
f 5899 3988 3986
f 5899 3986 5901
f 5901 3986 3984
f 5901 3984 3995
f 5895 5894 3976
f 3976 5894 5892
f 3976 5892 3978
f 3978 5892 5890
f 3978 5890 3979
f 3979 5890 5888
f 3972 3971 5885
f 5885 3971 3969
f 5885 3969 5886
f 5886 3969 3982
f 5886 3982 5888
f 5888 3982 3981
f 5888 3981 3979
f 5885 5883 3972
f 3972 5883 5882
f 3972 5882 3966
f 3966 5882 5880
f 3966 5880 3967
f 3967 5880 5877
f 3967 5877 3963
f 3963 5877 3964
f 3964 5877 3954
f 3954 5877 5875
f 3954 5875 3956
f 3956 5875 5873
f 3956 5873 3958
f 3958 5873 3960
f 3960 5873 5871
f 3960 5871 3961
f 3961 5871 5869
f 3961 5869 3949
f 3949 5869 3951
f 3951 5869 5867
f 3951 5867 3952
f 3952 5867 5865
f 3952 5865 3938
f 3938 5865 5864
f 3938 5864 3939
f 3939 5864 3940
f 3940 5864 5862
f 3940 5862 3942
f 3942 5862 5860
f 3942 5860 3944
f 3944 5860 5858
f 3944 5858 3946
f 3946 5858 5856
f 3946 5856 3947
f 3947 5856 5854
f 3947 5854 3927
f 3927 5854 3929
f 3929 5854 5853
f 3929 5853 3931
f 5853 5851 3931
f 3931 5851 5849
f 3931 5849 3932
f 3932 5849 5847
f 3932 5847 3934
f 3934 5847 3935
f 3935 5847 5845
f 3935 5845 3923
f 3923 5845 5844
f 3923 5844 3925
f 3925 5844 5842
f 3925 5842 3918
f 5842 5840 3918
f 3918 5840 5839
f 3918 5839 3920
f 3920 5839 5837
f 3920 5837 3921
f 3921 5837 3915
f 5832 3908 5834
f 5834 3908 3916
f 5834 3916 3915
f 5811 3913 5830
f 5830 3913 3912
f 5830 3912 5832
f 5832 3912 3910
f 5832 3910 3908
f 3906 3905 5828
f 5828 3905 3903
f 5828 3903 5815
f 5815 3903 3902
f 5815 3902 5816
f 5816 3902 3900
f 5816 3900 5811
f 5811 3900 3898
f 5811 3898 3913
f 3906 5828 5826
f 3906 5826 3893
f 3893 5826 5824
f 3893 5824 3895
f 3895 5824 3896
f 3896 5824 3890
f 3890 5824 5822
f 3890 5822 3891
f 3891 5822 5820
f 3891 5820 3883
f 3883 5820 5818
f 3883 5818 3885
f 3885 5818 5817
f 3885 5817 3887
f 3887 5817 5809
f 3887 5809 3888
f 3888 5809 5807
f 3888 5807 3878
f 3878 5807 5805
f 3878 5805 3880
f 3880 5805 5803
f 3880 5803 3881
f 3881 5803 5802
f 3881 5802 3873
f 3873 5802 3875
f 3875 5802 5800
f 3875 5800 3876
f 5800 5798 3876
f 3876 5798 5797
f 3876 5797 3863
f 3863 5797 5794
f 3860 3871 5789
f 5789 3871 3870
f 5789 3870 5791
f 5791 3870 3868
f 5791 3868 5792
f 5792 3868 3867
f 5792 3867 5794
f 5794 3867 3865
f 5794 3865 3863
f 5789 5787 3860
f 3860 5787 5786
f 3860 5786 3861
f 3861 5786 5784
f 3850 3848 5779
f 5779 3848 3858
f 5779 3858 5780
f 5780 3858 3857
f 5780 3857 5782
f 5782 3857 3855
f 5782 3855 5784
f 5784 3855 3853
f 5784 3853 3861
f 5779 5777 3850
f 3850 5777 5776
f 3850 5776 3851
f 3851 5776 5773
f 3851 5773 3843
f 3843 5773 5766
f 3837 3835 5772
f 5772 3835 3846
f 5772 3846 5768
f 5768 3846 3845
f 5768 3845 5766
f 5766 3845 3844
f 5766 3844 3843
f 5772 5771 3837
f 3837 5771 5770
f 3837 5770 3839
f 3839 5770 5764
f 3839 5764 3840
f 3840 5764 5762
f 3840 5762 3828
f 3828 5762 3829
f 3829 5762 5760
f 3829 5760 3830
f 3830 5760 5759
f 3830 5759 3832
f 3832 5759 5757
f 3832 5757 3833
f 3833 5757 5756
f 3833 5756 3818
f 3818 5756 5754
f 3818 5754 3820
f 3820 5754 5752
f 3820 5752 3822
f 3822 5752 3824
f 3824 5752 5750
f 3824 5750 3825
f 3825 5750 5749
f 3825 5749 2397
f 2397 5749 5747
f 2397 5747 3814
f 3814 5747 5746
f 3814 5746 3815
f 3815 5746 5744
f 3815 5744 3816
f 3816 5744 5742
f 3816 5742 3808
f 3808 5742 5740
f 3808 5740 3810
f 3810 5740 3812
f 3812 5740 5738
f 3812 5738 3813
f 3813 5738 5736
f 3813 5736 3796
f 3796 5736 3798
f 3798 5736 5735
f 3798 5735 3800
f 5735 5733 3800
f 3800 5733 5732
f 3800 5732 3801
f 3801 5732 5730
f 3801 5730 3803
f 3803 5730 3805
f 3805 5730 5728
f 3805 5728 3806
f 3806 5728 5726
f 3806 5726 3791
f 3791 5726 3792
f 3792 5726 5725
f 3792 5725 3793
f 5725 5723 3793
f 3793 5723 5722
f 3793 5722 3794
f 3794 5722 5720
f 5714 3778 5716
f 5716 3778 3788
f 5716 3788 5718
f 5718 3788 3787
f 5718 3787 5720
f 5720 3787 3785
f 5720 3785 3794
f 3773 3783 5711
f 5711 3783 3782
f 5711 3782 5713
f 5713 3782 3780
f 5713 3780 5714
f 5714 3780 3779
f 5714 3779 3778
f 5711 5709 3773
f 3773 5709 5708
f 3773 5708 3775
f 3775 5708 5706
f 3766 3765 5700
f 5700 3765 3771
f 5700 3771 5702
f 5702 3771 3770
f 5702 3770 5704
f 5704 3770 3768
f 5704 3768 5706
f 5706 3768 3775
f 5700 5699 3766
f 3766 5699 5689
f 3766 5689 3758
f 3758 5689 5687
f 3758 5687 3760
f 3760 5687 5698
f 3760 5698 3762
f 3762 5698 5697
f 3762 5697 3763
f 3763 5697 5695
f 3763 5695 3750
f 3750 5695 5693
f 3740 3738 5684
f 5684 3738 3756
f 5684 3756 5690
f 5690 3756 3755
f 5690 3755 5691
f 5691 3755 3754
f 5691 3754 5693
f 5693 3754 3752
f 5693 3752 3750
f 5684 5682 3740
f 3740 5682 5681
f 3740 5681 3742
f 3742 5681 5671
f 3742 5671 3743
f 3743 5671 5680
f 3743 5680 3745
f 3745 5680 5679
f 3745 5679 3747
f 3747 5679 5677
f 3747 5677 3748
f 3748 5677 5675
f 3748 5675 3731
f 3731 5675 5673
f 3731 5673 3732
f 3732 5673 3733
f 3733 5673 5672
f 3733 5672 3735
f 3735 5672 5667
f 3735 5667 3736
f 3736 5667 5666
f 3736 5666 3727
f 3727 5666 5662
f 3727 5662 3728
f 3728 5662 5661
f 3728 5661 3722
f 3722 5661 5664
f 3722 5664 3724
f 3724 5664 3725
f 3725 5664 5659
f 3725 5659 3717
f 5659 5657 3717
f 3717 5657 5656
f 3717 5656 3719
f 3719 5656 5654
f 3719 5654 3720
f 3720 5654 3712
f 3712 5654 5652
f 3712 5652 3714
f 3714 5652 5650
f 3714 5650 3715
f 3715 5650 3707
f 3707 5650 5648
f 3707 5648 3709
f 5648 5647 3709
f 3709 5647 4183
f 3709 4183 3710
f 3710 4183 5642
f 3710 5642 3696
f 3696 5642 3698
f 3698 5642 5644
f 3698 5644 3700
f 3700 5644 5643
f 3700 5643 3702
f 5643 5640 3702
f 3702 5640 5639
f 3702 5639 3704
f 3704 5639 5637
f 3704 5637 3705
f 3705 5637 5635
f 3705 5635 3691
f 3691 5635 3693
f 3693 5635 5633
f 3693 5633 3694
f 3694 5633 5632
f 3694 5632 2400
f 2400 5632 5630
f 2400 5630 3685
f 3685 5630 5628
f 3685 5628 3686
f 3686 5628 5626
f 3686 5626 3688
f 3688 5626 5624
f 3688 5624 3689
f 3689 5624 3681
f 3681 5624 5623
f 3681 5623 3683
f 3683 5623 5621
f 3683 5621 3684
f 3684 5621 5619
f 3684 5619 3678
f 3678 5619 5618
f 3678 5618 3679
f 3679 5618 5616
f 3679 5616 3671
f 3671 5616 5614
f 3671 5614 3673
f 3673 5614 5613
f 3673 5613 3675
f 3675 5613 3676
f 3676 5613 5611
f 3676 5611 3664
f 3664 5611 5609
f 3664 5609 3666
f 3666 5609 5608
f 3666 5608 3668
f 3668 5608 5606
f 3668 5606 3669
f 3669 5606 5604
f 3669 5604 3660
f 3660 5604 5602
f 3660 5602 3661
f 3661 5602 3662
f 3662 5602 5600
f 3662 5600 3652
f 3652 5600 5598
f 3652 5598 3654
f 3654 5598 5596
f 3654 5596 3656
f 5596 5595 3656
f 3656 5595 5593
f 3656 5593 3657
f 3657 5593 5591
f 3650 3649 5585
f 5585 3649 3647
f 5585 3647 5587
f 5587 3647 3646
f 5587 3646 5589
f 5589 3646 3644
f 5589 3644 5591
f 5591 3644 3642
f 5591 3642 3657
f 5585 5584 3650
f 3650 5584 5579
f 3650 5579 3637
f 3637 5579 5581
f 3629 3635 5575
f 5575 3635 3634
f 5575 3634 5577
f 5577 3634 3632
f 5577 3632 5578
f 5578 3632 3640
f 5578 3640 5581
f 5581 3640 3639
f 5581 3639 3637
f 5575 5573 3629
f 3629 5573 5572
f 3629 5572 3630
f 3630 5572 5570
f 3630 5570 3627
f 3627 5570 5568
f 3614 3612 5564
f 5564 3612 3611
f 5564 3611 5566
f 5566 3611 3623
f 5566 3623 5568
f 5568 3623 3625
f 5568 3625 3627
f 5564 5562 3614
f 3614 5562 5561
f 3614 5561 3616
f 3616 5561 5559
f 3616 5559 3617
f 3617 5559 5557
f 3608 3607 5552
f 5552 3607 3606
f 5552 3606 5554
f 5554 3606 3622
f 5554 3622 5555
f 5555 3622 3621
f 5555 3621 5557
f 5557 3621 3619
f 5557 3619 3617
f 5552 5550 3608
f 3608 5550 5548
f 3608 5548 3609
f 3609 5548 5546
f 3609 5546 3593
f 3593 5546 3595
f 3595 5546 3597
f 3597 5546 5544
f 3597 5544 3598
f 3598 5544 5541
f 3598 5541 3600
f 3600 5541 3602
f 3602 5541 5540
f 3602 5540 3603
f 3603 5540 5538
f 3603 5538 3588
f 3588 5538 3590
f 3590 5538 5536
f 3590 5536 3591
f 3591 5536 5534
f 3591 5534 3583
f 3583 5534 5532
f 3583 5532 3585
f 3585 5532 5531
f 3585 5531 3586
f 3586 5531 5529
f 3586 5529 3578
f 3578 5529 5527
f 3578 5527 3580
f 3580 5527 5526
f 3580 5526 3581
f 3581 5526 5524
f 3581 5524 3576
f 3576 5524 5523
f 3576 5523 3574
f 5523 5521 3574
f 3574 5521 5520
f 3574 5520 3572
f 3572 5520 5518
f 5514 3563 5516
f 5516 3563 3568
f 5516 3568 5518
f 5518 3568 3570
f 5518 3570 3572
f 3550 3561 5506
f 5506 3561 3560
f 5506 3560 5509
f 5509 3560 3559
f 5509 3559 5511
f 5511 3559 3558
f 5511 3558 3567
f 5511 3567 5513
f 5513 3567 3566
f 5513 3566 5514
f 5514 3566 3564
f 5514 3564 3563
f 3550 5506 3552
f 3552 5506 5504
f 3552 5504 3554
f 5504 5503 3554
f 3554 5503 5492
f 3554 5492 3555
f 3555 5492 5494
f 3555 5494 3541
f 3541 5494 3542
f 5494 5502 3542
f 3542 5502 5501
f 3542 5501 3543
f 3543 5501 5499
f 3543 5499 3545
f 3545 5499 5497
f 3538 3537 5490
f 5490 3537 3535
f 5490 3535 5496
f 5496 3535 3548
f 5496 3548 5497
f 5497 3548 3547
f 5497 3547 3545
f 5490 5488 3538
f 3538 5488 5486
f 3538 5486 3530
f 3530 5486 5485
f 3530 5485 3532
f 3532 5485 3533
f 3533 5485 3527
f 3527 5485 5483
f 3527 5483 3528
f 5483 5480 3528
f 3528 5480 3520
f 3520 5480 5479
f 3520 5479 3522
f 3522 5479 3524
f 3524 5479 5477
f 3524 5477 3525
f 3525 5477 5475
f 3525 5475 3508
f 3508 5475 3510
f 3510 5475 5473
f 3510 5473 3512
f 5473 5471 3512
f 3512 5471 5469
f 3512 5469 3513
f 3513 5469 5468
f 3513 5468 3515
f 3515 5468 3517
f 3517 5468 5466
f 3517 5466 3518
f 3518 5466 5464
f 3518 5464 3503
f 3503 5464 3504
f 3504 5464 5462
f 3504 5462 3505
f 5462 5460 3505
f 3505 5460 5458
f 3505 5458 3506
f 3506 5458 5457
f 3506 5457 3491
f 3491 5457 3492
f 5457 5455 3492
f 3492 5455 5454
f 3492 5454 3493
f 3493 5454 5452
f 3493 5452 3495
f 3495 5452 5450
f 3487 3485 5446
f 5446 3485 3500
f 5446 3500 5448
f 5448 3500 3499
f 5448 3499 5450
f 5450 3499 3497
f 5450 3497 3495
f 5446 5445 3487
f 3487 5445 5443
f 3487 5443 3488
f 3488 5443 5441
f 3488 5441 3480
f 3480 5441 5439
f 3480 5439 3482
f 3482 5439 3483
f 3483 5439 5438
f 3483 5438 3477
f 3477 5438 5436
f 3477 5436 3478
f 3478 5436 5434
f 3478 5434 3472
f 3472 5434 5433
f 3472 5433 3474
f 3474 5433 5431
f 3474 5431 3475
f 3475 5431 5428
f 3475 5428 3460
f 3460 5428 3462
f 3462 5428 5426
f 3462 5426 3464
f 3464 5426 5425
f 3464 5425 3465
f 3465 5425 5423
f 3465 5423 3467
f 3467 5423 5422
f 3467 5422 3469
f 3469 5422 5420
f 3469 5420 3470
f 3470 5420 5418
f 3470 5418 3455
f 3455 5418 3457
f 3457 5418 5416
f 3457 5416 3458
f 3458 5416 5414
f 3458 5414 3448
f 3448 5414 5413
f 3448 5413 3449
f 3449 5413 5411
f 3449 5411 3450
f 3450 5411 5409
f 3450 5409 3452
f 3452 5409 5407
f 3452 5407 3453
f 3453 5407 5406
f 3453 5406 3444
f 3444 5406 3445
f 3445 5406 5404
f 3445 5404 3441
f 3441 5404 5403
f 3441 5403 3442
f 3442 5403 5401
f 3442 5401 3438
f 3438 5401 5400
f 3438 5400 3439
f 3439 5400 5398
f 3439 5398 3431
f 3431 5398 5396
f 3431 5396 3433
f 3433 5396 5394
f 3433 5394 3435
f 3435 5394 3436
f 3436 5394 5392
f 3436 5392 3424
f 5392 5390 3424
f 3424 5390 5389
f 3424 5389 3426
f 3426 5389 5387
f 3426 5387 3428
f 3428 5387 3429
f 5387 5385 3429
f 3429 5385 5384
f 3429 5384 3417
f 3417 5384 5382
f 3413 3411 5369
f 5369 3411 3422
f 5369 3422 5379
f 5379 3422 3421
f 5379 3421 5380
f 5380 3421 3419
f 5380 3419 5382
f 5382 3419 3418
f 5382 3418 3417
f 5369 5378 3413
f 3413 5378 5377
f 3413 5377 3414
f 3414 5377 5375
f 3408 3406 5370
f 5370 3406 3404
f 5370 3404 5371
f 5371 3404 3403
f 5371 3403 5373
f 5373 3403 3401
f 5373 3401 5375
f 5375 3401 3399
f 5375 3399 3414
f 5370 5365 3408
f 3408 5365 5364
f 3408 5364 3409
f 3409 5364 5361
f 3409 5361 3394
f 3394 5361 5360
f 3392 3391 5357
f 5357 3391 3389
f 5357 3389 5359
f 5359 3389 3397
f 5359 3397 5360
f 5360 3397 3396
f 5360 3396 3394
f 5357 5355 3392
f 3392 5355 5354
f 3392 5354 3386
f 3386 5354 5352
f 3386 5352 3387
f 3387 5352 5350
f 3381 3380 5345
f 5345 3380 3378
f 5345 3378 5347
f 5347 3378 3376
f 5347 3376 5349
f 5349 3376 3384
f 5349 3384 5350
f 5350 3384 3383
f 5350 3383 3387
f 3381 5345 5343
f 3381 5343 3369
f 3369 5343 5341
f 3369 5341 3371
f 3371 5341 3373
f 3373 5341 5339
f 3373 5339 3374
f 3374 5339 5337
f 3374 5337 3364
f 3364 5337 5335
f 3364 5335 3365
f 3365 5335 3366
f 3366 5335 5334
f 3366 5334 3367
f 3367 5334 5332
f 3367 5332 3356
f 3356 5332 5331
f 3356 5331 3358
f 3358 5331 5328
f 3358 5328 3360
f 3360 5328 5317
f 3360 5317 3361
f 3361 5317 5319
f 3361 5319 3351
f 3351 5319 3353
f 3353 5319 5327
f 3353 5327 3354
f 3354 5327 5326
f 3354 5326 2403
f 2403 5326 5324
f 2403 5324 3346
f 3346 5324 5322
f 3346 5322 3347
f 3347 5322 5321
f 3347 5321 5316
f 3347 5316 3349
f 3349 5316 5314
f 3349 5314 3343
f 5314 5312 3343
f 3343 5312 5311
f 3343 5311 3344
f 3344 5311 5309
f 3337 3335 5304
f 5304 3335 3333
f 5304 3333 5305
f 5305 3333 3331
f 5305 3331 5307
f 5307 3331 3341
f 5307 3341 5309
f 5309 3341 3340
f 5309 3340 3344
f 5304 5302 3337
f 3337 5302 5301
f 3337 5301 3338
f 3338 5301 5297
f 5293 3319 5299
f 5299 3319 3329
f 5299 3329 5296
f 5296 3329 3328
f 5296 3328 5297
f 5297 3328 3326
f 5297 3326 3338
f 5282 3316 5281
f 5281 3316 3315
f 5281 3315 5287
f 5287 3315 3313
f 5287 3313 5288
f 5288 3313 3324
f 5288 3324 5290
f 5290 3324 3323
f 5290 3323 5291
f 5291 3323 3321
f 5291 3321 5293
f 5293 3321 3320
f 5293 3320 3319
f 5260 3295 5261
f 5261 3295 3294
f 5261 3294 5263
f 5263 3294 3292
f 5263 3292 5265
f 5265 3292 3291
f 5265 3291 5266
f 5266 3291 2406
f 5266 2406 5268
f 5268 2406 3311
f 5268 3311 5270
f 5270 3311 3310
f 5270 3310 5272
f 5272 3310 3308
f 5272 3308 5274
f 5274 3308 3306
f 5274 3306 5276
f 5276 3306 3304
f 5276 3304 5277
f 5277 3304 3302
f 5277 3302 5283
f 5283 3302 3301
f 5283 3301 5284
f 5284 3301 3299
f 5284 3299 5282
f 5282 3299 3297
f 5282 3297 3316
f 5249 3275 5251
f 5251 3275 3285
f 5251 3285 5253
f 5253 3285 3284
f 5253 3284 5255
f 5255 3284 3282
f 5255 3282 5256
f 5256 3282 3290
f 5256 3290 5258
f 5258 3290 3289
f 5258 3289 5260
f 5260 3289 3287
f 5260 3287 3295
f 3272 3271 5244
f 5244 3271 3270
f 5244 3270 5245
f 5245 3270 3280
f 5245 3280 5247
f 5247 3280 3279
f 5247 3279 5249
f 5249 3279 3277
f 5249 3277 3275
f 5244 5242 3272
f 3272 5242 5241
f 3272 5241 3273
f 3273 5241 5239
f 3254 3253 5233
f 5233 3253 3267
f 5233 3267 5235
f 5235 3267 3266
f 5235 3266 5237
f 5237 3266 3264
f 5237 3264 5239
f 5239 3264 3262
f 5239 3262 3273
f 5233 5232 3254
f 3254 5232 4186
f 3254 4186 3255
f 3255 4186 5221
f 3255 5221 3257
f 3257 5221 5223
f 3257 5223 3259
f 5225 3247 5223
f 5223 3247 3260
f 5223 3260 3259
f 3237 3235 5215
f 5215 3235 3245
f 5215 3245 5229
f 5229 3245 3244
f 5229 3244 5227
f 5227 3244 3250
f 5227 3250 5225
f 5225 3250 3249
f 5225 3249 3247
f 3237 5215 3239
f 3239 5215 5217
f 3239 5217 3241
f 5217 5219 3241
f 3241 5219 5220
f 3241 5220 3242
f 3242 5220 5213
f 3242 5213 3228
f 3228 5213 5211
f 3228 5211 3230
f 3230 5211 5210
f 3230 5210 3232
f 3232 5210 5208
f 3232 5208 3233
f 3233 5208 5206
f 3233 5206 3219
f 3219 5206 5204
f 3219 5204 3220
f 3220 5204 3221
f 3221 5204 5202
f 3221 5202 3223
f 3223 5202 5201
f 3223 5201 3225
f 3225 5201 5199
f 3225 5199 3226
f 3226 5199 5197
f 3226 5197 3215
f 3215 5197 5195
f 3215 5195 3216
f 3216 5195 5193
f 3216 5193 3209
f 3209 5193 3213
f 3213 5193 5191
f 3213 5191 3212
f 3212 5191 5189
f 3212 5189 3200
f 3200 5189 3201
f 3201 5189 5187
f 3201 5187 3203
f 5187 5185 3203
f 3203 5185 5184
f 3203 5184 3205
f 3205 5184 5182
f 3205 5182 3206
f 3206 5182 3196
f 5182 5180 3196
f 3196 5180 5179
f 3196 5179 3198
f 3198 5179 5177
f 3191 3190 5171
f 5171 3190 3188
f 5171 3188 5173
f 5173 3188 3194
f 5173 3194 5175
f 5175 3194 3193
f 5175 3193 5177
f 5177 3193 3199
f 5177 3199 3198
f 5171 5170 3191
f 3191 5170 5168
f 3191 5168 3181
f 3181 5168 5166
f 3181 5166 3183
f 3183 5166 5164
f 3183 5164 3185
f 3177 3175 5162
f 5162 3175 3173
f 5162 3173 5164
f 5164 3173 3186
f 5164 3186 3185
f 5162 5160 3177
f 3177 5160 5158
f 3177 5158 3178
f 3178 5158 5157
f 3178 5157 3179
f 3179 5157 5155
f 3179 5155 3168
f 3168 5155 5153
f 3168 5153 3170
f 3170 5153 5151
f 3170 5151 3171
f 3171 5151 5149
f 3171 5149 3161
f 3161 5149 3163
f 3163 5149 5147
f 3163 5147 3165
f 3165 5147 5146
f 3165 5146 3166
f 3166 5146 5144
f 3166 5144 3158
f 3158 5144 5143
f 3158 5143 3159
f 3159 5143 5141
f 3159 5141 3151
f 3151 5141 5139
f 3151 5139 3153
f 3153 5139 5137
f 3153 5137 3155
f 3155 5137 3156
f 3156 5137 5135
f 3156 5135 3146
f 3146 5135 5133
f 3146 5133 3148
f 3148 5133 5132
f 3148 5132 3149
f 3149 5132 5130
f 3149 5130 3143
f 3143 5130 5128
f 3143 5128 3144
f 3144 5128 5127
f 3144 5127 3140
f 3140 5127 3141
f 3141 5127 5125
f 3141 5125 3131
f 5125 5123 3131
f 3131 5123 5121
f 3131 5121 3133
f 3133 5121 5119
f 5115 3138 5117
f 5117 3138 3137
f 5117 3137 5119
f 5119 3137 3135
f 5119 3135 3133
f 3123 3122 5110
f 5110 3122 3121
f 5110 3121 5111
f 5111 3121 3129
f 5111 3129 5113
f 5113 3129 3128
f 5113 3128 5115
f 5115 3128 3126
f 5115 3126 3138
f 5110 5108 3123
f 3123 5108 5107
f 3123 5107 3124
f 3124 5107 5105
f 3111 3110 5100
f 5100 3110 3118
f 5100 3118 5101
f 5101 3118 3117
f 5101 3117 5103
f 5103 3117 3115
f 5103 3115 5105
f 5105 3115 3113
f 5105 3113 3124
f 5100 5098 3111
f 3111 5098 5097
f 3111 5097 3103
f 3103 5097 5095
f 3103 5095 3105
f 3105 5095 5093
f 3100 3098 5090
f 5090 3098 3096
f 5090 3096 5091
f 5091 3096 3108
f 5091 3108 5093
f 5093 3108 3107
f 5093 3107 3105
f 5090 5088 3100
f 3100 5088 5087
f 3100 5087 3101
f 3101 5087 5085
f 3101 5085 2409
f 2409 5085 5082
f 2409 5082 3092
f 3092 5082 3093
f 3093 5082 5081
f 3093 5081 3094
f 3094 5081 5079
f 3094 5079 3086
f 3086 5079 5077
f 3086 5077 3088
f 3088 5077 5076
f 3088 5076 3090
f 3090 5076 5074
f 3090 5074 3091
f 3091 5074 5072
f 3091 5072 3074
f 3074 5072 3076
f 3076 5072 5070
f 3076 5070 3078
f 3078 5070 5068
f 3078 5068 3079
f 3079 5068 5067
f 3079 5067 3081
f 3081 5067 3083
f 3083 5067 5057
f 3083 5057 3084
f 3084 5057 5066
f 3084 5066 3069
f 3069 5066 5065
f 3069 5065 3070
f 3070 5065 5063
f 3070 5063 3071
f 3071 5063 5061
f 3071 5061 3072
f 3072 5061 5059
f 3072 5059 3063
f 3063 5059 3065
f 3065 5059 5058
f 3065 5058 3066
f 5058 5053 3066
f 3066 5053 5052
f 3066 5052 3056
f 3056 5052 5050
f 3051 3061 5048
f 5048 3061 3060
f 5048 3060 5050
f 5050 3060 3058
f 5050 3058 3056
f 3051 5048 3053
f 3053 5048 5046
f 3053 5046 3054
f 5046 5044 3054
f 3054 5044 3046
f 3046 5044 5042
f 3038 3044 5036
f 5036 3044 3043
f 5036 3043 5038
f 5038 3043 3041
f 5038 3041 5040
f 5040 3041 3049
f 5040 3049 5042
f 5042 3049 3048
f 5042 3048 3046
f 5036 5034 3038
f 3038 5034 5032
f 3038 5032 3039
f 3039 5032 5031
f 3039 5031 3028
f 3028 5031 3030
f 5031 5029 3030
f 3030 5029 5028
f 3030 5028 3032
f 3032 5028 5014
f 3032 5014 3033
f 3033 5014 5027
f 3033 5027 3035
f 3035 5027 3036
f 5027 5026 3036
f 3036 5026 5024
f 3036 5024 3025
f 3025 5024 5022
f 3025 5022 3026
f 3026 5022 5020
f 3026 5020 3014
f 3014 5020 3016
f 3016 5020 5018
f 3016 5018 3018
f 3018 5018 5017
f 3018 5017 3020
f 5017 5012 3020
f 3020 5012 5011
f 3020 5011 3022
f 3022 5011 5009
f 3022 5009 3023
f 3023 5009 5007
f 3009 3008 5001
f 5001 3008 3006
f 5001 3006 5003
f 5003 3006 3004
f 5003 3004 5005
f 5005 3004 3012
f 5005 3012 5007
f 5007 3012 3011
f 5007 3011 3023
f 3009 5001 4999
f 3009 4999 3000
f 3000 4999 4997
f 3000 4997 2999
f 2999 4997 2997
f 2997 4997 4995
f 2997 4995 2996
f 2996 4995 4993
f 2996 4993 2994
f 2994 4993 4992
f 2994 4992 2992
f 2992 4992 4990
f 2992 4990 2991
f 2991 4990 4988
f 2991 4988 2989
f 2989 4988 4987
f 2989 4987 2987
f 2987 4987 2985
f 2985 4987 4985
f 2985 4985 2980
f 2980 4985 4983
f 2980 4983 2981
f 2981 4983 4981
f 2981 4981 2983
f 2983 4981 4980
f 2983 4980 2984
f 2984 4980 4978
f 2984 4978 2971
f 2971 4978 4976
f 2971 4976 2972
f 2972 4976 2973
f 2973 4976 4974
f 2973 4974 2975
f 4974 4973 2975
f 2975 4973 4960
f 2975 4960 2977
f 2977 4960 4962
f 2977 4962 2978
f 2978 4962 2967
f 4962 4972 2967
f 2967 4972 4971
f 2967 4971 2968
f 2968 4971 4969
f 2962 2961 4964
f 4964 2961 2959
f 4964 2959 4965
f 4965 2959 2957
f 4965 2957 4967
f 4967 2957 2965
f 4967 2965 4969
f 4969 2965 2964
f 4969 2964 2968
f 4964 4958 2962
f 2962 4958 4957
f 2962 4957 2952
f 2952 4957 4953
f 2952 4953 2954
f 2954 4953 4952
f 2944 2950 4950
f 4950 2950 2949
f 4950 2949 4955
f 4955 2949 2947
f 4955 2947 4952
f 4952 2947 2955
f 4952 2955 2954
f 4950 4948 2944
f 2944 4948 4947
f 2944 4947 2945
f 2945 4947 4944
f 2945 4944 2940
f 2940 4944 4942
f 2940 4942 2938
f 2938 4942 2410
f 4942 4940 2410
f 2410 4940 4938
f 2410 4938 2411
f 2411 4938 4937
f 2411 4937 2931
f 2931 4937 2933
f 2933 4937 4935
f 2933 4935 2934
f 2934 4935 4933
f 2934 4933 2936
f 2936 4933 2937
f 2937 4933 4931
f 2937 4931 2926
f 4931 4929 2926
f 2926 4929 4927
f 2926 4927 2928
f 2928 4927 4926
f 2928 4926 2929
f 2929 4926 2921
f 4926 4924 2921
f 2921 4924 4923
f 2921 4923 2923
f 2923 4923 4921
f 2916 2915 4915
f 4915 2915 2913
f 4915 2913 4917
f 4917 2913 2919
f 4917 2919 4919
f 4919 2919 2918
f 4919 2918 4921
f 4921 2918 2924
f 4921 2924 2923
f 4915 4914 2916
f 2916 4914 4912
f 2916 4912 2908
f 2908 4912 4911
f 2908 4911 2910
f 2910 4911 4908
f 4898 2903 4900
f 4900 2903 2902
f 4900 2902 4902
f 4902 2902 2900
f 4902 2900 4903
f 4903 2900 2898
f 4903 2898 4905
f 4905 2898 2906
f 4905 2906 4907
f 4907 2906 2905
f 4907 2905 4908
f 4908 2905 2911
f 4908 2911 2910
f 4891 2896 4893
f 4893 2896 2895
f 4893 2895 4895
f 4895 2895 2893
f 4895 2893 4896
f 4896 2893 2891
f 4896 2891 4887
f 4887 2891 2890
f 4887 2890 4897
f 4897 2890 2888
f 4897 2888 4898
f 4898 2888 2886
f 4898 2886 2903
f 4877 2871 4878
f 4878 2871 2870
f 4878 2870 4880
f 4880 2870 2869
f 4880 2869 4882
f 4882 2869 2884
f 4882 2884 4883
f 4883 2884 2883
f 4883 2883 4888
f 4888 2883 2881
f 4888 2881 4889
f 4889 2881 2880
f 4889 2880 4891
f 4891 2880 2879
f 4891 2879 2896
f 2865 2863 4873
f 4873 2863 2876
f 4873 2876 4875
f 4875 2876 2875
f 4875 2875 4877
f 4877 2875 2873
f 4877 2873 2871
f 2865 4873 4871
f 2865 4871 2866
f 2866 4871 4868
f 2866 4868 2858
f 2858 4868 2860
f 2860 4868 2861
f 2861 4868 4866
f 2861 4866 2853
f 4866 4864 2853
f 2853 4864 4863
f 2853 4863 2855
f 2855 4863 4861
f 2855 4861 2856
f 2856 4861 2850
f 2850 4861 4859
f 2850 4859 2851
f 2851 4859 4858
f 2851 4858 2845
f 2845 4858 2847
f 2847 4858 4856
f 2847 4856 2848
f 4856 4854 2848
f 2848 4854 4852
f 2848 4852 2843
f 2843 4852 4851
f 2843 4851 2841
f 2841 4851 2839
f 4851 4849 2839
f 2839 4849 4847
f 2839 4847 2837
f 2837 4847 4846
f 2837 4846 2836
f 2836 4846 4844
f 2836 4844 2834
f 2834 4844 4842
f 2834 4842 2413
f 4842 4841 2413
f 2413 4841 4829
f 2413 4829 2414
f 2414 4829 4840
f 2414 4840 2830
f 2830 4840 2832
f 4840 4839 2832
f 2832 4839 4837
f 2832 4837 2833
f 2833 4837 4835
f 2833 4835 2823
f 2823 4835 4833
f 2819 2828 4827
f 4827 2828 2827
f 4827 2827 4832
f 4832 2827 2825
f 4832 2825 4833
f 4833 2825 2824
f 4833 2824 2823
f 4827 4825 2819
f 2819 4825 4824
f 2819 4824 2820
f 2820 4824 4822
f 2820 4822 2814
f 2814 4822 4820
f 4809 2805 4811
f 4811 2805 2812
f 4811 2812 4813
f 4813 2812 2811
f 4813 2811 4814
f 4814 2811 2809
f 4814 2809 4816
f 4816 2809 2807
f 4816 2807 4818
f 4818 2807 2817
f 4818 2817 4820
f 4820 2817 2816
f 4820 2816 2814
f 4799 2792 4801
f 4801 2792 2794
f 4801 2794 4803
f 4803 2794 2796
f 4803 2796 4804
f 4804 2796 2798
f 4804 2798 4806
f 4806 2798 2799
f 4806 2799 4807
f 4807 2799 2801
f 4807 2801 4809
f 4809 2801 2803
f 4809 2803 2805
f 2790 4799 2788
f 2788 4799 4797
f 2788 4797 2783
f 2783 4797 4794
f 2783 4794 2784
f 2784 4794 2786
f 2786 4794 4793
f 2786 4793 2787
f 2787 4793 4791
f 2787 4791 2418
f 2418 4791 4790
f 2418 4790 2775
f 2775 4790 4788
f 2775 4788 2776
f 2776 4788 4786
f 2776 4786 2778
f 2778 4786 4785
f 2778 4785 2780
f 2780 4785 2781
f 2781 4785 4783
f 2781 4783 2773
f 4783 4781 2773
f 2773 4781 4780
f 2773 4780 2774
f 2774 4780 4778
f 2768 2767 4773
f 4773 2767 2765
f 4773 2765 4775
f 4775 2765 2763
f 4775 2763 4776
f 4776 2763 2771
f 4776 2771 4778
f 4778 2771 2770
f 4778 2770 2774
f 4773 4771 2768
f 2768 4771 4770
f 2768 4770 2758
f 2758 4770 4767
f 2745 2743 4762
f 4762 2743 2756
f 4762 2756 4763
f 4763 2756 2755
f 4763 2755 4765
f 4765 2755 2761
f 4765 2761 4767
f 4767 2761 2760
f 4767 2760 2758
f 4762 4760 2745
f 2745 4760 4759
f 2745 4759 2747
f 2747 4759 4757
f 2747 4757 2748
f 2748 4757 4755
f 2735 2733 4751
f 4751 2733 2753
f 4751 2753 4753
f 4753 2753 2752
f 4753 2752 4755
f 4755 2752 2750
f 4755 2750 2748
f 4751 4750 2735
f 2735 4750 4748
f 2735 4748 2737
f 2737 4748 4746
f 2737 4746 2738
f 2738 4746 4744
f 4733 2726 4735
f 4735 2726 2725
f 4735 2725 4738
f 4738 2725 2731
f 4738 2731 4739
f 4739 2731 2730
f 4739 2730 4741
f 4741 2730 2728
f 4741 2728 4743
f 4743 2728 2741
f 4743 2741 4744
f 4744 2741 2740
f 4744 2740 2738
f 2714 2712 4728
f 4728 2712 2720
f 4728 2720 4730
f 4730 2720 2719
f 4730 2719 4732
f 4732 2719 2723
f 4732 2723 4733
f 4733 2723 2722
f 4733 2722 2726
f 4723 2716 4726
f 4726 2716 2714
f 4726 2714 4728
f 4719 2710 4721
f 4721 2710 2709
f 4721 2709 4723
f 4723 2709 2717
f 4723 2717 2716
f 2694 2692 4713
f 4713 2692 2707
f 4713 2707 4715
f 4715 2707 2706
f 4715 2706 4717
f 4717 2706 2704
f 4717 2704 4719
f 4719 2704 2702
f 4719 2702 2710
f 4713 4712 2694
f 2694 4712 4710
f 2694 4710 2696
f 2696 4710 4708
f 2696 4708 2697
f 2697 4708 4706
f 2688 2686 4703
f 4703 2686 2684
f 4703 2684 4704
f 4704 2684 2700
f 4704 2700 4706
f 4706 2700 2699
f 4706 2699 2697
f 4703 4701 2688
f 2688 4701 4700
f 2688 4700 2689
f 2689 4700 4697
f 2689 4697 2690
f 2690 4697 4695
f 2678 2676 4690
f 4690 2676 2674
f 4690 2674 4692
f 4692 2674 2672
f 4692 2672 4694
f 4694 2672 2682
f 4694 2682 4695
f 4695 2682 2681
f 4695 2681 2690
f 2678 4690 4688
f 2678 4688 2679
f 2679 4688 4685
f 2679 4685 2669
f 2669 4685 2670
f 2670 4685 2664
f 2664 4685 4683
f 2664 4683 2666
f 2666 4683 4682
f 2666 4682 2667
f 2667 4682 4681
f 2667 4681 2662
f 2662 4681 4679
f 2662 4679 2658
f 2658 4679 4677
f 2658 4677 4676
f 2658 4676 2657
f 2657 4676 2655
f 2655 4676 4674
f 2655 4674 2643
f 2643 4674 4672
f 2643 4672 2644
f 2644 4672 4670
f 2644 4670 2646
f 2646 4670 4669
f 2646 4669 2648
f 2648 4669 4667
f 2648 4667 2649
f 2649 4667 4666
f 2649 4666 2651
f 2651 4666 2653
f 2653 4666 4664
f 2653 4664 2654
f 2654 4664 4662
f 2654 4662 2638
f 2638 4662 4660
f 2638 4660 2640
f 2640 4660 4659
f 2640 4659 2641
f 4659 4657 2641
f 2641 4657 4656
f 2641 4656 2421
f 2421 4656 4654
f 2630 2628 4649
f 4649 2628 2636
f 4649 2636 4651
f 4651 2636 2635
f 4651 2635 4652
f 4652 2635 2633
f 4652 2633 4654
f 4654 2633 2632
f 4654 2632 2421
f 4649 4647 2630
f 2630 4647 4646
f 2630 4646 2631
f 2631 4646 4644
f 2631 4644 2623
f 2623 4644 2625
f 2625 4644 4642
f 2625 4642 2626
f 2626 4642 4640
f 2626 4640 2613
f 2613 4640 4638
f 2613 4638 2615
f 2615 4638 2617
f 2617 4638 4636
f 2617 4636 2618
f 2618 4636 4634
f 2618 4634 2620
f 2620 4634 4633
f 2620 4633 2621
f 2621 4633 4629
f 2621 4629 2610
f 2610 4629 4632
f 2610 4632 2611
f 2611 4632 4624
f 2611 4624 2603
f 2603 4624 2605
f 2605 4624 4622
f 2605 4622 2607
f 2607 4622 4628
f 2607 4628 2608
f 2608 4628 4627
f 2608 4627 2598
f 2598 4627 4626
f 2598 4626 2600
f 2600 4626 4619
f 2600 4619 2601
f 2601 4619 4617
f 2601 4617 2588
f 2588 4617 2590
f 2590 4617 4615
f 2590 4615 2592
f 2592 4615 4614
f 2592 4614 2593
f 2593 4614 4612
f 2593 4612 2595
f 2595 4612 4611
f 2595 4611 2596
f 2596 4611 4609
f 2596 4609 2583
f 2583 4609 4607
f 2583 4607 2585
f 2585 4607 4605
f 2585 4605 2586
f 2586 4605 2578
f 2578 4605 4603
f 2578 4603 2580
f 2580 4603 4601
f 2580 4601 2581
f 2581 4601 2575
f 2575 4601 4600
f 2575 4600 2576
f 4600 4598 2576
f 2576 4598 4596
f 2576 4596 2570
f 2570 4596 4595
f 2568 2567 4589
f 4589 2567 2565
f 4589 2565 4591
f 4591 2565 2563
f 4591 2563 4592
f 4592 2563 2573
f 4592 2573 4595
f 4595 2573 2572
f 4595 2572 2570
f 4589 4587 2568
f 2568 4587 4586
f 2568 4586 2555
f 2555 4586 4584
f 2552 2550 4579
f 4579 2550 2561
f 4579 2561 4580
f 4580 2561 2560
f 4580 2560 4582
f 4582 2560 2559
f 4582 2559 4584
f 4584 2559 2557
f 4584 2557 2555
f 4579 4577 2552
f 2552 4577 4576
f 2552 4576 2553
f 2553 4576 4574
f 2541 2540 4569
f 4569 2540 2548
f 4569 2548 4570
f 4570 2548 2547
f 4570 2547 4572
f 4572 2547 2545
f 4572 2545 4574
f 4574 2545 2543
f 4574 2543 2553
f 4569 4567 2541
f 2541 4567 4566
f 2541 4566 2533
f 2533 4566 4564
f 2533 4564 2535
f 2535 4564 4562
f 2535 4562 2537
f 2537 4562 2538
f 2538 4562 4561
f 2538 4561 2528
f 2528 4561 4559
f 2528 4559 2530
f 2530 4559 2531
f 2531 4559 4557
f 2531 4557 2525
f 2525 4557 4555
f 2525 4555 2526
f 2526 4555 4553
f 2526 4553 2522
f 2522 4553 2523
f 2523 4553 2513
f 2513 4553 4551
f 2513 4551 2515
f 2515 4551 4549
f 2515 4549 2517
f 2517 4549 4547
f 2517 4547 2519
f 2519 4547 4546
f 2519 4546 2520
f 2520 4546 4544
f 2520 4544 2508
f 2508 4544 2510
f 2510 4544 4542
f 2510 4542 2511
f 2511 4542 4540
f 2511 4540 2496
f 2496 4540 4539
f 2496 4539 2497
f 2497 4539 4528
f 2497 4528 2498
f 2498 4528 4526
f 2498 4526 2500
f 2500 4526 4538
f 2500 4538 2501
f 2501 4538 4537
f 2501 4537 2503
f 2503 4537 4535
f 2503 4535 2505
f 2505 4535 4533
f 2505 4533 2506
f 2506 4533 4531
f 2506 4531 2492
f 2492 4531 2493
f 2493 4531 4530
f 2493 4530 2487
f 4530 4523 2487
f 2487 4523 4522
f 2487 4522 2489
f 2489 4522 4518
f 2489 4518 2490
f 2490 4518 2480
f 2480 4518 4517
f 2480 4517 2482
f 2482 4517 4520
f 2482 4520 2484
f 2484 4520 2485
f 2485 4520 4515
f 2485 4515 2475
f 4515 4513 2475
f 2475 4513 4512
f 2475 4512 2477
f 2477 4512 4510
f 2477 4510 2478
f 2478 4510 2472
f 4502 2463 4507
f 4507 2463 2473
f 4507 2473 2472
f 4500 2469 4505
f 4505 2469 2467
f 4505 2467 4502
f 4502 2467 2465
f 4502 2465 2463
f 4496 2460 4498
f 4498 2460 2458
f 4498 2458 4500
f 4500 2458 2470
f 4500 2470 2469
f 4486 2451 4487
f 4487 2451 2450
f 4487 2450 4489
f 4489 2450 2448
f 4489 2448 4491
f 4491 2448 2456
f 4491 2456 4493
f 4493 2456 2455
f 4493 2455 4494
f 4494 2455 2453
f 4494 2453 4496
f 4496 2453 2461
f 4496 2461 2460
f 2440 2439 4481
f 4481 2439 2438
f 4481 2438 4483
f 4483 2438 2446
f 4483 2446 4484
f 4484 2446 2445
f 4484 2445 4486
f 4486 2445 2443
f 4486 2443 2451
f 4481 4480 2440
f 2440 4480 4478
f 2440 4478 2441
f 2441 4478 4475
f 2441 4475 2435
f 2435 4475 2436
f 2436 4475 2437
f 2437 4475 4473
f 2437 4473 2431
f 2431 4473 4472
f 2431 4472 2432
f 2432 4472 4471
f 2432 4471 2433
f 2433 4471 4469
f 2433 4469 2434
f 2434 4469 4468
f 2434 4468 2427
f 2427 4468 4466
f 2427 4466 2428
f 2428 4466 2429
f 2429 4466 4464
f 2429 4464 2430
f 4464 4462 2430
f 2430 4462 4460
f 2430 4460 2423
f 2423 4460 4459
f 2347 2349 4441
f 4441 2349 2352
f 4441 2352 4442
f 4442 2352 2354
f 4442 2354 4444
f 4444 2354 2356
f 4444 2356 4446
f 4446 2356 2358
f 4446 2358 4447
f 4447 2358 2360
f 4447 2360 4449
f 4449 2360 2362
f 4449 2362 4450
f 4450 2362 2364
f 4450 2364 4452
f 4452 2364 2365
f 4452 2365 4454
f 4454 2365 2422
f 4454 2422 4456
f 4456 2422 2426
f 4456 2426 4457
f 4457 2426 2425
f 4457 2425 4459
f 4459 2425 2424
f 4459 2424 2423
f 6485 6485 6485
f 6485 6486 6487
f 6487 6486 6488
f 6487 6488 6489
f 6490 6491 6492
f 6491 6493 6492
f 6492 6493 6494
f 6492 6494 6488
f 6488 6494 6495
f 6488 6495 6489
f 6496 6497 6498
f 6498 6497 6499
f 6498 6499 6500
f 6500 6501 6498
f 6498 6501 6502
f 6498 6502 6492
f 6492 6502 6503
f 6492 6503 6490
f 6504 6505 6506
f 6507 6508 6509
f 6509 6508 6510
f 6509 6510 6498
f 6498 6510 6511
f 6498 6511 6496
f 6512 6513 6514
f 6515 6516 6514
f 6514 6516 6517
f 6514 6517 6512
f 6513 6518 6514
f 6514 6518 6519
f 6514 6519 6506
f 6506 6519 6520
f 6506 6520 6504
f 6521 6522 6523
f 6523 6522 6524
f 6523 6524 6525
f 6525 6524 6526
f 6525 6526 6527
f 6527 6528 6525
f 6525 6528 6529
f 6525 6529 6514
f 6514 6529 6530
f 6514 6530 6515
f 6531 6532 6533
f 6531 6533 6523
f 6523 6533 6534
f 6523 6534 6521
f 6535 6536 6537
f 6537 6536 6538
f 6537 6538 6531
f 6531 6538 6539
f 6531 6539 6532
f 6540 6541 6542
f 6542 6541 6543
f 6543 6544 6542
f 6542 6544 6545
f 6542 6545 6537
f 6537 6545 6546
f 6537 6546 6535
f 6547 6548 6549
f 6547 6549 6550
f 6548 6551 6549
f 6549 6551 6552
f 6549 6552 6553
f 6554 6555 6556
f 6556 6555 6557
f 6556 6557 6558
f 6558 6559 6556
f 6556 6559 6560
f 6556 6560 6542
f 6542 6560 6561
f 6542 6561 6540
f 6562 6563 6564
f 6562 6564 6565
f 6563 6566 6564
f 6564 6566 6567
f 6564 6567 6549
f 6549 6567 6568
f 6549 6568 6550
f 6485 6569 6486
f 6486 6569 6570
f 6486 6570 6571
f 6571 6570 6572
f 6571 6572 6573
f 6573 6574 6571
f 6571 6574 6575
f 6571 6575 6564
f 6564 6575 6576
f 6564 6576 6565
f 6577 6578 6579
f 6579 6578 6580
f 6579 6581 6577
f 6577 6581 6582
f 6577 6582 6583
f 6583 6582 6584
f 6583 6584 6585
f 6585 6584 6586
f 6585 6586 6587
f 6587 6586 6588
f 6587 6588 6589
f 6589 6588 6590
f 6589 6590 6591
f 6591 6590 6592
f 6591 6592 6593
f 6593 6592 6594
f 6593 6594 6595
f 6595 6594 6596
f 6595 6596 6597
f 6597 6596 6598
f 6597 6598 6599
f 6599 6598 6600
f 6599 6600 6601
f 6601 6600 6549
f 6601 6549 6556
f 6556 6549 6553
f 6556 6553 6554
f 6578 6602 6580
f 6580 6602 6603
f 6580 6603 6604
f 6604 6603 6605
f 6604 6605 6606
f 6606 6605 6607
f 6606 6607 6608
f 6608 6607 6609
f 6608 6609 6610
f 6610 6609 6611
f 6610 6611 6612
f 6612 6611 6613
f 6612 6613 6614
f 6614 6613 6615
f 6614 6615 6616
f 6616 6615 6617
f 6616 6617 6618
f 6618 6617 6619
f 6618 6619 6620
f 6620 6619 6621
f 6620 6621 6622
f 6622 6621 6623
f 6622 6623 6624
f 6624 6623 6625
f 6624 6625 6626
f 6626 6625 6627
f 6626 6627 6628
f 6628 6627 6629
f 6628 6629 6630
f 6630 6629 6631
f 6630 6631 6632
f 6632 6631 6633
f 6632 6633 6634
f 6634 6633 6635
f 6634 6635 6636
f 6636 6635 6637
f 6636 6637 6638
f 6638 6637 6639
f 6638 6639 6640
f 6640 6639 6641
f 6640 6641 6642
f 6642 6641 6643
f 6642 6643 6644
f 6644 6643 6645
f 6644 6645 6646
f 6646 6645 6647
f 6646 6647 6648
f 6648 6647 6649
f 6648 6649 6650
f 6650 6649 6651
f 6650 6651 6652
f 6652 6651 6653
f 6652 6653 6654
f 6654 6653 6655
f 6654 6655 6656
f 6656 6655 6657
f 6656 6657 6658
f 6658 6657 6659
f 6658 6659 6660
f 6660 6659 6661
f 6660 6661 6662
f 6662 6661 6663
f 6662 6663 6664
f 6664 6663 6665
f 6664 6665 6666
f 6666 6665 6667
f 6666 6667 6668
f 6668 6667 6669
f 6668 6669 6670
f 6670 6669 6671
f 6670 6671 6672
f 6672 6671 6673
f 6672 6673 6674
f 6674 6673 6675
f 6674 6675 6676
f 6676 6675 6677
f 6676 6677 6678
f 6678 6677 6679
f 6678 6679 6680
f 6680 6679 6506
f 6680 6506 6509
f 6509 6506 6505
f 6509 6505 6507
f 6681 6682 6683
f 6684 6685 6686
f 6686 6685 6687
f 6686 6687 6688
f 6689 6690 6691
f 6691 6690 6692
f 6691 6692 6684
f 6684 6692 6693
f 6684 6693 6685
f 6694 6695 6696
f 6696 6697 6694
f 6694 6697 6698
f 6694 6698 6699
f 6699 6698 6700
f 6699 6700 6689
f 6689 6700 6701
f 6689 6701 6690
f 6702 6703 6704
f 6704 6705 6702
f 6702 6705 6706
f 6702 6706 6707
f 6695 6694 6707
f 6707 6694 6708
f 6707 6708 6702
f 6709 6710 6711
f 6712 6713 6714
f 6713 6715 6714
f 6714 6715 6716
f 6714 6716 6717
f 6703 6702 6717
f 6717 6702 6718
f 6717 6718 6714
f 6719 6720 6721
f 6721 6720 6722
f 6721 6722 6723
f 6723 6722 6724
f 6723 6724 6711
f 6711 6724 6725
f 6711 6725 6709
f 6726 6727 6728
f 6728 6727 6729
f 6728 6729 6730
f 6730 6729 6731
f 6730 6731 6732
f 6726 6733 6727
f 6727 6733 6734
f 6727 6734 6735
f 6735 6734 6736
f 6735 6736 6721
f 6721 6736 6737
f 6721 6737 6719
f 6738 6739 6740
f 6740 6739 6741
f 6740 6741 6742
f 6741 6743 6742
f 6742 6743 6744
f 6742 6744 6745
f 6745 6744 6746
f 6745 6746 6731
f 6731 6746 6747
f 6731 6747 6732
f 6748 6749 6750
f 6750 6749 6751
f 6750 6751 6738
f 6738 6751 6752
f 6738 6752 6739
f 6753 6754 6755
f 6755 6756 6753
f 6753 6756 6757
f 6753 6757 6758
f 6758 6757 6759
f 6758 6759 6748
f 6748 6759 6760
f 6748 6760 6749
f 6761 6762 6763
f 6763 6764 6761
f 6761 6764 6765
f 6761 6765 6766
f 6754 6753 6766
f 6766 6753 6767
f 6766 6767 6761
f 6768 6769 6770
f 6771 6772 6773
f 6772 6774 6773
f 6773 6774 6775
f 6773 6775 6776
f 6762 6761 6776
f 6776 6761 6777
f 6776 6777 6773
f 6683 6682 6778
f 6778 6682 6779
f 6778 6779 6780
f 6780 6779 6781
f 6780 6781 6782
f 6782 6783 6780
f 6780 6783 6784
f 6780 6784 6785
f 6785 6784 6786
f 6785 6786 6770
f 6770 6786 6787
f 6770 6787 6768
f 6788 6789 6790
f 6790 6789 6791
f 6790 6791 6792
f 6792 6791 6688
f 6792 6688 6793
f 6793 6688 6687
f 6788 6794 6789
f 6789 6794 6795
f 6789 6795 6796
f 6796 6795 6797
f 6796 6797 6683
f 6683 6797 6798
f 6683 6798 6681
f 6710 6712 6711
f 6711 6712 6714
f 6711 6714 6799
f 6799 6714 6800
f 6799 6800 6801
f 6801 6800 6802
f 6801 6802 6803
f 6803 6802 6804
f 6803 6804 6805
f 6805 6804 6806
f 6805 6806 6807
f 6807 6806 6808
f 6807 6808 6809
f 6809 6808 6810
f 6809 6810 6811
f 6811 6810 6812
f 6811 6812 6813
f 6813 6812 6814
f 6813 6814 6815
f 6815 6814 6816
f 6815 6816 6817
f 6817 6816 6818
f 6817 6818 6819
f 6819 6818 6820
f 6819 6820 6821
f 6821 6820 6822
f 6821 6822 6823
f 6823 6822 6824
f 6823 6824 6825
f 6825 6824 6826
f 6825 6826 6827
f 6827 6826 6828
f 6827 6828 6829
f 6829 6828 6830
f 6829 6830 6831
f 6831 6830 6832
f 6831 6832 6833
f 6833 6832 6834
f 6833 6834 6835
f 6835 6834 6836
f 6835 6836 6837
f 6837 6836 6838
f 6837 6838 6839
f 6839 6838 6840
f 6839 6840 6841
f 6841 6840 6842
f 6841 6842 6843
f 6843 6842 6844
f 6843 6844 6845
f 6845 6844 6846
f 6845 6846 6847
f 6847 6846 6848
f 6847 6848 6849
f 6849 6848 6850
f 6849 6850 6851
f 6851 6850 6852
f 6851 6852 6853
f 6853 6852 6854
f 6853 6854 6855
f 6855 6854 6856
f 6855 6856 6857
f 6857 6856 6858
f 6857 6858 6859
f 6859 6858 6860
f 6859 6860 6861
f 6861 6860 6862
f 6861 6862 6863
f 6863 6862 6864
f 6863 6864 6865
f 6865 6864 6866
f 6865 6866 6867
f 6867 6866 6868
f 6867 6868 6869
f 6869 6868 6870
f 6869 6870 6871
f 6871 6870 6872
f 6871 6872 6873
f 6873 6872 6874
f 6873 6874 6875
f 6875 6874 6876
f 6875 6876 6877
f 6877 6876 6878
f 6877 6878 6879
f 6879 6878 6880
f 6879 6880 6881
f 6881 6880 6882
f 6881 6882 6883
f 6883 6882 6884
f 6883 6884 6885
f 6885 6884 6886
f 6885 6886 6887
f 6887 6886 6888
f 6887 6888 6889
f 6889 6888 6890
f 6889 6890 6891
f 6891 6890 6892
f 6891 6892 6893
f 6893 6892 6894
f 6893 6894 6895
f 6895 6894 6896
f 6895 6896 6897
f 6897 6896 6898
f 6897 6898 6899
f 6899 6898 6900
f 6899 6900 6901
f 6901 6900 6902
f 6901 6902 6903
f 6903 6902 6904
f 6903 6904 6905
f 6905 6904 6906
f 6905 6906 6907
f 6907 6906 6908
f 6907 6908 6909
f 6909 6908 6910
f 6909 6910 6911
f 6911 6910 6912
f 6911 6912 6913
f 6913 6912 6914
f 6913 6914 6915
f 6915 6914 6916
f 6915 6916 6917
f 6917 6916 6918
f 6917 6918 6919
f 6919 6918 6920
f 6919 6920 6921
f 6921 6920 6922
f 6921 6922 6923
f 6923 6922 6924
f 6923 6924 6925
f 6925 6924 6926
f 6925 6926 6927
f 6927 6926 6928
f 6927 6928 6773
f 6773 6928 6770
f 6773 6770 6771
f 6771 6770 6769
f 6929 6930 6931
f 6931 6930 6932
f 6931 6932 6933
f 6933 6932 6934
f 6933 6934 6935
f 6936 6937 6938
f 6938 6937 6939
f 6938 6939 6940
f 6939 6941 6940
f 6940 6941 6942
f 6940 6942 6943
f 6943 6942 6944
f 6943 6944 6945
f 6946 6947 6948
f 6948 6947 6949
f 6948 6949 6950
f 6950 6949 6951
f 6950 6951 6952
f 6952 6951 6953
f 6952 6953 6954
f 6954 6953 6955
f 6954 6955 6956
f 6956 6955 6957
f 6956 6957 6958
f 6959 6960 6961
f 6961 6960 6962
f 6961 6962 6963
f 6934 6964 6935
f 6935 6964 6965
f 6935 6965 6966
f 6966 6965 6967
f 6966 6967 6968
f 6969 6970 6971
f 6971 6970 6972
f 6971 6972 6946
f 6946 6972 6973
f 6946 6973 6947
f 6957 6974 6958
f 6958 6974 6975
f 6958 6975 6976
f 6976 6975 6977
f 6976 6977 6978
f 6979 6980 6981
f 6981 6980 6982
f 6981 6982 6983
f 6984 6985 6986
f 6986 6985 6987
f 6986 6987 6988
f 6989 6990 6991
f 6991 6990 6992
f 6991 6992 6993
f 6992 6994 6993
f 6993 6994 6995
f 6993 6995 6996
f 6996 6995 6997
f 6996 6997 6998
f 6998 6997 6999
f 6998 6999 6959
f 6959 6999 7000
f 6959 7000 6960
f 7001 7002 7003
f 7003 7002 7004
f 7003 7004 7005
f 7005 7004 7006
f 7005 7006 6936
f 6936 7006 7007
f 6936 7007 6937
f 6944 7008 6945
f 6945 7008 7009
f 6945 7009 7010
f 7010 7009 7011
f 7010 7011 7012
f 7012 7011 7013
f 7012 7013 6969
f 6969 7013 7014
f 6969 7014 6970
f 6977 7015 6978
f 6978 7015 7016
f 6978 7016 7017
f 7017 7016 7018
f 7017 7018 7019
f 7019 7018 7020
f 7019 7020 7021
f 7020 7022 7021
f 7021 7022 7023
f 7021 7023 7024
f 7024 7023 7025
f 7024 7025 6979
f 6979 7025 7026
f 6979 7026 6980
f 6987 7027 6988
f 6988 7027 7028
f 6988 7028 7029
f 7029 7028 7030
f 7029 7030 7031
f 6962 7032 6963
f 6963 7032 7033
f 6963 7033 7034
f 7034 7033 7035
f 7034 7035 6929
f 6929 7035 7036
f 6929 7036 6930
f 6967 7037 6968
f 6968 7037 7038
f 6968 7038 7039
f 7039 7038 7040
f 7039 7040 7001
f 7001 7040 7041
f 7001 7041 7002
f 7030 7042 7031
f 7031 7042 7043
f 7031 7043 7044
f 7044 7043 7045
f 7044 7045 7046
f 7046 7045 7047
f 7046 7047 7048
f 6982 7049 6983
f 6983 7049 7050
f 6983 7050 7051
f 7051 7050 7052
f 7051 7052 7053
f 7053 7052 7054
f 7053 7054 6984
f 6984 7054 7055
f 6984 7055 6985
f 7047 7056 7048
f 7048 7056 7057
f 7048 7057 7058
f 7058 7057 7059
f 7058 7059 7060
f 7059 7061 7060
f 7060 7061 7062
f 7060 7062 7063
f 7063 7062 7064
f 7063 7064 7065
f 7064 7066 7065
f 7065 7066 7067
f 7065 7067 7068
f 7068 7067 7069
f 7068 7069 7070
f 7070 7069 7071
f 7070 7071 6989
f 6989 7071 7072
f 6989 7072 6990
f 6620 7073 6618
f 6618 7073 7074
f 6618 7074 6616
f 6662 7075 6660
f 6660 7075 7076
f 6660 7076 6658
f 6648 7077 6646
f 6646 7077 7078
f 6646 7078 6644
f 6638 7079 6636
f 6636 7079 7080
f 6636 7080 6634
f 7080 7081 6634
f 6634 7081 7082
f 6634 7082 6632
f 6632 7082 7083
f 6632 7083 6630
f 6624 7084 6622
f 6622 7084 7085
f 6622 7085 6620
f 6620 7085 7086
f 6620 7086 7073
f 6584 7087 6586
f 6586 7087 7088
f 6586 7088 6588
f 6486 7089 6488
f 6488 7089 7090
f 6488 7090 6492
f 6668 7091 6666
f 6666 7091 7092
f 6666 7092 6664
f 6664 7092 7093
f 6664 7093 6662
f 6662 7093 7094
f 6662 7094 7075
f 7076 7095 6658
f 6658 7095 7096
f 6658 7096 6656
f 6656 7096 7097
f 6656 7097 6654
f 6654 7097 7098
f 6654 7098 6652
f 7083 7099 6630
f 6630 7099 7100
f 6630 7100 6628
f 6628 7100 7101
f 6628 7101 6626
f 6626 7101 7102
f 6626 7102 6624
f 6624 7102 7103
f 6624 7103 7084
f 7074 7104 6616
f 6616 7104 7105
f 6616 7105 6614
f 6614 7105 7106
f 6614 7106 6612
f 6612 7106 7107
f 6612 7107 6610
f 7090 7108 6492
f 6492 7108 7109
f 6492 7109 6498
f 6498 7109 7110
f 6498 7110 6509
f 6676 7111 6674
f 6674 7111 7112
f 6674 7112 6672
f 7098 7113 6652
f 6652 7113 7114
f 6652 7114 6650
f 6650 7114 7115
f 6650 7115 6648
f 6648 7115 7116
f 6648 7116 7077
f 7078 7117 6644
f 6644 7117 7118
f 6644 7118 6642
f 6642 7118 7119
f 6642 7119 6640
f 6640 7119 7120
f 6640 7120 6638
f 6638 7120 7121
f 6638 7121 7079
f 7107 7122 6610
f 6610 7122 7123
f 6610 7123 6608
f 6608 7123 7124
f 6608 7124 6606
f 7124 7125 6606
f 6606 7125 7126
f 6606 7126 6604
f 6604 7126 7127
f 6604 7127 6580
f 6580 7127 7128
f 6580 7128 6579
f 6579 7128 7129
f 6579 7129 6581
f 6581 7129 7130
f 6581 7130 6582
f 6582 7130 7131
f 6582 7131 6584
f 6584 7131 7132
f 6584 7132 7087
f 7110 7133 6509
f 6509 7133 7134
f 6509 7134 6680
f 6680 7134 7135
f 6680 7135 6678
f 6678 7135 7136
f 6678 7136 6676
f 6676 7136 7137
f 6676 7137 7111
f 7112 7138 6672
f 6672 7138 7139
f 6672 7139 6670
f 6670 7139 7140
f 6670 7140 6668
f 6668 7140 7141
f 6668 7141 7091
f 6549 7142 6564
f 6564 7142 7143
f 6564 7143 6571
f 6571 7143 7144
f 6571 7144 6486
f 6486 7144 7145
f 6486 7145 7089
f 7088 7146 6588
f 6588 7146 7147
f 6588 7147 6590
f 6590 7147 7148
f 6590 7148 6592
f 6592 7148 7149
f 6592 7149 6594
f 7149 7150 6594
f 6594 7150 7151
f 6594 7151 6596
f 6596 7151 7152
f 6596 7152 6598
f 7152 7153 6598
f 6598 7153 7154
f 6598 7154 6600
f 6600 7154 7155
f 6600 7155 6549
f 6549 7155 7156
f 6549 7156 7142
f 7157 7158 7159
f 7157 7159 7160
f 7160 7159 7161
f 7160 7161 7162
f 7162 7161 7163
f 7163 7161 7164
f 7163 7164 7165
f 7166 7167 7168
f 7168 7167 7169
f 7164 7170 7165
f 7165 7170 7168
f 7165 7168 7171
f 7171 7168 7169
f 7172 7173 7174
f 7174 7173 7175
f 7166 7176 7167
f 7167 7176 7177
f 7167 7177 7178
f 7178 7177 7179
f 7178 7179 7180
f 7180 7179 7174
f 7180 7174 7181
f 7181 7174 7175
f 7182 7183 7184
f 7184 7183 7185
f 7185 7186 7184
f 7184 7186 7187
f 7184 7187 7188
f 7172 7189 7173
f 7173 7189 7183
f 7173 7183 7190
f 7190 7183 7182
f 7188 7187 7191
f 7191 7187 7192
f 7191 7192 7193
f 7194 7195 7196
f 7196 7195 7197
f 7196 7197 7198
f 7198 7197 7199
f 7198 7199 7200
f 7192 7201 7193
f 7193 7201 7202
f 7193 7202 7203
f 7203 7202 7204
f 7203 7204 7205
f 7205 7204 7194
f 7205 7194 7206
f 7206 7194 7196
f 7199 7207 7200
f 7200 7207 7208
f 7200 7208 7209
f 7209 7208 7210
f 7209 7210 7211
f 7211 7210 7212
f 7211 7212 7213
f 7213 7212 7214
f 7213 7214 7215
f 7215 7214 7216
f 7215 7216 7217
f 7217 7216 7218
f 7217 7218 7219
f 7220 7221 7222
f 7222 7221 7223
f 7222 7223 7224
f 7224 7223 7219
f 7224 7219 7225
f 7225 7219 7218
f 7222 7226 7220
f 7220 7226 7227
f 7220 7227 7228
f 7228 7227 7229
f 7228 7229 7230
f 7230 7229 7231
f 7231 7229 7232
f 7231 7232 7233
f 7233 7232 7234
f 7233 7234 7235
f 7235 7234 7236
f 7235 7236 7237
f 7237 7236 7238
f 7237 7238 7239
f 7238 7240 7239
f 7239 7240 7241
f 7239 7241 7242
f 7242 7241 7243
f 7242 7243 7244
f 7244 7243 7245
f 7243 7246 7245
f 7245 7246 7247
f 7245 7247 7248
f 7248 7247 7249
f 7248 7249 7250
f 7250 7249 7251
f 7251 7249 7252
f 7252 7249 7253
f 7252 7253 7254
f 7254 7253 7255
f 7254 7255 7256
f 7256 7255 7257
f 7257 7255 7258
f 7257 7258 7259
f 7260 7261 7262
f 7262 7261 7263
f 7258 7264 7259
f 7259 7264 7262
f 7259 7262 7265
f 7265 7262 7263
f 7266 7267 7268
f 7268 7267 7269
f 7260 7270 7261
f 7261 7270 7271
f 7261 7271 7272
f 7272 7271 7273
f 7272 7273 7274
f 7274 7273 7275
f 7274 7275 7276
f 7276 7275 7277
f 7276 7277 7278
f 7278 7277 7267
f 7278 7267 7279
f 7279 7267 7266
f 7280 7281 7282
f 7282 7281 7283
f 7269 7284 7268
f 7268 7284 7281
f 7268 7281 7285
f 7285 7281 7280
f 7283 7286 7282
f 7282 7286 7287
f 7282 7287 7288
f 7288 7287 7289
f 7288 7289 7290
f 7290 7289 7291
f 7290 7291 7292
f 7292 7291 7293
f 7292 7293 7294
f 7294 7293 7295
f 7294 7295 7296
f 7296 7295 7297
f 7296 7297 7298
f 7298 7297 7299
f 7298 7299 7300
f 7299 7301 7300
f 7300 7301 7302
f 7300 7302 7303
f 7303 7302 7304
f 7303 7304 7305
f 7305 7304 7306
f 7305 7306 7307
f 7307 7306 7308
f 7307 7308 7309
f 7309 7308 7310
f 7309 7310 7311
f 7312 7313 7314
f 7314 7313 7315
f 7314 7315 7316
f 7316 7315 7311
f 7316 7311 7317
f 7317 7311 7310
f 7318 7319 7320
f 7320 7319 7321
f 7320 7321 7322
f 7322 7321 7312
f 7322 7312 7323
f 7323 7312 7314
f 7320 7324 7318
f 7318 7324 7325
f 7318 7325 7326
f 7326 7325 7327
f 7326 7327 7328
f 7328 7327 7329
f 7329 7327 7330
f 7329 7330 7331
f 7331 7330 7332
f 7331 7332 7333
f 7332 7334 7333
f 7333 7334 7335
f 7333 7335 7336
f 7336 7335 7337
f 7336 7337 7338
f 7338 7337 7339
f 7337 7340 7339
f 7339 7340 7341
f 7339 7341 7342
f 7342 7341 7343
f 7157 7344 7158
f 7158 7344 7345
f 7158 7345 7346
f 7346 7345 7347
f 7346 7347 7343
f 7343 7347 7348
f 7343 7348 7342
f 6772 6771 7299
f 7210 7208 6710
f 6710 7208 6712
f 6698 7176 6700
f 6700 7176 7166
f 6700 7166 6701
f 6701 7166 6690
f 6706 7183 6707
f 6707 7183 7189
f 6707 7189 6695
f 6695 7189 7172
f 6695 7172 6696
f 6696 7172 7174
f 6696 7174 6697
f 6697 7174 7179
f 6697 7179 6698
f 6698 7179 7177
f 6698 7177 7176
f 7192 7187 6705
f 6705 7187 7186
f 6705 7186 6706
f 6706 7186 7185
f 6706 7185 7183
f 6717 7201 6703
f 6703 7201 7192
f 6703 7192 6704
f 6704 7192 6705
f 6715 7194 6716
f 6716 7194 7204
f 6716 7204 6717
f 6717 7204 7202
f 6717 7202 7201
f 7208 7207 6712
f 6712 7207 7199
f 6712 7199 6713
f 6713 7199 7197
f 6713 7197 6715
f 6715 7197 7195
f 6715 7195 7194
f 7210 6710 7212
f 7212 6710 6709
f 7212 6709 7214
f 7214 6709 6725
f 7214 6725 7216
f 6720 7218 6722
f 6722 7218 7216
f 6722 7216 6724
f 6724 7216 6725
f 6737 7222 6719
f 6719 7222 7224
f 6719 7224 6720
f 6720 7224 7225
f 6720 7225 7218
f 7246 7243 6747
f 6747 7243 7241
f 6747 7241 6732
f 6732 7241 7240
f 6732 7240 6730
f 6730 7240 7238
f 6730 7238 6728
f 6728 7238 7236
f 6728 7236 6726
f 6726 7236 7234
f 6726 7234 6733
f 6733 7234 7232
f 6733 7232 6734
f 6734 7232 7229
f 6734 7229 6736
f 6736 7229 7227
f 6736 7227 6737
f 6737 7227 7226
f 6737 7226 7222
f 6743 7247 6744
f 6744 7247 7246
f 6744 7246 6746
f 6746 7246 6747
f 6751 7264 6752
f 6752 7264 7258
f 6752 7258 6739
f 6739 7258 7255
f 6739 7255 6741
f 6741 7255 7253
f 6741 7253 6743
f 6743 7253 7249
f 6743 7249 7247
f 6765 7284 6766
f 6766 7284 7269
f 6766 7269 6754
f 6754 7269 7267
f 6754 7267 6755
f 6755 7267 7277
f 6755 7277 6756
f 6756 7277 7275
f 6756 7275 6757
f 6757 7275 7273
f 6757 7273 6759
f 6759 7273 7271
f 6759 7271 6760
f 6760 7271 7270
f 6760 7270 6749
f 6749 7270 7260
f 6749 7260 6751
f 6751 7260 7262
f 6751 7262 7264
f 7299 7297 6772
f 6772 7297 7295
f 6772 7295 6774
f 6774 7295 7293
f 6774 7293 6775
f 6775 7293 7291
f 6775 7291 6776
f 6776 7291 7289
f 6776 7289 6762
f 6762 7289 7287
f 6762 7287 6763
f 6763 7287 7286
f 6763 7286 6764
f 6764 7286 7283
f 6764 7283 6765
f 6765 7283 7281
f 6765 7281 7284
f 6768 7304 6769
f 6769 7304 7302
f 6769 7302 6771
f 6771 7302 7301
f 6771 7301 7299
f 6782 7314 6783
f 6783 7314 7316
f 6783 7316 6784
f 6784 7316 7317
f 6784 7317 6786
f 6786 7317 7310
f 6786 7310 6787
f 6787 7310 7308
f 6787 7308 6768
f 6768 7308 7306
f 6768 7306 7304
f 7324 7320 6781
f 6781 7320 7322
f 6781 7322 6782
f 6782 7322 7323
f 6782 7323 7314
f 6681 7325 6682
f 6682 7325 7324
f 6682 7324 6779
f 6779 7324 6781
f 6788 7337 6794
f 6794 7337 7335
f 6794 7335 6795
f 6795 7335 7334
f 6795 7334 6797
f 6797 7334 7332
f 6797 7332 6798
f 6798 7332 7330
f 6798 7330 6681
f 6681 7330 7327
f 6681 7327 7325
f 7166 7168 6690
f 6690 7168 7170
f 6690 7170 6692
f 6692 7170 7164
f 6692 7164 6693
f 6693 7164 7161
f 6693 7161 6685
f 6685 7161 7159
f 6685 7159 6687
f 6687 7159 7158
f 6687 7158 6793
f 6793 7158 7346
f 6793 7346 6792
f 6792 7346 7343
f 6792 7343 6790
f 6790 7343 7341
f 6790 7341 6788
f 6788 7341 7340
f 6788 7340 7337
f 6819 6951 6817
f 6817 6951 6949
f 6817 6949 6815
f 6815 6949 6947
f 6815 6947 6813
f 6813 6947 6973
f 6813 6973 6811
f 6811 6973 6972
f 6811 6972 6809
f 6809 6972 6970
f 6809 6970 6807
f 6807 6970 7014
f 6807 7014 6805
f 6805 7014 7013
f 6805 7013 6803
f 6803 7013 7011
f 6803 7011 6801
f 6801 7011 7009
f 6801 7009 6799
f 6799 7009 7008
f 6799 7008 6711
f 6711 7008 6944
f 6711 6944 6723
f 6723 6944 6942
f 6723 6942 6721
f 6721 6942 6941
f 6721 6941 6735
f 6735 6941 6939
f 6735 6939 6727
f 6727 6939 6937
f 6727 6937 6729
f 6729 6937 7007
f 6729 7007 6731
f 6731 7007 7006
f 6731 7006 6745
f 6745 7006 7004
f 6745 7004 6742
f 6742 7004 7002
f 6742 7002 6740
f 6740 7002 7041
f 6740 7041 6738
f 6738 7041 7040
f 6738 7040 6750
f 6750 7040 7038
f 6750 7038 6748
f 6748 7038 7037
f 6748 7037 6758
f 6758 7037 6967
f 6758 6967 6753
f 6753 6967 6965
f 6753 6965 6767
f 6767 6965 6964
f 6767 6964 6761
f 6761 6964 6934
f 6761 6934 6777
f 6777 6934 6932
f 6777 6932 6773
f 6773 6932 6930
f 6773 6930 6927
f 6927 6930 7036
f 6927 7036 6925
f 6925 7036 7035
f 6925 7035 6923
f 6923 7035 7033
f 6923 7033 6921
f 6921 7033 7032
f 6921 7032 6919
f 6919 7032 6962
f 6919 6962 6917
f 6917 6962 6960
f 6917 6960 6915
f 6915 6960 7000
f 6915 7000 6913
f 6913 7000 6999
f 6913 6999 6911
f 6911 6999 6997
f 6911 6997 6909
f 6909 6997 6995
f 6909 6995 6907
f 6907 6995 6994
f 6907 6994 6905
f 6905 6994 6992
f 6905 6992 6903
f 6903 6992 6990
f 6903 6990 6901
f 6901 6990 7072
f 6901 7072 6899
f 6899 7072 7071
f 6899 7071 6897
f 6897 7071 7069
f 6897 7069 6895
f 6895 7069 7067
f 6895 7067 6893
f 6893 7067 7066
f 6893 7066 6891
f 6891 7066 7064
f 6891 7064 6889
f 6889 7064 7062
f 6889 7062 6887
f 6887 7062 7061
f 6887 7061 6885
f 6885 7061 7059
f 6885 7059 6883
f 6883 7059 7057
f 6883 7057 6881
f 6881 7057 7056
f 6881 7056 6879
f 6879 7056 7047
f 6879 7047 6877
f 6877 7047 7045
f 6877 7045 6875
f 6875 7045 7043
f 6875 7043 6873
f 6873 7043 7042
f 6873 7042 6871
f 6871 7042 7030
f 6871 7030 6869
f 6869 7030 7028
f 6869 7028 6867
f 6867 7028 7027
f 6867 7027 6865
f 6865 7027 6987
f 6865 6987 6863
f 6863 6987 6985
f 6863 6985 6861
f 6861 6985 7055
f 6861 7055 6859
f 6859 7055 7054
f 6859 7054 6857
f 6857 7054 7052
f 6857 7052 6855
f 6855 7052 7050
f 6855 7050 6853
f 6853 7050 7049
f 6853 7049 6851
f 6851 7049 6982
f 6851 6982 6849
f 6849 6982 6980
f 6849 6980 6847
f 6847 6980 7026
f 6847 7026 6845
f 6845 7026 7025
f 6845 7025 6843
f 6843 7025 7023
f 6843 7023 6841
f 6841 7023 7022
f 6841 7022 6839
f 6839 7022 7020
f 6839 7020 6837
f 6837 7020 7018
f 6837 7018 6835
f 6835 7018 7016
f 6835 7016 6833
f 6833 7016 7015
f 6833 7015 6831
f 6831 7015 6977
f 6831 6977 6829
f 6829 6977 6975
f 6829 6975 6827
f 6827 6975 6974
f 6827 6974 6825
f 6825 6974 6957
f 6825 6957 6823
f 6823 6957 6955
f 6823 6955 6821
f 6821 6955 6953
f 6821 6953 6819
f 6819 6953 6951
f 6908 7075 6910
f 6910 7075 7094
f 6910 7094 6912
f 6912 7094 7093
f 6912 7093 6914
f 6914 7093 7092
f 6914 7092 6916
f 6916 7092 7091
f 6916 7091 6918
f 6918 7091 7141
f 6918 7141 6920
f 6920 7141 7140
f 6920 7140 6922
f 6922 7140 7139
f 6922 7139 6924
f 6924 7139 7138
f 6924 7138 6926
f 6926 7138 7112
f 6926 7112 6928
f 6928 7112 7111
f 6928 7111 6770
f 6770 7111 7137
f 6770 7137 6785
f 6785 7137 7136
f 6785 7136 6780
f 6780 7136 7135
f 6780 7135 6778
f 6778 7135 7134
f 6778 7134 6683
f 6683 7134 7133
f 6683 7133 6796
f 6796 7133 7110
f 6796 7110 6789
f 6789 7110 7109
f 6789 7109 6791
f 6791 7109 7108
f 6791 7108 6688
f 6688 7108 7090
f 6688 7090 6686
f 6686 7090 7089
f 6686 7089 6684
f 6684 7089 7145
f 6684 7145 6691
f 6691 7145 7144
f 6691 7144 6689
f 6689 7144 7143
f 6689 7143 6699
f 6699 7143 7142
f 6699 7142 6694
f 6694 7142 7156
f 6694 7156 6708
f 6708 7156 7155
f 6708 7155 6702
f 6702 7155 7154
f 6702 7154 6718
f 6718 7154 7153
f 6718 7153 6714
f 6714 7153 7152
f 6714 7152 6800
f 6800 7152 7151
f 6800 7151 6802
f 6802 7151 7150
f 6802 7150 6804
f 6804 7150 7149
f 6804 7149 6806
f 6806 7149 7148
f 6806 7148 6808
f 6808 7148 7147
f 6808 7147 6810
f 6810 7147 7146
f 6810 7146 6812
f 6812 7146 7088
f 6812 7088 6814
f 6814 7088 7087
f 6814 7087 6816
f 6816 7087 7132
f 6816 7132 6818
f 6818 7132 7131
f 6818 7131 6820
f 6820 7131 7130
f 6820 7130 6822
f 6822 7130 7129
f 6822 7129 6824
f 6824 7129 7128
f 6824 7128 6826
f 6826 7128 7127
f 6826 7127 6828
f 6828 7127 7126
f 6828 7126 6830
f 6830 7126 7125
f 6830 7125 6832
f 6832 7125 7124
f 6832 7124 6834
f 6834 7124 7123
f 6834 7123 6836
f 6836 7123 7122
f 6836 7122 6838
f 6838 7122 7107
f 6838 7107 6840
f 6840 7107 7106
f 6840 7106 6842
f 6842 7106 7105
f 6842 7105 6844
f 6844 7105 7104
f 6844 7104 6846
f 6846 7104 7074
f 6846 7074 6848
f 6848 7074 7073
f 6848 7073 6850
f 6850 7073 7086
f 6850 7086 6852
f 6852 7086 7085
f 6852 7085 6854
f 6854 7085 7084
f 6854 7084 6856
f 6856 7084 7103
f 6856 7103 6858
f 6858 7103 7102
f 6858 7102 6860
f 6860 7102 7101
f 6860 7101 6862
f 6862 7101 7100
f 6862 7100 6864
f 6864 7100 7099
f 6864 7099 6866
f 6866 7099 7083
f 6866 7083 6868
f 6868 7083 7082
f 6868 7082 6870
f 6870 7082 7081
f 6870 7081 6872
f 6872 7081 7080
f 6872 7080 6874
f 6874 7080 7079
f 6874 7079 6876
f 6876 7079 7121
f 6876 7121 6878
f 6878 7121 7120
f 6878 7120 6880
f 6880 7120 7119
f 6880 7119 6882
f 6882 7119 7118
f 6882 7118 6884
f 6884 7118 7117
f 6884 7117 6886
f 6886 7117 7078
f 6886 7078 6888
f 6888 7078 7077
f 6888 7077 6890
f 6890 7077 7116
f 6890 7116 6892
f 6892 7116 7115
f 6892 7115 6894
f 6894 7115 7114
f 6894 7114 6896
f 6896 7114 7113
f 6896 7113 6898
f 6898 7113 7098
f 6898 7098 6900
f 6900 7098 7097
f 6900 7097 6902
f 6902 7097 7096
f 6902 7096 6904
f 6904 7096 7095
f 6904 7095 6906
f 6906 7095 7076
f 6906 7076 6908
f 6908 7076 7075
f 7157 7160 6572
f 6572 7160 7162
f 6572 7162 6573
f 7162 7163 6573
f 6573 7163 7165
f 6573 7165 6574
f 6574 7165 7171
f 6574 7171 6575
f 6575 7171 7169
f 6575 7169 6576
f 6576 7169 7167
f 6576 7167 6565
f 6565 7167 7178
f 6565 7178 6562
f 7178 7180 6562
f 6562 7180 7181
f 6562 7181 6563
f 6563 7181 7175
f 6563 7175 6566
f 7175 7173 6566
f 6566 7173 7190
f 6566 7190 6567
f 6567 7190 7182
f 6567 7182 6568
f 6568 7182 7184
f 6568 7184 6550
f 6550 7184 7188
f 6550 7188 6547
f 7188 7191 6547
f 6547 7191 7193
f 6547 7193 6548
f 6548 7193 7203
f 6548 7203 6551
f 7203 7205 6551
f 6551 7205 7206
f 6551 7206 6552
f 6552 7206 7196
f 6552 7196 6553
f 7196 7198 6553
f 6553 7198 7200
f 6553 7200 6554
f 7200 7209 6554
f 6554 7209 7211
f 6554 7211 6555
f 6555 7211 7213
f 6555 7213 6557
f 6557 7213 7215
f 6557 7215 6558
f 6558 7215 7217
f 6558 7217 6559
f 7217 7219 6559
f 6559 7219 7223
f 6559 7223 6560
f 6560 7223 7221
f 6560 7221 6561
f 6561 7221 7220
f 6561 7220 6540
f 6540 7220 7228
f 6540 7228 6541
f 7228 7230 6541
f 6541 7230 7231
f 6541 7231 6543
f 6543 7231 7233
f 6543 7233 6544
f 6544 7233 7235
f 6544 7235 6545
f 6545 7235 7237
f 6545 7237 6546
f 6546 7237 7239
f 6546 7239 6535
f 6535 7239 7242
f 6535 7242 6536
f 7242 7244 6536
f 6536 7244 7245
f 6536 7245 6538
f 6538 7245 7248
f 6538 7248 6539
f 6539 7248 7250
f 6539 7250 6532
f 6532 7250 7251
f 6532 7251 6533
f 6533 7251 7252
f 6533 7252 6534
f 7252 7254 6534
f 6534 7254 7256
f 6534 7256 6521
f 6521 7256 7257
f 6521 7257 6522
f 6522 7257 7259
f 6522 7259 6524
f 6524 7259 7265
f 6524 7265 6526
f 7265 7263 6526
f 6526 7263 7261
f 6526 7261 6527
f 6527 7261 7272
f 6527 7272 6528
f 6528 7272 7274
f 6528 7274 6529
f 6529 7274 7276
f 6529 7276 6530
f 6530 7276 6515
f 7276 7278 6515
f 6515 7278 7279
f 6515 7279 6516
f 6516 7279 7266
f 6516 7266 6517
f 7266 7268 6517
f 6517 7268 7285
f 6517 7285 6512
f 7285 7280 6512
f 6512 7280 7282
f 6512 7282 6513
f 6513 7282 7288
f 6513 7288 6518
f 6518 7288 7290
f 6518 7290 6519
f 6519 7290 7292
f 6519 7292 6520
f 6520 7292 6504
f 7292 7294 6504
f 6504 7294 7296
f 6504 7296 6505
f 7296 7298 6505
f 6505 7298 7300
f 6505 7300 6507
f 6507 7300 7303
f 6507 7303 6508
f 7303 7305 6508
f 6508 7305 7307
f 6508 7307 6510
f 6510 7307 7309
f 6510 7309 6511
f 6511 7309 6496
f 7309 7311 6496
f 6496 7311 7315
f 6496 7315 6497
f 6497 7315 7313
f 6497 7313 6499
f 7313 7312 6499
f 6499 7312 7321
f 6499 7321 6500
f 7321 7319 6500
f 6500 7319 7318
f 6500 7318 6501
f 6501 7318 7326
f 6501 7326 6502
f 6502 7326 7328
f 6502 7328 6503
f 6503 7328 7329
f 6503 7329 6490
f 6490 7329 7331
f 6490 7331 6491
f 7331 7333 6491
f 6491 7333 7336
f 6491 7336 6493
f 6493 7336 7338
f 6493 7338 6494
f 6572 6570 7157
f 7157 6570 6569
f 7157 6569 7344
f 7344 6569 6485
f 7344 6485 7345
f 7345 6485 6487
f 7345 6487 7347
f 7347 6487 6489
f 7347 6489 7348
f 7348 6489 6495
f 7348 6495 7342
f 7342 6495 6494
f 7342 6494 7339
f 7339 6494 7338
f 6950 6952 6578
f 6578 6952 6602
f 6952 6954 6602
f 6602 6954 6956
f 6602 6956 6603
f 6603 6956 6958
f 6603 6958 6605
f 6605 6958 6976
f 6605 6976 6607
f 6607 6976 6978
f 6607 6978 6609
f 6609 6978 7017
f 6609 7017 6611
f 6611 7017 7019
f 6611 7019 6613
f 6613 7019 7021
f 6613 7021 6615
f 6615 7021 7024
f 6615 7024 6617
f 6617 7024 6979
f 6617 6979 6619
f 6619 6979 6981
f 6619 6981 6621
f 6621 6981 6983
f 6621 6983 6623
f 6623 6983 7051
f 6623 7051 6625
f 6625 7051 7053
f 6625 7053 6627
f 6627 7053 6984
f 6627 6984 6629
f 6629 6984 6986
f 6629 6986 6631
f 6631 6986 6988
f 6631 6988 6633
f 6633 6988 7029
f 6633 7029 6635
f 6635 7029 7031
f 6635 7031 6637
f 6637 7031 7044
f 6637 7044 6639
f 6639 7044 7046
f 6639 7046 6641
f 6641 7046 7048
f 6641 7048 6643
f 6643 7048 7058
f 6643 7058 6645
f 6645 7058 7060
f 6645 7060 6647
f 6647 7060 7063
f 6647 7063 6649
f 6649 7063 7065
f 6649 7065 6651
f 6651 7065 7068
f 6651 7068 6653
f 6653 7068 7070
f 6653 7070 6655
f 6655 7070 6989
f 6655 6989 6657
f 6657 6989 6991
f 6657 6991 6659
f 6659 6991 6993
f 6659 6993 6661
f 6661 6993 6996
f 6661 6996 6663
f 6663 6996 6998
f 6663 6998 6665
f 6665 6998 6959
f 6665 6959 6667
f 6667 6959 6961
f 6667 6961 6669
f 6669 6961 6963
f 6669 6963 6671
f 6671 6963 7034
f 6671 7034 6673
f 6673 7034 6929
f 6673 6929 6675
f 6675 6929 6931
f 6675 6931 6677
f 6677 6931 6933
f 6677 6933 6679
f 6679 6933 6935
f 6679 6935 6506
f 6506 6935 6966
f 6506 6966 6514
f 6514 6966 6968
f 6514 6968 6525
f 6525 6968 7039
f 6525 7039 6523
f 6523 7039 7001
f 6523 7001 6531
f 6531 7001 7003
f 6531 7003 6537
f 6537 7003 7005
f 6537 7005 6542
f 6542 7005 6936
f 6542 6936 6556
f 6556 6936 6938
f 6556 6938 6601
f 6601 6938 6940
f 6601 6940 6599
f 6599 6940 6943
f 6599 6943 6597
f 6597 6943 6945
f 6597 6945 6595
f 6595 6945 7010
f 6595 7010 6593
f 6593 7010 7012
f 6593 7012 6591
f 6591 7012 6969
f 6591 6969 6589
f 6589 6969 6971
f 6589 6971 6587
f 6587 6971 6946
f 6587 6946 6585
f 6585 6946 6948
f 6585 6948 6583
f 6583 6948 6950
f 6583 6950 6577
f 6577 6950 6578
f 7349 7350 7351
f 7351 7350 7352
f 7350 7353 7352
f 7352 7353 7354
f 7352 7354 7355
f 7355 7354 7356
f 7355 7356 7357
f 7357 7356 7358
f 7357 7358 7359
f 7359 7358 7360
f 7359 7360 7361
f 7361 7360 7362
f 7361 7362 7363
f 7363 7362 7364
f 7363 7364 7365
f 7365 7364 7366
f 7365 7366 7367
f 7367 7366 7368
f 7367 7368 7369
f 7369 7368 7370
f 7369 7370 7371
f 7371 7370 7372
f 7371 7372 7373
f 7373 7372 7374
f 7373 7374 7375
f 7375 7374 7376
f 7375 7376 7377
f 7377 7376 7378
f 7377 7378 7379
f 7379 7378 7380
f 7379 7380 7381
f 7381 7380 7382
f 7381 7382 7383
f 7383 7382 7384
f 7383 7384 7385
f 7385 7384 7386
f 7385 7386 7387
f 7387 7386 7388
f 7387 7388 7389
f 7389 7388 7390
f 7389 7390 7391
f 7391 7390 7392
f 7391 7392 7393
f 7393 7392 7394
f 7393 7394 7395
f 7395 7394 7396
f 7395 7396 7397
f 7397 7396 7398
f 7397 7398 7399
f 7399 7398 7400
f 7399 7400 7401
f 7401 7400 7402
f 7401 7402 7403
f 7403 7402 7404
f 7403 7404 7405
f 7405 7404 7406
f 7405 7406 7407
f 7407 7406 7408
f 7407 7408 7409
f 7409 7408 7410
f 7409 7410 7411
f 7411 7410 7412
f 7411 7412 7413
f 7413 7412 7414
f 7413 7414 7415
f 7415 7414 7416
f 7415 7416 7417
f 7417 7416 7418
f 7417 7418 7419
f 7419 7418 7420
f 7419 7420 7421
f 7421 7420 7422
f 7421 7422 7423
f 7423 7422 7349
f 7423 7349 7424
f 7424 7349 7351
f 7350 7349 7425
f 7350 7425 7353
f 7358 7356 7425
f 7425 7356 7354
f 7425 7354 7353
f 7364 7362 7425
f 7425 7362 7360
f 7425 7360 7358
f 7370 7368 7425
f 7425 7368 7366
f 7425 7366 7364
f 7376 7374 7425
f 7425 7374 7372
f 7425 7372 7370
f 7382 7380 7425
f 7425 7380 7378
f 7425 7378 7376
f 7388 7386 7425
f 7425 7386 7384
f 7425 7384 7382
f 7394 7392 7425
f 7425 7392 7390
f 7425 7390 7388
f 7400 7398 7425
f 7425 7398 7396
f 7425 7396 7394
f 7406 7404 7425
f 7425 7404 7402
f 7425 7402 7400
f 7412 7410 7425
f 7425 7410 7408
f 7425 7408 7406
f 7418 7416 7425
f 7425 7416 7414
f 7425 7414 7412
f 7349 7422 7425
f 7425 7422 7420
f 7425 7420 7418
f 7351 7352 7426
f 7351 7426 7424
f 7419 7421 7426
f 7426 7421 7423
f 7426 7423 7424
f 7413 7415 7426
f 7426 7415 7417
f 7426 7417 7419
f 7407 7409 7426
f 7426 7409 7411
f 7426 7411 7413
f 7401 7403 7426
f 7426 7403 7405
f 7426 7405 7407
f 7395 7397 7426
f 7426 7397 7399
f 7426 7399 7401
f 7389 7391 7426
f 7426 7391 7393
f 7426 7393 7395
f 7383 7385 7426
f 7426 7385 7387
f 7426 7387 7389
f 7377 7379 7426
f 7426 7379 7381
f 7426 7381 7383
f 7371 7373 7426
f 7426 7373 7375
f 7426 7375 7377
f 7365 7367 7426
f 7426 7367 7369
f 7426 7369 7371
f 7359 7361 7426
f 7426 7361 7363
f 7426 7363 7365
f 7352 7355 7426
f 7426 7355 7357
f 7426 7357 7359

