# https://github.com/mikedh/trimesh
v -0.01936849 0.00681928 0.23863693
v -0.01936849 -0.01268072 0.23863693
v -0.02077447 -0.01268072 0.24072244
v -0.02077447 0.00681928 0.24072244
v -0.02196379 -0.01268072 0.24293867
v -0.02196379 0.00681928 0.24293867
v -0.02292440 -0.01268072 0.24526319
v -0.02292440 0.00681928 0.24526319
v -0.02364658 -0.01268072 0.24767247
v -0.02364658 0.00681928 0.24767247
v -0.02412302 -0.01268072 0.25014211
v -0.02412302 0.00681928 0.25014211
v -0.02434890 -0.01268072 0.25264714
v -0.02434890 0.00681928 0.25264714
v -0.02432193 -0.01268072 0.25516218
v -0.02432193 0.00681928 0.25516218
v -0.02404238 -0.01268072 0.25766178
v -0.02404238 0.00681928 0.25766178
v -0.02351309 -0.01268072 0.26012064
v -0.02351309 0.00681928 0.26012064
v -0.02273942 -0.01268072 0.26251388
v -0.02273942 0.00681928 0.26251388
v -0.02172918 -0.01268072 0.26481727
v -0.02172918 0.00681928 0.26481727
v -0.02049262 -0.01268072 0.26700748
v -0.02049262 0.00681928 0.26700748
v -0.01904224 -0.01268072 0.26906237
v -0.01904224 0.00681928 0.26906237
v -0.01739272 -0.01268072 0.27096112
v -0.01739272 0.00681928 0.27096112
v -0.01556077 -0.01268072 0.27268452
v -0.01556077 0.00681928 0.27268452
v -0.01356492 -0.01268072 0.27421512
v -0.01356492 0.00681928 0.27421512
v -0.01142537 -0.01268072 0.27553743
v -0.01142537 0.00681928 0.27553743
v -0.00916379 -0.01268072 0.27663807
v -0.00916379 0.00681928 0.27663807
v -0.00680306 -0.01268072 0.27750589
v -0.00680306 0.00681928 0.27750589
v -0.00436708 -0.01268072 0.27813212
v -0.00436708 0.00681928 0.27813212
v -0.00188051 -0.01268072 0.27851041
v -0.00188051 0.00681928 0.27851041
v 0.00063149 -0.01268072 0.27863694
v 0.00063149 0.00681928 0.27863694
v 0.00314349 -0.01268072 0.27851042
v 0.00314349 0.00681928 0.27851042
v 0.00563007 -0.01268072 0.27813213
v 0.00563007 0.00681928 0.27813213
v 0.00806605 -0.01268072 0.27750590
v 0.00806605 0.00681928 0.27750590
v 0.01042677 -0.01268072 0.27663808
v 0.01042677 0.00681928 0.27663808
v 0.01268836 -0.01268072 0.27553744
v 0.01268836 0.00681928 0.27553744
v 0.01482790 -0.01268072 0.27421513
v 0.01482790 0.00681928 0.27421513
v 0.01682375 -0.01268072 0.27268453
v 0.01682375 0.00681928 0.27268453
v 0.01865571 -0.01268072 0.27096114
v 0.01865571 0.00681928 0.27096114
v 0.02030523 -0.01268072 0.26906239
v 0.02030523 0.00681928 0.26906239
v 0.02175561 -0.01268072 0.26700750
v 0.02175561 0.00681928 0.26700750
v 0.02299218 -0.01268072 0.26481729
v 0.02299218 0.00681928 0.26481729
v 0.02400241 -0.01268072 0.26251390
v 0.02400241 0.00681928 0.26251390
v 0.02477609 -0.01268072 0.26012067
v 0.02477609 0.00681928 0.26012067
v 0.02530538 -0.01268072 0.25766180
v 0.02530538 0.00681928 0.25766180
v 0.02558493 -0.01268072 0.25516220
v 0.02558493 0.00681928 0.25516220
v 0.02561190 -0.01268072 0.25264716
v 0.02561190 0.00681928 0.25264716
v 0.02538602 -0.01268072 0.25014214
v 0.02538602 0.00681928 0.25014214
v 0.02490959 -0.01268072 0.24767249
v 0.02490959 0.00681928 0.24767249
v 0.02418741 -0.01268072 0.24526321
v 0.02418741 0.00681928 0.24526321
v 0.02322680 -0.01268072 0.24293869
v 0.02322680 0.00681928 0.24293869
v 0.02203749 -0.01268072 0.24072246
v 0.02203749 0.00681928 0.24072246
v 0.02063151 -0.01268072 0.23863695
v 0.02063151 0.00681928 0.23863695
v 0.01463151 0.00681928 0.23863694
v 0.01463151 -0.01268072 0.23863694
v 0.01463150 0.00681928 0.26513694
v 0.01463150 -0.01268072 0.26513694
v -0.01086850 0.00681928 0.26763693
v 0.01213150 0.00681928 0.26763694
v -0.01086850 -0.01268072 0.26763693
v 0.01213150 -0.01268072 0.26763694
v -0.01336850 -0.01268072 0.26513693
v -0.01336849 -0.01268072 0.23863693
v -0.01336850 0.00681928 0.26513693
v -0.01336849 0.00681928 0.23863693
v -0.01333773 0.00681928 0.26552802
v 0.01460072 0.00681928 0.26552803
v 0.01450914 0.00681928 0.26590949
v 0.01435901 0.00681928 0.26627192
v 0.01415404 0.00681928 0.26660641
v 0.01389926 0.00681928 0.26690471
v -0.01200348 0.00681928 0.26736445
v -0.01233797 0.00681928 0.26715947
v 0.01360096 0.00681928 0.26715948
v 0.01326647 0.00681928 0.26736446
v 0.01290404 0.00681928 0.26751458
v 0.01252258 0.00681928 0.26760616
v -0.01263627 0.00681928 0.26690470
v -0.01289105 0.00681928 0.26660639
v -0.01309602 0.00681928 0.26627190
v -0.01324615 0.00681928 0.26590947
v -0.01164105 0.00681928 0.26751457
v -0.01125959 0.00681928 0.26760615
v 0.01252258 -0.01268072 0.26760616
v 0.01460072 -0.01268072 0.26552803
v -0.01263627 -0.01268072 0.26690470
v 0.01290404 -0.01268072 0.26751458
v 0.01415404 -0.01268072 0.26660641
v 0.01435901 -0.01268072 0.26627192
v 0.01450914 -0.01268072 0.26590949
v -0.01233797 -0.01268072 0.26715947
v -0.01200348 -0.01268072 0.26736445
v -0.01164105 -0.01268072 0.26751457
v -0.01125959 -0.01268072 0.26760615
v -0.01333773 -0.01268072 0.26552802
v -0.01324615 -0.01268072 0.26590947
v -0.01309602 -0.01268072 0.26627190
v -0.01289105 -0.01268072 0.26660639
v 0.01326647 -0.01268072 0.26736446
v 0.01360096 -0.01268072 0.26715948
v 0.01389926 -0.01268072 0.26690471
v 0.01149960 -0.00168072 0.24253220
v 0.01149960 -0.00168072 0.24524441
v 0.01073540 -0.00168072 0.24524441
v -0.01150040 -0.00168072 0.26078729
v -0.01150040 -0.00168072 0.26028219
v -0.00576461 -0.00168072 0.26028220
v 0.01149961 -0.00168072 0.23920152
v 0.01073540 -0.00168072 0.24253220
v 0.00099960 -0.00168072 0.25349441
v 0.00249960 -0.00168072 0.25349441
v 0.00299960 -0.00168072 0.25515720
v 0.00249960 -0.00168072 0.24649441
v 0.00299960 -0.00168072 0.24524441
v 0.00099960 -0.00168072 0.24524441
v 0.00099960 -0.00168072 0.25515720
v -0.00100040 -0.00168072 0.25515720
v -0.00100040 -0.00168072 0.25349441
v -0.00100040 -0.00168072 0.24649441
v -0.00250040 -0.00168072 0.24649440
v -0.00300040 -0.00168072 0.24524440
v -0.00250040 -0.00168072 0.25349440
v 0.01149960 -0.00168072 0.26078730
v 0.01079249 -0.00168072 0.26149441
v 0.01073539 -0.00168072 0.26028220
v 0.01079250 -0.00168072 0.23849441
v -0.01150040 -0.00168072 0.24253219
v -0.00925356 -0.00168072 0.24118200
v -0.00919769 -0.00168072 0.24136445
v -0.00911178 -0.00168072 0.24153483
v -0.00899832 -0.00168072 0.24168824
v -0.00886056 -0.00168072 0.24182028
v -0.00870247 -0.00168072 0.24192713
v -0.00852859 -0.00168072 0.24200572
v -0.00834394 -0.00168072 0.24205380
v -0.00777903 -0.00168072 0.24200572
v -0.00576460 -0.00168072 0.24253219
v -0.00796368 -0.00168072 0.24205380
v -0.00815381 -0.00168072 0.24206999
v -0.00730930 -0.00168072 0.24168825
v -0.00719584 -0.00168072 0.24153483
v -0.00576460 -0.00168072 0.23849440
v -0.00805840 -0.00168072 0.23982404
v -0.01079329 -0.00168072 0.23849440
v -0.00824922 -0.00168072 0.23982404
v -0.00843729 -0.00168072 0.23985629
v -0.00861720 -0.00168072 0.23991985
v -0.00878378 -0.00168072 0.24001291
v -0.00893224 -0.00168072 0.24013278
v -0.00905831 -0.00168072 0.24027602
v -0.01150039 -0.00168072 0.23920151
v -0.00915835 -0.00168072 0.24043851
v -0.00922950 -0.00168072 0.24061556
v -0.00926970 -0.00168072 0.24080209
v -0.00927780 -0.00168072 0.24099273
v -0.00760515 -0.00168072 0.24192713
v -0.00744706 -0.00168072 0.24182028
v -0.00710994 -0.00168072 0.24136445
v -0.00705406 -0.00168072 0.24118200
v -0.00702982 -0.00168072 0.24099273
v -0.00752384 -0.00168072 0.24001291
v -0.00737538 -0.00168072 0.24013279
v -0.00724931 -0.00168072 0.24027602
v -0.00769042 -0.00168072 0.23991985
v -0.00787033 -0.00168072 0.23985629
v -0.00703792 -0.00168072 0.24080209
v -0.00707812 -0.00168072 0.24061556
v -0.00714927 -0.00168072 0.24043851
v 0.01073539 -0.00168072 0.25515720
v 0.01149960 -0.00168072 0.25515720
v 0.01149960 -0.00168072 0.26028220
v 0.01073540 -0.00168072 0.23849441
v 0.00997018 -0.00168072 0.24099274
v 0.00996208 -0.00168072 0.24080210
v 0.00611040 -0.00168072 0.24253220
v 0.00884619 -0.00168072 0.24206999
v 0.00865606 -0.00168072 0.24205381
v 0.00992188 -0.00168072 0.24061557
v 0.00985073 -0.00168072 0.24043852
v 0.00975069 -0.00168072 0.24027603
v 0.00772220 -0.00168072 0.24099274
v 0.00774644 -0.00168072 0.24118201
v 0.00903632 -0.00168072 0.24205381
v 0.00922097 -0.00168072 0.24200573
v 0.00939485 -0.00168072 0.24192713
v 0.00955294 -0.00168072 0.24182028
v 0.00969070 -0.00168072 0.24168825
v 0.00980416 -0.00168072 0.24153484
v 0.00989006 -0.00168072 0.24136446
v 0.00994594 -0.00168072 0.24118201
v 0.00962462 -0.00168072 0.24013279
v 0.00947616 -0.00168072 0.24001292
v 0.00930958 -0.00168072 0.23991986
v 0.00806776 -0.00168072 0.24013279
v 0.00794169 -0.00168072 0.24027603
v 0.00611040 -0.00168072 0.23849441
v 0.00800168 -0.00168072 0.24168825
v 0.00813944 -0.00168072 0.24182028
v 0.00780231 -0.00168072 0.24136446
v 0.00788822 -0.00168072 0.24153484
v 0.00829753 -0.00168072 0.24192713
v 0.00847141 -0.00168072 0.24200573
v 0.00912967 -0.00168072 0.23985629
v 0.00894160 -0.00168072 0.23982405
v 0.00875078 -0.00168072 0.23982405
v 0.00856271 -0.00168072 0.23985629
v 0.00784165 -0.00168072 0.24043851
v 0.00777050 -0.00168072 0.24061557
v 0.00773030 -0.00168072 0.24080210
v 0.00838280 -0.00168072 0.23991986
v 0.00821622 -0.00168072 0.24001292
v 0.00903631 -0.00168072 0.25905381
v 0.00922096 -0.00168072 0.25900573
v 0.00939484 -0.00168072 0.25892713
v 0.00955293 -0.00168072 0.25882028
v 0.00856271 -0.00168072 0.25685629
v 0.00838279 -0.00168072 0.25691986
v 0.00611039 -0.00168072 0.25515720
v 0.00773029 -0.00168072 0.25780210
v 0.00772220 -0.00168072 0.25799274
v 0.00611039 -0.00168072 0.26028220
v 0.00774643 -0.00168072 0.25818201
v 0.00780231 -0.00168072 0.25836446
v 0.00788821 -0.00168072 0.25853484
v 0.00800167 -0.00168072 0.25868825
v 0.00813943 -0.00168072 0.25882028
v 0.00829752 -0.00168072 0.25892713
v 0.00847140 -0.00168072 0.25900573
v 0.00865605 -0.00168072 0.25905381
v 0.00884618 -0.00168072 0.25906999
v 0.00969069 -0.00168072 0.25868825
v 0.00980415 -0.00168072 0.25853484
v 0.00989006 -0.00168072 0.25836446
v 0.00992187 -0.00168072 0.25761557
v 0.00985072 -0.00168072 0.25743852
v 0.00975068 -0.00168072 0.25727603
v 0.00962461 -0.00168072 0.25713279
v 0.00947615 -0.00168072 0.25701292
v 0.00930957 -0.00168072 0.25691986
v 0.00821621 -0.00168072 0.25701292
v 0.00806775 -0.00168072 0.25713279
v 0.00794169 -0.00168072 0.25727603
v 0.00994593 -0.00168072 0.25818201
v 0.00997017 -0.00168072 0.25799274
v 0.00996207 -0.00168072 0.25780210
v 0.00912966 -0.00168072 0.25685630
v 0.00894159 -0.00168072 0.25682405
v 0.00875078 -0.00168072 0.25682405
v 0.00784164 -0.00168072 0.25743851
v 0.00777049 -0.00168072 0.25761557
v 0.00449915 -0.00168072 0.24347319
v 0.00448838 -0.00168072 0.24338907
v 0.00446355 -0.00168072 0.24330798
v 0.00442537 -0.00168072 0.24323225
v 0.00437494 -0.00168072 0.24316407
v 0.00431371 -0.00168072 0.24310539
v 0.00424345 -0.00168072 0.24305790
v 0.00379365 -0.00168072 0.24395002
v 0.00387362 -0.00168072 0.24397827
v 0.00395720 -0.00168072 0.24399261
v 0.00399960 -0.00168072 0.24399441
v 0.00404201 -0.00168072 0.24399261
v 0.00611040 -0.00168072 0.24524441
v 0.00412559 -0.00168072 0.24397827
v 0.00420555 -0.00168072 0.24395002
v 0.00416617 -0.00168072 0.24302297
v 0.00408410 -0.00168072 0.24300160
v 0.00299960 -0.00168072 0.24253220
v 0.00399960 -0.00168072 0.24299441
v 0.00391510 -0.00168072 0.24300160
v 0.00383303 -0.00168072 0.24302297
v 0.00375576 -0.00168072 0.24305790
v 0.00368549 -0.00168072 0.24310539
v 0.00362427 -0.00168072 0.24316407
v 0.00357384 -0.00168072 0.24323225
v 0.00353566 -0.00168072 0.24330798
v 0.00427959 -0.00168072 0.24390866
v 0.00434557 -0.00168072 0.24385539
v 0.00440160 -0.00168072 0.24379172
v 0.00444607 -0.00168072 0.24371951
v 0.00447769 -0.00168072 0.24364082
v 0.00449555 -0.00168072 0.24355792
v 0.00351083 -0.00168072 0.24338907
v 0.00350005 -0.00168072 0.24347319
v 0.00350365 -0.00168072 0.24355792
v 0.00352152 -0.00168072 0.24364082
v 0.00355314 -0.00168072 0.24371951
v 0.00359761 -0.00168072 0.24379172
v 0.00365363 -0.00168072 0.24385539
v 0.00371962 -0.00168072 0.24390866
v 0.00248838 -0.00168072 0.24338907
v 0.00246355 -0.00168072 0.24330798
v 0.00212559 -0.00168072 0.24397827
v 0.00220555 -0.00168072 0.24395002
v 0.00227959 -0.00168072 0.24390866
v 0.00165363 -0.00168072 0.24385538
v 0.00171962 -0.00168072 0.24390866
v 0.00179365 -0.00168072 0.24395002
v 0.00187362 -0.00168072 0.24397827
v 0.00242537 -0.00168072 0.24323225
v 0.00237494 -0.00168072 0.24316407
v 0.00231371 -0.00168072 0.24310539
v 0.00195720 -0.00168072 0.24399261
v 0.00199960 -0.00168072 0.24399441
v 0.00204201 -0.00168072 0.24399261
v 0.00208410 -0.00168072 0.24300160
v 0.00099960 -0.00168072 0.24253220
v 0.00199960 -0.00168072 0.24299441
v 0.00191510 -0.00168072 0.24300160
v 0.00234557 -0.00168072 0.24385538
v 0.00240160 -0.00168072 0.24379172
v 0.00244607 -0.00168072 0.24371951
v 0.00224345 -0.00168072 0.24305790
v 0.00216617 -0.00168072 0.24302297
v 0.00183303 -0.00168072 0.24302297
v 0.00175576 -0.00168072 0.24305790
v 0.00168549 -0.00168072 0.24310539
v 0.00162427 -0.00168072 0.24316407
v 0.00157384 -0.00168072 0.24323225
v 0.00153566 -0.00168072 0.24330798
v 0.00151083 -0.00168072 0.24338907
v 0.00150005 -0.00168072 0.24347319
v 0.00150365 -0.00168072 0.24355792
v 0.00152152 -0.00168072 0.24364082
v 0.00155314 -0.00168072 0.24371951
v 0.00159761 -0.00168072 0.24379172
v 0.00247769 -0.00168072 0.24364082
v 0.00249555 -0.00168072 0.24355792
v 0.00249915 -0.00168072 0.24347319
v 0.00020555 -0.00168072 0.24395002
v 0.00027959 -0.00168072 0.24390866
v 0.00012559 -0.00168072 0.24397827
v 0.00048838 -0.00168072 0.24338907
v 0.00046355 -0.00168072 0.24330798
v 0.00042537 -0.00168072 0.24323225
v 0.00037494 -0.00168072 0.24316407
v 0.00031371 -0.00168072 0.24310539
v 0.00024345 -0.00168072 0.24305790
v 0.00034557 -0.00168072 0.24385538
v 0.00040160 -0.00168072 0.24379172
v 0.00044607 -0.00168072 0.24371951
v -0.00008490 -0.00168072 0.24300160
v -0.00016697 -0.00168072 0.24302297
v -0.00100040 -0.00168072 0.24253220
v -0.00024424 -0.00168072 0.24305790
v -0.00031451 -0.00168072 0.24310539
v -0.00100040 -0.00168072 0.24524441
v -0.00020635 -0.00168072 0.24395002
v -0.00012638 -0.00168072 0.24397827
v 0.00016617 -0.00168072 0.24302297
v 0.00008410 -0.00168072 0.24300160
v -0.00000040 -0.00168072 0.24299441
v -0.00037573 -0.00168072 0.24316407
v -0.00042616 -0.00168072 0.24323225
v -0.00046434 -0.00168072 0.24330798
v -0.00047848 -0.00168072 0.24364082
v -0.00044686 -0.00168072 0.24371951
v -0.00040239 -0.00168072 0.24379172
v -0.00004280 -0.00168072 0.24399260
v -0.00000040 -0.00168072 0.24399441
v 0.00004201 -0.00168072 0.24399260
v -0.00048917 -0.00168072 0.24338907
v -0.00049995 -0.00168072 0.24347318
v -0.00049635 -0.00168072 0.24355791
v -0.00034637 -0.00168072 0.24385538
v -0.00028038 -0.00168072 0.24390866
v 0.00047769 -0.00168072 0.24364082
v 0.00049555 -0.00168072 0.24355791
v 0.00049915 -0.00168072 0.24347319
v -0.00220635 -0.00168072 0.24395002
v -0.00212638 -0.00168072 0.24397827
v -0.00204280 -0.00168072 0.24399260
v -0.00200040 -0.00168072 0.24399440
v -0.00195799 -0.00168072 0.24399260
v -0.00187441 -0.00168072 0.24397827
v -0.00179445 -0.00168072 0.24395002
v -0.00172041 -0.00168072 0.24390866
v -0.00151162 -0.00168072 0.24338907
v -0.00153645 -0.00168072 0.24330798
v -0.00157463 -0.00168072 0.24323225
v -0.00162506 -0.00168072 0.24316407
v -0.00168629 -0.00168072 0.24310539
v -0.00175655 -0.00168072 0.24305790
v -0.00183383 -0.00168072 0.24302297
v -0.00208490 -0.00168072 0.24300160
v -0.00300040 -0.00168072 0.24253220
v -0.00200040 -0.00168072 0.24299440
v -0.00191590 -0.00168072 0.24300160
v 0.00099960 -0.00168072 0.24649441
v -0.00165443 -0.00168072 0.24385538
v -0.00159840 -0.00168072 0.24379172
v -0.00155393 -0.00168072 0.24371951
v -0.00216697 -0.00168072 0.24302297
v -0.00224424 -0.00168072 0.24305790
v -0.00231451 -0.00168072 0.24310539
v -0.00237573 -0.00168072 0.24316407
v -0.00242616 -0.00168072 0.24323225
v -0.00246434 -0.00168072 0.24330798
v -0.00152231 -0.00168072 0.24364082
v -0.00150445 -0.00168072 0.24355791
v -0.00150085 -0.00168072 0.24347318
v -0.00248917 -0.00168072 0.24338906
v -0.00249995 -0.00168072 0.24347318
v -0.00249635 -0.00168072 0.24355791
v -0.00247848 -0.00168072 0.24364082
v -0.00244686 -0.00168072 0.24371951
v -0.00240239 -0.00168072 0.24379172
v -0.00234637 -0.00168072 0.24385538
v -0.00228038 -0.00168072 0.24390866
v -0.00300039 -0.00168072 0.23849440
v -0.00100039 -0.00168072 0.23849441
v 0.00099961 -0.00168072 0.23849441
v 0.00299961 -0.00168072 0.23849441
v -0.00400040 -0.00168072 0.24399440
v -0.00395799 -0.00168072 0.24399260
v -0.00431451 -0.00168072 0.24310539
v -0.00424424 -0.00168072 0.24305790
v -0.00416697 -0.00168072 0.24302296
v -0.00387441 -0.00168072 0.24397827
v -0.00379445 -0.00168072 0.24395002
v -0.00372041 -0.00168072 0.24390866
v -0.00365443 -0.00168072 0.24385538
v -0.00359840 -0.00168072 0.24379172
v -0.00355393 -0.00168072 0.24371951
v -0.00437573 -0.00168072 0.24316407
v -0.00442616 -0.00168072 0.24323225
v -0.00446434 -0.00168072 0.24330798
v -0.00447848 -0.00168072 0.24364081
v -0.00444686 -0.00168072 0.24371951
v -0.00576460 -0.00168072 0.24524440
v -0.00448917 -0.00168072 0.24338906
v -0.00449995 -0.00168072 0.24347318
v -0.00449635 -0.00168072 0.24355791
v -0.00352231 -0.00168072 0.24364082
v -0.00350445 -0.00168072 0.24355791
v -0.00350085 -0.00168072 0.24347318
v -0.00351162 -0.00168072 0.24338906
v -0.00353645 -0.00168072 0.24330798
v -0.00357463 -0.00168072 0.24323225
v -0.00362506 -0.00168072 0.24316407
v -0.00440239 -0.00168072 0.24379172
v -0.00434637 -0.00168072 0.24385538
v -0.00428038 -0.00168072 0.24390866
v -0.00368629 -0.00168072 0.24310539
v -0.00375655 -0.00168072 0.24305790
v -0.00383383 -0.00168072 0.24302296
v -0.00391590 -0.00168072 0.24300160
v -0.00400040 -0.00168072 0.24299440
v -0.00408490 -0.00168072 0.24300160
v -0.00420635 -0.00168072 0.24395002
v -0.00412638 -0.00168072 0.24397827
v -0.00404280 -0.00168072 0.24399260
v 0.01073539 -0.00168072 0.26149441
v 0.00611039 -0.00168072 0.26149441
v 0.00299960 -0.00168072 0.26149441
v 0.00299960 -0.00168072 0.26028220
v 0.00099960 -0.00168072 0.26149441
v 0.00099960 -0.00168072 0.26028220
v -0.00100040 -0.00168072 0.26149441
v -0.00100040 -0.00168072 0.26028220
v -0.00300040 -0.00168072 0.26149440
v -0.00300040 -0.00168072 0.26028220
v -0.00576461 -0.00168072 0.26149440
v -0.01079330 -0.00168072 0.26149440
v -0.01150040 -0.00168072 0.24524440
v -0.00300040 -0.00168072 0.25515720
v -0.00576461 -0.00168072 0.25515720
v -0.01150040 -0.00168072 0.25515719
v -0.00911179 -0.00168072 0.25853483
v -0.00919769 -0.00168072 0.25836445
v -0.00925357 -0.00168072 0.25818200
v -0.00796369 -0.00168072 0.25905380
v -0.00777904 -0.00168072 0.25900572
v -0.00899832 -0.00168072 0.25868825
v -0.00886057 -0.00168072 0.25882028
v -0.00870248 -0.00168072 0.25892713
v -0.00852860 -0.00168072 0.25900572
v -0.00834395 -0.00168072 0.25905380
v -0.00815382 -0.00168072 0.25906999
v -0.00922951 -0.00168072 0.25761556
v -0.00926971 -0.00168072 0.25780209
v -0.00730931 -0.00168072 0.25868825
v -0.00719585 -0.00168072 0.25853483
v -0.00760516 -0.00168072 0.25892713
v -0.00744707 -0.00168072 0.25882028
v -0.00710994 -0.00168072 0.25836445
v -0.00705407 -0.00168072 0.25818200
v -0.00702983 -0.00168072 0.25799273
v -0.00927781 -0.00168072 0.25799273
v -0.00703793 -0.00168072 0.25780209
v -0.00707813 -0.00168072 0.25761556
v -0.00714928 -0.00168072 0.25743851
v -0.00724932 -0.00168072 0.25727602
v -0.00843729 -0.00168072 0.25685629
v -0.00861721 -0.00168072 0.25691985
v -0.00878379 -0.00168072 0.25701291
v -0.00893225 -0.00168072 0.25713279
v -0.00905832 -0.00168072 0.25727602
v -0.00915836 -0.00168072 0.25743851
v -0.00737539 -0.00168072 0.25713279
v -0.00752385 -0.00168072 0.25701291
v -0.00769043 -0.00168072 0.25691985
v -0.00787034 -0.00168072 0.25685629
v -0.00805841 -0.00168072 0.25682404
v -0.00824923 -0.00168072 0.25682404
v -0.01150040 -0.00068072 0.26078729
v -0.01079330 -0.00068072 0.26149440
v -0.00576461 -0.00068072 0.26149440
v -0.00787033 -0.00068072 0.23985629
v -0.00576460 -0.00068072 0.23849440
v -0.00805840 -0.00068072 0.23982404
v -0.00815381 -0.00068072 0.23981999
v -0.00702982 -0.00068072 0.24099273
v -0.00705406 -0.00068072 0.24118200
v -0.00576460 -0.00068072 0.24253219
v -0.00796368 -0.00068072 0.24205380
v -0.00815381 -0.00068072 0.24206999
v -0.00824922 -0.00068072 0.23982404
v -0.01079329 -0.00068072 0.23849440
v -0.00843729 -0.00068072 0.23985629
v -0.00730930 -0.00068072 0.24168825
v -0.00744706 -0.00068072 0.24182028
v -0.00834394 -0.00068072 0.24205380
v -0.01150040 -0.00068072 0.24253219
v -0.00852859 -0.00068072 0.24200572
v -0.00870247 -0.00068072 0.24192713
v -0.00886056 -0.00068072 0.24182028
v -0.00899832 -0.00068072 0.24168824
v -0.00911178 -0.00068072 0.24153483
v -0.00919769 -0.00068072 0.24136445
v -0.00926970 -0.00068072 0.24080209
v -0.01150039 -0.00068072 0.23920151
v -0.00927780 -0.00068072 0.24099273
v -0.00925356 -0.00068072 0.24118200
v -0.00769042 -0.00068072 0.23991985
v -0.00752384 -0.00068072 0.24001291
v -0.00737538 -0.00068072 0.24013279
v -0.00703792 -0.00068072 0.24080209
v -0.00710994 -0.00068072 0.24136445
v -0.00719584 -0.00068072 0.24153483
v -0.00760515 -0.00068072 0.24192713
v -0.00777903 -0.00068072 0.24200572
v -0.00922950 -0.00068072 0.24061556
v -0.00915835 -0.00068072 0.24043851
v -0.00905831 -0.00068072 0.24027602
v -0.00893224 -0.00068072 0.24013278
v -0.00878378 -0.00068072 0.24001291
v -0.00861720 -0.00068072 0.23991985
v -0.00724931 -0.00068072 0.24027602
v -0.00714927 -0.00068072 0.24043851
v -0.00707812 -0.00068072 0.24061556
v -0.01150040 -0.00068072 0.25040719
v -0.00576461 -0.00068072 0.25040720
v -0.00702983 -0.00068072 0.25799273
v -0.00705407 -0.00068072 0.25818200
v -0.00576461 -0.00068072 0.26028220
v -0.00919769 -0.00068072 0.25836445
v -0.00925357 -0.00068072 0.25818200
v -0.01150040 -0.00068072 0.26028219
v -0.00752385 -0.00068072 0.25701291
v -0.00737539 -0.00068072 0.25713279
v -0.00703793 -0.00068072 0.25780209
v -0.00724932 -0.00068072 0.25727602
v -0.00714928 -0.00068072 0.25743851
v -0.00707813 -0.00068072 0.25761556
v -0.00710994 -0.00068072 0.25836445
v -0.00719585 -0.00068072 0.25853483
v -0.00730931 -0.00068072 0.25868825
v -0.00744707 -0.00068072 0.25882028
v -0.00760516 -0.00068072 0.25892713
v -0.00777904 -0.00068072 0.25900572
v -0.00886057 -0.00068072 0.25882028
v -0.00870248 -0.00068072 0.25892713
v -0.00852860 -0.00068072 0.25900572
v -0.00899832 -0.00068072 0.25868825
v -0.00911179 -0.00068072 0.25853483
v -0.00927781 -0.00068072 0.25799273
v -0.00926971 -0.00068072 0.25780209
v -0.00805841 -0.00068072 0.25682404
v -0.00787034 -0.00068072 0.25685629
v -0.00769043 -0.00068072 0.25691985
v -0.00796369 -0.00068072 0.25905380
v -0.00815382 -0.00068072 0.25906999
v -0.00834395 -0.00068072 0.25905380
v -0.00922951 -0.00068072 0.25761556
v -0.00915836 -0.00068072 0.25743851
v -0.00905832 -0.00068072 0.25727602
v -0.00893225 -0.00068072 0.25713279
v -0.00878379 -0.00068072 0.25701291
v -0.00861721 -0.00068072 0.25691985
v -0.00843729 -0.00068072 0.25685629
v -0.00824923 -0.00068072 0.25682404
v -0.00815382 -0.00068072 0.25681999
v -0.00400040 -0.00068072 0.24299440
v -0.00300040 -0.00068072 0.24253220
v -0.00408490 -0.00068072 0.24300160
v -0.00446434 -0.00068072 0.24330798
v -0.00442616 -0.00068072 0.24323225
v -0.00437573 -0.00068072 0.24316407
v -0.00431451 -0.00068072 0.24310539
v -0.00424424 -0.00068072 0.24305790
v -0.00416697 -0.00068072 0.24302296
v -0.00352231 -0.00068072 0.24364082
v -0.00355393 -0.00068072 0.24371951
v -0.00300040 -0.00068072 0.25040720
v -0.00359840 -0.00068072 0.24379172
v -0.00365443 -0.00068072 0.24385538
v -0.00372041 -0.00068072 0.24390866
v -0.00379445 -0.00068072 0.24395002
v -0.00387441 -0.00068072 0.24397827
v -0.00350445 -0.00068072 0.24355791
v -0.00350085 -0.00068072 0.24347318
v -0.00391590 -0.00068072 0.24300160
v -0.00383383 -0.00068072 0.24302296
v -0.00375655 -0.00068072 0.24305790
v -0.00357463 -0.00068072 0.24323225
v -0.00353645 -0.00068072 0.24330798
v -0.00351162 -0.00068072 0.24338906
v -0.00412638 -0.00068072 0.24397827
v -0.00420635 -0.00068072 0.24395002
v -0.00428038 -0.00068072 0.24390866
v -0.00434637 -0.00068072 0.24385538
v -0.00449635 -0.00068072 0.24355791
v -0.00449995 -0.00068072 0.24347318
v -0.00448917 -0.00068072 0.24338906
v -0.00368629 -0.00068072 0.24310539
v -0.00362506 -0.00068072 0.24316407
v -0.00395799 -0.00068072 0.24399260
v -0.00400040 -0.00068072 0.24399440
v -0.00404280 -0.00068072 0.24399260
v -0.00440239 -0.00068072 0.24379172
v -0.00444686 -0.00068072 0.24371951
v -0.00447848 -0.00068072 0.24364081
v -0.00183383 -0.00068072 0.24302297
v -0.00100040 -0.00068072 0.24253220
v -0.00191590 -0.00068072 0.24300160
v -0.00200040 -0.00068072 0.24299440
v -0.00179445 -0.00068072 0.24395002
v -0.00187441 -0.00068072 0.24397827
v -0.00100040 -0.00068072 0.25040720
v -0.00208490 -0.00068072 0.24300160
v -0.00216697 -0.00068072 0.24302297
v -0.00175655 -0.00068072 0.24305790
v -0.00168629 -0.00068072 0.24310539
v -0.00162506 -0.00068072 0.24316407
v -0.00228038 -0.00068072 0.24390866
v -0.00220635 -0.00068072 0.24395002
v -0.00212638 -0.00068072 0.24397827
v -0.00157463 -0.00068072 0.24323225
v -0.00153645 -0.00068072 0.24330798
v -0.00151162 -0.00068072 0.24338907
v -0.00155393 -0.00068072 0.24371951
v -0.00159840 -0.00068072 0.24379172
v -0.00248917 -0.00068072 0.24338906
v -0.00246434 -0.00068072 0.24330798
v -0.00242616 -0.00068072 0.24323225
v -0.00237573 -0.00068072 0.24316407
v -0.00231451 -0.00068072 0.24310539
v -0.00224424 -0.00068072 0.24305790
v -0.00150085 -0.00068072 0.24347318
v -0.00150445 -0.00068072 0.24355791
v -0.00152231 -0.00068072 0.24364082
v -0.00165443 -0.00068072 0.24385538
v -0.00172041 -0.00068072 0.24390866
v -0.00195799 -0.00068072 0.24399260
v -0.00200040 -0.00068072 0.24399440
v -0.00204280 -0.00068072 0.24399260
v -0.00234637 -0.00068072 0.24385538
v -0.00240239 -0.00068072 0.24379172
v -0.00244686 -0.00068072 0.24371951
v -0.00247848 -0.00068072 0.24364082
v -0.00249635 -0.00068072 0.24355791
v -0.00249995 -0.00068072 0.24347318
v 0.00016617 -0.00068072 0.24302297
v 0.00024345 -0.00068072 0.24305790
v 0.00099960 -0.00068072 0.24253220
v 0.00031371 -0.00068072 0.24310539
v 0.00037494 -0.00068072 0.24316407
v -0.00031451 -0.00068072 0.24310539
v -0.00024424 -0.00068072 0.24305790
v -0.00000040 -0.00068072 0.24299441
v 0.00008410 -0.00068072 0.24300160
v 0.00044607 -0.00068072 0.24371951
v 0.00040160 -0.00068072 0.24379172
v 0.00099960 -0.00068072 0.25040720
v -0.00016697 -0.00068072 0.24302297
v -0.00008490 -0.00068072 0.24300160
v 0.00034557 -0.00068072 0.24385538
v 0.00027959 -0.00068072 0.24390866
v 0.00020555 -0.00068072 0.24395002
v 0.00042537 -0.00068072 0.24323225
v 0.00046355 -0.00068072 0.24330798
v 0.00048838 -0.00068072 0.24338907
v -0.00028038 -0.00068072 0.24390866
v -0.00034637 -0.00068072 0.24385538
v -0.00040239 -0.00068072 0.24379172
v -0.00044686 -0.00068072 0.24371951
v -0.00048917 -0.00068072 0.24338907
v -0.00046434 -0.00068072 0.24330798
v -0.00004280 -0.00068072 0.24399260
v -0.00012638 -0.00068072 0.24397827
v -0.00020635 -0.00068072 0.24395002
v -0.00042616 -0.00068072 0.24323225
v -0.00037573 -0.00068072 0.24316407
v 0.00049915 -0.00068072 0.24347319
v 0.00049555 -0.00068072 0.24355791
v 0.00047769 -0.00068072 0.24364082
v -0.00047848 -0.00068072 0.24364082
v -0.00049635 -0.00068072 0.24355791
v -0.00049995 -0.00068072 0.24347318
v 0.00012559 -0.00068072 0.24397827
v 0.00004201 -0.00068072 0.24399260
v -0.00000040 -0.00068072 0.24399441
v 0.00240160 -0.00068072 0.24379172
v 0.00234557 -0.00068072 0.24385538
v 0.00299960 -0.00068072 0.25040720
v 0.00199960 -0.00068072 0.24299441
v 0.00299960 -0.00068072 0.24253220
v 0.00208410 -0.00068072 0.24300160
v 0.00216617 -0.00068072 0.24302297
v 0.00224345 -0.00068072 0.24305790
v 0.00231371 -0.00068072 0.24310539
v 0.00237494 -0.00068072 0.24316407
v 0.00242537 -0.00068072 0.24323225
v 0.00246355 -0.00068072 0.24330798
v 0.00248838 -0.00068072 0.24338907
v 0.00168549 -0.00068072 0.24310539
v 0.00175576 -0.00068072 0.24305790
v 0.00244607 -0.00068072 0.24371951
v 0.00187362 -0.00068072 0.24397827
v 0.00179365 -0.00068072 0.24395002
v 0.00171962 -0.00068072 0.24390866
v 0.00151083 -0.00068072 0.24338907
v 0.00153566 -0.00068072 0.24330798
v 0.00249915 -0.00068072 0.24347319
v 0.00249555 -0.00068072 0.24355792
v 0.00247769 -0.00068072 0.24364082
v 0.00227959 -0.00068072 0.24390866
v 0.00220555 -0.00068072 0.24395002
v 0.00212559 -0.00068072 0.24397827
v 0.00183303 -0.00068072 0.24302297
v 0.00191510 -0.00068072 0.24300160
v 0.00165363 -0.00068072 0.24385538
v 0.00159761 -0.00068072 0.24379172
v 0.00155314 -0.00068072 0.24371951
v 0.00157384 -0.00068072 0.24323225
v 0.00162427 -0.00068072 0.24316407
v 0.00152152 -0.00068072 0.24364082
v 0.00150365 -0.00068072 0.24355792
v 0.00150005 -0.00068072 0.24347319
v 0.00204201 -0.00068072 0.24399261
v 0.00199960 -0.00068072 0.24399441
v 0.00195720 -0.00068072 0.24399261
v -0.00300039 -0.00068072 0.23849440
v -0.00100039 -0.00068072 0.23849441
v 0.00099961 -0.00068072 0.23849441
v 0.00299961 -0.00068072 0.23849441
v 0.00611040 -0.00068072 0.23849441
v 0.00611040 -0.00068072 0.24253220
v 0.00408410 -0.00068072 0.24300160
v 0.00416617 -0.00068072 0.24302297
v 0.00424345 -0.00068072 0.24305790
v 0.00431371 -0.00068072 0.24310539
v 0.00437494 -0.00068072 0.24316407
v 0.00442537 -0.00068072 0.24323225
v 0.00383303 -0.00068072 0.24302297
v 0.00391510 -0.00068072 0.24300160
v 0.00399960 -0.00068072 0.24299441
v 0.00395720 -0.00068072 0.24399261
v 0.00387362 -0.00068072 0.24397827
v 0.00379365 -0.00068072 0.24395002
v 0.00371962 -0.00068072 0.24390866
v 0.00351083 -0.00068072 0.24338907
v 0.00353566 -0.00068072 0.24330798
v 0.00357384 -0.00068072 0.24323225
v 0.00362427 -0.00068072 0.24316407
v 0.00368549 -0.00068072 0.24310539
v 0.00375576 -0.00068072 0.24305790
v 0.00446355 -0.00068072 0.24330798
v 0.00448838 -0.00068072 0.24338907
v 0.00449915 -0.00068072 0.24347319
v 0.00440160 -0.00068072 0.24379172
v 0.00434557 -0.00068072 0.24385539
v 0.00611039 -0.00068072 0.25040720
v 0.00427959 -0.00068072 0.24390866
v 0.00420555 -0.00068072 0.24395002
v 0.00449555 -0.00068072 0.24355792
v 0.00447769 -0.00068072 0.24364082
v 0.00444607 -0.00068072 0.24371951
v 0.00412559 -0.00068072 0.24397827
v 0.00404201 -0.00068072 0.24399261
v 0.00399960 -0.00068072 0.24399441
v 0.00365363 -0.00068072 0.24385539
v 0.00359761 -0.00068072 0.24379172
v 0.00355314 -0.00068072 0.24371951
v 0.00352152 -0.00068072 0.24364082
v 0.00350365 -0.00068072 0.24355792
v 0.00350005 -0.00068072 0.24347319
v -0.00300040 -0.00068072 0.26028220
v -0.00100040 -0.00068072 0.26028220
v 0.00099960 -0.00068072 0.26028220
v 0.00299960 -0.00068072 0.26028220
v 0.00611039 -0.00068072 0.26028220
v 0.00962462 -0.00068072 0.24013279
v 0.00975069 -0.00068072 0.24027603
v 0.01073540 -0.00068072 0.23849441
v 0.00985073 -0.00068072 0.24043852
v 0.00894160 -0.00068072 0.23982405
v 0.00912967 -0.00068072 0.23985629
v 0.00997018 -0.00068072 0.24099274
v 0.01073540 -0.00068072 0.24253220
v 0.00996208 -0.00068072 0.24080210
v 0.00992188 -0.00068072 0.24061557
v 0.00930958 -0.00068072 0.23991986
v 0.00947616 -0.00068072 0.24001292
v 0.00994594 -0.00068072 0.24118201
v 0.00989006 -0.00068072 0.24136446
v 0.00980416 -0.00068072 0.24153484
v 0.00969070 -0.00068072 0.24168825
v 0.00955294 -0.00068072 0.24182028
v 0.00939485 -0.00068072 0.24192713
v 0.00922097 -0.00068072 0.24200573
v 0.00903632 -0.00068072 0.24205381
v 0.00884619 -0.00068072 0.24206999
v 0.00865606 -0.00068072 0.24205381
v 0.00784165 -0.00068072 0.24043851
v 0.00794169 -0.00068072 0.24027603
v 0.00847141 -0.00068072 0.24200573
v 0.00829753 -0.00068072 0.24192713
v 0.00813944 -0.00068072 0.24182028
v 0.00800168 -0.00068072 0.24168825
v 0.00788822 -0.00068072 0.24153484
v 0.00780231 -0.00068072 0.24136446
v 0.00777050 -0.00068072 0.24061557
v 0.00774644 -0.00068072 0.24118201
v 0.00772220 -0.00068072 0.24099274
v 0.00773030 -0.00068072 0.24080210
v 0.00806776 -0.00068072 0.24013279
v 0.00821622 -0.00068072 0.24001292
v 0.00838280 -0.00068072 0.23991986
v 0.00856271 -0.00068072 0.23985629
v 0.00875078 -0.00068072 0.23982405
v 0.00884619 -0.00068072 0.23981999
v 0.01073539 -0.00068072 0.25040720
v 0.00884618 -0.00068072 0.25681999
v 0.00894159 -0.00068072 0.25682405
v 0.00780231 -0.00068072 0.25836446
v 0.00774643 -0.00068072 0.25818201
v 0.00912966 -0.00068072 0.25685630
v 0.00930957 -0.00068072 0.25691986
v 0.00947615 -0.00068072 0.25701292
v 0.00962461 -0.00068072 0.25713279
v 0.00975068 -0.00068072 0.25727603
v 0.00985072 -0.00068072 0.25743852
v 0.00992187 -0.00068072 0.25761557
v 0.00996207 -0.00068072 0.25780210
v 0.01073539 -0.00068072 0.26028220
v 0.00997017 -0.00068072 0.25799274
v 0.00994593 -0.00068072 0.25818201
v 0.00969069 -0.00068072 0.25868825
v 0.00955293 -0.00068072 0.25882028
v 0.00939484 -0.00068072 0.25892713
v 0.00922096 -0.00068072 0.25900573
v 0.00813943 -0.00068072 0.25882028
v 0.00829752 -0.00068072 0.25892713
v 0.00847140 -0.00068072 0.25900573
v 0.00800167 -0.00068072 0.25868825
v 0.00788821 -0.00068072 0.25853484
v 0.00784164 -0.00068072 0.25743851
v 0.00794169 -0.00068072 0.25727603
v 0.00806775 -0.00068072 0.25713279
v 0.00821621 -0.00068072 0.25701292
v 0.00838279 -0.00068072 0.25691986
v 0.00856271 -0.00068072 0.25685629
v 0.00875078 -0.00068072 0.25682405
v 0.00989006 -0.00068072 0.25836446
v 0.00980415 -0.00068072 0.25853484
v 0.00903631 -0.00068072 0.25905381
v 0.00884618 -0.00068072 0.25906999
v 0.00865605 -0.00068072 0.25905381
v 0.00772220 -0.00068072 0.25799274
v 0.00773029 -0.00068072 0.25780210
v 0.00777049 -0.00068072 0.25761557
v -0.00300040 -0.00068072 0.26149440
v -0.00100040 -0.00068072 0.26149441
v 0.00099960 -0.00068072 0.26149441
v 0.00299960 -0.00068072 0.26149441
v 0.00611039 -0.00068072 0.26149441
v 0.01073539 -0.00068072 0.26149441
v 0.01079249 -0.00068072 0.26149441
v 0.01079250 -0.00068072 0.23849441
v 0.01149961 -0.00068072 0.23920152
v 0.01149960 -0.00068072 0.24253220
v 0.01149960 -0.00068072 0.25040720
v 0.01149960 -0.00068072 0.26028220
v 0.01149960 -0.00068072 0.26078730
v 0.00249960 -0.00368072 0.25349441
v 0.00249960 -0.00368072 0.24649441
v -0.00250040 -0.00368072 0.25349440
v -0.00250040 -0.00368072 0.24649440
v 0.00173854 -0.00747859 0.25396773
v 0.00179912 -0.00756952 0.25396185
v 0.00151788 -0.00764650 0.25370325
v 0.00012190 -0.00672784 0.25399255
v 0.00010664 -0.00672612 0.25399516
v 0.00010654 -0.00668175 0.25403957
v 0.00002528 -0.00671900 0.25400901
v -0.00005998 -0.00671529 0.25402339
v -0.00014844 -0.00670636 0.25404718
v -0.00017362 -0.00671625 0.25404233
v -0.00021493 -0.00671827 0.25404916
v 0.00035254 -0.00676934 0.25395246
v 0.00031000 -0.00675947 0.25395994
v 0.00036258 -0.00668997 0.25403194
v 0.00024991 -0.00674726 0.25397044
v 0.00013807 -0.00672981 0.25398978
v 0.00057867 -0.00683964 0.25391198
v 0.00047032 -0.00680211 0.25393153
v 0.00061546 -0.00673087 0.25402440
v 0.00036069 -0.00677135 0.25395102
v 0.00086104 -0.00680379 0.25401707
v 0.00080531 -0.00694321 0.25387010
v 0.00077876 -0.00692919 0.25387508
v 0.00074569 -0.00691245 0.25388125
v 0.00067659 -0.00688002 0.25389406
v 0.00058654 -0.00684265 0.25391055
v 0.00087792 -0.00698436 0.25385638
v 0.00109528 -0.00690753 0.25401009
v 0.00097396 -0.00704551 0.25383799
v 0.00131351 -0.00704151 0.25400220
v 0.00118669 -0.00721440 0.25379510
v 0.00117467 -0.00720329 0.25379772
v 0.00128021 -0.00701708 0.25400457
v 0.00109464 -0.00713460 0.25381443
v 0.00106677 -0.00711267 0.25381995
v 0.00100623 -0.00706791 0.25383175
v 0.00124999 -0.00727676 0.25378068
v 0.00136636 -0.00708257 0.25399836
v 0.00137253 -0.00708755 0.25399791
v 0.00138614 -0.00743775 0.25374555
v 0.00162590 -0.00733409 0.25397783
v 0.00144672 -0.00752521 0.25372745
v 0.00167749 -0.00739684 0.25397332
v 0.00146561 -0.00755518 0.25372138
v 0.00145996 -0.00716284 0.25399131
v 0.00150120 -0.00720163 0.25398809
v 0.00132051 -0.00735493 0.25376329
v 0.00150746 -0.00720772 0.25398759
v 0.00134261 -0.00738161 0.25375751
v 0.00154248 -0.00724281 0.25398478
v 0.00162008 -0.00732734 0.25397833
v 0.00156411 -0.00774078 0.25368505
v 0.00182106 -0.00760537 0.25395962
v 0.00157318 -0.00776124 0.25368116
v 0.00147185 -0.00756539 0.25371933
v 0.00169268 -0.00741637 0.25397196
v 0.00173450 -0.00747290 0.25396811
v 0.00183748 -0.00763339 0.25395791
v 0.00185752 -0.00766910 0.25395578
v 0.00160427 -0.00783793 0.25366678
v 0.00190976 -0.00777150 0.25394990
v 0.00192139 -0.00779648 0.25394851
v 0.00163826 -0.00793786 0.25364846
v 0.00193613 -0.00782957 0.25394671
v 0.00164621 -0.00796477 0.25364360
v 0.00195586 -0.00787660 0.25394420
v 0.00166595 -0.00804053 0.25363008
v 0.00170943 -0.00838827 0.25357095
v 0.00170923 -0.00837851 0.25357254
v 0.00207543 -0.00830927 0.25392402
v 0.00170419 -0.00828314 0.25358833
v 0.00207276 -0.00829268 0.25392470
v 0.00169228 -0.00817873 0.25360602
v 0.00198936 -0.00796565 0.25393964
v 0.00199577 -0.00798433 0.25393871
v 0.00167370 -0.00807515 0.25362399
v 0.00202175 -0.00806729 0.25393470
v 0.00169125 -0.00817180 0.25360721
v 0.00204092 -0.00813859 0.25393140
v 0.00205066 -0.00817965 0.25392955
v 0.00208814 -0.00840625 0.25392015
v 0.00209499 -0.00848655 0.25391711
v 0.00170795 -0.00849403 0.25355389
v 0.00209687 -0.00852019 0.25391589
v 0.00170159 -0.00858151 0.25354011
v 0.00209898 -0.00863428 0.25391194
v 0.00169962 -0.00860031 0.25353720
v 0.00056391 -0.00868072 0.25246524
v 0.00169854 -0.00858171 0.25353723
v 0.00056301 -0.00865253 0.25246527
v 0.00169651 -0.00855405 0.25353729
v 0.00055580 -0.00859661 0.25246548
v 0.00167323 -0.00838532 0.25353799
v 0.00167086 -0.00837340 0.25353806
v 0.00054151 -0.00854208 0.25246591
v 0.00162539 -0.00820099 0.25353941
v 0.00052036 -0.00848982 0.25246654
v 0.00155728 -0.00802827 0.25354144
v 0.00162302 -0.00819378 0.25353948
v 0.00049270 -0.00844069 0.25246736
v 0.00146834 -0.00786397 0.25354410
v 0.00154874 -0.00801023 0.25354170
v 0.00045900 -0.00839550 0.25246837
v 0.00135957 -0.00771081 0.25354734
v 0.00145161 -0.00783769 0.25354459
v 0.00041979 -0.00835500 0.25246954
v 0.00123240 -0.00757136 0.25355113
v 0.00133323 -0.00767899 0.25354813
v 0.00107715 -0.00742957 0.25356358
v 0.00109619 -0.00744519 0.25356193
v 0.00037573 -0.00831985 0.25247085
v 0.00115364 -0.00749559 0.25355682
v 0.00120652 -0.00754683 0.25355190
v 0.00091160 -0.00731332 0.25357707
v 0.00098628 -0.00736171 0.25357115
v 0.00032754 -0.00829062 0.25247229
v 0.00099646 -0.00736879 0.25357032
v 0.00104650 -0.00740549 0.25356618
v 0.00080549 -0.00725420 0.25358537
v 0.00027600 -0.00826780 0.25247383
v 0.00074643 -0.00722571 0.25358998
v 0.00071169 -0.00721032 0.25359268
v 0.00082264 -0.00726305 0.25358403
v 0.00087055 -0.00728919 0.25358028
v 0.00088032 -0.00729478 0.25357952
v 0.00061546 -0.00717270 0.25360015
v 0.00022198 -0.00825176 0.25247544
v 0.00051691 -0.00714139 0.25360778
v 0.00016634 -0.00824276 0.25247710
v 0.00031320 -0.00709806 0.25362345
v 0.00033176 -0.00710086 0.25362203
v 0.00041614 -0.00711647 0.25361555
v 0.00047568 -0.00713035 0.25361096
v 0.00050977 -0.00713939 0.25360833
v 0.00008305 -0.00708159 0.25364102
v 0.00018628 -0.00708482 0.25363316
v 0.00011001 -0.00824095 0.25247878
v 0.00028930 -0.00709478 0.25362528
v 0.00003533 -0.00708236 0.25364465
v 0.00005392 -0.00824636 0.25248045
v -0.00002027 -0.00708508 0.25364886
v -0.00027058 -0.00712184 0.25366774
v -0.00025977 -0.00711940 0.25366693
v -0.00000103 -0.00825891 0.25248209
v -0.00022678 -0.00711244 0.25366445
v -0.00012359 -0.00709532 0.25365668
v -0.00011336 -0.00709400 0.25365590
v -0.00009775 -0.00709212 0.25365472
v -0.00046855 -0.00718101 0.25368256
v -0.00040204 -0.00715799 0.25367760
v -0.00005392 -0.00827838 0.25248367
v -0.00037061 -0.00714823 0.25367524
v -0.00030105 -0.00712915 0.25367003
v -0.00065777 -0.00726562 0.25369664
v -0.00056431 -0.00722014 0.25368970
v -0.00010388 -0.00830446 0.25248516
v -0.00053848 -0.00720886 0.25368778
v -0.00049893 -0.00719264 0.25368483
v -0.00079175 -0.00734454 0.25370689
v -0.00077632 -0.00733457 0.25370568
v -0.00015010 -0.00833672 0.25248653
v -0.00074889 -0.00731744 0.25370354
v -0.00068785 -0.00728190 0.25369889
v -0.00102557 -0.00752922 0.25372650
v -0.00094705 -0.00745944 0.25371963
v -0.00019182 -0.00837462 0.25248778
v -0.00091166 -0.00743075 0.25371663
v -0.00086375 -0.00739435 0.25371267
v -0.00110091 -0.00760529 0.25373342
v -0.00022835 -0.00841756 0.25248887
v -0.00113168 -0.00763935 0.25373636
v -0.00125592 -0.00779941 0.25374903
v -0.00122828 -0.00776016 0.25374608
v -0.00025910 -0.00846481 0.25248979
v -0.00119342 -0.00771388 0.25374247
v -0.00117121 -0.00768604 0.25374024
v -0.00028355 -0.00851561 0.25249051
v -0.00138704 -0.00802834 0.25376458
v -0.00136392 -0.00798128 0.25376160
v -0.00131382 -0.00789035 0.25375553
v -0.00131277 -0.00788857 0.25375541
v -0.00129551 -0.00786016 0.25375342
v -0.00146729 -0.00823205 0.25377641
v -0.00144865 -0.00817710 0.25377339
v -0.00030131 -0.00856912 0.25249104
v -0.00144694 -0.00817234 0.25377312
v -0.00140926 -0.00807747 0.25376759
v -0.00139692 -0.00804966 0.25376590
v -0.00151889 -0.00843726 0.25378673
v -0.00149636 -0.00833390 0.25378172
v -0.00031208 -0.00862446 0.25249137
v -0.00149291 -0.00832040 0.25378104
v -0.00147349 -0.00825182 0.25377747
v -0.00154569 -0.00868072 0.25379709
v -0.00154418 -0.00864808 0.25379582
v -0.00031569 -0.00868072 0.25249147
v -0.00154243 -0.00862069 0.25379472
v -0.00153486 -0.00854202 0.25379143
v -0.00152469 -0.00847050 0.25378826
v -0.00152350 -0.00846335 0.25378793
v -0.00154681 -0.00875539 0.25379996
v -0.00031208 -0.00873699 0.25249137
v -0.00154591 -0.00880107 0.25380169
v -0.00030131 -0.00879233 0.25249104
v -0.00150522 -0.00912295 0.25381354
v -0.00151471 -0.00907742 0.25381191
v -0.00152544 -0.00901653 0.25380970
v -0.00153765 -0.00892297 0.25380626
v -0.00153901 -0.00890920 0.25380575
v -0.00147830 -0.00922834 0.25381726
v -0.00028355 -0.00884584 0.25249051
v -0.00147729 -0.00923182 0.25381738
v -0.00025910 -0.00889664 0.25248979
v -0.00135868 -0.00953232 0.25382751
v -0.00138561 -0.00947670 0.25382569
v -0.00142522 -0.00938414 0.25382261
v -0.00142803 -0.00937697 0.25382237
v -0.00144460 -0.00933260 0.25382086
v -0.00127826 -0.00967431 0.25383201
v -0.00128274 -0.00966714 0.25383178
v -0.00022835 -0.00894389 0.25248887
v -0.00133716 -0.00957345 0.25382883
v -0.00135640 -0.00953681 0.25382765
v -0.00115594 -0.00984485 0.25383710
v -0.00118491 -0.00980820 0.25383604
v -0.00019182 -0.00898682 0.25248778
v -0.00122235 -0.00975766 0.25383454
v -0.00124179 -0.00972983 0.25383371
v -0.00015010 -0.00902473 0.25248653
v -0.00095672 -0.01005248 0.25384273
v -0.00096490 -0.01004520 0.25384255
v -0.00103555 -0.00997836 0.25384081
v -0.00107993 -0.00993231 0.25383957
v -0.00110972 -0.00989942 0.25383865
v -0.00078533 -0.01018589 0.25384586
v -0.00084161 -0.01014579 0.25384498
v -0.00010388 -0.00905699 0.25248516
v -0.00087330 -0.01012169 0.25384442
v -0.00094074 -0.01006642 0.25384308
v -0.00005392 -0.00908307 0.25248367
v -0.00057395 -0.01030990 0.25384855
v -0.00064142 -0.01027443 0.25384772
v -0.00069283 -0.01024493 0.25384708
v -0.00071190 -0.01023340 0.25384685
v -0.00075874 -0.01020370 0.25384624
v -0.00000103 -0.00910254 0.25248209
v -0.00033796 -0.01040766 0.25385138
v -0.00042652 -0.01037549 0.25385033
v -0.00044180 -0.01036941 0.25385015
v -0.00054299 -0.01032499 0.25384893
v -0.00055965 -0.01031695 0.25384873
v -0.00027090 -0.01042864 0.25385217
v 0.00005392 -0.00911508 0.25248045
v -0.00023153 -0.01043965 0.25385262
v 0.00011001 -0.00912050 0.25247878
v 0.00005827 -0.01049254 0.25385589
v 0.00004534 -0.01049120 0.25385575
v -0.00006428 -0.01047608 0.25385453
v -0.00010869 -0.01046801 0.25385403
v -0.00012257 -0.01046525 0.25385387
v 0.00026618 -0.01050134 0.25385814
v 0.00022788 -0.01050151 0.25385774
v 0.00016634 -0.00911869 0.25247710
v 0.00015553 -0.01049962 0.25385696
v 0.00010695 -0.01049674 0.25385643
v 0.00022198 -0.00910969 0.25247544
v 0.00056627 -0.01047191 0.25386126
v 0.00048849 -0.01048438 0.25386046
v 0.00039796 -0.01049460 0.25385953
v 0.00037720 -0.01049630 0.25385931
v 0.00034074 -0.01049870 0.25385893
v 0.00027600 -0.00909365 0.25247383
v 0.00080286 -0.01041207 0.25386360
v 0.00078693 -0.01041718 0.25386345
v 0.00073066 -0.01043394 0.25386289
v 0.00068061 -0.01044720 0.25386240
v 0.00057257 -0.01047075 0.25386132
v 0.00089142 -0.01038068 0.25386445
v 0.00032754 -0.00907083 0.25247229
v 0.00099398 -0.01033769 0.25386543
v 0.00037573 -0.00904160 0.25247085
v 0.00118278 -0.01023804 0.25386728
v 0.00115827 -0.01025257 0.25386700
v 0.00109446 -0.01028812 0.25386636
v 0.00103987 -0.01031600 0.25386585
v 0.00102319 -0.01032406 0.25386570
v 0.00134599 -0.01012767 0.25386956
v 0.00132124 -0.01014603 0.25386916
v 0.00041979 -0.00900645 0.25246954
v 0.00125404 -0.01019288 0.25386818
v 0.00123125 -0.01020781 0.25386787
v 0.00045900 -0.00896595 0.25246837
v 0.00157816 -0.00992039 0.25387444
v 0.00151806 -0.00998087 0.25387295
v 0.00145372 -0.01003997 0.25387155
v 0.00143403 -0.01005700 0.25387115
v 0.00142389 -0.01006558 0.25387095
v 0.00171697 -0.00975662 0.25387864
v 0.00169256 -0.00978827 0.25387781
v 0.00049270 -0.00892076 0.25246736
v 0.00164636 -0.00984462 0.25387635
v 0.00159791 -0.00989928 0.25387497
v 0.00184183 -0.00956885 0.25388372
v 0.00179511 -0.00964492 0.25388164
v 0.00052036 -0.00887163 0.25246654
v 0.00178215 -0.00966467 0.25388110
v 0.00175004 -0.00971142 0.25387984
v 0.00054151 -0.00881937 0.25246591
v 0.00195866 -0.00933151 0.25389047
v 0.00194426 -0.00936582 0.25388947
v 0.00189592 -0.00946923 0.25388652
v 0.00188422 -0.00949202 0.25388587
v 0.00187760 -0.00950459 0.25388552
v 0.00204929 -0.00904724 0.25389893
v 0.00204624 -0.00906007 0.25389854
v 0.00055580 -0.00876483 0.25246548
v 0.00201658 -0.00916875 0.25389527
v 0.00198047 -0.00927555 0.25389210
v 0.00206045 -0.00899640 0.25390049
v 0.00056301 -0.00870892 0.25246527
v 0.00206943 -0.00894960 0.25390193
v 0.00209860 -0.00865730 0.25391118
v 0.00209599 -0.00872362 0.25390904
v 0.00208734 -0.00882628 0.25390578
v 0.00208606 -0.00883743 0.25390543
v 0.00012411 -0.00868072 0.25247836
v 0.00184338 -0.00856629 0.25842975
v 0.00145385 -0.00859340 0.25844137
v 0.00184762 -0.00868072 0.25842962
v 0.00145385 -0.00876805 0.25844137
v 0.00083453 -0.00713885 0.25845984
v 0.00075823 -0.00710441 0.25846211
v 0.00064020 -0.00757641 0.25846563
v 0.00185335 -0.00898879 0.25842945
v 0.00185514 -0.00896235 0.25842940
v 0.00142753 -0.00894070 0.25844215
v 0.00185801 -0.00885711 0.25842931
v 0.00185412 -0.00875207 0.25842943
v 0.00183392 -0.00847532 0.25843003
v 0.00181919 -0.00838560 0.25843047
v 0.00142753 -0.00842075 0.25844215
v 0.00184207 -0.00909313 0.25842979
v 0.00137547 -0.00910740 0.25844370
v 0.00182416 -0.00919631 0.25843032
v 0.00171625 -0.00953124 0.25843354
v 0.00173072 -0.00949780 0.25843311
v 0.00130253 -0.00925807 0.25844588
v 0.00176854 -0.00939876 0.25843198
v 0.00179966 -0.00929822 0.25843105
v 0.00179893 -0.00829576 0.25843108
v 0.00177340 -0.00820745 0.25843184
v 0.00137547 -0.00825405 0.25844370
v 0.00046987 -0.00982329 0.25847071
v 0.00066997 -0.01028936 0.25846474
v 0.00064020 -0.00978504 0.25846563
v 0.00087257 -0.01022920 0.25845870
v 0.00080282 -0.00972152 0.25846078
v 0.00106582 -0.01014361 0.25845294
v 0.00095401 -0.00963420 0.25845627
v 0.00124655 -0.01003401 0.25844755
v 0.00109029 -0.00952506 0.25845221
v 0.00141178 -0.00990218 0.25844262
v 0.00120857 -0.00939661 0.25844868
v 0.00155880 -0.00975030 0.25843824
v 0.00168520 -0.00958086 0.25843447
v 0.00108344 -0.00728629 0.25845241
v 0.00080282 -0.00763993 0.25846078
v 0.00112071 -0.00731373 0.25845130
v 0.00095401 -0.00772725 0.25845627
v 0.00119893 -0.00737746 0.25844897
v 0.00127234 -0.00744602 0.25844678
v 0.00140512 -0.00759802 0.25844282
v 0.00139013 -0.00757863 0.25844327
v 0.00109029 -0.00783639 0.25845221
v 0.00134110 -0.00751953 0.25844473
v 0.00129660 -0.00747083 0.25844606
v 0.00150996 -0.00771639 0.25843969
v 0.00120857 -0.00796484 0.25844868
v 0.00156632 -0.00779156 0.25843801
v 0.00130253 -0.00810337 0.25844588
v 0.00161800 -0.00787002 0.25843647
v -0.00048435 -0.00952506 0.25849917
v -0.00072533 -0.00997075 0.25850636
v -0.00034806 -0.00963420 0.25849511
v -0.00055199 -0.01009171 0.25850119
v -0.00019688 -0.00972152 0.25849060
v -0.00036462 -0.01018951 0.25849560
v -0.00003426 -0.00978504 0.25848575
v -0.00016629 -0.01026253 0.25848969
v 0.00013607 -0.00982329 0.25848067
v 0.00003975 -0.01030957 0.25848354
v 0.00030297 -0.00983543 0.25847569
v 0.00025011 -0.01032988 0.25847727
v 0.00046134 -0.01032310 0.25847097
v -0.00084791 -0.00859340 0.25851001
v -0.00134629 -0.00868072 0.25852488
v -0.00084791 -0.00876805 0.25851001
v -0.00133275 -0.00889172 0.25852447
v -0.00082158 -0.00894070 0.25850923
v -0.00129235 -0.00909925 0.25852327
v -0.00076953 -0.00910740 0.25850768
v -0.00122576 -0.00929992 0.25852128
v -0.00069658 -0.00925807 0.25850550
v -0.00113406 -0.00949041 0.25851855
v -0.00060263 -0.00939661 0.25850270
v -0.00101877 -0.00966761 0.25851511
v -0.00088178 -0.00982860 0.25851102
v 0.00174242 -0.00812019 0.25843276
v 0.00170607 -0.00803449 0.25843384
v 0.00166438 -0.00795066 0.25843509
v -0.00034806 -0.00772725 0.25849511
v -0.00072533 -0.00739070 0.25850636
v -0.00048435 -0.00783639 0.25849917
v -0.00088178 -0.00753285 0.25851102
v -0.00060263 -0.00796484 0.25850270
v -0.00101877 -0.00769384 0.25851511
v -0.00069658 -0.00810337 0.25850550
v -0.00113406 -0.00787104 0.25851855
v -0.00076953 -0.00825405 0.25850768
v -0.00122576 -0.00806153 0.25852128
v -0.00082158 -0.00842075 0.25850923
v -0.00129235 -0.00826219 0.25852327
v -0.00133275 -0.00846973 0.25852447
v 0.00085508 -0.00714892 0.25845922
v 0.00104022 -0.00725640 0.25845370
v 0.00096400 -0.00720832 0.25845598
v 0.00094912 -0.00719958 0.25845642
v 0.00068569 -0.00707576 0.25846428
v 0.00066997 -0.00707209 0.25846474
v 0.00046987 -0.00753816 0.25847071
v 0.00046134 -0.00703835 0.25847097
v 0.00030297 -0.00752602 0.25847569
v 0.00025011 -0.00703157 0.25847727
v 0.00013607 -0.00753816 0.25848067
v 0.00003975 -0.00705187 0.25848354
v -0.00003426 -0.00757641 0.25848575
v -0.00016629 -0.00709892 0.25848969
v -0.00019688 -0.00763993 0.25849060
v -0.00036462 -0.00717194 0.25849560
v -0.00055199 -0.00726974 0.25850119
v 0.00181847 -0.00764397 0.25823895
v 0.00184456 -0.00767299 0.25823239
v 0.00196797 -0.00758965 0.25807588
v 0.00210948 -0.00806706 0.25815552
v 0.00211413 -0.00807646 0.25815391
v 0.00218981 -0.00805051 0.25806926
v 0.00228979 -0.00866523 0.25806814
v 0.00229165 -0.00868072 0.25806622
v 0.00228754 -0.00855258 0.25806635
v 0.00084839 -0.00709636 0.25843347
v 0.00088243 -0.00710290 0.25842712
v 0.00097387 -0.00683199 0.25813545
v -0.00131212 -0.00772530 0.25830230
v -0.00133202 -0.00776319 0.25830458
v -0.00153643 -0.00862688 0.25834499
v -0.00153527 -0.00868072 0.25834685
v 0.00018905 -0.01040453 0.25840164
v 0.00024547 -0.01040485 0.25840237
v 0.00153697 -0.00979621 0.25842472
v 0.00156760 -0.00975810 0.25842593
v 0.00160179 -0.00971267 0.25842741
v 0.00166098 -0.00962539 0.25843031
v 0.00150176 -0.00983730 0.25842343
v 0.00142946 -0.00991388 0.25842110
v 0.00135254 -0.00998559 0.25841901
v 0.00127108 -0.01005236 0.25841717
v 0.00118512 -0.01011408 0.25841557
v 0.00109467 -0.01017062 0.25841418
v 0.00086389 -0.01028295 0.25841081
v 0.00088742 -0.01027339 0.25841115
v 0.00096254 -0.01024012 0.25841224
v 0.00105847 -0.01019113 0.25841365
v 0.00076265 -0.01031959 0.25840937
v 0.00068079 -0.01034412 0.25840822
v 0.00046568 -0.01038833 0.25840527
v 0.00051073 -0.01038142 0.25840588
v 0.00055264 -0.01037389 0.25840645
v 0.00065888 -0.01034995 0.25840792
v 0.00029671 -0.01040353 0.25840303
v 0.00034849 -0.01040065 0.25840371
v 0.00040397 -0.01039583 0.25840445
v 0.00008107 -0.01039876 0.25840026
v 0.00002376 -0.01039293 0.25839954
v -0.00009361 -0.01037488 0.25839808
v -0.00002709 -0.01038613 0.25839891
v -0.00040340 -0.01028558 0.25839438
v -0.00031696 -0.01031691 0.25839539
v -0.00030199 -0.01032181 0.25839557
v -0.00019870 -0.01035158 0.25839680
v -0.00064802 -0.01016651 0.25839151
v -0.00060008 -0.01019365 0.25839211
v -0.00050281 -0.01024289 0.25839323
v -0.00047352 -0.01025624 0.25839356
v -0.00074114 -0.01010801 0.25839013
v -0.00080342 -0.01006424 0.25838906
v -0.00097795 -0.00991807 0.25838523
v -0.00096338 -0.00993178 0.25838560
v -0.00091567 -0.00997461 0.25838674
v -0.00083038 -0.01004402 0.25838855
v -0.00114261 -0.00973865 0.25838021
v -0.00111013 -0.00977809 0.25838134
v -0.00107387 -0.00981955 0.25838251
v -0.00099688 -0.00989979 0.25838473
v -0.00117863 -0.00969208 0.25837886
v -0.00124166 -0.00960218 0.25837623
v -0.00139710 -0.00930983 0.25836733
v -0.00137575 -0.00935877 0.25836884
v -0.00137310 -0.00936458 0.25836903
v -0.00135102 -0.00941101 0.25837045
v -0.00129915 -0.00950847 0.25837342
v -0.00126682 -0.00956274 0.25837505
v -0.00142645 -0.00923506 0.25836498
v -0.00146112 -0.00913083 0.25836167
v -0.00148934 -0.00902478 0.25835825
v -0.00150566 -0.00894719 0.25835573
v -0.00153462 -0.00869665 0.25834739
v -0.00152620 -0.00880761 0.25835111
v -0.00151106 -0.00891701 0.25835474
v -0.00153389 -0.00851518 0.25834089
v -0.00152889 -0.00844516 0.25833816
v -0.00148625 -0.00818283 0.25832680
v -0.00149272 -0.00821120 0.25832812
v -0.00150883 -0.00829300 0.25833179
v -0.00152470 -0.00840382 0.25833649
v -0.00145684 -0.00807344 0.25832151
v -0.00143580 -0.00800803 0.25831819
v -0.00135077 -0.00780096 0.25830681
v -0.00139636 -0.00790315 0.25831260
v -0.00142689 -0.00798261 0.25831687
v -0.00117722 -0.00751147 0.25828833
v -0.00120924 -0.00755673 0.25829145
v -0.00124123 -0.00760499 0.25829467
v -0.00129906 -0.00770153 0.25830083
v -0.00112101 -0.00743834 0.25828308
v -0.00106018 -0.00736689 0.25827768
v -0.00097019 -0.00727317 0.25827011
v -0.00104804 -0.00735346 0.25827663
v -0.00069237 -0.00705068 0.25824909
v -0.00070771 -0.00706083 0.25825018
v -0.00080001 -0.00712672 0.25825688
v -0.00088750 -0.00719755 0.25826352
v -0.00063527 -0.00701474 0.25824511
v -0.00053691 -0.00695908 0.25823829
v -0.00025222 -0.00683674 0.25821865
v -0.00030260 -0.00685455 0.25822211
v -0.00033049 -0.00686508 0.25822403
v -0.00043524 -0.00690913 0.25823126
v -0.00047956 -0.00693000 0.25823432
v -0.00001378 -0.00677278 0.25820229
v -0.00003178 -0.00677648 0.25820352
v -0.00011215 -0.00679523 0.25820903
v -0.00022277 -0.00682705 0.25821662
v 0.00008050 -0.00675624 0.25819585
v 0.00019368 -0.00674265 0.25818813
v 0.00048130 -0.00673811 0.25816861
v 0.00042231 -0.00673556 0.25817260
v 0.00030764 -0.00673573 0.25818038
v 0.00023204 -0.00673957 0.25818552
v 0.00086438 -0.00679948 0.25814279
v 0.00081949 -0.00678816 0.25814581
v 0.00078853 -0.00708676 0.25844471
v 0.00075340 -0.00677353 0.25815025
v 0.00072987 -0.00676890 0.25815183
v 0.00064102 -0.00675414 0.25815782
v 0.00053758 -0.00674224 0.25816480
v 0.00088980 -0.00710441 0.25842575
v 0.00098943 -0.00712862 0.25840736
v 0.00108176 -0.00687109 0.25812824
v 0.00108741 -0.00715934 0.25838954
v 0.00118792 -0.00691686 0.25812115
v 0.00109334 -0.00716143 0.25838847
v 0.00120801 -0.00692638 0.25811981
v 0.00114122 -0.00717927 0.25837985
v 0.00124883 -0.00694661 0.25811709
v 0.00118413 -0.00719677 0.25837215
v 0.00120188 -0.00720440 0.25836894
v 0.00134933 -0.00700162 0.25811036
v 0.00128098 -0.00724113 0.25835430
v 0.00142653 -0.00704917 0.25810503
v 0.00129798 -0.00724963 0.25835109
v 0.00142928 -0.00705095 0.25810484
v 0.00130305 -0.00725221 0.25835013
v 0.00144685 -0.00706250 0.25810360
v 0.00140055 -0.00730577 0.25833121
v 0.00154111 -0.00712911 0.25809683
v 0.00141945 -0.00731707 0.25832745
v 0.00163187 -0.00720143 0.25809006
v 0.00149432 -0.00736497 0.25831222
v 0.00163393 -0.00720318 0.25808991
v 0.00171896 -0.00727947 0.25808330
v 0.00167736 -0.00750606 0.25827252
v 0.00181475 -0.00738427 0.25808045
v 0.00165752 -0.00748892 0.25827701
v 0.00158430 -0.00742973 0.25829317
v 0.00227540 -0.00856984 0.25808027
v 0.00225478 -0.00829841 0.25806732
v 0.00220889 -0.00830762 0.25811696
v 0.00223083 -0.00837818 0.25810658
v 0.00223613 -0.00839688 0.25810389
v 0.00225857 -0.00848614 0.25809144
v 0.00227266 -0.00855471 0.25808226
v 0.00215628 -0.00816854 0.25813862
v 0.00218015 -0.00822749 0.25812923
v 0.00219672 -0.00827228 0.25812231
v 0.00199146 -0.00786389 0.25819262
v 0.00202024 -0.00790822 0.25818412
v 0.00209368 -0.00781296 0.25807213
v 0.00205627 -0.00796800 0.25817303
v 0.00210802 -0.00806413 0.25815602
v 0.00189103 -0.00772795 0.25822036
v 0.00191990 -0.00776442 0.25821265
v 0.00195831 -0.00781606 0.25820208
v 0.00168476 -0.00751259 0.25827083
v 0.00174064 -0.00756425 0.25825783
v 0.00180721 -0.00763182 0.25824175
v 0.00122233 -0.00697980 0.25400987
v -0.00181760 -0.00880007 0.25434320
v -0.00182134 -0.00868073 0.25433718
v -0.00182395 -0.00868072 0.25424972
v 0.00056394 -0.00671550 0.25476960
v 0.00063749 -0.00673087 0.25476311
v 0.00063488 -0.00673087 0.25467565
v -0.00075514 -0.01043649 0.25512487
v -0.00083428 -0.01039101 0.25512260
v -0.00083688 -0.01039101 0.25503513
v 0.00120693 -0.01042364 0.25587981
v 0.00115099 -0.01045392 0.25587822
v 0.00114839 -0.01045392 0.25579076
v 0.00218453 -0.00825784 0.25599118
v 0.00219279 -0.00829841 0.25598864
v 0.00219018 -0.00829841 0.25590118
v 0.00000359 -0.01066607 0.25654466
v -0.00007402 -0.01065509 0.25654245
v -0.00007663 -0.01065509 0.25645499
v -0.00005520 -0.00670478 0.25684118
v -0.00006509 -0.00670636 0.25684206
v -0.00006248 -0.00670636 0.25692952
v -0.00102380 -0.01021252 0.25712535
v -0.00098479 -0.01024439 0.25712694
v -0.00098218 -0.01024439 0.25721440
v 0.00127380 -0.01040927 0.25727990
v 0.00119273 -0.01045392 0.25727760
v 0.00119012 -0.01045392 0.25719014
v -0.00080767 -0.00700187 0.25769701
v -0.00075763 -0.00697044 0.25769246
v -0.00076024 -0.00697044 0.25760500
v 0.00173228 -0.00729320 0.25808182
v 0.00196729 -0.00758965 0.25805295
v 0.00192044 -0.00752062 0.25805921
v 0.00186151 -0.00744178 0.25806668
v 0.00179900 -0.00736620 0.25807419
v 0.00209255 -0.00781296 0.25803426
v 0.00207212 -0.00777158 0.25803756
v 0.00202577 -0.00768564 0.25804464
v 0.00197510 -0.00760179 0.25805188
v 0.00218824 -0.00805051 0.25801659
v 0.00218489 -0.00804045 0.25801730
v 0.00215179 -0.00794932 0.25802387
v 0.00211417 -0.00785958 0.25803063
v 0.00225278 -0.00829841 0.25800024
v 0.00223747 -0.00822625 0.25800480
v 0.00221350 -0.00813299 0.25801093
v 0.00228513 -0.00855258 0.25798548
v 0.00228224 -0.00851277 0.25798766
v 0.00227204 -0.00841735 0.25799309
v 0.00225715 -0.00832178 0.25799880
v 0.00228735 -0.00880887 0.25805976
v 0.00228535 -0.00879920 0.25797278
v 0.00229055 -0.00874421 0.25806302
v 0.00228888 -0.00870317 0.25797763
v 0.00228782 -0.00860757 0.25798254
v 0.00225418 -0.00906304 0.25804694
v 0.00226350 -0.00899634 0.25796284
v 0.00227679 -0.00892104 0.25805410
v 0.00227693 -0.00889752 0.25796782
v 0.00228474 -0.00880887 0.25797230
v 0.00219995 -0.00927640 0.25803621
v 0.00222231 -0.00919003 0.25795309
v 0.00224674 -0.00909918 0.25804512
v 0.00224538 -0.00909331 0.25795796
v 0.00225157 -0.00906304 0.25795948
v 0.00213641 -0.00945036 0.25802746
v 0.00216244 -0.00937805 0.25794363
v 0.00218877 -0.00931094 0.25803447
v 0.00218616 -0.00931094 0.25794701
v 0.00219477 -0.00928452 0.25794834
v 0.00196120 -0.00977918 0.25801097
v 0.00196344 -0.00977179 0.25792388
v 0.00196605 -0.00977179 0.25801134
v 0.00200162 -0.00971094 0.25792693
v 0.00205654 -0.00961871 0.25801901
v 0.00208465 -0.00955863 0.25793457
v 0.00209220 -0.00954849 0.25802254
v 0.00208959 -0.00954849 0.25793508
v 0.00212582 -0.00946916 0.25793906
v 0.00185165 -0.00992971 0.25800344
v 0.00189276 -0.00987311 0.25791881
v 0.00194912 -0.00979342 0.25792280
v 0.00172949 -0.01006850 0.25799652
v 0.00176929 -0.01002319 0.25791131
v 0.00181239 -0.00997718 0.25800107
v 0.00180978 -0.00997718 0.25791361
v 0.00183272 -0.00994980 0.25791498
v 0.00145513 -0.01030547 0.25798473
v 0.00155976 -0.01022299 0.25790136
v 0.00159663 -0.01019410 0.25799026
v 0.00163114 -0.01016128 0.25790443
v 0.00163374 -0.01016128 0.25799189
v 0.00163271 -0.01015985 0.25790450
v 0.00170243 -0.01009338 0.25790781
v 0.00130716 -0.01040195 0.25797995
v 0.00140623 -0.01033767 0.25789567
v 0.00143305 -0.01032107 0.25798396
v 0.00143044 -0.01032107 0.25789650
v 0.00148452 -0.01028205 0.25789843
v 0.00121359 -0.01045392 0.25797729
v 0.00124317 -0.01043678 0.25789074
v 0.00132627 -0.01038893 0.25789314
v 0.00081349 -0.01061045 0.25796590
v 0.00073294 -0.01063058 0.25796361
v 0.00073033 -0.01063058 0.25787614
v 0.00078732 -0.01061671 0.25787777
v 0.00088180 -0.01058976 0.25788046
v 0.00097895 -0.01055766 0.25797061
v 0.00097417 -0.01055846 0.25788308
v 0.00097634 -0.01055766 0.25788315
v 0.00098700 -0.01055468 0.25797084
v 0.00106705 -0.01052179 0.25788573
v 0.00115206 -0.01048465 0.25797553
v 0.00115708 -0.01048099 0.25788829
v 0.00121099 -0.01045392 0.25788982
v 0.00047962 -0.01067148 0.25795640
v 0.00049665 -0.01066949 0.25786949
v 0.00063341 -0.01065063 0.25796077
v 0.00059405 -0.01065672 0.25787227
v 0.00069142 -0.01063904 0.25787504
v 0.00007603 -0.01066956 0.25794491
v 0.00020253 -0.01067904 0.25786112
v 0.00022314 -0.01067970 0.25794910
v 0.00022053 -0.01067970 0.25786164
v 0.00026231 -0.01068057 0.25795021
v 0.00030054 -0.01068066 0.25786391
v 0.00044891 -0.01067420 0.25795552
v 0.00039848 -0.01067749 0.25786670
v 0.00047701 -0.01067148 0.25786894
v -0.00003229 -0.01065509 0.25794183
v 0.00000806 -0.01066155 0.25785559
v 0.00010497 -0.01067265 0.25785835
v -0.00010751 -0.01064147 0.25793969
v -0.00008798 -0.01064578 0.25785286
v -0.00003490 -0.01065509 0.25785437
v -0.00028603 -0.01059700 0.25793461
v -0.00028508 -0.01059806 0.25784725
v -0.00028247 -0.01059806 0.25793471
v -0.00027631 -0.01060064 0.25784750
v -0.00018270 -0.01062548 0.25785016
v -0.00061997 -0.01046369 0.25792510
v -0.00054848 -0.01049940 0.25783975
v -0.00052329 -0.01050955 0.25792785
v -0.00052590 -0.01050955 0.25784039
v -0.00045745 -0.01053727 0.25792973
v -0.00045953 -0.01053748 0.25784228
v -0.00036798 -0.01057152 0.25784489
v -0.00075081 -0.01039101 0.25792135
v -0.00071791 -0.01041201 0.25783493
v -0.00063473 -0.01045747 0.25783729
v -0.00096131 -0.01024439 0.25791409
v -0.00096042 -0.01024717 0.25782676
v -0.00091909 -0.01027709 0.25791571
v -0.00088146 -0.01030664 0.25782971
v -0.00077265 -0.01037760 0.25792069
v -0.00080048 -0.01036162 0.25783244
v -0.00075341 -0.01039101 0.25783389
v -0.00115137 -0.01007209 0.25790551
v -0.00110959 -0.01011643 0.25782026
v -0.00105849 -0.01016183 0.25790998
v -0.00103706 -0.01018326 0.25782359
v -0.00096392 -0.01024439 0.25782662
v -0.00131786 -0.00987695 0.25789577
v -0.00132047 -0.00987695 0.25780830
v -0.00130764 -0.00989049 0.25789644
v -0.00130664 -0.00989522 0.25780922
v -0.00118868 -0.01003258 0.25790354
v -0.00124463 -0.00997215 0.25781306
v -0.00117920 -0.01004561 0.25781673
v -0.00115398 -0.01007209 0.25781805
v -0.00150484 -0.00957431 0.25788061
v -0.00146789 -0.00964926 0.25779690
v -0.00145806 -0.00966216 0.25788501
v -0.00146066 -0.00966216 0.25779755
v -0.00141354 -0.00973711 0.25788877
v -0.00141829 -0.00973366 0.25780113
v -0.00136439 -0.00981589 0.25780525
v -0.00158040 -0.00940424 0.25787207
v -0.00157226 -0.00943126 0.25778596
v -0.00156965 -0.00943126 0.25787342
v -0.00155429 -0.00947403 0.25778811
v -0.00151328 -0.00956259 0.25779256
v -0.00163948 -0.00922917 0.25786327
v -0.00162290 -0.00929216 0.25777897
v -0.00159084 -0.00938384 0.25778358
v -0.00168177 -0.00905148 0.25785432
v -0.00167352 -0.00910463 0.25776954
v -0.00165080 -0.00918804 0.25786120
v -0.00165341 -0.00918803 0.25777373
v -0.00165034 -0.00919953 0.25777431
v -0.00170740 -0.00887348 0.25784535
v -0.00170557 -0.00891427 0.25775994
v -0.00170019 -0.00893648 0.25784853
v -0.00170280 -0.00893648 0.25776107
v -0.00169191 -0.00900946 0.25776474
v -0.00170099 -0.00842497 0.25782174
v -0.00170461 -0.00843303 0.25773475
v -0.00171093 -0.00852178 0.25782722
v -0.00171426 -0.00853138 0.25774029
v -0.00171701 -0.00868072 0.25783562
v -0.00171902 -0.00862899 0.25774551
v -0.00171961 -0.00868072 0.25774816
v -0.00171691 -0.00869735 0.25783646
v -0.00171908 -0.00872389 0.25775034
v -0.00171458 -0.00881949 0.25775516
v -0.00165245 -0.00817342 0.25780615
v -0.00167069 -0.00823780 0.25772287
v -0.00168900 -0.00834398 0.25781693
v -0.00169014 -0.00833542 0.25772895
v -0.00170360 -0.00842497 0.25773428
v -0.00157216 -0.00793019 0.25778910
v -0.00158467 -0.00795525 0.25770350
v -0.00159526 -0.00799030 0.25779351
v -0.00161785 -0.00804762 0.25771013
v -0.00165051 -0.00816605 0.25780566
v -0.00164670 -0.00814235 0.25771662
v -0.00165505 -0.00817341 0.25771869
v -0.00152344 -0.00781909 0.25778061
v -0.00154684 -0.00786428 0.25769666
v -0.00157477 -0.00793019 0.25770164
v -0.00132216 -0.00748450 0.25775180
v -0.00132477 -0.00748450 0.25766434
v -0.00133313 -0.00749940 0.25775320
v -0.00135392 -0.00752473 0.25766809
v -0.00143571 -0.00765473 0.25776711
v -0.00140820 -0.00760577 0.25767540
v -0.00145852 -0.00768946 0.25768260
v -0.00146146 -0.00769929 0.25777089
v -0.00146407 -0.00769929 0.25768343
v -0.00150485 -0.00777584 0.25768971
v -0.00115654 -0.00728936 0.25773215
v -0.00117338 -0.00730425 0.25764628
v -0.00121717 -0.00735503 0.25773905
v -0.00123434 -0.00737172 0.25765329
v -0.00129589 -0.00744663 0.25766072
v -0.00096733 -0.00711706 0.25771226
v -0.00103406 -0.00717057 0.25763129
v -0.00108959 -0.00722323 0.25772485
v -0.00110510 -0.00723549 0.25763877
v -0.00115915 -0.00728936 0.25764469
v -0.00080475 -0.00699829 0.25760904
v -0.00088391 -0.00705202 0.25761643
v -0.00095238 -0.00710523 0.25771078
v -0.00096006 -0.00710922 0.25762382
v -0.00096994 -0.00711706 0.25762480
v -0.00053091 -0.00685190 0.25767242
v -0.00055171 -0.00686008 0.25758656
v -0.00065701 -0.00691324 0.25768355
v -0.00063947 -0.00690269 0.25759431
v -0.00072406 -0.00694897 0.25760178
v -0.00004161 -0.00670636 0.25762921
v -0.00004422 -0.00670636 0.25754174
v -0.00008195 -0.00671285 0.25754508
v -0.00015097 -0.00672723 0.25763886
v -0.00017798 -0.00673276 0.25755356
v -0.00029092 -0.00676339 0.25765122
v -0.00027382 -0.00675763 0.25756202
v -0.00029353 -0.00676339 0.25756376
v -0.00032767 -0.00677471 0.25765447
v -0.00036765 -0.00678702 0.25757031
v -0.00049693 -0.00683720 0.25766941
v -0.00046102 -0.00682143 0.25757855
v -0.00053352 -0.00685190 0.25758495
v 0.00001538 -0.00669763 0.25753648
v 0.00003116 -0.00669594 0.25762278
v 0.00011267 -0.00668729 0.25752789
v 0.00021055 -0.00668174 0.25751925
v 0.00021293 -0.00668175 0.25760673
v 0.00021645 -0.00668164 0.25760642
v 0.00040252 -0.00668469 0.25758998
v 0.00030814 -0.00668101 0.25751063
v 0.00058697 -0.00670502 0.25757370
v 0.00050270 -0.00669387 0.25749345
v 0.00046851 -0.00668997 0.25758416
v 0.00046591 -0.00668997 0.25749670
v 0.00040562 -0.00668506 0.25750202
v 0.00072096 -0.00673087 0.25756186
v 0.00069413 -0.00672549 0.25747654
v 0.00059896 -0.00670737 0.25748494
v 0.00110797 -0.00686241 0.25752769
v 0.00097080 -0.00680649 0.25745211
v 0.00096611 -0.00680379 0.25754021
v 0.00096350 -0.00680379 0.25745275
v 0.00094175 -0.00679498 0.25754237
v 0.00088035 -0.00677519 0.25746010
v 0.00076744 -0.00674209 0.25755776
v 0.00078782 -0.00674808 0.25746827
v 0.00071835 -0.00673087 0.25747440
v 0.00119994 -0.00690752 0.25751956
v 0.00114631 -0.00688177 0.25743661
v 0.00105988 -0.00684221 0.25744424
v 0.00141861 -0.00704038 0.25749983
v 0.00141600 -0.00704038 0.25741237
v 0.00141292 -0.00703641 0.25750036
v 0.00139508 -0.00702595 0.25741433
v 0.00126449 -0.00694280 0.25751386
v 0.00131315 -0.00697309 0.25742184
v 0.00123119 -0.00692564 0.25742911
v 0.00119734 -0.00690753 0.25743210
v 0.00179625 -0.00738427 0.25746013
v 0.00176503 -0.00735128 0.25737603
v 0.00168931 -0.00726793 0.25747233
v 0.00169755 -0.00727891 0.25738368
v 0.00161848 -0.00720017 0.25747994
v 0.00162702 -0.00721040 0.25739131
v 0.00161587 -0.00720017 0.25739248
v 0.00155524 -0.00714498 0.25748647
v 0.00155235 -0.00714474 0.25739904
v 0.00147521 -0.00708342 0.25740669
v 0.00194903 -0.00758966 0.25744072
v 0.00194351 -0.00758518 0.25735366
v 0.00192449 -0.00755272 0.25744404
v 0.00188804 -0.00750454 0.25736102
v 0.00181304 -0.00740431 0.25745813
v 0.00182830 -0.00742625 0.25736850
v 0.00179365 -0.00738427 0.25737267
v 0.00202200 -0.00771145 0.25743025
v 0.00199504 -0.00766857 0.25734640
v 0.00194642 -0.00758965 0.25735326
v 0.00217032 -0.00805154 0.25740429
v 0.00214709 -0.00799211 0.25732106
v 0.00210426 -0.00787847 0.25741695
v 0.00211157 -0.00790163 0.25732773
v 0.00207429 -0.00781296 0.25742203
v 0.00207161 -0.00781282 0.25733458
v 0.00202730 -0.00772592 0.25734159
v 0.00221969 -0.00822832 0.25739244
v 0.00217804 -0.00808383 0.25731459
v 0.00216737 -0.00805051 0.25731691
v 0.00223453 -0.00829841 0.25738802
v 0.00222633 -0.00827052 0.25730229
v 0.00220452 -0.00817689 0.25730832
v 0.00225233 -0.00840646 0.25738150
v 0.00224365 -0.00836527 0.25729648
v 0.00223192 -0.00829841 0.25730056
v 0.00226858 -0.00858371 0.25737157
v 0.00226444 -0.00855544 0.25728563
v 0.00226687 -0.00855258 0.25737325
v 0.00226426 -0.00855258 0.25728579
v 0.00225630 -0.00845991 0.25729095
v 0.00223331 -0.00906304 0.25734725
v 0.00223511 -0.00903985 0.25726096
v 0.00225406 -0.00893580 0.25735367
v 0.00225073 -0.00894131 0.25726593
v 0.00226648 -0.00880887 0.25736007
v 0.00226132 -0.00884310 0.25727088
v 0.00226387 -0.00880887 0.25727261
v 0.00226914 -0.00875877 0.25736260
v 0.00226700 -0.00874621 0.25727577
v 0.00226799 -0.00865020 0.25728063
v 0.00207133 -0.00954849 0.25732285
v 0.00208937 -0.00950441 0.25723760
v 0.00210953 -0.00946457 0.25732706
v 0.00212578 -0.00941894 0.25724189
v 0.00216790 -0.00931094 0.25733478
v 0.00216012 -0.00932625 0.25724655
v 0.00216529 -0.00931094 0.25724732
v 0.00217444 -0.00929099 0.25733578
v 0.00218971 -0.00923243 0.25725127
v 0.00222263 -0.00911395 0.25734469
v 0.00221488 -0.00913634 0.25725610
v 0.00223070 -0.00906304 0.25725979
v 0.00202834 -0.00963235 0.25731864
v 0.00204893 -0.00958830 0.25723339
v 0.00206872 -0.00954849 0.25723539
v 0.00193177 -0.00979207 0.25731064
v 0.00194257 -0.00977179 0.25722419
v 0.00194518 -0.00977179 0.25731165
v 0.00195143 -0.00975810 0.25722488
v 0.00200226 -0.00967439 0.25722907
v 0.00169798 -0.01007944 0.25729628
v 0.00177618 -0.00999196 0.25721319
v 0.00179152 -0.00997718 0.25730138
v 0.00178891 -0.00997718 0.25721392
v 0.00182110 -0.00994169 0.25730316
v 0.00183823 -0.00991706 0.25721693
v 0.00189670 -0.00983905 0.25722083
v 0.00161288 -0.01016128 0.25729220
v 0.00164222 -0.01013168 0.25720622
v 0.00171088 -0.01006344 0.25720962
v 0.00156432 -0.01020389 0.25729008
v 0.00157085 -0.01019609 0.25720301
v 0.00161027 -0.01016128 0.25720474
v 0.00125882 -0.01041640 0.25719209
v 0.00133998 -0.01036742 0.25719451
v 0.00141218 -0.01032107 0.25728427
v 0.00140957 -0.01032107 0.25719681
v 0.00142220 -0.01031404 0.25728462
v 0.00141964 -0.01031401 0.25719716
v 0.00149630 -0.01025713 0.25719998
v 0.00095808 -0.01055766 0.25727092
v 0.00095547 -0.01055766 0.25718346
v 0.00099404 -0.01054303 0.25718455
v 0.00111786 -0.01049097 0.25727547
v 0.00108520 -0.01050477 0.25718715
v 0.00117359 -0.01046244 0.25718967
v 0.00090023 -0.01057705 0.25718188
v 0.00095204 -0.01055987 0.25727075
v 0.00080595 -0.01060605 0.25717920
v 0.00077791 -0.01061440 0.25726579
v 0.00070970 -0.01063053 0.25717646
v 0.00071207 -0.01063058 0.25726392
v 0.00061396 -0.01064992 0.25717374
v 0.00059738 -0.01065323 0.25726065
v 0.00051696 -0.01066468 0.25717098
v 0.00045875 -0.01067148 0.25725671
v 0.00045614 -0.01067148 0.25716925
v 0.00041931 -0.01067469 0.25716820
v 0.00041261 -0.01067539 0.25725539
v 0.00032109 -0.01067991 0.25716540
v 0.00022594 -0.01068032 0.25725008
v 0.00022316 -0.01068031 0.25716262
v 0.00020227 -0.01067970 0.25724941
v 0.00019966 -0.01067970 0.25716195
v -0.00014341 -0.01063839 0.25723957
v -0.00006824 -0.01065303 0.25715432
v -0.00005316 -0.01065509 0.25724214
v -0.00005577 -0.01065509 0.25715468
v 0.00003980 -0.01066787 0.25724478
v 0.00002815 -0.01066682 0.25715707
v 0.00012537 -0.01067594 0.25715983
v -0.00032142 -0.01059261 0.25723450
v -0.00030594 -0.01059806 0.25714756
v -0.00030334 -0.01059806 0.25723502
v -0.00025758 -0.01061174 0.25714893
v -0.00016366 -0.01063462 0.25715161
v -0.00049216 -0.01053167 0.25722964
v -0.00044098 -0.01055276 0.25714371
v -0.00035034 -0.01058434 0.25714629
v -0.00065387 -0.01045701 0.25722504
v -0.00077167 -0.01039101 0.25722166
v -0.00077428 -0.01039101 0.25713420
v -0.00070186 -0.01043282 0.25713629
v -0.00061684 -0.01047694 0.25713871
v -0.00054416 -0.01050955 0.25722816
v -0.00054677 -0.01050955 0.25714070
v -0.00053025 -0.01051676 0.25714117
v -0.00095182 -0.01026808 0.25721557
v -0.00094654 -0.01027409 0.25712841
v -0.00080588 -0.01036983 0.25722062
v -0.00086618 -0.01033189 0.25713128
v -0.00078401 -0.01038508 0.25713391
v -0.00109857 -0.01014663 0.25712207
v -0.00109054 -0.01015163 0.25720978
v -0.00110593 -0.01013977 0.25712173
v -0.00117592 -0.01007098 0.25711830
v -0.00117224 -0.01007209 0.25720582
v -0.00124286 -0.00999840 0.25711468
v -0.00121987 -0.01002126 0.25720329
v -0.00130586 -0.00992296 0.25711092
v -0.00133781 -0.00987817 0.25719614
v -0.00134134 -0.00987695 0.25710862
v -0.00147892 -0.00966216 0.25718532
v -0.00147167 -0.00967941 0.25709873
v -0.00144255 -0.00972393 0.25718842
v -0.00142048 -0.00976317 0.25710292
v -0.00136530 -0.00984423 0.25710698
v -0.00153259 -0.00956045 0.25718022
v -0.00151854 -0.00959357 0.25709442
v -0.00148153 -0.00966216 0.25709786
v -0.00160681 -0.00938987 0.25717166
v -0.00159926 -0.00941598 0.25708551
v -0.00159051 -0.00943126 0.25717374
v -0.00159312 -0.00943126 0.25708627
v -0.00156111 -0.00950565 0.25709001
v -0.00167167 -0.00918803 0.25716151
v -0.00167428 -0.00918803 0.25707405
v -0.00166449 -0.00921450 0.25716284
v -0.00166202 -0.00923241 0.25707628
v -0.00163288 -0.00932490 0.25708093
v -0.00172106 -0.00893648 0.25714884
v -0.00172181 -0.00895032 0.25706207
v -0.00170539 -0.00903669 0.25715389
v -0.00170650 -0.00904478 0.25706683
v -0.00168651 -0.00913919 0.25707159
v -0.00173787 -0.00868072 0.25713593
v -0.00173059 -0.00850709 0.25712672
v -0.00173751 -0.00856861 0.25704263
v -0.00174044 -0.00866451 0.25704765
v -0.00174048 -0.00868072 0.25704847
v -0.00173787 -0.00868289 0.25713604
v -0.00173879 -0.00876009 0.25705248
v -0.00172966 -0.00885876 0.25714492
v -0.00173262 -0.00885490 0.25705726
v -0.00172367 -0.00893648 0.25706138
v -0.00170731 -0.00832919 0.25711635
v -0.00167331 -0.00817341 0.25710646
v -0.00167780 -0.00818069 0.25701948
v -0.00170008 -0.00827754 0.25702569
v -0.00171741 -0.00837460 0.25703162
v -0.00172186 -0.00842497 0.25712205
v -0.00172447 -0.00842497 0.25703459
v -0.00172987 -0.00847186 0.25703728
v -0.00148233 -0.00769929 0.25707120
v -0.00149871 -0.00772426 0.25698582
v -0.00153762 -0.00780516 0.25707982
v -0.00154323 -0.00781138 0.25699285
v -0.00159303 -0.00793019 0.25708942
v -0.00158364 -0.00790106 0.25699977
v -0.00159564 -0.00793019 0.25700195
v -0.00161079 -0.00797589 0.25709278
v -0.00161948 -0.00799236 0.25700651
v -0.00166743 -0.00815135 0.25710500
v -0.00165104 -0.00808606 0.25701311
v -0.00167592 -0.00817342 0.25701900
v -0.00134302 -0.00748450 0.25705211
v -0.00134563 -0.00748450 0.25696465
v -0.00134487 -0.00748699 0.25705234
v -0.00139727 -0.00755726 0.25697138
v -0.00144861 -0.00764148 0.25706628
v -0.00144996 -0.00763939 0.25697864
v -0.00148493 -0.00769929 0.25698374
v -0.00122787 -0.00734360 0.25703818
v -0.00128056 -0.00740168 0.25695662
v -0.00134074 -0.00747795 0.25696403
v -0.00109941 -0.00721290 0.25702399
v -0.00115006 -0.00725899 0.25694169
v -0.00117741 -0.00728936 0.25703246
v -0.00118002 -0.00728936 0.25694500
v -0.00121702 -0.00732873 0.25694918
v -0.00096150 -0.00709609 0.25700994
v -0.00099081 -0.00711706 0.25692511
v -0.00098820 -0.00711706 0.25701257
v -0.00102004 -0.00714089 0.25692804
v -0.00108026 -0.00719300 0.25693424
v -0.00081627 -0.00699397 0.25699620
v -0.00086646 -0.00702532 0.25691313
v -0.00094426 -0.00708097 0.25692054
v -0.00066498 -0.00690646 0.25698272
v -0.00070425 -0.00692605 0.25689850
v -0.00077850 -0.00697044 0.25699278
v -0.00078111 -0.00697044 0.25690531
v -0.00078617 -0.00697352 0.25690577
v -0.00050408 -0.00683148 0.25696852
v -0.00052800 -0.00684042 0.25688294
v -0.00055178 -0.00685190 0.25697273
v -0.00055439 -0.00685190 0.25688527
v -0.00061767 -0.00688131 0.25689085
v -0.00015690 -0.00672401 0.25693786
v -0.00015163 -0.00672235 0.25684970
v -0.00031179 -0.00676339 0.25695153
v -0.00024792 -0.00674486 0.25685820
v -0.00031440 -0.00676339 0.25686407
v -0.00033413 -0.00677018 0.25695351
v -0.00034239 -0.00677194 0.25686654
v -0.00043645 -0.00680402 0.25687485
v 0.00004235 -0.00669194 0.25683257
v 0.00002557 -0.00669410 0.25692174
v 0.00018945 -0.00668175 0.25681958
v 0.00019206 -0.00668175 0.25690704
v 0.00021102 -0.00668123 0.25690536
v 0.00039705 -0.00668573 0.25688894
v 0.00032077 -0.00668186 0.25680798
v 0.00022322 -0.00668095 0.25681660
v 0.00058126 -0.00670746 0.25687267
v 0.00051476 -0.00669795 0.25679085
v 0.00044765 -0.00668997 0.25688447
v 0.00044504 -0.00668997 0.25679701
v 0.00041807 -0.00668754 0.25679939
v 0.00076130 -0.00674589 0.25685677
v 0.00070530 -0.00673267 0.25677402
v 0.00070009 -0.00673087 0.25686217
v 0.00069748 -0.00673087 0.25677471
v 0.00061053 -0.00671301 0.25678239
v 0.00110048 -0.00686861 0.25682682
v 0.00098032 -0.00681812 0.25674973
v 0.00094524 -0.00680379 0.25684052
v 0.00094263 -0.00680379 0.25675306
v 0.00093500 -0.00680004 0.25684143
v 0.00089051 -0.00678538 0.25675767
v 0.00079850 -0.00675678 0.25676579
v 0.00117908 -0.00690752 0.25681987
v 0.00115442 -0.00689617 0.25673436
v 0.00106875 -0.00685526 0.25674193
v 0.00125613 -0.00695000 0.25681307
v 0.00123851 -0.00694137 0.25672693
v 0.00117647 -0.00690753 0.25673241
v 0.00154584 -0.00715464 0.25678561
v 0.00159761 -0.00720017 0.25678025
v 0.00159500 -0.00720017 0.25669279
v 0.00155634 -0.00716587 0.25669681
v 0.00148128 -0.00710413 0.25670437
v 0.00140412 -0.00704486 0.25679953
v 0.00140164 -0.00704495 0.25671206
v 0.00139774 -0.00704038 0.25680014
v 0.00139514 -0.00704038 0.25671268
v 0.00132006 -0.00699038 0.25671964
v 0.00177539 -0.00738427 0.25676045
v 0.00177278 -0.00738427 0.25667298
v 0.00176460 -0.00737469 0.25667395
v 0.00167913 -0.00727875 0.25677147
v 0.00169831 -0.00730134 0.25668157
v 0.00162890 -0.00723176 0.25668919
v 0.00182668 -0.00745061 0.25666645
v 0.00180191 -0.00741618 0.25675727
v 0.00188515 -0.00752976 0.25665899
v 0.00191226 -0.00756553 0.25674319
v 0.00192555 -0.00758965 0.25665357
v 0.00192816 -0.00758966 0.25674104
v 0.00193935 -0.00761122 0.25665167
v 0.00198954 -0.00769534 0.25664445
v 0.00200856 -0.00772502 0.25672944
v 0.00203540 -0.00778152 0.25663738
v 0.00205342 -0.00781296 0.25672234
v 0.00205081 -0.00781296 0.25663488
v 0.00207695 -0.00786973 0.25663047
v 0.00208949 -0.00789263 0.25671618
v 0.00211406 -0.00795965 0.25662373
v 0.00214664 -0.00805093 0.25661719
v 0.00214911 -0.00805051 0.25670468
v 0.00215418 -0.00806609 0.25670359
v 0.00223342 -0.00842123 0.25668095
v 0.00221734 -0.00833260 0.25659876
v 0.00221366 -0.00829841 0.25668833
v 0.00221105 -0.00829841 0.25660087
v 0.00220217 -0.00824308 0.25669180
v 0.00219819 -0.00823696 0.25660473
v 0.00217474 -0.00814360 0.25661084
v 0.00224600 -0.00855258 0.25667356
v 0.00224138 -0.00852371 0.25658768
v 0.00223171 -0.00842825 0.25659308
v 0.00221244 -0.00906304 0.25664757
v 0.00221993 -0.00900748 0.25656290
v 0.00223121 -0.00895056 0.25665323
v 0.00223392 -0.00890872 0.25656788
v 0.00224561 -0.00880887 0.25666038
v 0.00224290 -0.00881041 0.25657284
v 0.00224763 -0.00877337 0.25666217
v 0.00224698 -0.00871416 0.25657770
v 0.00224834 -0.00859830 0.25667111
v 0.00224643 -0.00861849 0.25658259
v 0.00224340 -0.00855258 0.25658610
v 0.00219840 -0.00912871 0.25664426
v 0.00220127 -0.00910434 0.25655803
v 0.00220983 -0.00906304 0.25656011
v 0.00205046 -0.00954849 0.25662316
v 0.00205677 -0.00952979 0.25653664
v 0.00208254 -0.00947874 0.25662666
v 0.00209630 -0.00944017 0.25654113
v 0.00214703 -0.00931094 0.25663509
v 0.00211675 -0.00938854 0.25654373
v 0.00214443 -0.00931094 0.25654763
v 0.00214882 -0.00930555 0.25663536
v 0.00214960 -0.00929522 0.25654842
v 0.00217766 -0.00920090 0.25655316
v 0.00200003 -0.00964594 0.25661827
v 0.00201281 -0.00961756 0.25653223
v 0.00204785 -0.00954849 0.25653570
v 0.00190223 -0.00980490 0.25661031
v 0.00191258 -0.00978565 0.25652381
v 0.00192431 -0.00977179 0.25661197
v 0.00192170 -0.00977179 0.25652450
v 0.00196474 -0.00970284 0.25652796
v 0.00177065 -0.00997718 0.25660169
v 0.00176804 -0.00997718 0.25651423
v 0.00179047 -0.00995359 0.25660287
v 0.00179689 -0.00994259 0.25651596
v 0.00185657 -0.00986563 0.25651981
v 0.00159201 -0.01016128 0.25659252
v 0.00159760 -0.01015381 0.25650543
v 0.00166640 -0.01009028 0.25659605
v 0.00166731 -0.01008674 0.25650877
v 0.00173368 -0.01001641 0.25651228
v 0.00138923 -0.01032252 0.25658451
v 0.00138871 -0.01032107 0.25649712
v 0.00139132 -0.01032107 0.25658458
v 0.00144872 -0.01027760 0.25649927
v 0.00153195 -0.01021359 0.25658991
v 0.00152529 -0.01021698 0.25650228
v 0.00158940 -0.01016128 0.25650505
v 0.00117186 -0.01045392 0.25657791
v 0.00120753 -0.01043345 0.25649154
v 0.00124040 -0.01041650 0.25657986
v 0.00128960 -0.01038584 0.25649391
v 0.00137009 -0.01033388 0.25649648
v 0.00108360 -0.01049719 0.25657540
v 0.00093721 -0.01055766 0.25657123
v 0.00093919 -0.01055597 0.25648390
v 0.00103099 -0.01051938 0.25648651
v 0.00112081 -0.01047833 0.25648907
v 0.00116925 -0.01045392 0.25649045
v 0.00043788 -0.01067148 0.25655702
v 0.00046044 -0.01066890 0.25647027
v 0.00056131 -0.01065571 0.25656053
v 0.00055755 -0.01065590 0.25647304
v 0.00069120 -0.01063058 0.25656423
v 0.00065353 -0.01063824 0.25647577
v 0.00068860 -0.01063058 0.25647677
v 0.00074228 -0.01061823 0.25656568
v 0.00075012 -0.01061553 0.25647852
v 0.00091702 -0.01056496 0.25657066
v 0.00084486 -0.01058826 0.25648121
v 0.00093460 -0.01055766 0.25648377
v 0.00018140 -0.01067970 0.25654972
v 0.00017879 -0.01067970 0.25646226
v 0.00018958 -0.01067994 0.25654995
v 0.00026446 -0.01068061 0.25646470
v 0.00037629 -0.01067646 0.25655527
v 0.00036267 -0.01067715 0.25646749
v 0.00043527 -0.01067148 0.25646956
v -0.00002799 -0.01066233 0.25645637
v 0.00006897 -0.01067316 0.25645913
v 0.00016658 -0.01067927 0.25646191
v -0.00035675 -0.01058811 0.25653440
v -0.00032681 -0.01059806 0.25644787
v -0.00032420 -0.01059806 0.25653533
v -0.00031238 -0.01060228 0.25644828
v -0.00017927 -0.01063520 0.25653945
v -0.00021899 -0.01062678 0.25645094
v -0.00012399 -0.01064686 0.25645364
v -0.00068770 -0.01045025 0.25652498
v -0.00058438 -0.01050206 0.25644054
v -0.00056503 -0.01050955 0.25652847
v -0.00056763 -0.01050955 0.25644101
v -0.00052681 -0.01052597 0.25652956
v -0.00049451 -0.01054016 0.25644310
v -0.00040456 -0.01057328 0.25644566
v -0.00079254 -0.01039101 0.25652197
v -0.00075545 -0.01041442 0.25643567
v -0.00067137 -0.01046009 0.25643806
v -0.00100305 -0.01024439 0.25651471
v -0.00099869 -0.01024991 0.25642752
v -0.00098450 -0.01025897 0.25651543
v -0.00091892 -0.01030968 0.25643049
v -0.00083908 -0.01036196 0.25652054
v -0.00083719 -0.01036485 0.25643322
v -0.00079515 -0.01039101 0.25643451
v -0.00112252 -0.01014133 0.25650958
v -0.00119311 -0.01007209 0.25650613
v -0.00119571 -0.01007209 0.25641867
v -0.00114807 -0.01011957 0.25642104
v -0.00107468 -0.01018685 0.25642439
v -0.00100565 -0.01024439 0.25642725
v -0.00135960 -0.00987695 0.25649639
v -0.00134482 -0.00989983 0.25641007
v -0.00125099 -0.01000985 0.25650303
v -0.00128337 -0.00997568 0.25641386
v -0.00121730 -0.01004949 0.25641754
v -0.00156023 -0.00954654 0.25647983
v -0.00150664 -0.00965461 0.25639779
v -0.00149979 -0.00966216 0.25648563
v -0.00150240 -0.00966216 0.25639817
v -0.00147147 -0.00971069 0.25648807
v -0.00145668 -0.00973903 0.25640202
v -0.00136789 -0.00986577 0.25649583
v -0.00140269 -0.00982083 0.25640612
v -0.00136221 -0.00987695 0.25640893
v -0.00161138 -0.00943126 0.25647405
v -0.00159356 -0.00947969 0.25638902
v -0.00155227 -0.00956814 0.25639346
v -0.00163309 -0.00937547 0.25647124
v -0.00163040 -0.00938955 0.25638449
v -0.00161399 -0.00943126 0.25638659
v -0.00169254 -0.00918803 0.25646182
v -0.00169515 -0.00918803 0.25637436
v -0.00168939 -0.00919981 0.25646241
v -0.00169051 -0.00920528 0.25637522
v -0.00166270 -0.00929810 0.25637989
v -0.00175181 -0.00884407 0.25644449
v -0.00174629 -0.00892264 0.25636099
v -0.00174193 -0.00893648 0.25644915
v -0.00174454 -0.00893648 0.25636169
v -0.00172890 -0.00902190 0.25645345
v -0.00173232 -0.00901721 0.25636576
v -0.00171367 -0.00911182 0.25637052
v -0.00175874 -0.00868073 0.25643624
v -0.00176065 -0.00873057 0.25635130
v -0.00175583 -0.00882625 0.25635613
v -0.00174273 -0.00842497 0.25642236
v -0.00174720 -0.00844005 0.25633577
v -0.00175015 -0.00849238 0.25642621
v -0.00175649 -0.00853833 0.25634129
v -0.00175872 -0.00866843 0.25643562
v -0.00176089 -0.00863482 0.25634643
v -0.00176135 -0.00868072 0.25634878
v -0.00169418 -0.00817341 0.25640677
v -0.00171395 -0.00824464 0.25632393
v -0.00172550 -0.00831440 0.25641575
v -0.00173290 -0.00834136 0.25632994
v -0.00174534 -0.00842497 0.25633490
v -0.00161390 -0.00793019 0.25638973
v -0.00161650 -0.00793019 0.25630227
v -0.00162621 -0.00796151 0.25639204
v -0.00162864 -0.00796105 0.25630454
v -0.00168424 -0.00813667 0.25640432
v -0.00166174 -0.00805413 0.25631121
v -0.00169006 -0.00814826 0.25631764
v -0.00169679 -0.00817341 0.25631931
v -0.00146141 -0.00762828 0.25636545
v -0.00150401 -0.00769610 0.25628378
v -0.00150319 -0.00769929 0.25637151
v -0.00150580 -0.00769929 0.25628405
v -0.00155169 -0.00779128 0.25637903
v -0.00154990 -0.00778244 0.25629086
v -0.00159150 -0.00787090 0.25629779
v -0.00135651 -0.00747464 0.25635149
v -0.00136650 -0.00748450 0.25626496
v -0.00136389 -0.00748450 0.25635242
v -0.00139996 -0.00753085 0.25626928
v -0.00145393 -0.00761209 0.25627658
v -0.00123849 -0.00733225 0.25633732
v -0.00128087 -0.00737729 0.25625448
v -0.00134221 -0.00745252 0.25626191
v -0.00110917 -0.00720266 0.25632313
v -0.00114824 -0.00723684 0.25623955
v -0.00119828 -0.00728936 0.25633277
v -0.00120088 -0.00728936 0.25624531
v -0.00121624 -0.00730544 0.25624703
v -0.00080198 -0.00697044 0.25620563
v -0.00092745 -0.00705331 0.25621723
v -0.00097057 -0.00708705 0.25630909
v -0.00100355 -0.00711060 0.25622462
v -0.00100907 -0.00711706 0.25631288
v -0.00101167 -0.00711706 0.25622542
v -0.00107749 -0.00717204 0.25623209
v -0.00067288 -0.00689975 0.25628189
v -0.00057264 -0.00685190 0.25627304
v -0.00062674 -0.00687562 0.25619012
v -0.00082482 -0.00698617 0.25629539
v -0.00079937 -0.00697044 0.25629309
v -0.00079662 -0.00696720 0.25620515
v -0.00071322 -0.00691959 0.25619776
v -0.00051117 -0.00682585 0.25626761
v -0.00053678 -0.00683531 0.25618218
v -0.00057525 -0.00685190 0.25618558
v -0.00016280 -0.00672089 0.25623685
v -0.00008335 -0.00670636 0.25622983
v -0.00008596 -0.00670636 0.25614237
v -0.00015954 -0.00671971 0.25614887
v -0.00025524 -0.00674139 0.25615732
v -0.00033266 -0.00676339 0.25625185
v -0.00033527 -0.00676339 0.25616438
v -0.00034055 -0.00676575 0.25625254
v -0.00035070 -0.00676805 0.25616575
v -0.00044402 -0.00679917 0.25617399
v 0.00020560 -0.00668094 0.25620431
v 0.00016858 -0.00668175 0.25611989
v 0.00017119 -0.00668175 0.25620735
v 0.00013146 -0.00668329 0.25612317
v 0.00002001 -0.00669238 0.25622070
v 0.00003417 -0.00669063 0.25613176
v -0.00006242 -0.00670269 0.25614029
v 0.00067922 -0.00673087 0.25616249
v 0.00061591 -0.00671797 0.25608039
v 0.00057552 -0.00671003 0.25617164
v 0.00052034 -0.00670163 0.25608882
v 0.00042678 -0.00668997 0.25618478
v 0.00042386 -0.00668994 0.25609735
v 0.00039157 -0.00668688 0.25618789
v 0.00032669 -0.00668295 0.25610593
v 0.00022907 -0.00668073 0.25611455
v 0.00075511 -0.00674980 0.25615578
v 0.00071013 -0.00673884 0.25607206
v 0.00067662 -0.00673087 0.25607502
v 0.00092820 -0.00680520 0.25614050
v 0.00092177 -0.00680379 0.25605338
v 0.00092438 -0.00680379 0.25614084
v 0.00089437 -0.00679391 0.25605579
v 0.00080324 -0.00676425 0.25606384
v 0.00124772 -0.00695730 0.25611228
v 0.00137688 -0.00704038 0.25610045
v 0.00132496 -0.00700699 0.25601759
v 0.00124279 -0.00695592 0.25602502
v 0.00115870 -0.00690915 0.25603245
v 0.00115821 -0.00690752 0.25612019
v 0.00115560 -0.00690753 0.25603272
v 0.00109292 -0.00687489 0.25612595
v 0.00107144 -0.00686601 0.25604016
v 0.00098418 -0.00682801 0.25604786
v 0.00157674 -0.00720017 0.25608056
v 0.00155958 -0.00718704 0.25599463
v 0.00153638 -0.00716440 0.25608476
v 0.00148371 -0.00712264 0.25600236
v 0.00139528 -0.00705340 0.25609870
v 0.00140548 -0.00706265 0.25601002
v 0.00137427 -0.00704038 0.25601299
v 0.00166888 -0.00728966 0.25607060
v 0.00175452 -0.00738427 0.25606076
v 0.00175191 -0.00738427 0.25597329
v 0.00170010 -0.00732559 0.25597932
v 0.00163131 -0.00725434 0.25598699
v 0.00157413 -0.00720017 0.25599310
v 0.00190729 -0.00758965 0.25604135
v 0.00190468 -0.00758965 0.25595389
v 0.00189994 -0.00757840 0.25604235
v 0.00188246 -0.00755614 0.25595689
v 0.00179069 -0.00742814 0.25605640
v 0.00182583 -0.00747679 0.25596425
v 0.00176469 -0.00739948 0.25597177
v 0.00203255 -0.00781296 0.25602266
v 0.00202848 -0.00780991 0.25593544
v 0.00199500 -0.00773865 0.25602863
v 0.00198398 -0.00772299 0.25594246
v 0.00193525 -0.00763831 0.25594962
v 0.00212824 -0.00805051 0.25600499
v 0.00210424 -0.00798907 0.25592190
v 0.00207462 -0.00790683 0.25601542
v 0.00206860 -0.00789870 0.25592858
v 0.00202994 -0.00781296 0.25593519
v 0.00218400 -0.00826766 0.25590310
v 0.00216195 -0.00817367 0.25590915
v 0.00213794 -0.00808068 0.25600289
v 0.00213540 -0.00808091 0.25591541
v 0.00212563 -0.00805051 0.25591753
v 0.00219157 -0.00906304 0.25594788
v 0.00219337 -0.00903988 0.25586158
v 0.00220826 -0.00896533 0.25595280
v 0.00220885 -0.00894240 0.25586649
v 0.00222474 -0.00880887 0.25596069
v 0.00221952 -0.00884389 0.25587146
v 0.00222214 -0.00880887 0.25587323
v 0.00222601 -0.00878798 0.25596174
v 0.00222527 -0.00874606 0.25587640
v 0.00222800 -0.00861288 0.25597065
v 0.00222624 -0.00864929 0.25588130
v 0.00222514 -0.00855258 0.25597387
v 0.00222249 -0.00855194 0.25588644
v 0.00221441 -0.00843599 0.25598040
v 0.00221426 -0.00845713 0.25589173
v 0.00220138 -0.00836189 0.25589731
v 0.00212617 -0.00931094 0.25593540
v 0.00214793 -0.00923259 0.25585188
v 0.00217406 -0.00914346 0.25594383
v 0.00217291 -0.00913733 0.25585668
v 0.00218897 -0.00906304 0.25586042
v 0.00205543 -0.00949287 0.25592626
v 0.00202959 -0.00954849 0.25592347
v 0.00202699 -0.00954849 0.25583601
v 0.00204515 -0.00950987 0.25583795
v 0.00208394 -0.00941920 0.25584250
v 0.00212309 -0.00932009 0.25593494
v 0.00211810 -0.00932708 0.25584713
v 0.00212356 -0.00931094 0.25584794
v 0.00190344 -0.00977179 0.25591228
v 0.00190408 -0.00976680 0.25582507
v 0.00197162 -0.00965947 0.25591790
v 0.00195528 -0.00968346 0.25582924
v 0.00200236 -0.00959771 0.25583354
v 0.00163474 -0.01010104 0.25589583
v 0.00172775 -0.00999961 0.25581343
v 0.00174979 -0.00997718 0.25590201
v 0.00174718 -0.00997718 0.25581455
v 0.00175975 -0.00996541 0.25590259
v 0.00179009 -0.00992514 0.25581714
v 0.00187260 -0.00981765 0.25590998
v 0.00184895 -0.00984745 0.25582103
v 0.00190084 -0.00977179 0.25582481
v 0.00157114 -0.01016128 0.25589283
v 0.00159321 -0.01013853 0.25580650
v 0.00166195 -0.01007090 0.25580987
v 0.00149953 -0.01022318 0.25588975
v 0.00152119 -0.01020286 0.25580330
v 0.00156853 -0.01016128 0.25580537
v 0.00135622 -0.01033089 0.25588440
v 0.00129009 -0.01037258 0.25579488
v 0.00136933 -0.01032003 0.25579748
v 0.00137045 -0.01032107 0.25588489
v 0.00144680 -0.01026316 0.25580030
v 0.00091634 -0.01055766 0.25587154
v 0.00096038 -0.01053985 0.25578541
v 0.00104926 -0.01050333 0.25587532
v 0.00105219 -0.01050082 0.25578802
v 0.00114098 -0.01045776 0.25579055
v 0.00067034 -0.01063058 0.25586454
v 0.00067727 -0.01062838 0.25577735
v 0.00070661 -0.01062196 0.25586557
v 0.00077265 -0.01060366 0.25578006
v 0.00088194 -0.01056995 0.25587056
v 0.00086769 -0.01057395 0.25578277
v 0.00091374 -0.01055766 0.25578408
v 0.00052522 -0.01065808 0.25586041
v 0.00041701 -0.01067148 0.25585733
v 0.00041441 -0.01067148 0.25576987
v 0.00048313 -0.01066366 0.25577182
v 0.00058024 -0.01064848 0.25577459
v 0.00066773 -0.01063058 0.25577708
v 0.00015322 -0.01067945 0.25584982
v 0.00015793 -0.01067970 0.25576257
v 0.00016053 -0.01067970 0.25585003
v 0.00018959 -0.01068046 0.25576347
v 0.00033997 -0.01067741 0.25585514
v 0.00028745 -0.01067966 0.25576626
v 0.00038507 -0.01067409 0.25576903
v -0.00021510 -0.01063189 0.25583934
v -0.00010194 -0.01065437 0.25575517
v -0.00009489 -0.01065509 0.25584276
v -0.00009750 -0.01065509 0.25575530
v -0.00003260 -0.01066415 0.25584453
v -0.00000543 -0.01066777 0.25575792
v 0.00009185 -0.01067649 0.25576069
v -0.00034507 -0.01059806 0.25583564
v -0.00029161 -0.01061380 0.25574977
v -0.00019731 -0.01063637 0.25575246
v -0.00039204 -0.01058351 0.25583430
v -0.00038413 -0.01058688 0.25574714
v -0.00034768 -0.01059806 0.25574818
v -0.00058589 -0.01050955 0.25582879
v -0.00058850 -0.01050955 0.25574133
v -0.00056139 -0.01052019 0.25582948
v -0.00056427 -0.01052007 0.25574201
v -0.00047539 -0.01055549 0.25574454
v -0.00081341 -0.01039101 0.25582228
v -0.00081602 -0.01039101 0.25573482
v -0.00072145 -0.01044341 0.25582493
v -0.00073617 -0.01043688 0.25573712
v -0.00065168 -0.01048029 0.25573953
v -0.00121397 -0.01007209 0.25580644
v -0.00120776 -0.01008113 0.25571943
v -0.00115444 -0.01013093 0.25580938
v -0.00113633 -0.01015029 0.25572288
v -0.00102391 -0.01024439 0.25581502
v -0.00106214 -0.01021536 0.25572612
v -0.00102652 -0.01024439 0.25572756
v -0.00101713 -0.01024976 0.25581529
v -0.00098390 -0.01027739 0.25572920
v -0.00087224 -0.01035399 0.25582045
v -0.00090351 -0.01033490 0.25573205
v -0.00082070 -0.01038816 0.25573468
v -0.00138046 -0.00987695 0.25579670
v -0.00133896 -0.00993376 0.25571208
v -0.00128202 -0.00999836 0.25580276
v -0.00127501 -0.01000924 0.25571585
v -0.00121658 -0.01007209 0.25571898
v -0.00150028 -0.00969739 0.25578771
v -0.00152066 -0.00966216 0.25578594
v -0.00152327 -0.00966216 0.25569848
v -0.00150630 -0.00969161 0.25569996
v -0.00145463 -0.00977483 0.25570413
v -0.00139788 -0.00985330 0.25579552
v -0.00139867 -0.00985581 0.25570818
v -0.00138307 -0.00987695 0.25570924
v -0.00165927 -0.00936104 0.25577083
v -0.00163581 -0.00942890 0.25568678
v -0.00163225 -0.00943126 0.25577436
v -0.00163486 -0.00943126 0.25568690
v -0.00158776 -0.00953258 0.25577944
v -0.00159703 -0.00951833 0.25569127
v -0.00155384 -0.00960597 0.25569567
v -0.00175229 -0.00900712 0.25575302
v -0.00172507 -0.00915238 0.25567287
v -0.00171418 -0.00918510 0.25576198
v -0.00171601 -0.00918803 0.25567467
v -0.00171341 -0.00918803 0.25576213
v -0.00169984 -0.00924580 0.25567757
v -0.00167012 -0.00933791 0.25568221
v -0.00176279 -0.00893648 0.25574946
v -0.00176168 -0.00896357 0.25566336
v -0.00174563 -0.00905851 0.25566815
v -0.00177385 -0.00882938 0.25574406
v -0.00177306 -0.00886885 0.25565859
v -0.00176540 -0.00893648 0.25566200
v -0.00177961 -0.00868073 0.25573656
v -0.00178059 -0.00875851 0.25565302
v -0.00177431 -0.00885534 0.25565791
v -0.00176959 -0.00847766 0.25572569
v -0.00176359 -0.00842497 0.25572267
v -0.00176620 -0.00842497 0.25563521
v -0.00177119 -0.00846785 0.25563768
v -0.00177908 -0.00856565 0.25564309
v -0.00177947 -0.00865395 0.25573519
v -0.00178216 -0.00866260 0.25564817
v -0.00178222 -0.00868072 0.25564909
v -0.00171505 -0.00817341 0.25570708
v -0.00171834 -0.00817604 0.25561979
v -0.00174358 -0.00829962 0.25571515
v -0.00174067 -0.00827194 0.25562596
v -0.00175843 -0.00836997 0.25563197
v -0.00152406 -0.00769929 0.25567182
v -0.00153792 -0.00771962 0.25558605
v -0.00156566 -0.00777746 0.25567823
v -0.00158279 -0.00780687 0.25559312
v -0.00163476 -0.00793019 0.25569004
v -0.00162326 -0.00789606 0.25560002
v -0.00163737 -0.00793019 0.25560258
v -0.00164151 -0.00794717 0.25569129
v -0.00165953 -0.00798775 0.25560680
v -0.00170093 -0.00812201 0.25570365
v -0.00169112 -0.00808074 0.25561337
v -0.00171766 -0.00817342 0.25561962
v -0.00138476 -0.00748450 0.25565273
v -0.00143611 -0.00755300 0.25557161
v -0.00147412 -0.00761515 0.25566462
v -0.00148903 -0.00763503 0.25557889
v -0.00152667 -0.00769929 0.25558436
v -0.00136806 -0.00746238 0.25565063
v -0.00137938 -0.00747385 0.25556426
v -0.00138737 -0.00748450 0.25556527
v -0.00121914 -0.00728936 0.25563308
v -0.00122175 -0.00728936 0.25554562
v -0.00124903 -0.00732100 0.25563645
v -0.00125522 -0.00732488 0.25554939
v -0.00131906 -0.00739779 0.25555685
v -0.00102993 -0.00711706 0.25561320
v -0.00104372 -0.00712606 0.25552685
v -0.00111886 -0.00719253 0.25562226
v -0.00111730 -0.00718878 0.25553437
v -0.00118829 -0.00725553 0.25554194
v -0.00068071 -0.00689314 0.25558105
v -0.00059351 -0.00685190 0.25557335
v -0.00063892 -0.00687150 0.25548967
v -0.00072640 -0.00691546 0.25549739
v -0.00080907 -0.00696215 0.25550470
v -0.00082023 -0.00697044 0.25559340
v -0.00082284 -0.00697044 0.25550594
v -0.00083335 -0.00697848 0.25559458
v -0.00088989 -0.00701303 0.25551205
v -0.00097958 -0.00707811 0.25560825
v -0.00096777 -0.00706742 0.25551940
v -0.00103254 -0.00711706 0.25552573
v -0.00051820 -0.00682032 0.25556670
v -0.00035353 -0.00676339 0.25555216
v -0.00036209 -0.00676517 0.25546522
v -0.00045646 -0.00679615 0.25547356
v -0.00054840 -0.00683147 0.25548167
v -0.00059612 -0.00685190 0.25548589
v 0.00015032 -0.00668175 0.25550766
v 0.00012089 -0.00668280 0.25542257
v 0.00001446 -0.00669078 0.25551966
v 0.00002338 -0.00668965 0.25543118
v -0.00010422 -0.00670636 0.25553014
v -0.00007426 -0.00670136 0.25543980
v -0.00010682 -0.00670636 0.25544268
v -0.00016866 -0.00671789 0.25553583
v -0.00017086 -0.00671781 0.25544833
v -0.00034691 -0.00676143 0.25555157
v -0.00026734 -0.00673920 0.25545685
v -0.00035613 -0.00676339 0.25546469
v 0.00040591 -0.00668997 0.25548509
v 0.00040331 -0.00668997 0.25539763
v 0.00038607 -0.00668815 0.25548684
v 0.00031621 -0.00668347 0.25540532
v 0.00020018 -0.00668077 0.25550326
v 0.00021873 -0.00668074 0.25541393
v 0.00014772 -0.00668175 0.25542020
v 0.00056975 -0.00671271 0.25547062
v 0.00050971 -0.00670315 0.25538823
v 0.00041331 -0.00669096 0.25539675
v 0.00074888 -0.00675382 0.25545480
v 0.00070008 -0.00674154 0.25537142
v 0.00065836 -0.00673087 0.25546280
v 0.00065575 -0.00673087 0.25537533
v 0.00060505 -0.00671996 0.25537981
v 0.00092134 -0.00681046 0.25543957
v 0.00090090 -0.00680379 0.25535369
v 0.00090351 -0.00680379 0.25544115
v 0.00088473 -0.00679790 0.25535511
v 0.00079338 -0.00676758 0.25536318
v 0.00123929 -0.00696469 0.25541148
v 0.00135601 -0.00704038 0.25540076
v 0.00131066 -0.00701131 0.25531729
v 0.00122937 -0.00696033 0.25532467
v 0.00114617 -0.00691355 0.25533203
v 0.00113734 -0.00690752 0.25542050
v 0.00113473 -0.00690753 0.25533304
v 0.00108529 -0.00688127 0.25542509
v 0.00106140 -0.00687108 0.25533951
v 0.00097378 -0.00683231 0.25534725
v 0.00155587 -0.00720017 0.25538088
v 0.00154497 -0.00719266 0.25529428
v 0.00152686 -0.00717426 0.25538390
v 0.00147019 -0.00712860 0.25530194
v 0.00138639 -0.00706205 0.25539787
v 0.00139146 -0.00706767 0.25530967
v 0.00135340 -0.00704038 0.25531330
v 0.00165855 -0.00730067 0.25536973
v 0.00173365 -0.00738427 0.25536107
v 0.00173104 -0.00738427 0.25527361
v 0.00168498 -0.00733187 0.25527898
v 0.00161706 -0.00726089 0.25528658
v 0.00155327 -0.00720017 0.25529342
v 0.00188643 -0.00758965 0.25534166
v 0.00188382 -0.00758965 0.25525420
v 0.00186687 -0.00756395 0.25525650
v 0.00177939 -0.00744018 0.25535554
v 0.00181011 -0.00748368 0.25526391
v 0.00174966 -0.00740653 0.25527138
v 0.00191933 -0.00764648 0.25524922
v 0.00188752 -0.00759134 0.25534151
v 0.00196773 -0.00773154 0.25524207
v 0.00198134 -0.00775233 0.25532782
v 0.00200908 -0.00781296 0.25523551
v 0.00201169 -0.00781296 0.25532297
v 0.00201178 -0.00781861 0.25523506
v 0.00205964 -0.00792107 0.25531467
v 0.00205146 -0.00790757 0.25522822
v 0.00212157 -0.00809528 0.25530220
v 0.00211179 -0.00807219 0.25521633
v 0.00210738 -0.00805051 0.25530530
v 0.00210477 -0.00805051 0.25521784
v 0.00208012 -0.00798027 0.25522285
v 0.00217192 -0.00829841 0.25528895
v 0.00216931 -0.00829841 0.25520149
v 0.00216677 -0.00827262 0.25529056
v 0.00216129 -0.00825896 0.25520396
v 0.00213881 -0.00816505 0.25521004
v 0.00220427 -0.00855258 0.25527418
v 0.00220105 -0.00854314 0.25518723
v 0.00219528 -0.00845074 0.25527986
v 0.00219239 -0.00844834 0.25519254
v 0.00217909 -0.00835314 0.25519814
v 0.00217071 -0.00906304 0.25524819
v 0.00217479 -0.00902725 0.25516253
v 0.00218519 -0.00898011 0.25525237
v 0.00218964 -0.00892965 0.25516745
v 0.00220388 -0.00880887 0.25526100
v 0.00219967 -0.00883128 0.25517241
v 0.00220127 -0.00880887 0.25517354
v 0.00220428 -0.00880261 0.25526132
v 0.00220479 -0.00873365 0.25517734
v 0.00220755 -0.00862743 0.25527020
v 0.00220520 -0.00863874 0.25518215
v 0.00220166 -0.00855258 0.25518672
v 0.00214960 -0.00915820 0.25524340
v 0.00210530 -0.00931094 0.25523571
v 0.00210269 -0.00931094 0.25514825
v 0.00213057 -0.00922028 0.25515281
v 0.00215495 -0.00912485 0.25515761
v 0.00216810 -0.00906304 0.25516073
v 0.00188258 -0.00977179 0.25521259
v 0.00187997 -0.00977179 0.25512513
v 0.00188973 -0.00975669 0.25512588
v 0.00194310 -0.00967294 0.25521754
v 0.00194042 -0.00967305 0.25513007
v 0.00200873 -0.00954849 0.25522378
v 0.00198715 -0.00958670 0.25513440
v 0.00200612 -0.00954849 0.25513632
v 0.00202822 -0.00950696 0.25522587
v 0.00202953 -0.00949829 0.25513884
v 0.00209724 -0.00933460 0.25523452
v 0.00206776 -0.00940735 0.25514341
v 0.00210134 -0.00931499 0.25514805
v 0.00183508 -0.00983766 0.25512183
v 0.00184288 -0.00983033 0.25520966
v 0.00177667 -0.00991573 0.25511793
v 0.00172895 -0.00997715 0.25520232
v 0.00172631 -0.00997718 0.25511486
v 0.00160302 -0.01011170 0.25519561
v 0.00164937 -0.01006231 0.25511061
v 0.00171475 -0.00999060 0.25511419
v 0.00146705 -0.01023268 0.25518959
v 0.00150934 -0.01019514 0.25510399
v 0.00155028 -0.01016128 0.25519314
v 0.00154767 -0.01016128 0.25510568
v 0.00158099 -0.01013037 0.25510722
v 0.00132317 -0.01033915 0.25518430
v 0.00134697 -0.01032107 0.25509774
v 0.00134958 -0.01032107 0.25518520
v 0.00135812 -0.01031325 0.25509813
v 0.00143527 -0.01025591 0.25510097
v 0.00089548 -0.01055766 0.25517185
v 0.00093205 -0.01054279 0.25508551
v 0.00101486 -0.01050938 0.25517525
v 0.00102402 -0.01050413 0.25508812
v 0.00113013 -0.01045392 0.25517853
v 0.00111300 -0.01046141 0.25509065
v 0.00112752 -0.01045392 0.25509107
v 0.00117338 -0.01043071 0.25517976
v 0.00119727 -0.01041580 0.25509305
v 0.00127915 -0.01036629 0.25509550
v 0.00064947 -0.01063058 0.25516485
v 0.00064862 -0.01063018 0.25507744
v 0.00067089 -0.01062557 0.25516546
v 0.00074409 -0.01060584 0.25508016
v 0.00084681 -0.01057484 0.25517047
v 0.00083923 -0.01057652 0.25508286
v 0.00089287 -0.01055766 0.25508439
v 0.00048910 -0.01066033 0.25516029
v 0.00039615 -0.01067148 0.25515764
v 0.00039354 -0.01067148 0.25507018
v 0.00045437 -0.01066468 0.25507191
v 0.00055153 -0.01064989 0.25507468
v 0.00011687 -0.01067884 0.25514969
v 0.00013706 -0.01067970 0.25506288
v 0.00013967 -0.01067970 0.25515034
v 0.00015125 -0.01068010 0.25506328
v 0.00030363 -0.01067824 0.25515501
v 0.00024911 -0.01068015 0.25506607
v 0.00035629 -0.01067472 0.25506912
v -0.00025089 -0.01062848 0.25513923
v -0.00013989 -0.01065149 0.25505500
v -0.00011576 -0.01065509 0.25514307
v -0.00011837 -0.01065509 0.25505561
v -0.00006876 -0.01066211 0.25514441
v -0.00004360 -0.01066572 0.25505774
v 0.00005356 -0.01067528 0.25506050
v -0.00036594 -0.01059806 0.25513595
v -0.00032899 -0.01060934 0.25504962
v -0.00023520 -0.01063265 0.25505229
v -0.00059592 -0.01051431 0.25512941
v -0.00051207 -0.01054955 0.25504441
v -0.00042727 -0.01057881 0.25513421
v -0.00042160 -0.01058153 0.25504698
v -0.00036855 -0.01059806 0.25504849
v -0.00077234 -0.01042846 0.25503700
v -0.00068753 -0.01047296 0.25503941
v -0.00060676 -0.01050955 0.25512910
v -0.00060937 -0.01050955 0.25504164
v -0.00060116 -0.01051316 0.25504187
v -0.00104478 -0.01024439 0.25511533
v -0.00101667 -0.01026836 0.25502906
v -0.00090536 -0.01034591 0.25512037
v -0.00093644 -0.01032664 0.25503195
v -0.00085437 -0.01038030 0.25503461
v -0.00140133 -0.00987695 0.25509701
v -0.00136816 -0.00992334 0.25501187
v -0.00131297 -0.00998678 0.25510250
v -0.00130558 -0.00999826 0.25501561
v -0.00123484 -0.01007209 0.25510675
v -0.00123837 -0.01007114 0.25501925
v -0.00118629 -0.01012044 0.25510916
v -0.00116807 -0.01014020 0.25502269
v -0.00104971 -0.01024045 0.25511514
v -0.00109363 -0.01020643 0.25502598
v -0.00104739 -0.01024439 0.25502787
v -0.00152899 -0.00968403 0.25508735
v -0.00148244 -0.00976415 0.25500390
v -0.00142778 -0.00984076 0.25509520
v -0.00142722 -0.00984518 0.25500796
v -0.00140394 -0.00987695 0.25500955
v -0.00161518 -0.00951857 0.25507905
v -0.00158061 -0.00959461 0.25499541
v -0.00154152 -0.00966216 0.25508626
v -0.00154413 -0.00966216 0.25499880
v -0.00153369 -0.00968043 0.25499971
v -0.00168533 -0.00934658 0.25507041
v -0.00166143 -0.00941706 0.25498649
v -0.00165312 -0.00943126 0.25507467
v -0.00165572 -0.00943126 0.25498721
v -0.00162323 -0.00950671 0.25499100
v -0.00173884 -0.00917038 0.25506155
v -0.00173688 -0.00918803 0.25497498
v -0.00173427 -0.00918803 0.25506244
v -0.00172430 -0.00923353 0.25497727
v -0.00169511 -0.00932600 0.25498192
v -0.00177557 -0.00899233 0.25505259
v -0.00176889 -0.00904592 0.25496782
v -0.00174885 -0.00914031 0.25497258
v -0.00179578 -0.00881472 0.25504363
v -0.00180047 -0.00868073 0.25503687
v -0.00180308 -0.00868072 0.25494941
v -0.00180134 -0.00876123 0.25495347
v -0.00179512 -0.00885604 0.25495825
v -0.00178366 -0.00893648 0.25504977
v -0.00178627 -0.00893648 0.25496231
v -0.00178426 -0.00895146 0.25496306
v -0.00173591 -0.00817341 0.25500739
v -0.00173990 -0.00817873 0.25492028
v -0.00176155 -0.00828483 0.25501454
v -0.00176228 -0.00827556 0.25492650
v -0.00178446 -0.00842497 0.25502298
v -0.00177970 -0.00837260 0.25493244
v -0.00178707 -0.00842497 0.25493552
v -0.00178892 -0.00846293 0.25502517
v -0.00179243 -0.00847145 0.25493819
v -0.00180011 -0.00863944 0.25503476
v -0.00180017 -0.00856977 0.25494362
v -0.00180305 -0.00866566 0.25494864
v -0.00165563 -0.00793019 0.25499035
v -0.00165824 -0.00793019 0.25490289
v -0.00165671 -0.00793286 0.25499055
v -0.00166323 -0.00794269 0.25490382
v -0.00171750 -0.00810737 0.25500296
v -0.00169713 -0.00803513 0.25491049
v -0.00172632 -0.00812867 0.25491695
v -0.00173852 -0.00817342 0.25491993
v -0.00148672 -0.00760209 0.25496378
v -0.00153550 -0.00767814 0.25488289
v -0.00154493 -0.00769929 0.25497213
v -0.00154754 -0.00769929 0.25488467
v -0.00157951 -0.00776368 0.25497743
v -0.00158228 -0.00776398 0.25488999
v -0.00162499 -0.00785244 0.25489699
v -0.00140563 -0.00748450 0.25495304
v -0.00142979 -0.00751405 0.25486835
v -0.00148459 -0.00759470 0.25487566
v -0.00125950 -0.00730983 0.25493558
v -0.00130919 -0.00736179 0.25485353
v -0.00137952 -0.00745019 0.25494977
v -0.00137127 -0.00743636 0.25486096
v -0.00140823 -0.00748450 0.25486558
v -0.00112849 -0.00718249 0.25492140
v -0.00117521 -0.00722280 0.25483859
v -0.00124001 -0.00728936 0.25493339
v -0.00124262 -0.00728936 0.25484593
v -0.00098855 -0.00706928 0.25490741
v -0.00084184 -0.00697089 0.25489378
v -0.00084371 -0.00697044 0.25480625
v -0.00095272 -0.00704165 0.25481629
v -0.00102934 -0.00709812 0.25482367
v -0.00105080 -0.00711706 0.25491351
v -0.00105341 -0.00711706 0.25482605
v -0.00110386 -0.00715878 0.25483114
v -0.00061438 -0.00685190 0.25487366
v -0.00065832 -0.00687080 0.25478985
v -0.00068847 -0.00688660 0.25488020
v -0.00074533 -0.00691443 0.25479753
v -0.00082919 -0.00696170 0.25480495
v -0.00052517 -0.00681488 0.25486578
v -0.00037439 -0.00676339 0.25485247
v -0.00038168 -0.00676479 0.25476542
v -0.00047517 -0.00679538 0.25477368
v -0.00056813 -0.00683100 0.25478188
v -0.00061699 -0.00685190 0.25478620
v 0.00012946 -0.00668175 0.25480797
v 0.00010193 -0.00668271 0.25472271
v 0.00000894 -0.00668929 0.25481862
v 0.00000407 -0.00668950 0.25473135
v -0.00012508 -0.00670636 0.25483045
v -0.00009311 -0.00670107 0.25473994
v -0.00012769 -0.00670636 0.25474299
v -0.00017449 -0.00671501 0.25483481
v -0.00019030 -0.00671753 0.25474852
v -0.00035323 -0.00675722 0.25485060
v -0.00028611 -0.00673868 0.25475698
v -0.00037700 -0.00676339 0.25476501
v 0.00038505 -0.00668997 0.25478540
v 0.00038244 -0.00668997 0.25469794
v 0.00038056 -0.00668954 0.25478580
v 0.00029712 -0.00668356 0.25470547
v 0.00019476 -0.00668072 0.25480221
v 0.00019954 -0.00668074 0.25471409
v 0.00012685 -0.00668175 0.25472051
v 0.00058619 -0.00672037 0.25467995
v 0.00049075 -0.00670344 0.25468837
v 0.00039430 -0.00669115 0.25469689
v 0.00107759 -0.00688773 0.25472424
v 0.00095365 -0.00683261 0.25464750
v 0.00091442 -0.00681582 0.25473865
v 0.00088003 -0.00680379 0.25465400
v 0.00088264 -0.00680379 0.25474146
v 0.00086408 -0.00679798 0.25465541
v 0.00074260 -0.00675794 0.25475383
v 0.00077317 -0.00676777 0.25466343
v 0.00068025 -0.00674181 0.25467164
v 0.00123083 -0.00697220 0.25471068
v 0.00133514 -0.00704038 0.25470107
v 0.00129065 -0.00701188 0.25461752
v 0.00120851 -0.00696033 0.25462498
v 0.00112610 -0.00691398 0.25463227
v 0.00111647 -0.00690753 0.25472081
v 0.00111387 -0.00690753 0.25463335
v 0.00104064 -0.00687113 0.25463981
v 0.00153501 -0.00720017 0.25468119
v 0.00152459 -0.00719310 0.25459454
v 0.00151728 -0.00718422 0.25468304
v 0.00144904 -0.00712837 0.25460228
v 0.00137746 -0.00707080 0.25469703
v 0.00137109 -0.00706803 0.25460993
v 0.00133253 -0.00704038 0.25461361
v 0.00164815 -0.00731176 0.25466886
v 0.00171279 -0.00738427 0.25466138
v 0.00171018 -0.00738427 0.25457392
v 0.00165682 -0.00732391 0.25458012
v 0.00159202 -0.00725676 0.25458734
v 0.00153240 -0.00720017 0.25459373
v 0.00186556 -0.00758966 0.25464197
v 0.00183967 -0.00755458 0.25455766
v 0.00176800 -0.00745230 0.25465468
v 0.00178270 -0.00747494 0.25456505
v 0.00172148 -0.00739771 0.25457257
v 0.00199082 -0.00781296 0.25462328
v 0.00198612 -0.00780862 0.25453616
v 0.00196758 -0.00776606 0.25462702
v 0.00194156 -0.00772172 0.25454319
v 0.00187500 -0.00760435 0.25464067
v 0.00189277 -0.00763707 0.25455035
v 0.00186295 -0.00758965 0.25455451
v 0.00204454 -0.00793534 0.25461392
v 0.00202630 -0.00789738 0.25452930
v 0.00198821 -0.00781296 0.25453582
v 0.00215106 -0.00829841 0.25458926
v 0.00214845 -0.00829841 0.25450180
v 0.00214890 -0.00828740 0.25458994
v 0.00214197 -0.00826628 0.25450381
v 0.00210509 -0.00810991 0.25460151
v 0.00211985 -0.00817230 0.25450987
v 0.00209324 -0.00807955 0.25451613
v 0.00208651 -0.00805051 0.25460561
v 0.00208390 -0.00805051 0.25451815
v 0.00206201 -0.00798773 0.25452262
v 0.00218340 -0.00855258 0.25457449
v 0.00218067 -0.00855054 0.25448714
v 0.00217604 -0.00846549 0.25457933
v 0.00217237 -0.00845573 0.25449243
v 0.00215942 -0.00836050 0.25449801
v 0.00218301 -0.00880887 0.25456131
v 0.00218358 -0.00874486 0.25447708
v 0.00218700 -0.00864196 0.25456976
v 0.00218449 -0.00864800 0.25448199
v 0.00218079 -0.00855258 0.25448703
v 0.00214984 -0.00906304 0.25454850
v 0.00215186 -0.00903865 0.25446227
v 0.00216200 -0.00899490 0.25455193
v 0.00216728 -0.00894116 0.25446718
v 0.00218244 -0.00881726 0.25456089
v 0.00217789 -0.00884266 0.25447215
v 0.00218040 -0.00880887 0.25447385
v 0.00212503 -0.00917294 0.25454297
v 0.00213146 -0.00913611 0.25445736
v 0.00214723 -0.00906304 0.25446104
v 0.00207128 -0.00934909 0.25453411
v 0.00207677 -0.00932590 0.25444781
v 0.00208443 -0.00931094 0.25453602
v 0.00208182 -0.00931094 0.25444856
v 0.00210654 -0.00923139 0.25445256
v 0.00186171 -0.00977179 0.25451290
v 0.00186266 -0.00976632 0.25442571
v 0.00191447 -0.00968635 0.25451718
v 0.00191384 -0.00968296 0.25442989
v 0.00198786 -0.00954849 0.25452409
v 0.00196104 -0.00959690 0.25443420
v 0.00198525 -0.00954849 0.25443663
v 0.00200089 -0.00952100 0.25452547
v 0.00200393 -0.00950874 0.25443863
v 0.00204266 -0.00941805 0.25444318
v 0.00169806 -0.00998880 0.25450205
v 0.00170544 -0.00997718 0.25441517
v 0.00170805 -0.00997718 0.25450263
v 0.00174854 -0.00992491 0.25441778
v 0.00181306 -0.00984294 0.25450934
v 0.00180755 -0.00984698 0.25442167
v 0.00185910 -0.00977179 0.25442544
v 0.00157123 -0.01012227 0.25449539
v 0.00162023 -0.01007089 0.25441049
v 0.00168603 -0.00999960 0.25441405
v 0.00143452 -0.01024207 0.25448943
v 0.00147948 -0.01020285 0.25440392
v 0.00152941 -0.01016128 0.25449345
v 0.00152680 -0.01016128 0.25440599
v 0.00155149 -0.01013852 0.25440712
v 0.00129008 -0.01034732 0.25448421
v 0.00132761 -0.01032002 0.25439810
v 0.00132871 -0.01032107 0.25448551
v 0.00140508 -0.01026314 0.25440092
v 0.00087461 -0.01055766 0.25447216
v 0.00089991 -0.01054717 0.25438550
v 0.00098039 -0.01051533 0.25447517
v 0.00099214 -0.01050904 0.25438812
v 0.00110926 -0.01045392 0.25447884
v 0.00108143 -0.01046684 0.25439066
v 0.00110665 -0.01045392 0.25439138
v 0.00113976 -0.01043770 0.25447971
v 0.00116620 -0.01042161 0.25439307
v 0.00124837 -0.01037257 0.25439550
v 0.00045295 -0.01066247 0.25446016
v 0.00037528 -0.01067148 0.25445795
v 0.00037267 -0.01067148 0.25437049
v 0.00044258 -0.01066351 0.25437248
v 0.00053965 -0.01064828 0.25437524
v 0.00062860 -0.01063058 0.25446516
v 0.00062599 -0.01063058 0.25437770
v 0.00063514 -0.01062908 0.25446535
v 0.00071161 -0.01060907 0.25438014
v 0.00081162 -0.01057963 0.25447037
v 0.00080690 -0.01058032 0.25438285
v 0.00087200 -0.01055766 0.25438470
v 0.00011880 -0.01067970 0.25445065
v 0.00014852 -0.01068047 0.25436411
v 0.00026729 -0.01067895 0.25445488
v 0.00024666 -0.01067963 0.25436690
v 0.00034456 -0.01067399 0.25436969
v -0.00028663 -0.01062495 0.25443911
v -0.00014302 -0.01065447 0.25435581
v -0.00013663 -0.01065509 0.25444338
v -0.00013924 -0.01065509 0.25435592
v -0.00010490 -0.01065995 0.25444429
v -0.00004651 -0.01066785 0.25435856
v 0.00008052 -0.01067811 0.25444956
v 0.00005078 -0.01067653 0.25436133
v 0.00011619 -0.01067970 0.25436319
v -0.00038680 -0.01059806 0.25443626
v -0.00033271 -0.01061397 0.25435042
v -0.00023839 -0.01063651 0.25435310
v -0.00046245 -0.01057400 0.25443411
v -0.00042524 -0.01058708 0.25434778
v -0.00038941 -0.01059806 0.25434880
v -0.00063037 -0.01050833 0.25442933
v -0.00063024 -0.01050955 0.25434195
v -0.00062763 -0.01050955 0.25442941
v -0.00060540 -0.01052033 0.25434265
v -0.00051651 -0.01055572 0.25434518
v -0.00106565 -0.01024439 0.25441564
v -0.00102463 -0.01027815 0.25432986
v -0.00093845 -0.01033773 0.25442027
v -0.00094420 -0.01033560 0.25433270
v -0.00085514 -0.01039101 0.25442291
v -0.00086163 -0.01038866 0.25433533
v -0.00085775 -0.01039101 0.25433545
v -0.00078875 -0.01042949 0.25442482
v -0.00077734 -0.01043719 0.25433776
v -0.00069283 -0.01048058 0.25434017
v -0.00125571 -0.01007209 0.25440707
v -0.00124861 -0.01008202 0.25432010
v -0.00121807 -0.01010986 0.25440895
v -0.00117714 -0.01015114 0.25432354
v -0.00108223 -0.01023104 0.25441498
v -0.00110290 -0.01021616 0.25432678
v -0.00106826 -0.01024439 0.25432818
v -0.00134384 -0.00997512 0.25440223
v -0.00142220 -0.00987694 0.25439732
v -0.00142481 -0.00987695 0.25430986
v -0.00137991 -0.00993473 0.25431275
v -0.00131591 -0.01001018 0.25431652
v -0.00125831 -0.01007209 0.25431960
v -0.00156239 -0.00966216 0.25438657
v -0.00156500 -0.00966216 0.25429911
v -0.00155759 -0.00967061 0.25438699
v -0.00154740 -0.00969268 0.25430064
v -0.00145758 -0.00982814 0.25439488
v -0.00149568 -0.00977587 0.25430480
v -0.00143967 -0.00985682 0.25430885
v -0.00175514 -0.00918803 0.25436275
v -0.00174149 -0.00924611 0.25427821
v -0.00171127 -0.00933209 0.25437000
v -0.00171160 -0.00933865 0.25428287
v -0.00167398 -0.00943126 0.25437498
v -0.00167709 -0.00943004 0.25428746
v -0.00164249 -0.00950452 0.25437866
v -0.00163824 -0.00951945 0.25429195
v -0.00159500 -0.00960707 0.25429634
v -0.00179874 -0.00897755 0.25435215
v -0.00178730 -0.00905883 0.25426879
v -0.00176340 -0.00915565 0.25436112
v -0.00176673 -0.00915270 0.25427351
v -0.00175775 -0.00918803 0.25427529
v -0.00182165 -0.00877359 0.25425440
v -0.00181477 -0.00886917 0.25425923
v -0.00180453 -0.00893648 0.25435008
v -0.00180714 -0.00893648 0.25426262
v -0.00180337 -0.00896389 0.25426400
v -0.00175678 -0.00817341 0.25430770
v -0.00177235 -0.00822611 0.25422367
v -0.00177940 -0.00827005 0.25431393
v -0.00178576 -0.00828854 0.25422762
v -0.00180533 -0.00842497 0.25432330
v -0.00180270 -0.00838675 0.25423359
v -0.00180794 -0.00842497 0.25423583
v -0.00180815 -0.00844819 0.25432464
v -0.00181464 -0.00848476 0.25423925
v -0.00182065 -0.00862491 0.25433431
v -0.00182168 -0.00858228 0.25424460
v -0.00167650 -0.00793019 0.25429066
v -0.00167911 -0.00793019 0.25420320
v -0.00168488 -0.00794469 0.25420427
v -0.00173396 -0.00809275 0.25430228
v -0.00171859 -0.00803686 0.25421093
v -0.00174788 -0.00813111 0.25421742
v -0.00175939 -0.00817341 0.25422024
v -0.00164655 -0.00785397 0.25419742
v -0.00167178 -0.00791859 0.25428980
v -0.00160407 -0.00776578 0.25419045
v -0.00159326 -0.00774995 0.25427663
v -0.00156840 -0.00769929 0.25418498
v -0.00156580 -0.00769929 0.25427244
v -0.00155726 -0.00767968 0.25418333
v -0.00149922 -0.00758909 0.25426294
v -0.00150648 -0.00759629 0.25417612
v -0.00145176 -0.00751558 0.25416880
v -0.00142649 -0.00748450 0.25425336
v -0.00142910 -0.00748450 0.25416589
v -0.00139331 -0.00743784 0.25416142
v -0.00139090 -0.00743809 0.25424891
v -0.00133137 -0.00736330 0.25415399
v -0.00126989 -0.00729875 0.25423471
v -0.00126550 -0.00729145 0.25414647
v -0.00126348 -0.00728936 0.25414624
v -0.00126088 -0.00728936 0.25423371
v -0.00119663 -0.00722332 0.25413896
v -0.00113806 -0.00717255 0.25422054
v -0.00112496 -0.00715897 0.25413147
v -0.00107428 -0.00711706 0.25412636
v -0.00107167 -0.00711706 0.25421382
v -0.00105090 -0.00709866 0.25412405
v -0.00099748 -0.00706054 0.25420658
v -0.00097375 -0.00704176 0.25411661
v -0.00089481 -0.00698918 0.25410929
v -0.00086197 -0.00697044 0.25419402
v -0.00086458 -0.00697044 0.25410656
v -0.00081295 -0.00694012 0.25410197
v -0.00085030 -0.00696340 0.25419298
v -0.00072849 -0.00689487 0.25409451
v -0.00069616 -0.00688016 0.25417935
v -0.00063786 -0.00685190 0.25408651
v -0.00063524 -0.00685190 0.25417397
v -0.00054763 -0.00681449 0.25407854
v -0.00053208 -0.00680954 0.25416486
v -0.00045627 -0.00678174 0.25407047
v -0.00039526 -0.00676339 0.25415278
v -0.00039787 -0.00676339 0.25406532
v -0.00036268 -0.00675327 0.25406221
v -0.00035950 -0.00675312 0.25414962
v -0.00026746 -0.00672936 0.25405380
v -0.00018029 -0.00671223 0.25413379
v -0.00014595 -0.00670636 0.25413076
v 0.00090744 -0.00682127 0.25403774
v 0.00106982 -0.00689428 0.25402340
v 0.00055811 -0.00671841 0.25406859
v 0.00061662 -0.00673087 0.25406342
v 0.00073627 -0.00676218 0.25405285
v 0.00086177 -0.00680379 0.25404177
v 0.00037503 -0.00669105 0.25408475
v 0.00036418 -0.00668997 0.25408571
v 0.00018934 -0.00668080 0.25410115
v 0.00010859 -0.00668175 0.25410828
v 0.00000343 -0.00668792 0.25411757
v 0.00037882 -0.00979089 0.25843155
v 0.00052673 -0.00970435 0.25836277
v 0.00045618 -0.00974558 0.25839255
v 0.00066493 -0.00962390 0.25832197
v 0.00059889 -0.00966229 0.25833846
v 0.00079841 -0.00954659 0.25830614
v 0.00073257 -0.00958467 0.25831098
v 0.00093161 -0.00946986 0.25831393
v 0.00086388 -0.00950883 0.25830707
v 0.00107241 -0.00938916 0.25834649
v 0.00099896 -0.00943121 0.25832653
v 0.00122437 -0.00930250 0.25840643
v 0.00114464 -0.00934792 0.25837202
v 0.00130129 -0.00916961 0.25840431
v 0.00129936 -0.00899566 0.25833965
v 0.00130019 -0.00907838 0.25836738
v 0.00129827 -0.00883475 0.25830304
v 0.00129870 -0.00891180 0.25831759
v 0.00129792 -0.00868065 0.25829125
v 0.00129800 -0.00875657 0.25829412
v 0.00129827 -0.00852676 0.25830303
v 0.00129800 -0.00860488 0.25829412
v 0.00129936 -0.00836582 0.25833964
v 0.00129870 -0.00844965 0.25831759
v 0.00130129 -0.00819187 0.25840429
v 0.00130019 -0.00828306 0.25836738
v 0.00122418 -0.00805884 0.25840634
v 0.00107243 -0.00797230 0.25834649
v 0.00114464 -0.00801353 0.25837202
v 0.00093206 -0.00789185 0.25831400
v 0.00099896 -0.00793024 0.25832653
v 0.00079786 -0.00781454 0.25830616
v 0.00086388 -0.00785262 0.25830707
v 0.00066537 -0.00773781 0.25832187
v 0.00073257 -0.00777678 0.25831098
v 0.00052676 -0.00765711 0.25836276
v 0.00059889 -0.00769916 0.25833846
v 0.00037864 -0.00757045 0.25843165
v 0.00045618 -0.00761587 0.25839255
v 0.00022463 -0.00757056 0.25843615
v 0.00007288 -0.00765710 0.25837630
v 0.00014508 -0.00761587 0.25840183
v -0.00006750 -0.00773755 0.25834381
v -0.00000060 -0.00769916 0.25835634
v -0.00020169 -0.00781486 0.25833597
v -0.00013568 -0.00777678 0.25833688
v -0.00033418 -0.00789159 0.25835168
v -0.00026698 -0.00785262 0.25834079
v -0.00047280 -0.00797229 0.25839257
v -0.00040066 -0.00793024 0.25836827
v -0.00062092 -0.00805895 0.25846146
v -0.00054338 -0.00801353 0.25842236
v -0.00069782 -0.00819187 0.25846391
v -0.00069975 -0.00836582 0.25839926
v -0.00069892 -0.00828306 0.25842700
v -0.00070084 -0.00852676 0.25836265
v -0.00070041 -0.00844965 0.25837721
v -0.00070119 -0.00868065 0.25835087
v -0.00070111 -0.00860488 0.25835374
v -0.00070084 -0.00883475 0.25836266
v -0.00070111 -0.00875657 0.25835374
v -0.00069975 -0.00899566 0.25839927
v -0.00070041 -0.00891180 0.25837721
v -0.00069782 -0.00916961 0.25846393
v -0.00069892 -0.00907838 0.25842700
v -0.00062073 -0.00930261 0.25846136
v -0.00047282 -0.00938915 0.25839258
v -0.00054338 -0.00934792 0.25842236
v -0.00033463 -0.00946960 0.25835178
v -0.00040066 -0.00943121 0.25836827
v -0.00020114 -0.00954691 0.25833595
v -0.00026698 -0.00950883 0.25834079
v -0.00006795 -0.00962364 0.25834374
v -0.00013568 -0.00958467 0.25833688
v 0.00007286 -0.00970434 0.25837630
v -0.00000060 -0.00966229 0.25835634
v 0.00022482 -0.00979100 0.25843624
v 0.00014508 -0.00974558 0.25840183
v 0.00125781 -0.00925807 0.25694655
v 0.00125781 -0.00810337 0.25694655
v 0.00025826 -0.00983543 0.25697636
v 0.00025826 -0.00752602 0.25697636
v -0.00074130 -0.00925807 0.25700617
v -0.00074130 -0.00810337 0.25700617
v -0.00107753 -0.00956729 0.25464616
v -0.00106613 -0.00958330 0.25464730
v -0.00106352 -0.00958330 0.25473476
v 0.00101369 -0.00735480 0.25568082
v 0.00099318 -0.00734270 0.25568300
v 0.00099578 -0.00734270 0.25577047
v 0.00148427 -0.00768536 0.25843174
v 0.00155856 -0.00802827 0.25358420
v 0.00153234 -0.00797442 0.25358950
v 0.00147003 -0.00786397 0.25360095
v 0.00145713 -0.00784351 0.25360316
v 0.00141460 -0.00778068 0.25361015
v 0.00136915 -0.00772017 0.25361719
v 0.00156499 -0.00804234 0.25358284
v 0.00159421 -0.00811160 0.25357633
v 0.00161998 -0.00818204 0.25356997
v 0.00162626 -0.00820099 0.25356831
v 0.00164220 -0.00825332 0.25356380
v 0.00167133 -0.00837340 0.25355397
v 0.00167419 -0.00838803 0.25355282
v 0.00168636 -0.00846143 0.25354719
v 0.00169493 -0.00853466 0.25354181
v 0.00169661 -0.00855405 0.25354043
v 0.00171185 -0.00804994 0.25839248
v 0.00170488 -0.00803449 0.25839396
v 0.00164736 -0.00792136 0.25840526
v 0.00161723 -0.00787002 0.25841066
v 0.00157115 -0.00779932 0.25841841
v 0.00150962 -0.00771639 0.25842800
v 0.00176388 -0.00818334 0.25838022
v 0.00177180 -0.00820745 0.25837811
v 0.00180304 -0.00831977 0.25836864
v 0.00181719 -0.00838560 0.25836337
v 0.00182925 -0.00845739 0.25835785
v 0.00184100 -0.00856629 0.25834993
v 0.00184278 -0.00859447 0.25834796
v 0.00184414 -0.00872977 0.25833895
v 0.00184604 -0.00874773 0.25842523
v 0.00184343 -0.00874773 0.25833777
v 0.00183840 -0.00884631 0.25841873
v 0.00183579 -0.00884631 0.25833127
v 0.00183345 -0.00886641 0.25832994
v 0.00183480 -0.00887637 0.25841674
v 0.00181016 -0.00900405 0.25832076
v 0.00182312 -0.00895175 0.25841172
v 0.00180760 -0.00902712 0.25840667
v 0.00180360 -0.00903306 0.25831881
v 0.00180621 -0.00903306 0.25840627
v 0.00177394 -0.00914098 0.25831153
v 0.00178857 -0.00910082 0.25840171
v 0.00174892 -0.00921418 0.25830655
v 0.00175152 -0.00921418 0.25839401
v 0.00173965 -0.00924524 0.25839189
v 0.00172477 -0.00927540 0.25830236
v 0.00170993 -0.00931544 0.25838706
v 0.00167700 -0.00938368 0.25838235
v 0.00167301 -0.00938637 0.25829470
v 0.00167562 -0.00938637 0.25838216
v 0.00166299 -0.00940547 0.25829337
v 0.00164072 -0.00945031 0.25837770
v 0.00158925 -0.00952947 0.25828468
v 0.00157995 -0.00954725 0.25837089
v 0.00157734 -0.00954725 0.25828343
v 0.00157346 -0.00955672 0.25837022
v 0.00157085 -0.00955672 0.25828276
v 0.00155898 -0.00957732 0.25836876
v 0.00150452 -0.00964577 0.25827641
v 0.00151369 -0.00963754 0.25836446
v 0.00145608 -0.00970326 0.25827227
v 0.00146570 -0.00969528 0.25836031
v 0.00145868 -0.00970326 0.25835973
v 0.00141007 -0.00975301 0.25826866
v 0.00141503 -0.00975057 0.25835630
v 0.00132589 -0.00983381 0.25826271
v 0.00132850 -0.00983381 0.25835017
v 0.00130734 -0.00985006 0.25826151
v 0.00130656 -0.00985297 0.25834875
v 0.00119794 -0.00993611 0.25825502
v 0.00124921 -0.00989980 0.25834524
v 0.00118947 -0.00994397 0.25834188
v 0.00118248 -0.00994705 0.25825418
v 0.00118508 -0.00994705 0.25834164
v 0.00108355 -0.01001066 0.25824924
v 0.00106497 -0.01002295 0.25833573
v 0.00102782 -0.01004204 0.25824670
v 0.00103043 -0.01004204 0.25833416
v 0.00099969 -0.01005809 0.25833275
v 0.00096365 -0.01007456 0.25824377
v 0.00093170 -0.01009056 0.25832966
v 0.00086148 -0.01011997 0.25832646
v 0.00085860 -0.01012007 0.25823898
v 0.00083605 -0.01012867 0.25823795
v 0.00078971 -0.01014596 0.25832319
v 0.00070191 -0.01017177 0.25823184
v 0.00068024 -0.01017815 0.25831820
v 0.00067764 -0.01017815 0.25823074
v 0.00056270 -0.01020281 0.25822550
v 0.00056727 -0.01020246 0.25831305
v 0.00049195 -0.01021352 0.25822227
v 0.00049455 -0.01021352 0.25830974
v 0.00049215 -0.01021383 0.25830963
v 0.00042006 -0.01022102 0.25821900
v 0.00041632 -0.01022152 0.25830617
v 0.00034063 -0.01022547 0.25830272
v 0.00030438 -0.01022603 0.25821373
v 0.00030699 -0.01022603 0.25830119
v 0.00027581 -0.01022594 0.25821242
v 0.00026478 -0.01022571 0.25829927
v 0.00013181 -0.01021744 0.25820586
v 0.00012039 -0.01021589 0.25829269
v 0.00011779 -0.01021589 0.25820522
v 0.00011406 -0.01021514 0.25829240
v -0.00001008 -0.01019573 0.25819940
v 0.00003953 -0.01020441 0.25828900
v -0.00003410 -0.01019014 0.25828565
v -0.00006502 -0.01018366 0.25819689
v -0.00006241 -0.01018366 0.25828435
v -0.00014809 -0.01016137 0.25819311
v -0.00017829 -0.01015119 0.25827907
v -0.00024108 -0.01013040 0.25818887
v -0.00023847 -0.01013040 0.25827633
v -0.00024870 -0.01012659 0.25827587
v -0.00028061 -0.01011522 0.25818707
v -0.00031724 -0.01009889 0.25827274
v -0.00040811 -0.01005742 0.25818126
v -0.00038465 -0.01006783 0.25826967
v -0.00071205 -0.00985211 0.25825272
v -0.00071466 -0.00985211 0.25816526
v -0.00068923 -0.00987133 0.25825416
v -0.00063749 -0.00991419 0.25816993
v -0.00057677 -0.00995589 0.25826057
v -0.00056551 -0.00996525 0.25817383
v -0.00056290 -0.00996525 0.25826129
v -0.00052428 -0.00999184 0.25817590
v -0.00044977 -0.01003397 0.25826670
v -0.00040550 -0.01005742 0.25826872
v -0.00080229 -0.00976819 0.25824653
v -0.00085076 -0.00971998 0.25815555
v -0.00074527 -0.00982513 0.25816326
v -0.00084816 -0.00971998 0.25824301
v -0.00085457 -0.00971290 0.25824250
v -0.00093792 -0.00961547 0.25814803
v -0.00090432 -0.00965481 0.25823831
v -0.00095080 -0.00959480 0.25823402
v -0.00096909 -0.00957310 0.25814502
v -0.00096648 -0.00957310 0.25823248
v -0.00101982 -0.00949696 0.25813964
v -0.00099439 -0.00953242 0.25822960
v -0.00106818 -0.00941387 0.25813383
v -0.00106557 -0.00941387 0.25822129
v -0.00107177 -0.00940230 0.25822049
v -0.00109044 -0.00937117 0.25813086
v -0.00110554 -0.00933470 0.25821580
v -0.00114693 -0.00924477 0.25812216
v -0.00113590 -0.00926569 0.25821105
v -0.00114432 -0.00924477 0.25820962
v -0.00116279 -0.00919549 0.25820625
v -0.00119461 -0.00910449 0.25811261
v -0.00120175 -0.00906898 0.25819768
v -0.00120436 -0.00906898 0.25811022
v -0.00120602 -0.00905230 0.25819656
v -0.00122736 -0.00896719 0.25810339
v -0.00122229 -0.00897982 0.25819169
v -0.00124016 -0.00888929 0.25809819
v -0.00124711 -0.00852440 0.25807370
v -0.00125008 -0.00855792 0.25807610
v -0.00124567 -0.00853659 0.25816204
v -0.00123508 -0.00890650 0.25818680
v -0.00123756 -0.00888929 0.25818565
v -0.00124723 -0.00882966 0.25809424
v -0.00124425 -0.00883333 0.25818195
v -0.00125442 -0.00870829 0.25808625
v -0.00125181 -0.00870829 0.25817372
v -0.00125464 -0.00869357 0.25808529
v -0.00125209 -0.00868631 0.25817228
v -0.00125071 -0.00861181 0.25816731
v -0.00124450 -0.00852440 0.25816116
v -0.00122933 -0.00841317 0.25815285
v -0.00123194 -0.00841317 0.25806539
v -0.00122454 -0.00838694 0.25815081
v -0.00120353 -0.00828305 0.25805495
v -0.00103743 -0.00789180 0.25810573
v -0.00103684 -0.00788641 0.25801770
v -0.00107423 -0.00795772 0.25811253
v -0.00110549 -0.00801497 0.25803076
v -0.00120840 -0.00831257 0.25814485
v -0.00118847 -0.00823859 0.25813866
v -0.00118831 -0.00822934 0.25805040
v -0.00118570 -0.00822934 0.25813786
v -0.00116091 -0.00814725 0.25804317
v -0.00116514 -0.00816636 0.25813235
v -0.00112281 -0.00805275 0.25803441
v -0.00112020 -0.00805275 0.25812187
v -0.00110791 -0.00802567 0.25811926
v -0.00103423 -0.00788641 0.25810516
v -0.00099747 -0.00782779 0.25809883
v -0.00095859 -0.00776796 0.25800465
v -0.00092993 -0.00773325 0.25808807
v -0.00093254 -0.00773325 0.25800061
v -0.00090862 -0.00770630 0.25808487
v -0.00086907 -0.00765640 0.25799129
v -0.00086010 -0.00764924 0.25807785
v -0.00081103 -0.00759415 0.25798328
v -0.00080842 -0.00759415 0.25807075
v -0.00077056 -0.00755456 0.25797795
v -0.00075558 -0.00754303 0.25806382
v -0.00067507 -0.00747166 0.25796607
v -0.00067246 -0.00747166 0.25805353
v -0.00066461 -0.00746339 0.25796482
v -0.00058242 -0.00740499 0.25804307
v -0.00055286 -0.00738353 0.25795203
v -0.00052692 -0.00736705 0.25794919
v -0.00052432 -0.00736705 0.25803665
v -0.00052055 -0.00736472 0.25803625
v -0.00043651 -0.00731504 0.25793959
v -0.00004571 -0.00717132 0.25789834
v -0.00018217 -0.00720800 0.25791275
v -0.00011945 -0.00719018 0.25799386
v -0.00045746 -0.00732782 0.25802954
v -0.00039085 -0.00729304 0.25802251
v -0.00036618 -0.00727997 0.25793217
v -0.00036357 -0.00727997 0.25801963
v -0.00031288 -0.00725629 0.25792654
v -0.00032183 -0.00726122 0.25801522
v -0.00021675 -0.00721948 0.25791640
v -0.00021414 -0.00721948 0.25800386
v -0.00019211 -0.00721206 0.25800153
v -0.00004531 -0.00717181 0.25798603
v -0.00003228 -0.00716898 0.25798466
v -0.00003489 -0.00716898 0.25789720
v 0.00002901 -0.00715725 0.25797819
v 0.00009494 -0.00714715 0.25788349
v 0.00015351 -0.00714122 0.25796505
v 0.00015090 -0.00714122 0.25787759
v 0.00017945 -0.00713918 0.25796231
v 0.00023804 -0.00713610 0.25786839
v 0.00025504 -0.00713573 0.25795433
v 0.00033763 -0.00713630 0.25785788
v 0.00033039 -0.00713599 0.25794638
v 0.00034024 -0.00713630 0.25794534
v 0.00038174 -0.00713845 0.25785322
v 0.00040559 -0.00713994 0.25793844
v 0.00052258 -0.00715390 0.25783835
v 0.00052518 -0.00715390 0.25792582
v 0.00053949 -0.00715621 0.25792431
v 0.00053688 -0.00715621 0.25783684
v 0.00055471 -0.00715882 0.25792270
v 0.00066355 -0.00718280 0.25782347
v 0.00062800 -0.00717362 0.25791496
v 0.00071711 -0.00719746 0.25781782
v 0.00070011 -0.00719185 0.25790735
v 0.00071972 -0.00719746 0.25790528
v 0.00079817 -0.00722367 0.25780926
v 0.00077130 -0.00721356 0.25789984
v 0.00088890 -0.00725909 0.25779969
v 0.00089151 -0.00725909 0.25788715
v 0.00090929 -0.00726682 0.25788527
v 0.00092653 -0.00727577 0.25779571
v 0.00097565 -0.00729808 0.25787827
v 0.00105082 -0.00733984 0.25778259
v 0.00104079 -0.00733266 0.25787139
v 0.00105343 -0.00733984 0.25787006
v 0.00116203 -0.00741022 0.25777046
v 0.00116696 -0.00741183 0.25785766
v 0.00120524 -0.00744134 0.25776550
v 0.00120785 -0.00744134 0.25785296
v 0.00122859 -0.00745711 0.25785053
v 0.00127194 -0.00749410 0.25775753
v 0.00128687 -0.00750453 0.25784348
v 0.00134324 -0.00755517 0.25783635
v 0.00134732 -0.00756152 0.25774802
v 0.00134992 -0.00756152 0.25783548
v 0.00137546 -0.00758910 0.25774431
v 0.00139715 -0.00760863 0.25782920
v 0.00147550 -0.00769997 0.25773028
v 0.00147811 -0.00769997 0.25781774
v 0.00149692 -0.00772343 0.25781493
v 0.00155703 -0.00780915 0.25771762
v 0.00154242 -0.00778435 0.25780787
v 0.00158461 -0.00784707 0.25780091
v 0.00158527 -0.00785221 0.25771289
v 0.00158787 -0.00785221 0.25780035
v 0.00163230 -0.00793180 0.25770449
v 0.00162373 -0.00791186 0.25779402
v 0.00167530 -0.00801577 0.25769609
v 0.00167790 -0.00801577 0.25778355
v 0.00169578 -0.00806085 0.25769175
v 0.00169195 -0.00804625 0.25778060
v 0.00172098 -0.00811559 0.25777410
v 0.00174457 -0.00818799 0.25768012
v 0.00174652 -0.00818601 0.25776776
v 0.00174718 -0.00818799 0.25776758
v 0.00176859 -0.00825751 0.25776158
v 0.00178484 -0.00833116 0.25766802
v 0.00179497 -0.00836570 0.25775271
v 0.00179236 -0.00836570 0.25766525
v 0.00180998 -0.00846881 0.25765731
v 0.00181371 -0.00847722 0.25774414
v 0.00181878 -0.00854896 0.25765146
v 0.00182139 -0.00854896 0.25773893
v 0.00182156 -0.00855095 0.25773878
v 0.00182248 -0.00860576 0.25764750
v 0.00182583 -0.00862420 0.25773370
v 0.00182662 -0.00869807 0.25772880
v 0.00182326 -0.00873012 0.25763924
v 0.00182587 -0.00873012 0.25772670
v 0.00181732 -0.00884824 0.25771891
v 0.00181114 -0.00887781 0.25762949
v 0.00180807 -0.00891730 0.25771433
v 0.00180546 -0.00891730 0.25762687
v 0.00180690 -0.00892459 0.25771384
v 0.00178678 -0.00901546 0.25762031
v 0.00179287 -0.00899952 0.25770884
v 0.00177501 -0.00907425 0.25770381
v 0.00176456 -0.00910267 0.25761443
v 0.00176717 -0.00910267 0.25770189
v 0.00174948 -0.00915226 0.25761107
v 0.00172867 -0.00921952 0.25769395
v 0.00170167 -0.00928069 0.25760230
v 0.00170428 -0.00928069 0.25768976
v 0.00169925 -0.00928638 0.25760191
v 0.00162069 -0.00944886 0.25767812
v 0.00161808 -0.00944886 0.25759065
v 0.00163645 -0.00941601 0.25759295
v 0.00166849 -0.00935906 0.25768436
v 0.00156175 -0.00953943 0.25758429
v 0.00155158 -0.00955818 0.25767043
v 0.00154897 -0.00955818 0.25758296
v 0.00147617 -0.00965503 0.25757606
v 0.00147365 -0.00966130 0.25766307
v 0.00143416 -0.00970445 0.25757250
v 0.00143676 -0.00970445 0.25765996
v 0.00142460 -0.00971801 0.25765898
v 0.00138097 -0.00976147 0.25756835
v 0.00137290 -0.00977224 0.25765502
v 0.00130385 -0.00983486 0.25756295
v 0.00130646 -0.00983486 0.25765041
v 0.00120442 -0.00991802 0.25764417
v 0.00116033 -0.00994794 0.25755442
v 0.00131899 -0.00982360 0.25765124
v 0.00127762 -0.00985763 0.25756125
v 0.00116294 -0.00994794 0.25764188
v 0.00114390 -0.00996099 0.25764088
v 0.00105302 -0.01001632 0.25754911
v 0.00080428 -0.01013268 0.25753777
v 0.00073848 -0.01015577 0.25762211
v 0.00066967 -0.01017481 0.25753164
v 0.00066543 -0.01017660 0.25761878
v 0.00065675 -0.01017816 0.25753105
v 0.00108208 -0.01000060 0.25763780
v 0.00101784 -0.01003757 0.25763484
v 0.00100557 -0.01004278 0.25754694
v 0.00100818 -0.01004278 0.25763440
v 0.00093247 -0.01007944 0.25754361
v 0.00088168 -0.01010326 0.25762864
v 0.00083450 -0.01012133 0.25753915
v 0.00083710 -0.01012133 0.25762661
v 0.00080988 -0.01013159 0.25762537
v 0.00065936 -0.01017816 0.25761851
v 0.00059130 -0.01019386 0.25761541
v 0.00053010 -0.01020482 0.25752528
v 0.00047369 -0.01021352 0.25761005
v 0.00047108 -0.01021352 0.25752259
v 0.00044073 -0.01021738 0.25760855
v 0.00038727 -0.01022194 0.25751877
v 0.00036484 -0.01022357 0.25760509
v 0.00028912 -0.01022601 0.25760164
v 0.00028351 -0.01022603 0.25751404
v 0.00028612 -0.01022603 0.25760150
v 0.00024296 -0.01022574 0.25751219
v 0.00021336 -0.01022476 0.25759818
v 0.00009684 -0.01021588 0.25750553
v 0.00009944 -0.01021588 0.25759299
v -0.00004257 -0.01019335 0.25749918
v -0.00001122 -0.01019906 0.25758795
v -0.00008597 -0.01018364 0.25749720
v -0.00008336 -0.01018364 0.25758466
v -0.00018018 -0.01015798 0.25749291
v -0.00015682 -0.01016418 0.25758131
v -0.00026202 -0.01013037 0.25748918
v -0.00022768 -0.01014168 0.25757809
v -0.00025941 -0.01013037 0.25757664
v -0.00031218 -0.01011089 0.25748689
v -0.00036722 -0.01008596 0.25757173
v -0.00043188 -0.01005593 0.25748144
v -0.00042927 -0.01005593 0.25756890
v -0.00043390 -0.01005356 0.25756869
v -0.00055470 -0.00998584 0.25747574
v -0.00049820 -0.01001843 0.25756576
v -0.00056204 -0.00997950 0.25756271
v -0.00058912 -0.00996342 0.25747400
v -0.00058651 -0.00996342 0.25756147
v -0.00066753 -0.00990723 0.25746971
v -0.00068569 -0.00989107 0.25755595
v -0.00074030 -0.00984800 0.25746527
v -0.00073770 -0.00984800 0.25755273
v -0.00074494 -0.00984168 0.25755226
v -0.00077478 -0.00981725 0.25746298
v -0.00080102 -0.00979005 0.25754844
v -0.00085485 -0.00973533 0.25754444
v -0.00087586 -0.00971532 0.25745552
v -0.00087325 -0.00971532 0.25754299
v -0.00096598 -0.00960595 0.25744767
v -0.00095339 -0.00961913 0.25753607
v -0.00099357 -0.00956799 0.25744497
v -0.00099096 -0.00956799 0.25753243
v -0.00099805 -0.00955783 0.25753171
v -0.00104699 -0.00948678 0.25743924
v -0.00103974 -0.00949429 0.25752723
v -0.00109200 -0.00940839 0.25743376
v -0.00107810 -0.00942909 0.25752266
v -0.00108939 -0.00940839 0.25752122
v -0.00111663 -0.00936046 0.25743043
v -0.00117004 -0.00923906 0.25742208
v -0.00114493 -0.00929369 0.25751329
v -0.00116743 -0.00923906 0.25750954
v -0.00117405 -0.00922866 0.25742137
v -0.00117321 -0.00922400 0.25750851
v -0.00121869 -0.00909315 0.25741216
v -0.00119802 -0.00915316 0.25750368
v -0.00121926 -0.00908159 0.25749884
v -0.00122675 -0.00906310 0.25741013
v -0.00122414 -0.00906310 0.25749759
v -0.00125036 -0.00895577 0.25740293
v -0.00125145 -0.00893473 0.25748899
v -0.00125906 -0.00890306 0.25739942
v -0.00125646 -0.00890306 0.25748688
v -0.00126918 -0.00881829 0.25739380
v -0.00126904 -0.00878794 0.25747926
v -0.00127496 -0.00872183 0.25738745
v -0.00127235 -0.00872183 0.25747491
v -0.00127255 -0.00871408 0.25747441
v -0.00127558 -0.00868240 0.25738487
v -0.00127254 -0.00864075 0.25746958
v -0.00126890 -0.00856533 0.25746439
v -0.00126931 -0.00853847 0.25737502
v -0.00126670 -0.00853847 0.25746248
v -0.00125210 -0.00840910 0.25736539
v -0.00125033 -0.00841392 0.25745322
v -0.00124061 -0.00835061 0.25736078
v -0.00122136 -0.00827169 0.25735431
v -0.00119459 -0.00819155 0.25743489
v -0.00118939 -0.00816858 0.25734539
v -0.00118678 -0.00816858 0.25743286
v -0.00117766 -0.00813612 0.25734248
v -0.00123801 -0.00835061 0.25744824
v -0.00123533 -0.00833849 0.25744727
v -0.00121684 -0.00826474 0.25744119
v -0.00111419 -0.00799519 0.25741659
v -0.00111680 -0.00799519 0.25732913
v -0.00112120 -0.00800421 0.25733002
v -0.00113979 -0.00804988 0.25742190
v -0.00110739 -0.00798155 0.25741524
v -0.00107163 -0.00791480 0.25740845
v -0.00105250 -0.00787773 0.25731709
v -0.00103279 -0.00785014 0.25740159
v -0.00102426 -0.00783284 0.25731224
v -0.00102165 -0.00783284 0.25739970
v -0.00097241 -0.00775836 0.25730385
v -0.00094608 -0.00772718 0.25738767
v -0.00091344 -0.00768369 0.25729497
v -0.00091083 -0.00768369 0.25738244
v -0.00088208 -0.00764757 0.25729049
v -0.00085150 -0.00761717 0.25737407
v -0.00081471 -0.00757698 0.25728131
v -0.00081210 -0.00757698 0.25736877
v -0.00079878 -0.00756404 0.25736702
v -0.00078290 -0.00754658 0.25727716
v -0.00074393 -0.00751388 0.25736002
v -0.00067678 -0.00745661 0.25726410
v -0.00068678 -0.00746647 0.25735305
v -0.00067417 -0.00745661 0.25735156
v -0.00056425 -0.00737742 0.25725130
v -0.00056685 -0.00738076 0.25733933
v -0.00052719 -0.00735447 0.25724729
v -0.00052458 -0.00735447 0.25733475
v -0.00050453 -0.00734266 0.25733262
v -0.00044742 -0.00730980 0.25723885
v -0.00043921 -0.00730689 0.25732572
v -0.00037143 -0.00727397 0.25731857
v -0.00036417 -0.00726951 0.25723006
v -0.00036156 -0.00726951 0.25731753
v -0.00032316 -0.00725187 0.25722574
v -0.00030140 -0.00724411 0.25731118
v -0.00018661 -0.00720287 0.25721132
v -0.00018400 -0.00720287 0.25729878
v -0.00015683 -0.00719481 0.25729591
v -0.00005504 -0.00716883 0.25719743
v -0.00008282 -0.00717559 0.25728810
v -0.00000865 -0.00716021 0.25728027
v -0.00000321 -0.00715876 0.25719196
v -0.00000060 -0.00715876 0.25727942
v 0.00008588 -0.00714573 0.25718256
v 0.00006652 -0.00714845 0.25727234
v 0.00018313 -0.00713751 0.25717229
v 0.00018574 -0.00713751 0.25725975
v 0.00021724 -0.00713618 0.25725643
v 0.00022909 -0.00713578 0.25716744
v 0.00029261 -0.00713561 0.25724847
v 0.00036963 -0.00713903 0.25715261
v 0.00036789 -0.00713874 0.25724053
v 0.00037224 -0.00713903 0.25724007
v 0.00044286 -0.00714554 0.25723261
v 0.00051502 -0.00715605 0.25713726
v 0.00055636 -0.00716297 0.25722063
v 0.00055375 -0.00716297 0.25713317
v 0.00065406 -0.00718574 0.25712258
v 0.00066305 -0.00718743 0.25720937
v 0.00073185 -0.00720836 0.25711437
v 0.00073451 -0.00720838 0.25720183
v 0.00078821 -0.00722758 0.25710842
v 0.00080436 -0.00723257 0.25719445
v 0.00090181 -0.00727400 0.25709643
v 0.00087316 -0.00726017 0.25718719
v 0.00090442 -0.00727400 0.25718389
v 0.00091600 -0.00728056 0.25709493
v 0.00100545 -0.00732463 0.25717323
v 0.00103620 -0.00734345 0.25708225
v 0.00106162 -0.00735854 0.25707954
v 0.00106423 -0.00735854 0.25716700
v 0.00106874 -0.00736129 0.25716651
v 0.00115049 -0.00741674 0.25706972
v 0.00113201 -0.00740213 0.25715956
v 0.00119389 -0.00744653 0.25715247
v 0.00121512 -0.00746492 0.25706219
v 0.00121773 -0.00746492 0.25714965
v 0.00125992 -0.00750157 0.25705676
v 0.00131112 -0.00754465 0.25713811
v 0.00135653 -0.00759105 0.25704436
v 0.00135914 -0.00759105 0.25713182
v 0.00136284 -0.00759746 0.25704352
v 0.00136558 -0.00759759 0.25713096
v 0.00141768 -0.00765351 0.25712377
v 0.00145764 -0.00770365 0.25703015
v 0.00146653 -0.00771143 0.25711668
v 0.00148075 -0.00773279 0.25702668
v 0.00148336 -0.00773279 0.25711414
v 0.00154283 -0.00781905 0.25701683
v 0.00155547 -0.00783424 0.25710262
v 0.00158622 -0.00788777 0.25700939
v 0.00158882 -0.00788777 0.25709686
v 0.00161716 -0.00794228 0.25700373
v 0.00163776 -0.00797654 0.25708773
v 0.00163515 -0.00797654 0.25700027
v 0.00167963 -0.00807179 0.25699102
v 0.00168518 -0.00807874 0.25707783
v 0.00170935 -0.00814694 0.25698409
v 0.00171259 -0.00814865 0.25707140
v 0.00172954 -0.00820582 0.25697887
v 0.00173647 -0.00821952 0.25706514
v 0.00176221 -0.00832360 0.25696895
v 0.00175689 -0.00829143 0.25705905
v 0.00176482 -0.00832360 0.25705641
v 0.00176655 -0.00834257 0.25696741
v 0.00178705 -0.00843698 0.25704748
v 0.00179063 -0.00848022 0.25695677
v 0.00179347 -0.00850371 0.25695504
v 0.00179608 -0.00850371 0.25704250
v 0.00179679 -0.00851011 0.25704203
v 0.00180209 -0.00861704 0.25694703
v 0.00180305 -0.00858392 0.25703678
v 0.00180327 -0.00868467 0.25694253
v 0.00180575 -0.00865714 0.25703180
v 0.00180588 -0.00868467 0.25702999
v 0.00180148 -0.00875231 0.25693809
v 0.00180054 -0.00880619 0.25702201
v 0.00179127 -0.00886997 0.25693032
v 0.00179388 -0.00886997 0.25701779
v 0.00178873 -0.00888922 0.25692905
v 0.00179231 -0.00888207 0.25701698
v 0.00178021 -0.00895821 0.25701191
v 0.00176331 -0.00902687 0.25691985
v 0.00176454 -0.00903277 0.25700692
v 0.00175607 -0.00905675 0.25691784
v 0.00175868 -0.00905675 0.25700530
v 0.00172494 -0.00916351 0.25691062
v 0.00172215 -0.00917950 0.25699699
v 0.00169859 -0.00923686 0.25690562
v 0.00170119 -0.00923686 0.25699308
v 0.00169558 -0.00925112 0.25699210
v 0.00167365 -0.00929733 0.25690147
v 0.00166741 -0.00931716 0.25698757
v 0.00163613 -0.00938198 0.25698308
v 0.00162644 -0.00939565 0.25689467
v 0.00162905 -0.00939565 0.25698213
v 0.00160982 -0.00942651 0.25689253
v 0.00156072 -0.00951318 0.25697391
v 0.00153418 -0.00954934 0.25688390
v 0.00152974 -0.00955581 0.25688344
v 0.00153235 -0.00955581 0.25697090
v 0.00151839 -0.00957572 0.25696949
v 0.00144775 -0.00966423 0.25687571
v 0.00147317 -0.00963600 0.25696520
v 0.00141514 -0.00970236 0.25687296
v 0.00142519 -0.00969387 0.25696104
v 0.00141775 -0.00970236 0.25696042
v 0.00135182 -0.00976985 0.25686805
v 0.00132161 -0.00980183 0.25695316
v 0.00128505 -0.00983301 0.25686340
v 0.00128766 -0.00983301 0.25695086
v 0.00126643 -0.00985160 0.25694947
v 0.00124787 -0.00986512 0.25686100
v 0.00120879 -0.00989877 0.25694594
v 0.00114172 -0.00994637 0.25685485
v 0.00114952 -0.00994272 0.25694260
v 0.00114433 -0.00994637 0.25694232
v 0.00102246 -0.01002190 0.25684897
v 0.00102520 -0.01002183 0.25693644
v 0.00098715 -0.01004147 0.25684736
v 0.00098975 -0.01004147 0.25693483
v 0.00095931 -0.01005740 0.25693344
v 0.00090125 -0.01008425 0.25684345
v 0.00089098 -0.01009010 0.25693032
v 0.00082051 -0.01011967 0.25692711
v 0.00081633 -0.01012028 0.25683958
v 0.00077247 -0.01013661 0.25683758
v 0.00074798 -0.01014596 0.25692381
v 0.00063533 -0.01017830 0.25683133
v 0.00063794 -0.01017830 0.25691879
v 0.00049749 -0.01020673 0.25682505
v 0.00052668 -0.01020226 0.25691372
v 0.00045194 -0.01021330 0.25682298
v 0.00045454 -0.01021330 0.25691044
v 0.00045169 -0.01021367 0.25691031
v 0.00035446 -0.01022277 0.25681853
v 0.00037620 -0.01022140 0.25690687
v 0.00030028 -0.01022543 0.25690341
v 0.00026438 -0.01022602 0.25681443
v 0.00026699 -0.01022602 0.25690189
v 0.00021011 -0.01022546 0.25681196
v 0.00014897 -0.01022236 0.25689651
v 0.00007768 -0.01021607 0.25680592
v 0.00008029 -0.01021607 0.25689338
v 0.00007381 -0.01021532 0.25689309
v 0.00006634 -0.01021474 0.25680540
v -0.00000070 -0.01020467 0.25688969
v -0.00007503 -0.01019088 0.25679896
v -0.00007447 -0.01019044 0.25688633
v -0.00010517 -0.01018404 0.25679759
v -0.00010256 -0.01018404 0.25688505
v -0.00021223 -0.01015450 0.25679271
v -0.00021878 -0.01015159 0.25687975
v -0.00028130 -0.01013096 0.25678956
v -0.00027869 -0.01013096 0.25687702
v -0.00028885 -0.01012718 0.25687656
v -0.00034370 -0.01010649 0.25678672
v -0.00035787 -0.01009937 0.25687342
v -0.00044842 -0.01005814 0.25678195
v -0.00073942 -0.00986429 0.25685425
v -0.00075740 -0.00985125 0.25676582
v -0.00069753 -0.00990019 0.25676949
v -0.00042480 -0.01006861 0.25687037
v -0.00044581 -0.01005814 0.25686941
v -0.00046808 -0.01004798 0.25678105
v -0.00055404 -0.00999763 0.25686443
v -0.00058510 -0.00997976 0.25677558
v -0.00060327 -0.00996616 0.25686199
v -0.00060588 -0.00996616 0.25677453
v -0.00061756 -0.00995653 0.25686125
v -0.00067969 -0.00991187 0.25685784
v -0.00075479 -0.00985125 0.25685328
v -0.00079723 -0.00981338 0.25685047
v -0.00080424 -0.00980929 0.25676271
v -0.00080292 -0.00980808 0.25685008
v -0.00089153 -0.00972105 0.25675625
v -0.00085704 -0.00975493 0.25684618
v -0.00088892 -0.00972105 0.25684371
v -0.00090357 -0.00970770 0.25675528
v -0.00090880 -0.00969885 0.25684210
v -0.00099398 -0.00959638 0.25674729
v -0.00095752 -0.00964056 0.25683791
v -0.00100349 -0.00957973 0.25683357
v -0.00100999 -0.00957428 0.25674572
v -0.00100738 -0.00957428 0.25683318
v -0.00107408 -0.00947655 0.25673883
v -0.00104615 -0.00951710 0.25682914
v -0.00110923 -0.00941513 0.25673454
v -0.00110662 -0.00941513 0.25682200
v -0.00112200 -0.00938605 0.25681998
v -0.00114274 -0.00934971 0.25673000
v -0.00115493 -0.00931812 0.25681528
v -0.00118812 -0.00924615 0.25672287
v -0.00118445 -0.00924883 0.25681052
v -0.00118551 -0.00924615 0.25681034
v -0.00119911 -0.00921753 0.25672092
v -0.00121047 -0.00917846 0.25680572
v -0.00124268 -0.00908180 0.25671171
v -0.00124311 -0.00907041 0.25679840
v -0.00124572 -0.00907041 0.25671094
v -0.00127327 -0.00894434 0.25670248
v -0.00126746 -0.00896202 0.25679112
v -0.00128170 -0.00889073 0.25669891
v -0.00127909 -0.00889073 0.25678637
v -0.00129104 -0.00880693 0.25669336
v -0.00128771 -0.00881531 0.25678138
v -0.00129612 -0.00870974 0.25668697
v -0.00129251 -0.00874205 0.25677655
v -0.00129352 -0.00870974 0.25677443
v -0.00129644 -0.00867123 0.25668445
v -0.00129159 -0.00859410 0.25676671
v -0.00128899 -0.00852591 0.25667443
v -0.00128638 -0.00852591 0.25676189
v -0.00128572 -0.00851934 0.25676142
v -0.00127090 -0.00839768 0.25666481
v -0.00113894 -0.00799778 0.25662970
v -0.00119432 -0.00812501 0.25664177
v -0.00117295 -0.00807831 0.25672491
v -0.00127613 -0.00844419 0.25675585
v -0.00126278 -0.00836919 0.25675003
v -0.00126207 -0.00835336 0.25666131
v -0.00125947 -0.00835336 0.25674877
v -0.00123909 -0.00826035 0.25665367
v -0.00122496 -0.00822125 0.25673779
v -0.00121121 -0.00817132 0.25664595
v -0.00120860 -0.00817132 0.25673341
v -0.00120062 -0.00814885 0.25673140
v -0.00114177 -0.00800901 0.25671826
v -0.00113633 -0.00799778 0.25671716
v -0.00106714 -0.00786754 0.25661631
v -0.00106978 -0.00787612 0.25670469
v -0.00104669 -0.00783524 0.25661281
v -0.00104408 -0.00783524 0.25670027
v -0.00102911 -0.00781266 0.25669778
v -0.00098616 -0.00774882 0.25660306
v -0.00098547 -0.00775138 0.25669082
v -0.00093614 -0.00768588 0.25659555
v -0.00093901 -0.00769245 0.25668381
v -0.00093353 -0.00768588 0.25668301
v -0.00089504 -0.00763880 0.25658969
v -0.00080965 -0.00755207 0.25657823
v -0.00083825 -0.00758220 0.25666978
v -0.00080704 -0.00755207 0.25666569
v -0.00079519 -0.00753867 0.25657638
v -0.00078436 -0.00753121 0.25666279
v -0.00073785 -0.00749094 0.25665701
v -0.00068816 -0.00744934 0.25656329
v -0.00067934 -0.00744464 0.25665002
v -0.00066869 -0.00743478 0.25656102
v -0.00066608 -0.00743478 0.25664848
v -0.00057561 -0.00737140 0.25655057
v -0.00055725 -0.00736162 0.25663633
v -0.00051701 -0.00733634 0.25654431
v -0.00051440 -0.00733634 0.25663177
v -0.00049399 -0.00732495 0.25662961
v -0.00045827 -0.00730463 0.25653811
v -0.00042713 -0.00729037 0.25662256
v -0.00035788 -0.00725878 0.25661525
v -0.00035032 -0.00725448 0.25652671
v -0.00034771 -0.00725448 0.25661417
v -0.00033339 -0.00724752 0.25652492
v -0.00028717 -0.00723066 0.25660778
v -0.00020162 -0.00720109 0.25651102
v -0.00016872 -0.00719227 0.25659528
v -0.00017133 -0.00719227 0.25650782
v -0.00014158 -0.00718494 0.25659241
v -0.00006435 -0.00716642 0.25649653
v -0.00006722 -0.00716755 0.25658456
v 0.00000726 -0.00715398 0.25657670
v 0.00001288 -0.00715271 0.25648837
v 0.00001549 -0.00715271 0.25657583
v 0.00007683 -0.00714439 0.25648162
v 0.00008259 -0.00714406 0.25656875
v 0.00019947 -0.00713600 0.25646868
v 0.00020208 -0.00713600 0.25655614
v 0.00022015 -0.00713556 0.25646649
v 0.00028022 -0.00713584 0.25646015
v 0.00028283 -0.00713584 0.25654761
v 0.00029760 -0.00713627 0.25654606
v 0.00036378 -0.00714014 0.25645133
v 0.00037275 -0.00714066 0.25653812
v 0.00046532 -0.00715155 0.25644061
v 0.00046793 -0.00715155 0.25652808
v 0.00059457 -0.00717553 0.25651471
v 0.00064585 -0.00718912 0.25642156
v 0.00044742 -0.00714870 0.25653024
v 0.00050583 -0.00715803 0.25643634
v 0.00064846 -0.00718912 0.25650902
v 0.00066654 -0.00719415 0.25650711
v 0.00077820 -0.00723157 0.25640759
v 0.00113233 -0.00741681 0.25645748
v 0.00113799 -0.00742269 0.25636907
v 0.00106933 -0.00737465 0.25646450
v 0.00102496 -0.00734908 0.25638154
v 0.00073760 -0.00721625 0.25649961
v 0.00080696 -0.00724155 0.25649229
v 0.00081909 -0.00724742 0.25640327
v 0.00082170 -0.00724742 0.25649073
v 0.00090540 -0.00728542 0.25639416
v 0.00094141 -0.00730186 0.25647810
v 0.00098280 -0.00732508 0.25638599
v 0.00098541 -0.00732508 0.25647345
v 0.00100635 -0.00733678 0.25647124
v 0.00114060 -0.00742269 0.25645653
v 0.00119383 -0.00746254 0.25645032
v 0.00124787 -0.00750911 0.25635598
v 0.00128536 -0.00754015 0.25643905
v 0.00128275 -0.00754015 0.25635159
v 0.00130781 -0.00756116 0.25643615
v 0.00135017 -0.00760590 0.25634272
v 0.00136141 -0.00761492 0.25642901
v 0.00141259 -0.00767160 0.25642183
v 0.00141383 -0.00767610 0.25633382
v 0.00141644 -0.00767610 0.25642128
v 0.00144422 -0.00771289 0.25632935
v 0.00146052 -0.00773025 0.25641475
v 0.00152674 -0.00782623 0.25631635
v 0.00152935 -0.00782623 0.25640381
v 0.00154750 -0.00785436 0.25640074
v 0.00160194 -0.00795281 0.25630297
v 0.00158624 -0.00791935 0.25639386
v 0.00162010 -0.00798809 0.25629943
v 0.00162164 -0.00798594 0.25638711
v 0.00162271 -0.00798809 0.25638689
v 0.00166339 -0.00808276 0.25629030
v 0.00165370 -0.00805409 0.25638047
v 0.00169289 -0.00815915 0.25628331
v 0.00169550 -0.00815915 0.25637077
v 0.00171224 -0.00821709 0.25627820
v 0.00172915 -0.00826571 0.25636151
v 0.00174424 -0.00833613 0.25626824
v 0.00174723 -0.00833784 0.25635557
v 0.00174817 -0.00835398 0.25626681
v 0.00176199 -0.00841174 0.25634973
v 0.00177119 -0.00849163 0.25625624
v 0.00177306 -0.00848565 0.25634414
v 0.00177424 -0.00851883 0.25625425
v 0.00177685 -0.00851883 0.25634171
v 0.00178163 -0.00862830 0.25624658
v 0.00178437 -0.00863264 0.25633375
v 0.00178226 -0.00869978 0.25624185
v 0.00178487 -0.00869978 0.25632931
v 0.00178475 -0.00870656 0.25632887
v 0.00178003 -0.00876360 0.25623766
v 0.00168387 -0.00922763 0.25629402
v 0.00167742 -0.00923763 0.25620588
v 0.00170030 -0.00917474 0.25621017
v 0.00178157 -0.00878093 0.25632398
v 0.00177460 -0.00885689 0.25631896
v 0.00176834 -0.00888576 0.25622959
v 0.00177095 -0.00888576 0.25631705
v 0.00176625 -0.00890063 0.25622860
v 0.00174930 -0.00900804 0.25630889
v 0.00173976 -0.00903827 0.25621940
v 0.00173385 -0.00907209 0.25630458
v 0.00173124 -0.00907209 0.25621712
v 0.00173102 -0.00908265 0.25630387
v 0.00170929 -0.00915553 0.25629893
v 0.00168003 -0.00923763 0.25629334
v 0.00166805 -0.00926753 0.25629129
v 0.00164795 -0.00930825 0.25620103
v 0.00163747 -0.00933677 0.25628652
v 0.00160347 -0.00940459 0.25628182
v 0.00159882 -0.00940840 0.25619410
v 0.00160143 -0.00940840 0.25628156
v 0.00158312 -0.00943697 0.25619211
v 0.00156628 -0.00947048 0.25627723
v 0.00150654 -0.00955919 0.25618351
v 0.00150327 -0.00956761 0.25627038
v 0.00150066 -0.00956761 0.25618292
v 0.00148262 -0.00959627 0.25626834
v 0.00141927 -0.00967336 0.25617537
v 0.00143648 -0.00965573 0.25626409
v 0.00138479 -0.00971299 0.25617250
v 0.00138760 -0.00971277 0.25625998
v 0.00132261 -0.00977816 0.25616775
v 0.00133628 -0.00976711 0.25625602
v 0.00125360 -0.00984236 0.25616301
v 0.00125621 -0.00984236 0.25625047
v 0.00121807 -0.00987253 0.25616076
v 0.00116727 -0.00991458 0.25624505
v 0.00110966 -0.00995411 0.25615457
v 0.00111227 -0.00995411 0.25624203
v 0.00110648 -0.00995807 0.25624173
v 0.00099185 -0.01002742 0.25614884
v 0.00060058 -0.01018176 0.25613101
v 0.00074062 -0.01014047 0.25613739
v 0.00070045 -0.01015461 0.25622290
v 0.00104426 -0.00999821 0.25623861
v 0.00098081 -0.01003500 0.25623568
v 0.00095415 -0.01004792 0.25614712
v 0.00095675 -0.01004792 0.25623458
v 0.00086997 -0.01008899 0.25614329
v 0.00084434 -0.01010139 0.25622946
v 0.00078204 -0.01012544 0.25613928
v 0.00078464 -0.01012544 0.25622674
v 0.00077337 -0.01012967 0.25622623
v 0.00062720 -0.01017569 0.25621957
v 0.00060319 -0.01018176 0.25621847
v 0.00046485 -0.01020856 0.25612483
v 0.00047833 -0.01020688 0.25621278
v 0.00043940 -0.01021220 0.25612367
v 0.00044201 -0.01021220 0.25621113
v 0.00032164 -0.01022350 0.25611830
v 0.00032768 -0.01022330 0.25620592
v 0.00025195 -0.01022594 0.25611512
v 0.00025456 -0.01022594 0.25620259
v 0.00025176 -0.01022597 0.25620246
v 0.00017727 -0.01022508 0.25611172
v 0.00017609 -0.01022494 0.25619901
v 0.00006516 -0.01021700 0.25610661
v 0.00010064 -0.01022022 0.25619557
v 0.00006777 -0.01021700 0.25619407
v 0.00003362 -0.01021325 0.25610518
v -0.00010746 -0.01018833 0.25609875
v -0.00004854 -0.01019989 0.25618877
v -0.00011794 -0.01018594 0.25609827
v -0.00011533 -0.01018594 0.25618573
v -0.00012198 -0.01018438 0.25618543
v -0.00024425 -0.01015095 0.25609251
v -0.00019417 -0.01016545 0.25618214
v -0.00026543 -0.01014305 0.25617889
v -0.00029442 -0.01013378 0.25609023
v -0.00029181 -0.01013378 0.25617769
v -0.00037517 -0.01010202 0.25608655
v -0.00040445 -0.01008801 0.25617255
v -0.00046161 -0.01006201 0.25608261
v -0.00045900 -0.01006201 0.25617007
v -0.00047169 -0.01005558 0.25616949
v -0.00049891 -0.01004270 0.25608091
v -0.00053669 -0.01002030 0.25616653
v -0.00059988 -0.00998199 0.25616353
v -0.00061941 -0.00997102 0.25607521
v -0.00061681 -0.00997102 0.25616267
v -0.00072749 -0.00989307 0.25606926
v -0.00072474 -0.00989318 0.25615673
v -0.00077152 -0.00985701 0.25606656
v -0.00076892 -0.00985701 0.25615402
v -0.00078350 -0.00984446 0.25615309
v -0.00083365 -0.00980126 0.25606243
v -0.00084024 -0.00979247 0.25614924
v -0.00089377 -0.00973833 0.25614528
v -0.00090831 -0.00972550 0.25605688
v -0.00090571 -0.00972550 0.25614435
v -0.00093230 -0.00969882 0.25605495
v -0.00099238 -0.00962269 0.25613694
v -0.00101256 -0.00959947 0.25604783
v -0.00100995 -0.00959947 0.25613529
v -0.00102190 -0.00958674 0.25604692
v -0.00107888 -0.00949844 0.25612814
v -0.00110109 -0.00946627 0.25603842
v -0.00111242 -0.00944227 0.25612420
v -0.00111502 -0.00944227 0.25603674
v -0.00111753 -0.00943322 0.25612357
v -0.00116876 -0.00933893 0.25602957
v -0.00115282 -0.00936640 0.25611893
v -0.00119735 -0.00927474 0.25602515
v -0.00118476 -0.00929806 0.25611421
v -0.00119474 -0.00927474 0.25611261
v -0.00122408 -0.00920638 0.25602047
v -0.00123826 -0.00915775 0.25610462
v -0.00125852 -0.00909991 0.25601324
v -0.00125592 -0.00909991 0.25610070
v -0.00125979 -0.00908603 0.25609976
v -0.00126658 -0.00907044 0.25601125
v -0.00127771 -0.00901382 0.25609490
v -0.00129610 -0.00893292 0.25600203
v -0.00129216 -0.00894072 0.25609001
v -0.00129809 -0.00892071 0.25600122
v -0.00129548 -0.00892071 0.25608868
v -0.00131282 -0.00879559 0.25599293
v -0.00131039 -0.00879316 0.25608023
v -0.00131604 -0.00874063 0.25598931
v -0.00131343 -0.00874063 0.25607677
v -0.00131416 -0.00871924 0.25607537
v -0.00131722 -0.00866004 0.25598402
v -0.00131437 -0.00864526 0.25607050
v -0.00131101 -0.00857070 0.25606539
v -0.00131268 -0.00855789 0.25597703
v -0.00131007 -0.00855789 0.25606449
v -0.00130965 -0.00852383 0.25597459
v -0.00129285 -0.00841851 0.25605420
v -0.00128962 -0.00838625 0.25596423
v -0.00128375 -0.00836973 0.25605039
v -0.00128636 -0.00836973 0.25596293
v -0.00127825 -0.00834378 0.25604831
v -0.00125674 -0.00824902 0.25595302
v -0.00125983 -0.00826931 0.25604219
v -0.00123798 -0.00819658 0.25603595
v -0.00123740 -0.00818696 0.25594764
v -0.00123479 -0.00818696 0.25603511
v -0.00121090 -0.00811393 0.25594107
v -0.00121245 -0.00812466 0.25602951
v -0.00117717 -0.00803443 0.25593358
v -0.00117456 -0.00803443 0.25602104
v -0.00115236 -0.00798280 0.25592852
v -0.00111626 -0.00791993 0.25600960
v -0.00108914 -0.00786939 0.25591682
v -0.00108654 -0.00786939 0.25600428
v -0.00108170 -0.00785739 0.25591553
v -0.00107761 -0.00785503 0.25600274
v -0.00103594 -0.00779226 0.25599581
v -0.00099983 -0.00773935 0.25590226
v -0.00099136 -0.00773173 0.25598883
v -0.00098240 -0.00771700 0.25589962
v -0.00097980 -0.00771700 0.25598708
v -0.00090793 -0.00763011 0.25588889
v -0.00089411 -0.00761809 0.25597481
v -0.00085918 -0.00757968 0.25588229
v -0.00085657 -0.00757968 0.25596975
v -0.00084160 -0.00756508 0.25596778
v -0.00080742 -0.00753084 0.25587559
v -0.00078697 -0.00751501 0.25596081
v -0.00072174 -0.00745912 0.25586510
v -0.00072987 -0.00746754 0.25595384
v -0.00071914 -0.00745912 0.25595256
v -0.00069988 -0.00744244 0.25586253
v -0.00067111 -0.00742327 0.25594696
v -0.00058695 -0.00736545 0.25584985
v -0.00057007 -0.00735673 0.25593577
v -0.00057384 -0.00735743 0.25584844
v -0.00050567 -0.00731995 0.25592896
v -0.00046907 -0.00729951 0.25583736
v -0.00043889 -0.00728598 0.25592191
v -0.00041135 -0.00727196 0.25583126
v -0.00040874 -0.00727196 0.25591872
v -0.00034357 -0.00724325 0.25582411
v -0.00029777 -0.00722691 0.25590701
v -0.00023404 -0.00720463 0.25581255
v -0.00023143 -0.00720463 0.25590001
v -0.00021129 -0.00719775 0.25581014
v -0.00022570 -0.00720286 0.25589940
v -0.00015199 -0.00718226 0.25589162
v -0.00007363 -0.00716411 0.25579561
v -0.00007808 -0.00716551 0.25588382
v -0.00005077 -0.00715981 0.25579320
v -0.00004817 -0.00715981 0.25588066
v 0.00006779 -0.00714315 0.25578069
v 0.00007152 -0.00714304 0.25586803
v 0.00011258 -0.00713930 0.25577596
v 0.00011519 -0.00713930 0.25586342
v 0.00014665 -0.00713737 0.25586010
v 0.00021122 -0.00713543 0.25576555
v 0.00022204 -0.00713539 0.25585214
v 0.00029917 -0.00713732 0.25575626
v 0.00048629 -0.00715781 0.25582425
v 0.00048368 -0.00715781 0.25573679
v 0.00037246 -0.00714250 0.25583626
v 0.00035478 -0.00714112 0.25575039
v 0.00030177 -0.00713732 0.25584372
v 0.00029743 -0.00713711 0.25584418
v 0.00093996 -0.00731188 0.25577636
v 0.00089476 -0.00729034 0.25569339
v 0.00083683 -0.00726250 0.25578724
v 0.00083422 -0.00726250 0.25569978
v 0.00073583 -0.00722284 0.25579791
v 0.00076815 -0.00723563 0.25570676
v 0.00066546 -0.00719993 0.25580533
v 0.00066285 -0.00719993 0.25571787
v 0.00059355 -0.00718029 0.25581292
v 0.00063496 -0.00719187 0.25572082
v 0.00049662 -0.00716010 0.25573542
v 0.00100490 -0.00734803 0.25576950
v 0.00106836 -0.00738748 0.25576262
v 0.00112729 -0.00743003 0.25566821
v 0.00113054 -0.00743049 0.25575560
v 0.00114751 -0.00744500 0.25566586
v 0.00115012 -0.00744500 0.25575333
v 0.00123576 -0.00751673 0.25565520
v 0.00124953 -0.00752660 0.25574126
v 0.00129169 -0.00756822 0.25564804
v 0.00129429 -0.00756822 0.25573550
v 0.00130493 -0.00757861 0.25573410
v 0.00133744 -0.00761440 0.25564192
v 0.00135804 -0.00763366 0.25572691
v 0.00140791 -0.00769075 0.25571979
v 0.00141898 -0.00770745 0.25563031
v 0.00142159 -0.00770745 0.25571778
v 0.00143074 -0.00772220 0.25562855
v 0.00149883 -0.00781179 0.25570572
v 0.00151613 -0.00784196 0.25561493
v 0.00151874 -0.00784196 0.25570239
v 0.00158664 -0.00796338 0.25560221
v 0.00157719 -0.00794071 0.25569197
v 0.00160745 -0.00800481 0.25559809
v 0.00161006 -0.00800481 0.25568555
v 0.00161153 -0.00800787 0.25568525
v 0.00164706 -0.00809376 0.25558959
v 0.00164249 -0.00807648 0.25567867
v 0.00167812 -0.00817659 0.25558206
v 0.00167000 -0.00814631 0.25567223
v 0.00168072 -0.00817659 0.25566952
v 0.00169484 -0.00822837 0.25557754
v 0.00171451 -0.00828894 0.25565988
v 0.00172731 -0.00835402 0.25556712
v 0.00172992 -0.00835402 0.25565458
v 0.00173151 -0.00836157 0.25565398
v 0.00172970 -0.00836539 0.25556621
v 0.00174490 -0.00843437 0.25564830
v 0.00175166 -0.00850303 0.25555571
v 0.00175482 -0.00850796 0.25564281
v 0.00175490 -0.00853445 0.25555343
v 0.00175751 -0.00853445 0.25564090
v 0.00176108 -0.00863955 0.25554613
v 0.00176401 -0.00865643 0.25563247
v 0.00176118 -0.00871127 0.25554141
v 0.00176379 -0.00871127 0.25562887
v 0.00176323 -0.00873121 0.25562756
v 0.00175849 -0.00877490 0.25553723
v 0.00170723 -0.00908379 0.25551664
v 0.00171611 -0.00904966 0.25551894
v 0.00172263 -0.00903353 0.25560749
v 0.00174840 -0.00889781 0.25561656
v 0.00175875 -0.00880679 0.25562259
v 0.00175047 -0.00888291 0.25561755
v 0.00174579 -0.00889781 0.25552910
v 0.00174367 -0.00891205 0.25552815
v 0.00170984 -0.00908379 0.25560410
v 0.00170329 -0.00910713 0.25560253
v 0.00167558 -0.00918596 0.25550972
v 0.00168020 -0.00918014 0.25559757
v 0.00165376 -0.00925132 0.25559271
v 0.00164656 -0.00926269 0.25550447
v 0.00164917 -0.00926269 0.25559193
v 0.00162217 -0.00931913 0.25550059
v 0.00157489 -0.00941409 0.25549401
v 0.00157749 -0.00941409 0.25558147
v 0.00151464 -0.00951990 0.25557406
v 0.00147610 -0.00957283 0.25548286
v 0.00159066 -0.00938925 0.25558320
v 0.00155633 -0.00944738 0.25549169
v 0.00147871 -0.00957283 0.25557032
v 0.00147200 -0.00958222 0.25556965
v 0.00139072 -0.00968243 0.25547502
v 0.00142648 -0.00964224 0.25556537
v 0.00137828 -0.00969979 0.25556123
v 0.00135968 -0.00971769 0.25547247
v 0.00136228 -0.00971769 0.25555993
v 0.00129335 -0.00978639 0.25546746
v 0.00127425 -0.00980713 0.25555339
v 0.00122800 -0.00984649 0.25546302
v 0.00123061 -0.00984649 0.25555048
v 0.00121857 -0.00985683 0.25554971
v 0.00118822 -0.00987987 0.25546052
v 0.00116106 -0.00990342 0.25554621
v 0.00108333 -0.00995784 0.25545460
v 0.00110116 -0.00994736 0.25554286
v 0.00076291 -0.01012577 0.25552701
v 0.00076030 -0.01012577 0.25543955
v 0.00078502 -0.01011721 0.25552802
v 0.00083864 -0.01009367 0.25544312
v 0.00108594 -0.00995784 0.25554206
v 0.00103990 -0.00998797 0.25553972
v 0.00096118 -0.01003288 0.25544871
v 0.00093520 -0.01004829 0.25553486
v 0.00093259 -0.01004829 0.25544740
v 0.00092463 -0.01005378 0.25553438
v 0.00085599 -0.01008706 0.25553125
v 0.00063989 -0.01016652 0.25552141
v 0.00057882 -0.01018198 0.25543128
v 0.00070872 -0.01014425 0.25543720
v 0.00058142 -0.01018198 0.25551874
v 0.00056616 -0.01018562 0.25551805
v 0.00043219 -0.01021030 0.25542460
v 0.00049115 -0.01020115 0.25551463
v 0.00041607 -0.01021288 0.25551121
v 0.00039286 -0.01021544 0.25542281
v 0.00039547 -0.01021544 0.25551027
v 0.00028881 -0.01022414 0.25541807
v 0.00026480 -0.01022524 0.25550431
v 0.00022423 -0.01022601 0.25541512
v 0.00022684 -0.01022601 0.25550258
v 0.00014443 -0.01022460 0.25541149
v 0.00011358 -0.01022279 0.25549742
v 0.00003755 -0.01021626 0.25540662
v 0.00004016 -0.01021626 0.25549408
v 0.00000093 -0.01021168 0.25540495
v -0.00003623 -0.01020570 0.25549060
v -0.00014535 -0.01018440 0.25539828
v -0.00010995 -0.01019179 0.25548724
v -0.00014274 -0.01018440 0.25548574
v -0.00027622 -0.01014731 0.25539232
v -0.00025438 -0.01015355 0.25548066
v -0.00032155 -0.01013150 0.25539025
v -0.00031894 -0.01013150 0.25547771
v -0.00032493 -0.01012930 0.25547744
v -0.00040659 -0.01009748 0.25538638
v -0.00039363 -0.01010193 0.25547431
v -0.00048875 -0.01005885 0.25538263
v -0.00046121 -0.01007120 0.25547123
v -0.00048614 -0.01005885 0.25547009
v -0.00059187 -0.01000001 0.25546524
v -0.00063964 -0.00997144 0.25537556
v -0.00052968 -0.01003735 0.25538077
v -0.00063704 -0.00997144 0.25546302
v -0.00065589 -0.00995885 0.25546205
v -0.00075741 -0.00988587 0.25536903
v -0.00104781 -0.00957975 0.25534673
v -0.00096096 -0.00968987 0.25535462
v -0.00099257 -0.00964891 0.25543913
v -0.00071804 -0.00991442 0.25545865
v -0.00077853 -0.00986649 0.25545504
v -0.00079182 -0.00985750 0.25536691
v -0.00078921 -0.00985750 0.25545437
v -0.00086301 -0.00979315 0.25536214
v -0.00089112 -0.00976277 0.25544737
v -0.00092868 -0.00972605 0.25535724
v -0.00092607 -0.00972605 0.25544470
v -0.00094312 -0.00970723 0.25544333
v -0.00103875 -0.00958868 0.25543483
v -0.00104520 -0.00957975 0.25543420
v -0.00112802 -0.00945595 0.25533801
v -0.00112198 -0.00946181 0.25542588
v -0.00114776 -0.00942101 0.25533557
v -0.00114515 -0.00942101 0.25542303
v -0.00115876 -0.00939563 0.25542127
v -0.00119469 -0.00932810 0.25532913
v -0.00119217 -0.00932792 0.25541658
v -0.00122740 -0.00925233 0.25532392
v -0.00122217 -0.00925882 0.25541183
v -0.00122479 -0.00925233 0.25541138
v -0.00124897 -0.00919521 0.25532002
v -0.00124872 -0.00918851 0.25540702
v -0.00128577 -0.00907678 0.25531199
v -0.00128316 -0.00907678 0.25539945
v -0.00129039 -0.00905907 0.25531079
v -0.00129125 -0.00904516 0.25539732
v -0.00131883 -0.00892149 0.25530158
v -0.00130717 -0.00897263 0.25539245
v -0.00132252 -0.00889720 0.25529996
v -0.00131961 -0.00889927 0.25538756
v -0.00131991 -0.00889720 0.25538743
v -0.00133451 -0.00878426 0.25529249
v -0.00132844 -0.00882608 0.25538271
v -0.00132941 -0.00881565 0.25538202
v -0.00133780 -0.00871265 0.25528779
v -0.00133429 -0.00874082 0.25537709
v -0.00133519 -0.00871265 0.25537525
v -0.00133792 -0.00864883 0.25528359
v -0.00133320 -0.00859181 0.25536717
v -0.00133103 -0.00852900 0.25527528
v -0.00132842 -0.00852900 0.25536274
v -0.00132934 -0.00851244 0.25527408
v -0.00132714 -0.00851625 0.25536182
v -0.00131731 -0.00844061 0.25535620
v -0.00130825 -0.00837483 0.25526364
v -0.00130362 -0.00836487 0.25535031
v -0.00130117 -0.00834131 0.25526097
v -0.00129857 -0.00834131 0.25534843
v -0.00127429 -0.00823771 0.25525236
v -0.00126542 -0.00821713 0.25533805
v -0.00124885 -0.00815966 0.25524553
v -0.00124624 -0.00815966 0.25533299
v -0.00124105 -0.00814529 0.25533170
v -0.00122739 -0.00810288 0.25524036
v -0.00121306 -0.00807444 0.25532517
v -0.00118183 -0.00800552 0.25531854
v -0.00117522 -0.00798677 0.25522923
v -0.00117261 -0.00798677 0.25531669
v -0.00116782 -0.00797215 0.25522777
v -0.00109619 -0.00784730 0.25521475
v -0.00110946 -0.00787275 0.25530495
v -0.00108172 -0.00782502 0.25521231
v -0.00107911 -0.00782502 0.25529977
v -0.00106861 -0.00780937 0.25529804
v -0.00101344 -0.00772993 0.25520147
v -0.00102482 -0.00774821 0.25529107
v -0.00097005 -0.00767661 0.25519504
v -0.00097824 -0.00768944 0.25528407
v -0.00096744 -0.00767661 0.25528250
v -0.00092077 -0.00762148 0.25518809
v -0.00087728 -0.00757952 0.25527004
v -0.00084258 -0.00754388 0.25517772
v -0.00083997 -0.00754388 0.25526519
v -0.00081961 -0.00752308 0.25517481
v -0.00082246 -0.00752795 0.25526296
v -0.00076564 -0.00747949 0.25525594
v -0.00071156 -0.00743561 0.25516177
v -0.00070700 -0.00743417 0.25524901
v -0.00069956 -0.00742685 0.25516038
v -0.00069695 -0.00742685 0.25524785
v -0.00059826 -0.00735959 0.25514913
v -0.00058444 -0.00735283 0.25523539
v -0.00054706 -0.00732977 0.25514370
v -0.00054445 -0.00732977 0.25523116
v -0.00052060 -0.00731676 0.25522864
v -0.00047981 -0.00729447 0.25513660
v -0.00045304 -0.00728279 0.25522151
v -0.00038314 -0.00725186 0.25521413
v -0.00037901 -0.00724910 0.25512596
v -0.00037641 -0.00724910 0.25521342
v -0.00035370 -0.00723905 0.25512328
v -0.00031213 -0.00722457 0.25520663
v -0.00022092 -0.00719449 0.25510927
v -0.00019693 -0.00718855 0.25519447
v -0.00019954 -0.00718855 0.25510701
v -0.00016608 -0.00718057 0.25519122
v -0.00008288 -0.00716188 0.25509470
v -0.00009157 -0.00716404 0.25518335
v -0.00001697 -0.00715133 0.25517548
v -0.00001505 -0.00715068 0.25508754
v -0.00001245 -0.00715068 0.25517500
v 0.00005878 -0.00714201 0.25507975
v 0.00005844 -0.00714228 0.25516752
v 0.00017160 -0.00713567 0.25506784
v 0.00017421 -0.00713567 0.25515530
v 0.00020228 -0.00713539 0.25506460
v 0.00020930 -0.00713540 0.25515159
v 0.00034577 -0.00714220 0.25504945
v 0.00028458 -0.00713751 0.25514365
v 0.00036028 -0.00714337 0.25513566
v 0.00035767 -0.00714337 0.25504820
v 0.00048739 -0.00716226 0.25503450
v 0.00043401 -0.00715272 0.25512787
v 0.00054024 -0.00717323 0.25502892
v 0.00054285 -0.00717323 0.25511638
v 0.00062748 -0.00719491 0.25510745
v 0.00062487 -0.00719491 0.25501999
v 0.00065309 -0.00720250 0.25510475
v 0.00075806 -0.00723977 0.25500593
v 0.00072363 -0.00722593 0.25509730
v 0.00079785 -0.00725587 0.25500173
v 0.00111496 -0.00743437 0.25505530
v 0.00111487 -0.00743621 0.25496755
v 0.00105256 -0.00739082 0.25506237
v 0.00100240 -0.00736060 0.25498011
v 0.00079240 -0.00725251 0.25509004
v 0.00080046 -0.00725587 0.25508919
v 0.00088406 -0.00729534 0.25499263
v 0.00092553 -0.00731529 0.25507599
v 0.00096026 -0.00733579 0.25498459
v 0.00096286 -0.00733579 0.25507205
v 0.00098979 -0.00735143 0.25506920
v 0.00111747 -0.00743621 0.25505501
v 0.00117576 -0.00748145 0.25504810
v 0.00122361 -0.00752442 0.25495441
v 0.00126286 -0.00755810 0.25503719
v 0.00126026 -0.00755810 0.25494973
v 0.00132466 -0.00762297 0.25494113
v 0.00134160 -0.00763851 0.25502660
v 0.00138892 -0.00769617 0.25493199
v 0.00139154 -0.00769619 0.25501945
v 0.00141719 -0.00773156 0.25492776
v 0.00143821 -0.00775581 0.25501238
v 0.00148203 -0.00781783 0.25500536
v 0.00149918 -0.00784808 0.25491458
v 0.00150179 -0.00784808 0.25500204
v 0.00157125 -0.00797400 0.25490146
v 0.00155988 -0.00794732 0.25499161
v 0.00158974 -0.00801138 0.25489776
v 0.00159235 -0.00801138 0.25498522
v 0.00159388 -0.00801460 0.25498491
v 0.00163064 -0.00810479 0.25488888
v 0.00162450 -0.00808333 0.25497833
v 0.00164662 -0.00813951 0.25497316
v 0.00165966 -0.00818368 0.25488175
v 0.00166227 -0.00818368 0.25496921
v 0.00167105 -0.00821053 0.25496686
v 0.00167736 -0.00823967 0.25487688
v 0.00169189 -0.00828228 0.25496075
v 0.00170798 -0.00836129 0.25486685
v 0.00170922 -0.00835484 0.25495482
v 0.00171058 -0.00836129 0.25495431
v 0.00171114 -0.00837681 0.25486562
v 0.00172294 -0.00842761 0.25494913
v 0.00173204 -0.00851442 0.25485519
v 0.00173731 -0.00854179 0.25494068
v 0.00173470 -0.00854179 0.25485322
v 0.00173984 -0.00857442 0.25493837
v 0.00174045 -0.00865077 0.25484569
v 0.00174301 -0.00864828 0.25493332
v 0.00174263 -0.00872291 0.25492842
v 0.00174002 -0.00872291 0.25484096
v 0.00173686 -0.00878622 0.25483679
v 0.00173867 -0.00879705 0.25492354
v 0.00172314 -0.00890983 0.25482861
v 0.00172575 -0.00890983 0.25491607
v 0.00172101 -0.00892348 0.25482770
v 0.00170401 -0.00902388 0.25490845
v 0.00169237 -0.00906104 0.25481849
v 0.00168575 -0.00909544 0.25490363
v 0.00168314 -0.00909544 0.25481617
v 0.00168514 -0.00909762 0.25490348
v 0.00165077 -0.00919715 0.25480926
v 0.00166251 -0.00917080 0.25489852
v 0.00163652 -0.00924216 0.25489365
v 0.00162110 -0.00927380 0.25480402
v 0.00162371 -0.00927380 0.25489148
v 0.00159631 -0.00932998 0.25480015
v 0.00157416 -0.00938074 0.25488410
v 0.00153831 -0.00944240 0.25479235
v 0.00154091 -0.00944240 0.25487981
v 0.00153802 -0.00944746 0.25487946
v 0.00152947 -0.00945774 0.25479128
v 0.00149882 -0.00951209 0.25487492
v 0.00145103 -0.00957873 0.25478275
v 0.00145655 -0.00957466 0.25487050
v 0.00143637 -0.00959885 0.25478132
v 0.00143898 -0.00959885 0.25486878
v 0.00136211 -0.00969143 0.25477468
v 0.00136350 -0.00969283 0.25486205
v 0.00131717 -0.00974105 0.25477109
v 0.00131977 -0.00974105 0.25485855
v 0.00131294 -0.00974823 0.25485802
v 0.00126403 -0.00979456 0.25476717
v 0.00126007 -0.00980082 0.25485417
v 0.00118309 -0.00986693 0.25476180
v 0.00120468 -0.00985087 0.25485046
v 0.00118570 -0.00986693 0.25484926
v 0.00103903 -0.00997517 0.25484103
v 0.00103642 -0.00997517 0.25475357
v 0.00108776 -0.00994212 0.25484357
v 0.00104666 -0.00996845 0.25475409
v 0.00115834 -0.00988713 0.25476028
v 0.00102671 -0.00998311 0.25484041
v 0.00096341 -0.01002136 0.25483741
v 0.00093046 -0.01003828 0.25474857
v 0.00089826 -0.01005661 0.25483444
v 0.00087803 -0.01006546 0.25474618
v 0.00088064 -0.01006546 0.25483364
v 0.00080726 -0.01009827 0.25474295
v 0.00075838 -0.01011949 0.25482807
v 0.00070270 -0.01013914 0.25473819
v 0.00070531 -0.01013914 0.25482565
v 0.00067678 -0.01014795 0.25473701
v 0.00068662 -0.01014554 0.25482480
v 0.00061307 -0.01016820 0.25482145
v 0.00054035 -0.01018616 0.25473079
v 0.00053927 -0.01018701 0.25481808
v 0.00052006 -0.01019071 0.25472987
v 0.00052267 -0.01019071 0.25481733
v 0.00039951 -0.01021195 0.25472437
v 0.00038910 -0.01021367 0.25481124
v 0.00033354 -0.01021948 0.25472137
v 0.00033615 -0.01021948 0.25480883
v 0.00025598 -0.01022469 0.25471783
v 0.00023043 -0.01022562 0.25480401
v 0.00015888 -0.01022573 0.25471341
v 0.00016149 -0.01022573 0.25480087
v 0.00015477 -0.01022558 0.25480056
v 0.00011160 -0.01022404 0.25471125
v 0.00007925 -0.01022185 0.25479712
v -0.00002722 -0.01021066 0.25470493
v 0.00000414 -0.01021447 0.25479370
v -0.00002461 -0.01021066 0.25479239
v -0.00017223 -0.01018297 0.25469832
v -0.00014398 -0.01018891 0.25478695
v -0.00020874 -0.01017371 0.25469665
v -0.00020613 -0.01017371 0.25478412
v -0.00021649 -0.01017091 0.25478364
v -0.00030815 -0.01014360 0.25469213
v -0.00028808 -0.01014942 0.25478038
v -0.00038301 -0.01011599 0.25468871
v -0.00035802 -0.01012470 0.25477719
v -0.00038040 -0.01011599 0.25477617
v -0.00043797 -0.01009286 0.25468621
v -0.00049366 -0.01006553 0.25477101
v -0.00054776 -0.01003886 0.25468121
v -0.00054515 -0.01003886 0.25476867
v -0.00056040 -0.01003194 0.25468063
v -0.00055922 -0.01003115 0.25476803
v -0.00067613 -0.00996104 0.25467506
v -0.00062263 -0.00999394 0.25476508
v -0.00068609 -0.00995247 0.25476187
v -0.00070384 -0.00994191 0.25467360
v -0.00070123 -0.00994191 0.25476106
v -0.00078729 -0.00987860 0.25466880
v -0.00080761 -0.00985959 0.25475484
v -0.00085227 -0.00982271 0.25466463
v -0.00084966 -0.00982271 0.25475209
v -0.00086517 -0.00980842 0.25475104
v -0.00089232 -0.00978497 0.25466185
v -0.00098177 -0.00968692 0.25474218
v -0.00091952 -0.00975506 0.25474712
v -0.00097149 -0.00969875 0.25474303
v -0.00098438 -0.00968692 0.25465471
v -0.00098957 -0.00968086 0.25465428
v -0.00106556 -0.00958046 0.25473456
v -0.00110826 -0.00951786 0.25473013
v -0.00115487 -0.00944557 0.25463760
v -0.00114790 -0.00945316 0.25472559
v -0.00116645 -0.00942497 0.25463616
v -0.00116384 -0.00942497 0.25472362
v -0.00122054 -0.00931725 0.25462869
v -0.00121716 -0.00931894 0.25471627
v -0.00124659 -0.00925650 0.25462452
v -0.00124398 -0.00925650 0.25471198
v -0.00124672 -0.00924967 0.25471151
v -0.00127376 -0.00918401 0.25461957
v -0.00127278 -0.00917931 0.25470671
v -0.00130548 -0.00908108 0.25461259
v -0.00130287 -0.00908108 0.25470005
v -0.00132990 -0.00896290 0.25469211
v -0.00134275 -0.00890157 0.25460057
v -0.00129537 -0.00910786 0.25470186
v -0.00131411 -0.00904768 0.25461034
v -0.00134015 -0.00890157 0.25468803
v -0.00134181 -0.00888991 0.25468725
v -0.00135612 -0.00877294 0.25459206
v -0.00132680 -0.00836341 0.25456305
v -0.00134894 -0.00850105 0.25457356
v -0.00133849 -0.00844265 0.25465666
v -0.00135023 -0.00881619 0.25468237
v -0.00135507 -0.00874293 0.25467754
v -0.00135846 -0.00872058 0.25458862
v -0.00135585 -0.00872058 0.25467608
v -0.00135854 -0.00863760 0.25458315
v -0.00135424 -0.00859500 0.25466771
v -0.00135266 -0.00853716 0.25457617
v -0.00135005 -0.00853716 0.25466364
v -0.00134829 -0.00851902 0.25466233
v -0.00132506 -0.00836766 0.25465084
v -0.00132120 -0.00834932 0.25464938
v -0.00132380 -0.00834932 0.25456192
v -0.00130781 -0.00829285 0.25464478
v -0.00129176 -0.00822641 0.25455170
v -0.00118319 -0.00796155 0.25452702
v -0.00115009 -0.00790606 0.25460878
v -0.00110850 -0.00783402 0.25451361
v -0.00111079 -0.00784159 0.25460190
v -0.00129734 -0.00825417 0.25464154
v -0.00127482 -0.00818189 0.25463528
v -0.00127332 -0.00816992 0.25454676
v -0.00127072 -0.00816992 0.25463422
v -0.00124379 -0.00809185 0.25453965
v -0.00121916 -0.00804074 0.25462227
v -0.00120089 -0.00799647 0.25453050
v -0.00119829 -0.00799647 0.25461796
v -0.00118619 -0.00797239 0.25461557
v -0.00110589 -0.00783402 0.25460107
v -0.00106849 -0.00777927 0.25459496
v -0.00102698 -0.00772058 0.25450067
v -0.00099521 -0.00768477 0.25458381
v -0.00099782 -0.00768477 0.25449635
v -0.00097538 -0.00766163 0.25458096
v -0.00093355 -0.00761292 0.25448730
v -0.00092496 -0.00760668 0.25457395
v -0.00087120 -0.00755109 0.25447903
v -0.00087194 -0.00755423 0.25456692
v -0.00086860 -0.00755109 0.25456649
v -0.00083176 -0.00751540 0.25447403
v -0.00081684 -0.00750476 0.25455996
v -0.00073089 -0.00743448 0.25446190
v -0.00072828 -0.00743448 0.25454936
v -0.00070013 -0.00741426 0.25454614
v -0.00060954 -0.00735380 0.25444841
v -0.00060473 -0.00735249 0.25453564
v -0.00057592 -0.00733425 0.25444485
v -0.00057331 -0.00733425 0.25453231
v -0.00049050 -0.00728948 0.25443583
v -0.00047277 -0.00728226 0.25452170
v -0.00040886 -0.00725280 0.25442722
v -0.00040626 -0.00725280 0.25451468
v -0.00040312 -0.00725150 0.25451435
v -0.00036379 -0.00723492 0.25442246
v -0.00033133 -0.00722398 0.25450677
v -0.00025913 -0.00720034 0.25449915
v -0.00022972 -0.00719110 0.25440831
v -0.00022711 -0.00719110 0.25449577
v -0.00009211 -0.00715973 0.25439378
v -0.00011134 -0.00716383 0.25448355
v -0.00004543 -0.00715206 0.25438885
v -0.00004282 -0.00715206 0.25447631
v -0.00003628 -0.00715111 0.25447562
v 0.00004977 -0.00714095 0.25437880
v 0.00003877 -0.00714217 0.25446770
v 0.00011435 -0.00713692 0.25445972
v 0.00014119 -0.00713589 0.25436915
v 0.00014380 -0.00713589 0.25445662
v 0.00019334 -0.00713544 0.25436365
v 0.00026509 -0.00713758 0.25444381
v 0.00032735 -0.00714243 0.25434950
v 0.00032996 -0.00714243 0.25443696
v 0.00033675 -0.00714336 0.25434851
v 0.00041462 -0.00715294 0.25442803
v 0.00047751 -0.00716438 0.25433365
v 0.00048011 -0.00716438 0.25442111
v 0.00048833 -0.00716602 0.25442025
v 0.00061572 -0.00719832 0.25431906
v 0.00056096 -0.00718258 0.25441258
v 0.00063272 -0.00720265 0.25440501
v 0.00065545 -0.00721064 0.25431487
v 0.00065806 -0.00721064 0.25440233
v 0.00074791 -0.00724398 0.25430511
v 0.00077211 -0.00725275 0.25439029
v 0.00082503 -0.00727707 0.25429697
v 0.00082764 -0.00727707 0.25438443
v 0.00083929 -0.00728251 0.25438320
v 0.00087331 -0.00730039 0.25429187
v 0.00090528 -0.00731561 0.25437624
v 0.00096893 -0.00735143 0.25436951
v 0.00098446 -0.00736238 0.25428010
v 0.00098707 -0.00736238 0.25436757
v 0.00110395 -0.00744363 0.25426670
v 0.00109448 -0.00743464 0.25435557
v 0.00113773 -0.00746973 0.25426271
v 0.00128108 -0.00759655 0.25433234
v 0.00127847 -0.00759655 0.25424488
v 0.00126508 -0.00758047 0.25433448
v 0.00121141 -0.00753219 0.25425363
v 0.00114034 -0.00746973 0.25435017
v 0.00115467 -0.00748127 0.25434844
v 0.00121301 -0.00753128 0.25434122
v 0.00136503 -0.00768938 0.25432058
v 0.00140079 -0.00773735 0.25422739
v 0.00131181 -0.00763161 0.25424033
v 0.00140340 -0.00773735 0.25431485
v 0.00141229 -0.00774905 0.25431348
v 0.00148529 -0.00785915 0.25421369
v 0.00145628 -0.00781059 0.25430647
v 0.00149726 -0.00787433 0.25429953
v 0.00150566 -0.00789269 0.25421012
v 0.00150827 -0.00789269 0.25429758
v 0.00155578 -0.00798465 0.25420071
v 0.00156932 -0.00800687 0.25428597
v 0.00159052 -0.00805871 0.25419351
v 0.00159313 -0.00805871 0.25428097
v 0.00160033 -0.00807546 0.25427938
v 0.00161414 -0.00811585 0.25418817
v 0.00162788 -0.00814527 0.25427295
v 0.00165438 -0.00823258 0.25417780
v 0.00165197 -0.00821622 0.25426667
v 0.00165699 -0.00823258 0.25426526
v 0.00165979 -0.00825099 0.25417623
v 0.00168955 -0.00836049 0.25425468
v 0.00169249 -0.00838824 0.25416503
v 0.00169670 -0.00841125 0.25416324
v 0.00169930 -0.00841125 0.25425070
v 0.00170300 -0.00843330 0.25424901
v 0.00171234 -0.00852580 0.25415468
v 0.00171296 -0.00850688 0.25424351
v 0.00171744 -0.00859210 0.25414999
v 0.00171934 -0.00858013 0.25423829
v 0.00172005 -0.00859210 0.25423745
v 0.00171973 -0.00866198 0.25414526
v 0.00172153 -0.00873028 0.25422824
v 0.00171700 -0.00877086 0.25413812
v 0.00171961 -0.00877086 0.25422558
v 0.00171516 -0.00879756 0.25413636
v 0.00171710 -0.00880585 0.25422327
v 0.00169825 -0.00893490 0.25412725
v 0.00149494 -0.00948495 0.25417714
v 0.00149233 -0.00948495 0.25408968
v 0.00150252 -0.00946806 0.25409087
v 0.00157036 -0.00934080 0.25409972
v 0.00154925 -0.00938863 0.25418387
v 0.00151273 -0.00945512 0.25417923
v 0.00170886 -0.00888195 0.25421823
v 0.00169691 -0.00895729 0.25421322
v 0.00169393 -0.00895932 0.25412562
v 0.00169654 -0.00895932 0.25421308
v 0.00166855 -0.00907241 0.25411803
v 0.00168111 -0.00903259 0.25420817
v 0.00164801 -0.00914328 0.25411324
v 0.00165062 -0.00914328 0.25420070
v 0.00162587 -0.00920832 0.25410881
v 0.00161239 -0.00925043 0.25419340
v 0.00158036 -0.00931931 0.25410120
v 0.00158242 -0.00932051 0.25418858
v 0.00142317 -0.00958841 0.25408237
v 0.00143053 -0.00958186 0.25417030
v 0.00138555 -0.00963795 0.25407884
v 0.00138816 -0.00963795 0.25416630
v 0.00133343 -0.00970037 0.25407435
v 0.00131775 -0.00972076 0.25416033
v 0.00131514 -0.00972076 0.25407287
v 0.00123466 -0.00980265 0.25406689
v 0.00123253 -0.00980712 0.25415402
v 0.00118285 -0.00984945 0.25406342
v 0.00118545 -0.00984945 0.25415088
v 0.00117685 -0.00985682 0.25415033
v 0.00112841 -0.00989431 0.25406006
v 0.00111933 -0.00990341 0.25414683
v 0.00103789 -0.00996036 0.25405502
v 0.00105944 -0.00994735 0.25414348
v 0.00104050 -0.00996036 0.25414248
v 0.00101632 -0.00997468 0.25405392
v 0.00093465 -0.01002585 0.25413736
v 0.00089967 -0.01004362 0.25404843
v 0.00088418 -0.01005312 0.25413506
v 0.00088157 -0.01005312 0.25404760
v 0.00086912 -0.01006080 0.25413438
v 0.00077582 -0.01010280 0.25404278
v 0.00080010 -0.01009341 0.25413123
v 0.00072879 -0.01012287 0.25412798
v 0.00070843 -0.01012957 0.25403971
v 0.00071104 -0.01012957 0.25412717
v 0.00064481 -0.01015157 0.25403681
v 0.00058323 -0.01017070 0.25412135
v 0.00052661 -0.01018449 0.25403143
v 0.00052922 -0.01018449 0.25411889
v 0.00050795 -0.01018878 0.25403058
v 0.00045029 -0.01020099 0.25411529
v 0.00036764 -0.01021341 0.25402418
v 0.00037025 -0.01021341 0.25411164
v 0.00029948 -0.01022086 0.25410842
v 0.00022314 -0.01022515 0.25401760
v 0.00018279 -0.01022603 0.25410310
v 0.00018018 -0.01022603 0.25401564
v 0.00014793 -0.01022587 0.25410151
v 0.00007878 -0.01022338 0.25401102
v 0.00007236 -0.01022282 0.25409807
v -0.00000651 -0.01021599 0.25400713
v -0.00000284 -0.01021611 0.25409464
v -0.00006440 -0.01020825 0.25400449
v -0.00007745 -0.01020578 0.25409124
v -0.00018934 -0.01018387 0.25399880
v -0.00018673 -0.01018387 0.25408626
v -0.00020457 -0.01018016 0.25399811
v -0.00034004 -0.01013981 0.25399193
v -0.00029563 -0.01015370 0.25408130
v -0.00036544 -0.01013071 0.25399078
v -0.00036283 -0.01013071 0.25407824
v -0.00036619 -0.01012947 0.25407808
v -0.00046929 -0.01008818 0.25398604
v -0.00043490 -0.01010213 0.25407495
v -0.00050249 -0.01007141 0.25407187
v -0.00053252 -0.01005782 0.25398316
v -0.00052991 -0.01005782 0.25407062
v -0.00059106 -0.01002647 0.25398049
v -0.00063299 -0.01000039 0.25406589
v -0.00069340 -0.00996346 0.25397556
v -0.00069079 -0.00996346 0.25406302
v -0.00070641 -0.00995464 0.25397488
v -0.00069682 -0.00995939 0.25406271
v -0.00075900 -0.00991500 0.25405932
v -0.00081713 -0.00987125 0.25396856
v -0.00081952 -0.00986711 0.25405571
v -0.00084458 -0.00984804 0.25396682
v -0.00084198 -0.00984804 0.25405429
v -0.00092157 -0.00977672 0.25396156
v -0.00093218 -0.00976346 0.25404805
v -0.00098015 -0.00971538 0.25395708
v -0.00097754 -0.00971538 0.25404455
v -0.00098421 -0.00970795 0.25404401
v -0.00101810 -0.00967178 0.25395393
v -0.00103370 -0.00964966 0.25403981
v -0.00107991 -0.00958946 0.25403551
v -0.00109786 -0.00956805 0.25394653
v -0.00109526 -0.00956805 0.25403399
v -0.00110523 -0.00955749 0.25394578
v -0.00116323 -0.00946263 0.25402656
v -0.00118165 -0.00943516 0.25393718
v -0.00119369 -0.00940845 0.25402278
v -0.00119630 -0.00940845 0.25393532
v -0.00120005 -0.00939648 0.25402195
v -0.00124631 -0.00930635 0.25392825
v -0.00123350 -0.00932878 0.25401726
v -0.00127435 -0.00923913 0.25392364
v -0.00126355 -0.00925970 0.25401251
v -0.00127174 -0.00923913 0.25401110
v -0.00129847 -0.00917280 0.25391911
v -0.00131339 -0.00911758 0.25400283
v -0.00133138 -0.00906197 0.25391161
v -0.00132877 -0.00906197 0.25399907
v -0.00133293 -0.00904540 0.25399796
v -0.00133774 -0.00903629 0.25390988
v -0.00134886 -0.00897288 0.25399309
v -0.00136404 -0.00889865 0.25390068
v -0.00136131 -0.00889951 0.25398820
v -0.00136633 -0.00888218 0.25389959
v -0.00136373 -0.00888218 0.25398705
v -0.00137764 -0.00876164 0.25389162
v -0.00137551 -0.00875248 0.25397848
v -0.00137975 -0.00870119 0.25388766
v -0.00137714 -0.00870119 0.25397512
v -0.00137732 -0.00867931 0.25397369
v -0.00137907 -0.00862635 0.25388270
v -0.00137559 -0.00860466 0.25396868
v -0.00137019 -0.00852931 0.25396338
v -0.00137156 -0.00851701 0.25387503
v -0.00136895 -0.00851701 0.25396249
v -0.00136846 -0.00848965 0.25387303
v -0.00134795 -0.00837769 0.25395195
v -0.00134525 -0.00835200 0.25386245
v -0.00133852 -0.00833343 0.25394841
v -0.00134113 -0.00833343 0.25386095
v -0.00133761 -0.00832946 0.25394809
v -0.00131874 -0.00825605 0.25394201
v -0.00130914 -0.00821513 0.25385104
v -0.00129615 -0.00818323 0.25393571
v -0.00128788 -0.00815212 0.25384548
v -0.00128527 -0.00815212 0.25393294
v -0.00126010 -0.00808085 0.25383893
v -0.00124056 -0.00804192 0.25392270
v -0.00121338 -0.00797966 0.25382914
v -0.00121077 -0.00797966 0.25391660
v -0.00120777 -0.00797377 0.25391602
v -0.00119848 -0.00795098 0.25382626
v -0.00117165 -0.00790725 0.25390922
v -0.00112493 -0.00782726 0.25381318
v -0.00113245 -0.00784282 0.25390234
v -0.00111907 -0.00781844 0.25381221
v -0.00111646 -0.00781844 0.25389967
v -0.00104045 -0.00771129 0.25379987
v -0.00104508 -0.00772038 0.25388842
v -0.00100668 -0.00767065 0.25379493
v -0.00100407 -0.00767065 0.25388239
v -0.00099726 -0.00766279 0.25388141
v -0.00094627 -0.00760443 0.25378650
v -0.00094641 -0.00760728 0.25387434
v -0.00087754 -0.00753766 0.25377748
v -0.00087494 -0.00753766 0.25386494
v -0.00078070 -0.00745831 0.25385337
v -0.00073590 -0.00742297 0.25376039
v -0.00089323 -0.00755463 0.25386729
v -0.00084385 -0.00750780 0.25377325
v -0.00073329 -0.00742297 0.25384785
v -0.00072112 -0.00741435 0.25384646
v -0.00062080 -0.00734810 0.25374770
v -0.00023772 -0.00718760 0.25370726
v -0.00037383 -0.00723087 0.25372163
v -0.00032149 -0.00721344 0.25380384
v -0.00066016 -0.00737372 0.25383968
v -0.00059694 -0.00733582 0.25383291
v -0.00058295 -0.00732653 0.25374370
v -0.00058034 -0.00732653 0.25383116
v -0.00050114 -0.00728457 0.25373506
v -0.00046302 -0.00726823 0.25381878
v -0.00041424 -0.00724647 0.25372589
v -0.00041163 -0.00724647 0.25381335
v -0.00039205 -0.00723875 0.25381129
v -0.00024921 -0.00719144 0.25379621
v -0.00023512 -0.00718760 0.25379472
v -0.00010132 -0.00715768 0.25369286
v -0.00010091 -0.00715806 0.25378055
v -0.00005319 -0.00715018 0.25368778
v -0.00005059 -0.00715018 0.25377524
v -0.00002610 -0.00714696 0.25377266
v 0.00004077 -0.00713998 0.25367786
v 0.00013609 -0.00713561 0.25375554
v 0.00027544 -0.00713957 0.25374083
v 0.00031951 -0.00714374 0.25364844
v 0.00004940 -0.00713953 0.25376469
v 0.00012476 -0.00713584 0.25375673
v 0.00013348 -0.00713561 0.25366808
v 0.00018440 -0.00713559 0.25366270
v 0.00032211 -0.00714374 0.25373590
v 0.00035021 -0.00714694 0.25373294
v 0.00046885 -0.00716684 0.25363268
v 0.00042436 -0.00715792 0.25372511
v 0.00050197 -0.00717402 0.25362918
v 0.00049759 -0.00717244 0.25371738
v 0.00050458 -0.00717402 0.25371664
v 0.00060605 -0.00720167 0.25361819
v 0.00062972 -0.00720823 0.25370343
v 0.00062711 -0.00720823 0.25361597
v 0.00064207 -0.00721223 0.25370213
v 0.00073773 -0.00724827 0.25360429
v 0.00071204 -0.00723711 0.25369474
v 0.00079754 -0.00727403 0.25359798
v 0.00078014 -0.00726508 0.25368755
v 0.00080015 -0.00727403 0.25368544
v 0.00086250 -0.00730552 0.25359112
v 0.00091177 -0.00733053 0.25367366
v 0.00095734 -0.00735857 0.25358109
v 0.00095995 -0.00735857 0.25366855
v 0.00097975 -0.00737243 0.25357866
v 0.00097553 -0.00736815 0.25366687
v 0.00103805 -0.00740925 0.25365995
v 0.00109223 -0.00745055 0.25356594
v 0.00109956 -0.00745416 0.25365284
v 0.00111083 -0.00746496 0.25356374
v 0.00111344 -0.00746496 0.25365120
v 0.00121530 -0.00755260 0.25363857
v 0.00123493 -0.00757136 0.25363601
v 0.00132043 -0.00766156 0.25362432
v 0.00136169 -0.00771081 0.25361831
v 0.00206574 -0.00858178 0.25821000
v 0.00105785 -0.01027961 0.25810965
v -0.00051311 -0.01026102 0.25805322
v -0.00036903 -0.01032624 0.25805840
v -0.00146110 -0.00838225 0.25794145
v -0.00142702 -0.00822455 0.25793030
v 0.00200470 -0.00906470 0.25748250
v 0.00102517 -0.01028520 0.25740954
v 0.00039994 -0.01044867 0.25738708
v 0.00006943 -0.01044200 0.25737521
v 0.00023445 -0.01045303 0.25738114
v -0.00054553 -0.01025511 0.25735312
v -0.00040217 -0.01032128 0.25735827
v -0.00149942 -0.00883853 0.25726936
v -0.00150031 -0.00852683 0.25725116
v -0.00150673 -0.00868264 0.25726046
v 0.00005572 -0.00691992 0.25705215
v 0.00070768 -0.00696582 0.25698968
v 0.00188456 -0.00798221 0.25685360
v 0.00036538 -0.01044961 0.25668690
v -0.00152143 -0.00882550 0.25656893
v -0.00146166 -0.00819851 0.25652900
v -0.00134426 -0.00789238 0.25650415
v -0.00141027 -0.00804326 0.25651691
v 0.00004842 -0.00691839 0.25635116
v 0.00186900 -0.00799479 0.25615286
v -0.00130068 -0.00958183 0.25591307
v -0.00120989 -0.00972002 0.25592122
v -0.00144168 -0.00928371 0.25589565
v -0.00154835 -0.00865699 0.25585961
v -0.00043088 -0.00703178 0.25569540
v 0.00020570 -0.00690810 0.25563440
v -0.00019537 -0.01040709 0.25526888
v -0.00003392 -0.01043689 0.25527468
v -0.00154720 -0.00895691 0.25517708
v -0.00151462 -0.00911472 0.25518617
v -0.00156902 -0.00864414 0.25515917
v -0.00149590 -0.00817254 0.25512766
v 0.00068398 -0.00697650 0.25488688
v 0.00083624 -0.00702779 0.25487229
v 0.00186102 -0.00927312 0.25467169
v 0.00026163 -0.01045182 0.25458636
v -0.00038530 -0.01035880 0.25456312
v -0.00093476 -0.01005482 0.25454189
v -0.00149252 -0.00925805 0.25449478
v -0.00158959 -0.00863125 0.25445873
v -0.00130491 -0.00771317 0.25438845
v -0.00138823 -0.00785575 0.25440182
v 0.00082768 -0.00703263 0.25417142
v 0.00193782 -0.00881474 0.25399841
v 0.00191848 -0.00897229 0.25398937
v 0.00169413 -0.00958388 0.25395384
v 0.00177190 -0.00943790 0.25396240
v 0.00113663 -0.01016503 0.25391902
v 0.00100287 -0.01024411 0.25391404
v -0.00083895 -0.01014204 0.25384753
v 0.00160316 -0.00972194 0.25394570
v 0.00191170 -0.00834521 0.25402718
v 0.00135953 -0.00736324 0.25411791
v 0.00123622 -0.00726164 0.25413145
v 0.00147474 -0.00747728 0.25410416
v 0.00158005 -0.00760274 0.25409039
v 0.00167383 -0.00773829 0.25407676
v 0.00175474 -0.00788225 0.25406347
v 0.00182173 -0.00803275 0.25405067
v 0.00187414 -0.00818777 0.25403853
v 0.00193451 -0.00850301 0.25401674
v 0.00194303 -0.00865922 0.25400729
v 0.00188445 -0.00913003 0.25398028
v 0.00183553 -0.00928593 0.25397125
v 0.00150026 -0.00985036 0.25393807
v 0.00138701 -0.00996770 0.25393103
v 0.00126517 -0.01007284 0.25392467
v 0.00086084 -0.01031200 0.25390894
v 0.00071059 -0.01036794 0.25390354
v 0.00055365 -0.01041063 0.25389790
v 0.00039180 -0.01043900 0.25389209
v 0.00022704 -0.01045235 0.25388617
v 0.00006148 -0.01045032 0.25388023
v -0.00010271 -0.01043297 0.25387433
v -0.00026346 -0.01040074 0.25386856
v -0.00041880 -0.01035445 0.25386297
v -0.00056702 -0.01029522 0.25385765
v -0.00070667 -0.01022444 0.25385263
v 0.00165418 -0.00753894 0.25829537
v 0.00154372 -0.00741901 0.25830915
v 0.00175389 -0.00766965 0.25828165
v 0.00184135 -0.00780965 0.25826816
v 0.00191538 -0.00795714 0.25825510
v 0.00197511 -0.00811017 0.25824261
v 0.00205018 -0.00842454 0.25821995
v 0.00202007 -0.00826667 0.25823086
v 0.00206734 -0.00873699 0.25820098
v 0.00097156 -0.00709734 0.25415764
v 0.00110671 -0.00717314 0.25414463
v 0.00035589 -0.00691720 0.25421663
v 0.00051812 -0.00694145 0.25420109
v 0.00067600 -0.00698025 0.25418596
v 0.00019134 -0.00690812 0.25423240
v -0.00013620 -0.00693598 0.25426379
v 0.00002660 -0.00691443 0.25424819
v -0.00029501 -0.00697222 0.25427901
v -0.00044793 -0.00702223 0.25429366
v -0.00059333 -0.00708482 0.25430759
v -0.00072992 -0.00715860 0.25432069
v -0.00086034 -0.00724470 0.25433380
v -0.00098491 -0.00734397 0.25434729
v -0.00110172 -0.00745583 0.25436100
v -0.00120894 -0.00757933 0.25437479
v -0.00151286 -0.00815958 0.25442699
v -0.00145779 -0.00800522 0.25441472
v -0.00157854 -0.00847462 0.25444910
v -0.00155310 -0.00831673 0.25443849
v -0.00153875 -0.00910167 0.25448573
v -0.00158686 -0.00878651 0.25446763
v -0.00157011 -0.00894381 0.25447664
v -0.00143151 -0.00941088 0.25450368
v -0.00135623 -0.00955809 0.25451229
v -0.00126756 -0.00969771 0.25452052
v -0.00105519 -0.00994742 0.25453540
v -0.00116670 -0.00982799 0.25452825
v -0.00067457 -0.01023071 0.25455273
v -0.00080729 -0.01014938 0.25454767
v -0.00053417 -0.01030060 0.25455777
v 0.00009606 -0.01045107 0.25458041
v -0.00022943 -0.01040396 0.25456872
v -0.00006833 -0.01043498 0.25457450
v 0.00042623 -0.01043721 0.25459227
v 0.00058775 -0.01040762 0.25459807
v 0.00074420 -0.01036379 0.25460369
v 0.00089382 -0.01030680 0.25460906
v 0.00103511 -0.01023799 0.25461414
v 0.00116837 -0.01015788 0.25461915
v 0.00129643 -0.01006460 0.25462486
v 0.00141763 -0.00995842 0.25463128
v 0.00153009 -0.00984011 0.25463837
v 0.00163205 -0.00971083 0.25464605
v 0.00179860 -0.00942549 0.25466281
v 0.00172197 -0.00957205 0.25465423
v 0.00194150 -0.00895919 0.25468982
v 0.00190870 -0.00911699 0.25468073
v 0.00196372 -0.00864637 0.25470773
v 0.00195965 -0.00880174 0.25469884
v 0.00193002 -0.00833210 0.25472778
v 0.00195404 -0.00848995 0.25471726
v 0.00189123 -0.00817479 0.25473920
v 0.00183759 -0.00802007 0.25475140
v 0.00176941 -0.00787003 0.25476424
v 0.00159260 -0.00759193 0.25479122
v 0.00168739 -0.00772670 0.25477757
v 0.00137045 -0.00735432 0.25481873
v 0.00148640 -0.00746736 0.25480499
v 0.00124655 -0.00725379 0.25483225
v 0.00111662 -0.00716640 0.25484539
v 0.00098082 -0.00709153 0.25485844
v 0.00052567 -0.00693888 0.25490205
v 0.00036317 -0.00691587 0.25491762
v 0.00019852 -0.00690806 0.25493340
v 0.00003386 -0.00691565 0.25494918
v -0.00012869 -0.00693844 0.25496476
v -0.00028708 -0.00697586 0.25497993
v -0.00043944 -0.00702696 0.25499453
v -0.00058414 -0.00709053 0.25500840
v -0.00072005 -0.00716524 0.25502145
v -0.00085005 -0.00725244 0.25503459
v -0.00097405 -0.00735279 0.25504811
v -0.00109013 -0.00746565 0.25506184
v -0.00119648 -0.00759006 0.25507562
v -0.00129145 -0.00772469 0.25508926
v -0.00144205 -0.00801787 0.25511545
v -0.00137366 -0.00786792 0.25510260
v -0.00155913 -0.00848769 0.25514962
v -0.00153490 -0.00832983 0.25513909
v -0.00156514 -0.00879949 0.25516806
v -0.00146715 -0.00927089 0.25519522
v -0.00132851 -0.00956999 0.25521268
v -0.00140493 -0.00942334 0.25520409
v -0.00123876 -0.00970890 0.25522087
v -0.00113697 -0.00983833 0.25522856
v -0.00102465 -0.00995680 0.25523565
v -0.00090356 -0.01006316 0.25524208
v -0.00077559 -0.01015663 0.25524780
v -0.00064241 -0.01023692 0.25525282
v -0.00050126 -0.01030589 0.25525789
v -0.00035174 -0.01036306 0.25526326
v 0.00029622 -0.01045119 0.25528654
v 0.00013065 -0.01045172 0.25528059
v 0.00046064 -0.01043532 0.25529244
v 0.00062181 -0.01040451 0.25529823
v 0.00077776 -0.01035955 0.25530383
v 0.00106728 -0.01023180 0.25531423
v 0.00092675 -0.01030152 0.25530919
v 0.00120008 -0.01015065 0.25531928
v 0.00132764 -0.01005627 0.25532505
v 0.00144818 -0.00994905 0.25533153
v 0.00155983 -0.00982979 0.25533867
v 0.00166085 -0.00969966 0.25534640
v 0.00182519 -0.00941305 0.25536323
v 0.00174971 -0.00956016 0.25535462
v 0.00193286 -0.00910393 0.25538117
v 0.00188641 -0.00926028 0.25537212
v 0.00196443 -0.00894608 0.25539026
v 0.00198138 -0.00878876 0.25539927
v 0.00198431 -0.00863349 0.25540817
v 0.00194823 -0.00831901 0.25542838
v 0.00197347 -0.00847688 0.25541779
v 0.00190821 -0.00816183 0.25543987
v 0.00185335 -0.00800741 0.25545213
v 0.00178399 -0.00785786 0.25546502
v 0.00160507 -0.00758119 0.25549205
v 0.00170087 -0.00771517 0.25547838
v 0.00149800 -0.00745753 0.25550583
v 0.00138131 -0.00734550 0.25551955
v 0.00125684 -0.00724604 0.25553304
v 0.00112649 -0.00715975 0.25554615
v 0.00099002 -0.00708581 0.25555924
v 0.00084475 -0.00702305 0.25557316
v 0.00069192 -0.00697284 0.25558781
v 0.00037043 -0.00691464 0.25561862
v 0.00053318 -0.00693640 0.25560302
v 0.00004113 -0.00691697 0.25565017
v -0.00012115 -0.00694100 0.25566572
v -0.00027910 -0.00697959 0.25568086
v -0.00057489 -0.00709633 0.25570920
v -0.00071015 -0.00717196 0.25572221
v -0.00083973 -0.00726027 0.25573539
v -0.00096314 -0.00736168 0.25574893
v -0.00107848 -0.00747555 0.25576267
v -0.00118395 -0.00760086 0.25577644
v -0.00127791 -0.00773627 0.25579007
v -0.00135901 -0.00788013 0.25580338
v -0.00142621 -0.00803055 0.25581618
v -0.00147883 -0.00818552 0.25582833
v -0.00153962 -0.00850074 0.25585014
v -0.00151660 -0.00834293 0.25583969
v -0.00154333 -0.00881249 0.25586849
v -0.00152419 -0.00897002 0.25587752
v -0.00149038 -0.00912777 0.25588662
v -0.00137826 -0.00943575 0.25590451
v -0.00110716 -0.00984859 0.25592886
v -0.00087231 -0.01007142 0.25594228
v -0.00099404 -0.00996609 0.25593590
v -0.00074385 -0.01016379 0.25594793
v -0.00061018 -0.01024305 0.25595292
v -0.00046828 -0.01031110 0.25595802
v -0.00031814 -0.01036723 0.25596341
v 0.00000051 -0.01043870 0.25597485
v -0.00016128 -0.01041011 0.25596904
v 0.00033080 -0.01045046 0.25598672
v 0.00016525 -0.01045226 0.25598077
v 0.00049503 -0.01043332 0.25599262
v 0.00065584 -0.01040131 0.25599839
v 0.00081128 -0.01035521 0.25600398
v 0.00095961 -0.01029616 0.25600931
v 0.00109939 -0.01022553 0.25601433
v 0.00135880 -0.01004786 0.25602525
v 0.00123175 -0.01014332 0.25601942
v 0.00147868 -0.00993960 0.25603179
v 0.00158951 -0.00981939 0.25603898
v 0.00168957 -0.00968842 0.25604675
v 0.00177737 -0.00954822 0.25605501
v 0.00185169 -0.00940056 0.25606365
v 0.00191170 -0.00924742 0.25607255
v 0.00195691 -0.00909086 0.25608161
v 0.00198725 -0.00893298 0.25609070
v 0.00200302 -0.00877579 0.25609970
v 0.00200481 -0.00862059 0.25610862
v 0.00196635 -0.00830591 0.25612899
v 0.00199280 -0.00846381 0.25611832
v 0.00192509 -0.00814888 0.25614055
v 0.00179847 -0.00784573 0.25616580
v 0.00171425 -0.00770369 0.25617920
v 0.00161746 -0.00757052 0.25619288
v 0.00139212 -0.00733676 0.25622037
v 0.00150952 -0.00744778 0.25620666
v 0.00126709 -0.00723837 0.25623383
v 0.00113634 -0.00715319 0.25624691
v 0.00099916 -0.00708016 0.25626006
v 0.00085320 -0.00701839 0.25627404
v 0.00069982 -0.00696928 0.25628874
v 0.00054067 -0.00693403 0.25630399
v 0.00037767 -0.00691351 0.25631961
v 0.00021288 -0.00690825 0.25633540
v -0.00011358 -0.00694366 0.25636668
v -0.00027108 -0.00698342 0.25638178
v -0.00042228 -0.00703669 0.25639627
v -0.00056558 -0.00710219 0.25641000
v -0.00070022 -0.00717878 0.25642298
v -0.00082936 -0.00726819 0.25643619
v -0.00095218 -0.00737067 0.25644975
v -0.00106676 -0.00748553 0.25646350
v -0.00117133 -0.00761173 0.25647727
v -0.00126428 -0.00774791 0.25649088
v -0.00152758 -0.00866983 0.25656004
v -0.00149820 -0.00835604 0.25654028
v -0.00152001 -0.00851379 0.25655065
v -0.00150109 -0.00898312 0.25657797
v -0.00146604 -0.00914081 0.25658706
v -0.00141610 -0.00929650 0.25659608
v -0.00135148 -0.00944813 0.25660492
v -0.00127277 -0.00959362 0.25661345
v -0.00118094 -0.00973107 0.25662156
v -0.00107728 -0.00985878 0.25662916
v -0.00096338 -0.00997531 0.25663614
v -0.00084102 -0.01007958 0.25664246
v -0.00071209 -0.01017086 0.25664806
v -0.00057789 -0.01024912 0.25665302
v -0.00043525 -0.01031623 0.25665814
v -0.00028449 -0.01037131 0.25666356
v -0.00012715 -0.01041304 0.25666921
v 0.00019985 -0.01045270 0.25668095
v 0.00003496 -0.01044040 0.25667503
v 0.00052940 -0.01043122 0.25669279
v 0.00068983 -0.01039800 0.25669855
v 0.00084474 -0.01035079 0.25670412
v 0.00099242 -0.01029072 0.25670942
v 0.00113143 -0.01021920 0.25671442
v 0.00138991 -0.01003935 0.25672546
v 0.00126338 -0.01013590 0.25671957
v 0.00150911 -0.00993007 0.25673205
v 0.00161911 -0.00980891 0.25673929
v 0.00171821 -0.00967712 0.25674711
v 0.00180493 -0.00953622 0.25675540
v 0.00187809 -0.00938803 0.25676407
v 0.00193688 -0.00923453 0.25677299
v 0.00198086 -0.00907779 0.25678206
v 0.00200997 -0.00891989 0.25679114
v 0.00202455 -0.00876284 0.25680013
v 0.00202522 -0.00860767 0.25680907
v 0.00198436 -0.00829282 0.25682961
v 0.00201203 -0.00845073 0.25681886
v 0.00194186 -0.00813596 0.25684123
v 0.00162977 -0.00755992 0.25689371
v 0.00172755 -0.00769229 0.25688001
v 0.00181286 -0.00783365 0.25686659
v 0.00140288 -0.00732810 0.25692119
v 0.00152099 -0.00743811 0.25690749
v 0.00114616 -0.00714672 0.25694766
v 0.00127730 -0.00723080 0.25693462
v 0.00086160 -0.00701381 0.25697493
v 0.00100824 -0.00707458 0.25696088
v 0.00022006 -0.00690851 0.25703640
v 0.00054814 -0.00693176 0.25700496
v 0.00038491 -0.00691249 0.25702061
v -0.00010597 -0.00694642 0.25706765
v -0.00026302 -0.00698734 0.25708270
v -0.00041362 -0.00704167 0.25709713
v -0.00055620 -0.00710813 0.25711079
v -0.00069026 -0.00718569 0.25712375
v -0.00094115 -0.00737974 0.25715058
v -0.00081895 -0.00727621 0.25713699
v -0.00105498 -0.00749558 0.25716434
v -0.00115864 -0.00762267 0.25717810
v -0.00125055 -0.00775960 0.25719169
v -0.00139422 -0.00805601 0.25721763
v -0.00132941 -0.00790468 0.25720492
v -0.00147970 -0.00836915 0.25724087
v -0.00144439 -0.00821152 0.25722965
v -0.00147788 -0.00899623 0.25727841
v -0.00144159 -0.00915383 0.25728750
v -0.00139043 -0.00930927 0.25729651
v -0.00132461 -0.00946046 0.25730533
v -0.00124477 -0.00960536 0.25731383
v -0.00115190 -0.00974206 0.25732190
v -0.00104733 -0.00986889 0.25732945
v -0.00093266 -0.00998444 0.25733638
v -0.00080968 -0.01008765 0.25734264
v -0.00068029 -0.01017784 0.25734818
v -0.00009299 -0.01041587 0.25736937
v -0.00025080 -0.01037529 0.25736371
v 0.00056374 -0.01042902 0.25739296
v 0.00072379 -0.01039460 0.25739871
v 0.00087816 -0.01034628 0.25740426
v 0.00116341 -0.01021280 0.25741450
v 0.00129498 -0.01012839 0.25741972
v 0.00142097 -0.01003076 0.25742567
v 0.00153947 -0.00992045 0.25743232
v 0.00164863 -0.00979836 0.25743961
v 0.00174676 -0.00966575 0.25744747
v 0.00183239 -0.00952418 0.25745579
v 0.00196196 -0.00922162 0.25747343
v 0.00190439 -0.00937547 0.25746449
v 0.00203260 -0.00890680 0.25749158
v 0.00204600 -0.00874990 0.25750056
v 0.00204553 -0.00859473 0.25750953
v 0.00203116 -0.00843764 0.25751940
v 0.00200226 -0.00827974 0.25753023
v 0.00190002 -0.00796966 0.25755435
v 0.00195854 -0.00812305 0.25754192
v 0.00182715 -0.00782163 0.25756737
v 0.00174076 -0.00768094 0.25758083
v 0.00153239 -0.00742852 0.25760832
v 0.00164201 -0.00754939 0.25759454
v 0.00128748 -0.00722332 0.25763541
v 0.00141359 -0.00731954 0.25762200
v 0.00115595 -0.00714034 0.25764841
v 0.00101725 -0.00706909 0.25766170
v 0.00086996 -0.00700933 0.25767581
v 0.00071550 -0.00696245 0.25769062
v 0.00039213 -0.00691157 0.25772160
v 0.00055558 -0.00692959 0.25770594
v 0.00006305 -0.00692155 0.25775314
v 0.00022724 -0.00690887 0.25773740
v -0.00025492 -0.00699136 0.25778361
v -0.00009834 -0.00694928 0.25776860
v -0.00040491 -0.00704675 0.25779798
v -0.00054676 -0.00711414 0.25781157
v -0.00068027 -0.00719270 0.25782452
v -0.00080849 -0.00728431 0.25783780
v -0.00093007 -0.00738889 0.25785140
v -0.00114586 -0.00763368 0.25787892
v -0.00104312 -0.00750572 0.25786517
v -0.00123674 -0.00777135 0.25789249
v -0.00131446 -0.00791703 0.25790568
v -0.00137808 -0.00806878 0.25791834
v -0.00148578 -0.00869546 0.25796088
v -0.00148050 -0.00853985 0.25795166
v -0.00147732 -0.00885157 0.25796979
v -0.00145456 -0.00900934 0.25797885
v -0.00141705 -0.00916683 0.25798794
v -0.00129764 -0.00947274 0.25800573
v -0.00136465 -0.00932200 0.25799694
v -0.00112278 -0.00975298 0.25802224
v -0.00121668 -0.00961703 0.25801420
v -0.00101731 -0.00987892 0.25802974
v -0.00090188 -0.00999348 0.25803662
v -0.00077829 -0.01009564 0.25804282
v -0.00064846 -0.01018472 0.25804829
v -0.00005880 -0.01041860 0.25806954
v -0.00021706 -0.01037919 0.25806386
v 0.00026906 -0.01045325 0.25808132
v 0.00010392 -0.01044350 0.25807539
v 0.00059806 -0.01042672 0.25809314
v 0.00043449 -0.01044761 0.25808726
v 0.00091152 -0.01034168 0.25810440
v 0.00075770 -0.01039111 0.25809887
v 0.00119536 -0.01020630 0.25811460
v 0.00132654 -0.01012079 0.25811987
v 0.00145198 -0.01002208 0.25812588
v 0.00167808 -0.00978774 0.25813993
v 0.00156978 -0.00991076 0.25813259
v 0.00177522 -0.00965432 0.25814783
v 0.00185977 -0.00951209 0.25815619
v 0.00193059 -0.00936288 0.25816491
v 0.00198694 -0.00920869 0.25817387
v 0.00202845 -0.00905161 0.25818294
v 0.00205512 -0.00889372 0.25819202
v 0.00029254 -0.01098753 0.25812585
v 0.00007958 -0.01268072 0.25812936
v 0.00052727 -0.01097622 0.25811539
v 0.00092978 -0.01268072 0.25808133
v 0.00075744 -0.01094281 0.25809842
v 0.00160967 -0.01059803 0.25797670
v 0.00141232 -0.01071371 0.25801325
v 0.00177006 -0.01268072 0.25794319
v 0.00120328 -0.01081049 0.25804643
v 0.00098311 -0.01088756 0.25807527
v 0.00093026 -0.01090258 0.25808127
v 0.00247597 -0.00956653 0.25775399
v 0.00237725 -0.00977035 0.25778465
v 0.00259089 -0.01268072 0.25771652
v 0.00225788 -0.00996481 0.25781986
v 0.00212063 -0.01014552 0.25785787
v 0.00196654 -0.01031168 0.25789744
v 0.00179542 -0.01046334 0.25793758
v 0.00177080 -0.01048283 0.25794303
v 0.00264493 -0.00845314 0.25769824
v 0.00265641 -0.00868122 0.25769430
v 0.00338298 -0.00548072 0.25740389
v 0.00264500 -0.00890760 0.25769822
v 0.00261088 -0.00913231 0.25770981
v 0.00338298 -0.01268072 0.25740389
v 0.00259341 -0.00921095 0.25771568
v 0.00255402 -0.00935377 0.25772875
v 0.00237692 -0.00759052 0.25778474
v 0.00247639 -0.00779590 0.25775385
v 0.00259089 -0.00548072 0.25771652
v 0.00196678 -0.00705000 0.25789738
v 0.00212188 -0.00721743 0.25785754
v 0.00225853 -0.00739760 0.25781967
v 0.00255434 -0.00800870 0.25772865
v 0.00259335 -0.00815026 0.25771570
v 0.00261060 -0.00822774 0.25770991
v 0.00075901 -0.00641895 0.25809828
v 0.00093026 -0.00645887 0.25808127
v 0.00092978 -0.00548072 0.25808133
v 0.00098449 -0.00647430 0.25807511
v 0.00177006 -0.00548072 0.25794319
v 0.00120264 -0.00655070 0.25804652
v 0.00141320 -0.00664820 0.25801310
v 0.00161138 -0.00676455 0.25797636
v 0.00177080 -0.00687862 0.25794303
v 0.00179586 -0.00689846 0.25793748
v 0.00007958 -0.00548072 0.25812936
v 0.00007954 -0.00638322 0.25812936
v 0.00029233 -0.00637392 0.25812585
v 0.00052645 -0.00638515 0.25811544
v -0.00062076 -0.00655073 0.25810089
v -0.00040170 -0.00647444 0.25811641
v -0.00077090 -0.00548072 0.25808675
v -0.00017488 -0.00641898 0.25812612
v 0.00005837 -0.00638516 0.25812940
v -0.00154922 -0.00721704 0.25796710
v -0.00139166 -0.00704935 0.25799769
v -0.00161204 -0.00548072 0.25795398
v -0.00121934 -0.00689847 0.25802740
v -0.00103290 -0.00676456 0.25805522
v -0.00083210 -0.00664781 0.25808017
v -0.00077184 -0.00661761 0.25808665
v -0.00190903 -0.00956687 0.25788481
v -0.00198848 -0.00935412 0.25786426
v -0.00243431 -0.01268072 0.25773256
v -0.00180894 -0.00977008 0.25790945
v -0.00204639 -0.00913271 0.25784873
v -0.00208114 -0.00890845 0.25783920
v -0.00209285 -0.00868212 0.25783594
v -0.00208122 -0.00845382 0.25783917
v -0.00204637 -0.00822860 0.25784874
v -0.00243431 -0.00548072 0.25773256
v -0.00198908 -0.00800924 0.25786410
v -0.00190950 -0.00779567 0.25788469
v -0.00180850 -0.00759056 0.25790956
v -0.00168832 -0.00739776 0.25793735
v -0.00161417 -0.00729687 0.25795353
v -0.00121998 -0.01046248 0.25802730
v -0.00139238 -0.01031141 0.25799755
v -0.00161204 -0.01268072 0.25795398
v -0.00103175 -0.01059763 0.25805537
v -0.00154848 -0.01014527 0.25796725
v -0.00161419 -0.01006455 0.25795353
v -0.00168823 -0.00996383 0.25793738
v 0.00007954 -0.01097823 0.25812936
v 0.00005794 -0.01097625 0.25812940
v -0.00077090 -0.01268072 0.25808675
v -0.00017296 -0.01094285 0.25812618
v -0.00040019 -0.01088745 0.25811649
v -0.00062152 -0.01081041 0.25810083
v -0.00077184 -0.01074385 0.25808666
v -0.00083203 -0.01071368 0.25808018
v -0.00791836 -0.00548072 0.25079313
v -0.00794239 -0.00548072 0.25036788
v -0.00794239 -0.01268072 0.25036788
v -0.00794375 -0.01268072 0.24994196
v -0.00791836 -0.01268072 0.25079313
v -0.00780265 -0.01268072 0.25163679
v -0.00780265 -0.00548072 0.25163679
v -0.00759791 -0.01268072 0.25246337
v -0.00759791 -0.00548072 0.25246337
v -0.00730648 -0.01268072 0.25326350
v -0.00730648 -0.00548072 0.25326350
v -0.00693164 -0.01268072 0.25402812
v -0.00693164 -0.00548072 0.25402812
v -0.00647766 -0.01268072 0.25474857
v -0.00647766 -0.00548072 0.25474857
v -0.00594967 -0.01268072 0.25541668
v -0.00594967 -0.00548072 0.25541668
v -0.00535365 -0.01268072 0.25602488
v -0.00535365 -0.00548072 0.25602488
v -0.00469637 -0.01268072 0.25656629
v -0.00469637 -0.00548072 0.25656629
v -0.00398526 -0.01268072 0.25703476
v -0.00398526 -0.00548072 0.25703476
v -0.00322838 -0.01268072 0.25742499
v -0.00322838 -0.00548072 0.25742499
v -0.00794375 -0.00548072 0.24994196
v -0.00787852 -0.00548072 0.24909291
v -0.00787852 -0.01268072 0.24909291
v -0.00772340 -0.00548072 0.24825560
v -0.00772340 -0.01268072 0.24825560
v -0.00748017 -0.00548072 0.24743952
v -0.00748017 -0.01268072 0.24743952
v -0.00715157 -0.00548072 0.24665392
v -0.00715157 -0.01268072 0.24665392
v -0.00674133 -0.00548072 0.24590770
v -0.00674133 -0.01268072 0.24590770
v -0.00625409 -0.00548072 0.24520931
v -0.00625409 -0.01268072 0.24520931
v -0.00569538 -0.00548072 0.24456667
v -0.00569538 -0.01268072 0.24456667
v -0.00507152 -0.00548072 0.24398705
v -0.00507152 -0.01268072 0.24398705
v -0.00438960 -0.00548072 0.24347704
v -0.00438960 -0.01268072 0.24347704
v -0.00365732 -0.00548072 0.24304239
v -0.00365732 -0.01268072 0.24304239
v -0.00288299 -0.00548072 0.24268805
v -0.00288299 -0.01268072 0.24268805
v -0.00207538 -0.00548072 0.24241801
v -0.00207538 -0.01268072 0.24241801
v -0.00124365 -0.00548072 0.24223536
v -0.00124365 -0.01268072 0.24223536
v -0.00039721 -0.00548072 0.24214214
v -0.00039721 -0.01268072 0.24214214
v 0.00045434 -0.00548072 0.24213942
v 0.00045434 -0.01268072 0.24213942
v 0.00130135 -0.00548072 0.24222723
v 0.00130135 -0.01268072 0.24222723
v 0.00213424 -0.00548072 0.24240458
v 0.00213424 -0.01268072 0.24240458
v 0.00294355 -0.00548072 0.24266945
v 0.00294355 -0.01268072 0.24266945
v 0.00372012 -0.00548072 0.24301885
v 0.00372012 -0.01268072 0.24301885
v 0.00445516 -0.00548072 0.24344881
v 0.00445516 -0.01268072 0.24344881
v 0.00514033 -0.00548072 0.24395447
v 0.00514033 -0.01268072 0.24395447
v 0.00576787 -0.00548072 0.24453009
v 0.00576787 -0.01268072 0.24453009
v 0.00633067 -0.00548072 0.24516915
v 0.00633067 -0.01268072 0.24516915
v 0.00682236 -0.00548072 0.24586441
v 0.00682236 -0.01268072 0.24586441
v 0.00723735 -0.00548072 0.24660800
v 0.00723735 -0.01268072 0.24660800
v 0.00757096 -0.00548072 0.24739149
v 0.00757096 -0.01268072 0.24739149
v 0.00781940 -0.00548072 0.24820600
v 0.00781940 -0.01268072 0.24820600
v 0.00797985 -0.00548072 0.24904230
v 0.00797985 -0.01268072 0.24904230
v 0.00805050 -0.00548072 0.24989092
v 0.00805050 -0.01268072 0.24989092
v 0.00803055 -0.00548072 0.25074224
v 0.00803055 -0.01268072 0.25074224
v 0.00792022 -0.00548072 0.25158662
v 0.00792022 -0.01268072 0.25158662
v 0.00772076 -0.00548072 0.25241448
v 0.00772076 -0.01268072 0.25241448
v 0.00743444 -0.00548072 0.25321646
v 0.00743444 -0.01268072 0.25321646
v 0.00706449 -0.00548072 0.25398346
v 0.00706449 -0.01268072 0.25398346
v 0.00661512 -0.00548072 0.25470679
v 0.00661512 -0.01268072 0.25470679
v 0.00609140 -0.00548072 0.25537825
v 0.00609140 -0.01268072 0.25537825
v 0.00549928 -0.00548072 0.25599025
v 0.00549928 -0.01268072 0.25599025
v 0.00484546 -0.00548072 0.25653584
v 0.00484546 -0.01268072 0.25653584
v 0.00413736 -0.00548072 0.25700884
v 0.00413736 -0.01268072 0.25700884
v 0.00155362 -0.01053213 0.25383768
v 0.00162734 -0.01046126 0.25380700
v 0.00162577 -0.01228072 0.25380768
v -0.00012582 -0.01228072 0.25412535
v -0.00004503 -0.01106869 0.25412817
v 0.00017330 -0.01228072 0.25412762
v 0.00017330 -0.01108072 0.25412762
v 0.00047175 -0.01228072 0.25410753
v -0.00071938 -0.01228072 0.25405391
v -0.00047172 -0.01097388 0.25409470
v -0.00042394 -0.01228072 0.25410074
v -0.00026201 -0.01103259 0.25411689
v -0.00012628 -0.01105802 0.25412533
v -0.00129566 -0.01228072 0.25389481
v -0.00129727 -0.01046126 0.25389423
v -0.00122234 -0.01053169 0.25392029
v -0.00105245 -0.01067001 0.25397331
v -0.00086949 -0.01079103 0.25402132
v -0.00101050 -0.01228072 0.25398514
v -0.00072025 -0.01087150 0.25405374
v -0.00067430 -0.01089329 0.25406253
v -0.00184179 -0.01228072 0.25365158
v -0.00184286 -0.00963723 0.25365101
v -0.00176112 -0.00981939 0.25369383
v -0.00165023 -0.01001854 0.25374816
v -0.00152309 -0.01020400 0.25380535
v -0.00137959 -0.01037607 0.25386365
v -0.00157328 -0.01228072 0.25378341
v -0.00198156 -0.00819868 0.25357270
v -0.00201535 -0.00843688 0.25355250
v -0.00234557 -0.00508072 0.25332968
v -0.00202685 -0.00867661 0.25354552
v -0.00201617 -0.00891566 0.25355200
v -0.00234557 -0.01228072 0.25332968
v -0.00198324 -0.00915385 0.25357170
v -0.00192901 -0.00938507 0.25360322
v -0.00185481 -0.00960691 0.25364454
v -0.00209970 -0.01228072 0.25350006
v -0.00164808 -0.00733945 0.25374917
v -0.00175941 -0.00753864 0.25369470
v -0.00184179 -0.00508072 0.25365158
v -0.00184272 -0.00772387 0.25365108
v -0.00209970 -0.00508072 0.25350006
v -0.00185296 -0.00774976 0.25364555
v -0.00192709 -0.00796963 0.25360432
v -0.00104980 -0.00668949 0.25397407
v -0.00129566 -0.00508072 0.25389481
v -0.00086701 -0.00656896 0.25402191
v -0.00101050 -0.00508072 0.25398514
v -0.00072028 -0.00648996 0.25405373
v -0.00071938 -0.00508072 0.25405391
v -0.00067176 -0.00646699 0.25406300
v -0.00122039 -0.00682801 0.25392094
v -0.00129729 -0.00690021 0.25389422
v -0.00157328 -0.00508072 0.25378341
v -0.00137851 -0.00698420 0.25386407
v -0.00152112 -0.00715485 0.25380620
v 0.00047175 -0.00508072 0.25410753
v 0.00039837 -0.00629356 0.25411455
v 0.00017330 -0.00508072 0.25412762
v 0.00017879 -0.00628073 0.25412746
v -0.00012582 -0.00508072 0.25412535
v -0.00004133 -0.00629236 0.25412826
v -0.00012629 -0.00630343 0.25412533
v -0.00042394 -0.00508072 0.25410074
v -0.00025830 -0.00632804 0.25411719
v -0.00046838 -0.00638644 0.25409514
v 0.00106000 -0.00508072 0.25400085
v 0.00081969 -0.00638911 0.25405544
v 0.00076787 -0.00508072 0.25406519
v 0.00061216 -0.00632998 0.25409027
v 0.00047219 -0.00630342 0.25410749
v 0.00162577 -0.00508072 0.25380768
v 0.00162735 -0.00690019 0.25380700
v 0.00155694 -0.00683237 0.25383633
v 0.00139069 -0.00669371 0.25389947
v 0.00121229 -0.00657307 0.25395804
v 0.00134650 -0.00508072 0.25391485
v 0.00106078 -0.00648991 0.25400064
v 0.00102109 -0.00647077 0.25401075
v 0.00215643 -0.00508072 0.25353234
v 0.00215752 -0.00772436 0.25353167
v 0.00208000 -0.00754533 0.25357840
v 0.00197248 -0.00734542 0.25363934
v 0.00184943 -0.00716013 0.25370384
v 0.00171086 -0.00698892 0.25377014
v 0.00189625 -0.00508072 0.25367994
v 0.00229122 -0.00916294 0.25344528
v 0.00232354 -0.00892716 0.25342325
v 0.00264013 -0.01228072 0.25318099
v 0.00233484 -0.00868586 0.25341543
v 0.00232466 -0.00844679 0.25342248
v 0.00264013 -0.00508072 0.25318099
v 0.00229337 -0.00821040 0.25344384
v 0.00224118 -0.00797844 0.25347850
v 0.00216985 -0.00775680 0.25352401
v 0.00240486 -0.00508072 0.25336572
v 0.00189625 -0.01228072 0.25367994
v 0.00170719 -0.01037664 0.25377181
v 0.00215643 -0.01228072 0.25353234
v 0.00184653 -0.01020527 0.25370530
v 0.00196955 -0.01002090 0.25364094
v 0.00207658 -0.00982320 0.25358040
v 0.00215734 -0.00963757 0.25353178
v 0.00240486 -0.01228072 0.25336572
v 0.00216725 -0.00961162 0.25352564
v 0.00223900 -0.00939096 0.25347993
v 0.00081483 -0.01097401 0.25405639
v 0.00106000 -0.01228072 0.25400085
v 0.00060515 -0.01103304 0.25409126
v 0.00076787 -0.01228072 0.25406519
v 0.00047221 -0.01105803 0.25410749
v 0.00039002 -0.01106882 0.25411527
v 0.00101531 -0.01089338 0.25401218
v 0.00106086 -0.01087150 0.25400062
v 0.00134650 -0.01228072 0.25391485
v 0.00120695 -0.01079160 0.25395965
v 0.00138706 -0.01067047 0.25390075
v -0.00257802 -0.00508072 0.25314141
v -0.00257802 -0.01228072 0.25314141
v -0.00279574 -0.00508072 0.25293629
v -0.00279574 -0.01228072 0.25293629
v -0.00299753 -0.00508072 0.25271548
v -0.00299753 -0.01228072 0.25271548
v -0.00318226 -0.00508072 0.25248020
v -0.00318226 -0.01228072 0.25248020
v -0.00334889 -0.00508072 0.25223178
v -0.00334889 -0.01228072 0.25223178
v -0.00349648 -0.00508072 0.25197160
v -0.00349648 -0.01228072 0.25197160
v -0.00362422 -0.00508072 0.25170111
v -0.00362422 -0.01228072 0.25170111
v -0.00373139 -0.00508072 0.25142184
v -0.00373139 -0.01228072 0.25142184
v -0.00381739 -0.00508072 0.25113534
v -0.00381739 -0.01228072 0.25113534
v -0.00388174 -0.00508072 0.25084321
v -0.00388174 -0.01228072 0.25084321
v -0.00392408 -0.00508072 0.25054710
v -0.00392408 -0.01228072 0.25054710
v -0.00394417 -0.00508072 0.25024864
v -0.00394417 -0.01228072 0.25024864
v -0.00394190 -0.00508072 0.24994952
v -0.00394190 -0.01228072 0.24994952
v -0.00391728 -0.00508072 0.24965141
v -0.00391728 -0.01228072 0.24965141
v -0.00387046 -0.00508072 0.24935596
v -0.00387046 -0.01228072 0.24935596
v -0.00380168 -0.00508072 0.24906485
v -0.00380168 -0.01228072 0.24906485
v -0.00371135 -0.00508072 0.24877969
v -0.00371135 -0.01228072 0.24877969
v -0.00359996 -0.00508072 0.24850207
v -0.00359996 -0.01228072 0.24850207
v -0.00346813 -0.00508072 0.24823356
v -0.00346813 -0.01228072 0.24823356
v -0.00331660 -0.00508072 0.24797564
v -0.00331660 -0.01228072 0.24797564
v -0.00314623 -0.00508072 0.24772978
v -0.00314623 -0.01228072 0.24772978
v -0.00295795 -0.00508072 0.24749733
v -0.00295795 -0.01228072 0.24749733
v -0.00275284 -0.00508072 0.24727960
v -0.00275284 -0.01228072 0.24727960
v -0.00253202 -0.00508072 0.24707781
v -0.00253202 -0.01228072 0.24707781
v -0.00229674 -0.00508072 0.24689309
v -0.00229674 -0.01228072 0.24689309
v -0.00204832 -0.00508072 0.24672646
v -0.00204832 -0.01228072 0.24672646
v -0.00178814 -0.00508072 0.24657886
v -0.00178814 -0.01228072 0.24657886
v -0.00151766 -0.00508072 0.24645112
v -0.00151766 -0.01228072 0.24645112
v -0.00123838 -0.00508072 0.24634396
v -0.00123838 -0.01228072 0.24634396
v -0.00095188 -0.00508072 0.24625796
v -0.00095188 -0.01228072 0.24625796
v -0.00065976 -0.00508072 0.24619361
v -0.00065976 -0.01228072 0.24619361
v -0.00036364 -0.00508072 0.24615127
v -0.00036364 -0.01228072 0.24615127
v -0.00006519 -0.00508072 0.24613118
v -0.00006519 -0.01228072 0.24613118
v 0.00023394 -0.00508072 0.24613345
v 0.00023394 -0.01228072 0.24613345
v 0.00053205 -0.00508072 0.24615806
v 0.00053205 -0.01228072 0.24615806
v 0.00082749 -0.00508072 0.24620489
v 0.00082749 -0.01228072 0.24620489
v 0.00111861 -0.00508072 0.24627366
v 0.00111861 -0.01228072 0.24627366
v 0.00140377 -0.00508072 0.24636400
v 0.00140377 -0.01228072 0.24636400
v 0.00168139 -0.00508072 0.24647539
v 0.00168139 -0.01228072 0.24647539
v 0.00194990 -0.00508072 0.24660722
v 0.00194990 -0.01228072 0.24660722
v 0.00220781 -0.00508072 0.24675874
v 0.00220781 -0.01228072 0.24675874
v 0.00245368 -0.00508072 0.24692912
v 0.00245368 -0.01228072 0.24692912
v 0.00268613 -0.00508072 0.24711739
v 0.00268613 -0.01228072 0.24711739
v 0.00290386 -0.00508072 0.24732251
v 0.00290386 -0.01228072 0.24732251
v 0.00310565 -0.00508072 0.24754332
v 0.00310565 -0.01228072 0.24754332
v 0.00329037 -0.00508072 0.24777860
v 0.00329037 -0.01228072 0.24777860
v 0.00345700 -0.00508072 0.24802702
v 0.00345700 -0.01228072 0.24802702
v 0.00360459 -0.00508072 0.24828720
v 0.00360459 -0.01228072 0.24828720
v 0.00373233 -0.00508072 0.24855769
v 0.00373233 -0.01228072 0.24855769
v 0.00383950 -0.00508072 0.24883696
v 0.00383950 -0.01228072 0.24883696
v 0.00392550 -0.00508072 0.24912346
v 0.00392550 -0.01228072 0.24912346
v 0.00398985 -0.00508072 0.24941559
v 0.00398985 -0.01228072 0.24941559
v 0.00403219 -0.00508072 0.24971171
v 0.00403219 -0.01228072 0.24971171
v 0.00405228 -0.00508072 0.25001016
v 0.00405228 -0.01228072 0.25001016
v 0.00405001 -0.00508072 0.25030928
v 0.00405001 -0.01228072 0.25030928
v 0.00402539 -0.00508072 0.25060740
v 0.00402539 -0.01228072 0.25060740
v 0.00397857 -0.00508072 0.25090284
v 0.00397857 -0.01228072 0.25090284
v 0.00390980 -0.00508072 0.25119395
v 0.00390980 -0.01228072 0.25119395
v 0.00381946 -0.00508072 0.25147912
v 0.00381946 -0.01228072 0.25147912
v 0.00370807 -0.00508072 0.25175673
v 0.00370807 -0.01228072 0.25175673
v 0.00357624 -0.00508072 0.25202525
v 0.00357624 -0.01228072 0.25202525
v 0.00342471 -0.00508072 0.25228316
v 0.00342471 -0.01228072 0.25228316
v 0.00325434 -0.00508072 0.25252902
v 0.00325434 -0.01228072 0.25252902
v 0.00306607 -0.00508072 0.25276147
v 0.00306607 -0.01228072 0.25276147
v 0.00286095 -0.00508072 0.25297920
v 0.00286095 -0.01228072 0.25297920
v 0.00495476 -0.00468072 0.25540416
v 0.00289874 -0.00468072 0.25348615
v 0.00436632 -0.00468072 0.25589519
v 0.00263994 -0.00468072 0.25368935
v 0.00372903 -0.00468072 0.25632090
v 0.00236667 -0.00468072 0.25387264
v 0.00305009 -0.00468072 0.25667644
v -0.00218547 -0.00468072 0.25697225
v -0.00143063 -0.00468072 0.25427135
v -0.00290013 -0.00468072 0.25669543
v -0.00173601 -0.00468072 0.25414881
v -0.00358132 -0.00468072 0.25634422
v -0.00203137 -0.00468072 0.25400380
v -0.00231508 -0.00468072 0.25383712
v -0.00422132 -0.00468072 0.25592260
v -0.00258553 -0.00468072 0.25364971
v -0.00481288 -0.00468072 0.25543533
v -0.00683271 -0.00468072 0.25222997
v -0.00420453 -0.00468072 0.25123594
v -0.00701698 -0.00468072 0.25148605
v -0.00427532 -0.00468072 0.25091460
v -0.00712112 -0.00468072 0.25072676
v -0.00432189 -0.00468072 0.25058887
v -0.00714274 -0.00468072 0.25034404
v -0.00434399 -0.00468072 0.25026057
v -0.00714397 -0.00468072 0.24996070
v -0.00434149 -0.00468072 0.24993153
v -0.00708526 -0.00468072 0.24919655
v -0.00431442 -0.00468072 0.24960361
v -0.00694566 -0.00468072 0.24844298
v 0.00669640 -0.00468072 0.25290775
v 0.00407347 -0.00468072 0.25191947
v 0.00636345 -0.00468072 0.25359805
v 0.00392846 -0.00468072 0.25221483
v 0.00595901 -0.00468072 0.25424905
v 0.00208047 -0.00468072 0.25403499
v 0.00178294 -0.00468072 0.25417551
v 0.00233721 -0.00468072 0.25695781
v 0.00147574 -0.00468072 0.25429339
v 0.00159846 -0.00468072 0.25716181
v -0.00623307 -0.00468072 0.25363825
v -0.00385153 -0.00468072 0.25215582
v -0.00657042 -0.00468072 0.25295009
v -0.00399205 -0.00468072 0.25185829
v -0.00410993 -0.00468072 0.25155109
v -0.00426291 -0.00468072 0.24927862
v -0.00418726 -0.00468072 0.24895839
v -0.00672675 -0.00468072 0.24770851
v -0.00408789 -0.00468072 0.24864471
v -0.00643101 -0.00468072 0.24700147
v -0.00394523 -0.00468072 0.24414227
v -0.00225856 -0.00468072 0.24638617
v -0.00328618 -0.00468072 0.24375109
v -0.00197236 -0.00468072 0.24622381
v -0.00258929 -0.00468072 0.24343218
v -0.00035209 -0.00468072 0.24294087
v -0.00007711 -0.00468072 0.24573136
v 0.00041431 -0.00468072 0.24293842
v 0.00025192 -0.00468072 0.24573385
v 0.00117662 -0.00468072 0.24301745
v 0.00718727 -0.00468072 0.24915101
v 0.00443000 -0.00468072 0.24966994
v 0.00725086 -0.00468072 0.24991477
v 0.00445210 -0.00468072 0.24999824
v 0.00723290 -0.00468072 0.25068095
v 0.00444960 -0.00468072 0.25032727
v 0.00442253 -0.00468072 0.25065520
v 0.00713360 -0.00468072 0.25144090
v 0.00437102 -0.00468072 0.25098018
v 0.00695409 -0.00468072 0.25218597
v 0.00429537 -0.00468072 0.25130041
v 0.00419600 -0.00468072 0.25161409
v 0.00007703 -0.00468072 0.25732936
v -0.00014381 -0.00468072 0.25452495
v -0.00068841 -0.00468072 0.25729102
v -0.00047174 -0.00468072 0.25449787
v -0.00144543 -0.00468072 0.25717153
v -0.00079672 -0.00468072 0.25444636
v -0.00111695 -0.00468072 0.25437072
v -0.00284122 -0.00468072 0.25344261
v -0.00308072 -0.00468072 0.25321698
v -0.00534930 -0.00468072 0.25488795
v -0.00330269 -0.00468072 0.25297409
v -0.00582449 -0.00468072 0.25428665
v -0.00350589 -0.00468072 0.25271528
v -0.00368918 -0.00468072 0.25244202
v -0.00396536 -0.00468072 0.24833934
v -0.00382034 -0.00468072 0.24804397
v -0.00606179 -0.00468072 0.24632987
v -0.00365367 -0.00468072 0.24776027
v -0.00562327 -0.00468072 0.24570132
v -0.00346625 -0.00468072 0.24748981
v -0.00512044 -0.00468072 0.24512294
v -0.00325915 -0.00468072 0.24723412
v -0.00303353 -0.00468072 0.24699462
v -0.00455897 -0.00468072 0.24460129
v -0.00279063 -0.00468072 0.24677265
v -0.00253182 -0.00468072 0.24656945
v 0.00057985 -0.00468072 0.24576093
v 0.00090484 -0.00468072 0.24581244
v 0.00192622 -0.00468072 0.24317706
v 0.00122506 -0.00468072 0.24588809
v 0.00265460 -0.00468072 0.24341545
v 0.00376178 -0.00468072 0.25249853
v 0.00357437 -0.00468072 0.25276899
v 0.00548767 -0.00468072 0.25485337
v 0.00336727 -0.00468072 0.25302468
v 0.00314164 -0.00468072 0.25326418
v 0.00116059 -0.00468072 0.25438799
v 0.00083925 -0.00468072 0.25445877
v 0.00084221 -0.00468072 0.25728613
v 0.00051352 -0.00468072 0.25450535
v 0.00018522 -0.00468072 0.25452745
v 0.00153874 -0.00468072 0.24598746
v 0.00184412 -0.00468072 0.24610999
v 0.00335352 -0.00468072 0.24372990
v 0.00213949 -0.00468072 0.24625500
v 0.00401505 -0.00468072 0.24411687
v 0.00242319 -0.00468072 0.24642168
v 0.00463170 -0.00468072 0.24457196
v -0.00167483 -0.00468072 0.24608330
v -0.00136763 -0.00468072 0.24596541
v -0.00186244 -0.00468072 0.24318915
v -0.00105248 -0.00468072 0.24587081
v -0.00111388 -0.00468072 0.24302476
v -0.00073114 -0.00468072 0.24580003
v -0.00040541 -0.00468072 0.24575346
v 0.00269364 -0.00468072 0.24660909
v 0.00294933 -0.00468072 0.24681619
v 0.00519649 -0.00468072 0.24509002
v 0.00318884 -0.00468072 0.24704182
v 0.00570301 -0.00468072 0.24566517
v 0.00341081 -0.00468072 0.24728472
v 0.00361400 -0.00468072 0.24754352
v 0.00614553 -0.00468072 0.24629091
v 0.00379729 -0.00468072 0.24781679
v 0.00651902 -0.00468072 0.24696014
v 0.00395965 -0.00468072 0.24810298
v 0.00410016 -0.00468072 0.24840052
v 0.00681927 -0.00468072 0.24766528
v 0.00421805 -0.00468072 0.24870772
v 0.00704286 -0.00468072 0.24839834
v 0.00431265 -0.00468072 0.24902287
v 0.00438343 -0.00468072 0.24934421
v -0.00253182 -0.01268072 0.24656945
v -0.00279063 -0.01268072 0.24677265
v 0.00444960 -0.01268072 0.25032727
v 0.00445210 -0.01268072 0.24999824
v 0.00341081 -0.01268072 0.24728472
v 0.00318884 -0.01268072 0.24704182
v 0.00153874 -0.01268072 0.24598746
v 0.00122506 -0.01268072 0.24588809
v 0.00090484 -0.01268072 0.24581244
v 0.00057985 -0.01268072 0.24576093
v 0.00025192 -0.01268072 0.24573385
v -0.00167483 -0.01268072 0.24608330
v -0.00197236 -0.01268072 0.24622381
v -0.00225856 -0.01268072 0.24638617
v -0.00410993 -0.01268072 0.25155109
v -0.00399205 -0.01268072 0.25185829
v 0.00018522 -0.01268072 0.25452745
v 0.00051352 -0.01268072 0.25450535
v 0.00419600 -0.01268072 0.25161409
v 0.00429537 -0.01268072 0.25130041
v 0.00437102 -0.01268072 0.25098018
v 0.00442253 -0.01268072 0.25065520
v 0.00443000 -0.01268072 0.24966994
v 0.00438343 -0.01268072 0.24934421
v 0.00431265 -0.01268072 0.24902287
v 0.00421805 -0.01268072 0.24870772
v -0.00007711 -0.01268072 0.24573136
v -0.00040541 -0.01268072 0.24575346
v -0.00073114 -0.01268072 0.24580003
v -0.00105248 -0.01268072 0.24587081
v -0.00136763 -0.01268072 0.24596541
v -0.00303353 -0.01268072 0.24699462
v -0.00325915 -0.01268072 0.24723412
v -0.00346625 -0.01268072 0.24748981
v -0.00365367 -0.01268072 0.24776027
v 0.00083925 -0.01268072 0.25445877
v 0.00116059 -0.01268072 0.25438799
v 0.00147574 -0.01268072 0.25429339
v 0.00314164 -0.01268072 0.25326418
v 0.00336727 -0.01268072 0.25302468
v 0.00410016 -0.01268072 0.24840052
v 0.00395965 -0.01268072 0.24810298
v 0.00379729 -0.01268072 0.24781679
v 0.00361400 -0.01268072 0.24754352
v 0.00294933 -0.01268072 0.24681619
v 0.00269364 -0.01268072 0.24660909
v 0.00242319 -0.01268072 0.24642168
v 0.00213949 -0.01268072 0.24625500
v 0.00184412 -0.01268072 0.24610999
v -0.00382034 -0.01268072 0.24804397
v -0.00396536 -0.01268072 0.24833934
v -0.00408789 -0.01268072 0.24864471
v -0.00418726 -0.01268072 0.24895839
v -0.00426291 -0.01268072 0.24927862
v -0.00431442 -0.01268072 0.24960361
v -0.00434149 -0.01268072 0.24993153
v -0.00434399 -0.01268072 0.25026057
v -0.00432189 -0.01268072 0.25058887
v -0.00427532 -0.01268072 0.25091460
v -0.00420453 -0.01268072 0.25123594
v 0.00178294 -0.01268072 0.25417551
v 0.00208047 -0.01268072 0.25403499
v 0.00236667 -0.01268072 0.25387264
v 0.00263994 -0.01268072 0.25368935
v 0.00289874 -0.01268072 0.25348615
v 0.00357437 -0.01268072 0.25276899
v 0.00376178 -0.01268072 0.25249853
v 0.00392846 -0.01268072 0.25221483
v 0.00407347 -0.01268072 0.25191947
v -0.00111695 -0.01268072 0.25437072
v -0.00079672 -0.01268072 0.25444636
v -0.00047174 -0.01268072 0.25449787
v -0.00014381 -0.01268072 0.25452495
v -0.00385153 -0.01268072 0.25215582
v -0.00368918 -0.01268072 0.25244202
v -0.00350589 -0.01268072 0.25271528
v -0.00330269 -0.01268072 0.25297409
v -0.00308072 -0.01268072 0.25321698
v -0.00284122 -0.01268072 0.25344261
v -0.00258553 -0.01268072 0.25364971
v -0.00231508 -0.01268072 0.25383712
v -0.00203137 -0.01268072 0.25400380
v -0.00173601 -0.01268072 0.25414881
v -0.00143063 -0.01268072 0.25427135
v 0.00008811 -0.01067095 0.25789654
v 0.00018522 -0.01068072 0.25452745
v -0.00001495 -0.01067069 0.25452686
v -0.00005255 -0.01065195 0.25789428
v -0.00015332 -0.01065193 0.25451878
v -0.00010632 -0.01064199 0.25789253
v -0.00029767 -0.01059396 0.25788225
v -0.00021394 -0.01064061 0.25451327
v -0.00038156 -0.01056646 0.25787576
v -0.00059224 -0.01052453 0.25445122
v -0.00069181 -0.01042674 0.25784120
v -0.00048319 -0.01056639 0.25447404
v -0.00066141 -0.01044330 0.25784533
v -0.00040633 -0.01059169 0.25448771
v -0.00048409 -0.01052717 0.25786618
v -0.00109548 -0.01022319 0.25429178
v -0.00122087 -0.01000208 0.25774337
v -0.00107865 -0.01023676 0.25429861
v -0.00113353 -0.01009453 0.25776295
v -0.00077142 -0.01043931 0.25440484
v -0.00079456 -0.01042670 0.25439802
v -0.00082967 -0.01034268 0.25782048
v -0.00093942 -0.01033846 0.25435103
v -0.00097433 -0.01023679 0.25779513
v -0.00098826 -0.01022551 0.25779250
v -0.00138286 -0.00979318 0.25770339
v -0.00132695 -0.01000208 0.25418662
v -0.00142417 -0.00972939 0.25769242
v -0.00137183 -0.00995012 0.25416373
v -0.00148872 -0.00979557 0.25410013
v -0.00153199 -0.00972950 0.25407509
v -0.00148461 -0.00962520 0.25767581
v -0.00123996 -0.01009351 0.25422864
v -0.00126509 -0.00995049 0.25773293
v -0.00156897 -0.00944902 0.25765150
v -0.00159068 -0.00962961 0.25403978
v -0.00157828 -0.00942647 0.25764873
v -0.00178919 -0.00910222 0.25390837
v -0.00179499 -0.00907500 0.25390424
v -0.00171406 -0.00887816 0.25760655
v -0.00182530 -0.00887651 0.25388239
v -0.00172211 -0.00876562 0.25760394
v -0.00183327 -0.00876568 0.25387656
v -0.00172393 -0.00868194 0.25760335
v -0.00167685 -0.00945254 0.25398506
v -0.00168772 -0.00942657 0.25397791
v -0.00163595 -0.00926456 0.25763124
v -0.00174510 -0.00926768 0.25393921
v -0.00167858 -0.00910212 0.25761791
v -0.00168477 -0.00907260 0.25761595
v -0.00183512 -0.00867729 0.25387520
v -0.00182453 -0.00847752 0.25388294
v -0.00171413 -0.00848400 0.25760653
v -0.00181853 -0.00842653 0.25388731
v -0.00170756 -0.00842665 0.25760865
v -0.00179345 -0.00827902 0.25390534
v -0.00168475 -0.00828873 0.25761596
v -0.00174333 -0.00808815 0.25394042
v -0.00163646 -0.00809855 0.25763109
v -0.00167514 -0.00790492 0.25398617
v -0.00156937 -0.00791338 0.25765138
v -0.00161634 -0.00778012 0.25402384
v -0.00150770 -0.00778027 0.25766929
v -0.00132833 -0.00749143 0.25771738
v -0.00138294 -0.00756839 0.25770336
v -0.00143528 -0.00749137 0.25412994
v -0.00148423 -0.00773555 0.25767592
v -0.00148674 -0.00756299 0.25410126
v -0.00158911 -0.00772899 0.25404074
v -0.00137002 -0.00740916 0.25416467
v -0.00123897 -0.00726696 0.25422910
v -0.00126571 -0.00741171 0.25773278
v -0.00120779 -0.00723685 0.25424341
v -0.00113293 -0.00726632 0.25776308
v -0.00110259 -0.00723682 0.25776956
v -0.00109368 -0.00713680 0.25429252
v -0.00098773 -0.00713551 0.25779260
v -0.00093699 -0.00702136 0.25435188
v -0.00083064 -0.00701941 0.25782032
v -0.00076914 -0.00692092 0.25440550
v -0.00066147 -0.00691818 0.25784532
v -0.00064177 -0.00685836 0.25443951
v -0.00053961 -0.00685829 0.25786024
v -0.00058990 -0.00683595 0.25445175
v -0.00040326 -0.00676882 0.25448821
v -0.00048345 -0.00683402 0.25786625
v -0.00031997 -0.00674531 0.25450070
v -0.00029895 -0.00676788 0.25788216
v -0.00021881 -0.00674527 0.25788724
v -0.00021054 -0.00672015 0.25451361
v -0.00001155 -0.00669042 0.25452698
v -0.00010793 -0.00671978 0.25789246
v 0.00001552 -0.00668793 0.25452779
v 0.00008847 -0.00669046 0.25789654
v 0.00011601 -0.00668793 0.25789659
v 0.00028545 -0.00668072 0.25789400
v 0.00019026 -0.00668073 0.25452729
v 0.00045509 -0.00668793 0.25788647
v 0.00035465 -0.00668793 0.25451768
v 0.00048253 -0.00669046 0.25788479
v 0.00067828 -0.00671976 0.25786902
v 0.00039150 -0.00669142 0.25451430
v 0.00078876 -0.00674527 0.25785719
v 0.00077746 -0.00677104 0.25445159
v 0.00110738 -0.00685829 0.25781112
v 0.00068792 -0.00674531 0.25447064
v 0.00105161 -0.00683399 0.25782048
v 0.00058738 -0.00672177 0.25448877
v 0.00086804 -0.00676775 0.25784740
v 0.00182486 -0.00741204 0.25764053
v 0.00155883 -0.00723685 0.25416090
v 0.00188619 -0.00749143 0.25762151
v 0.00159295 -0.00727089 0.25414267
v 0.00096187 -0.00683909 0.25440353
v 0.00100549 -0.00685835 0.25439039
v 0.00122877 -0.00691852 0.25778884
v 0.00113687 -0.00692434 0.25434661
v 0.00139549 -0.00701940 0.25775393
v 0.00130012 -0.00702488 0.25428316
v 0.00155066 -0.00713550 0.25771690
v 0.00145219 -0.00714043 0.25421463
v 0.00166395 -0.00723682 0.25768705
v 0.00169442 -0.00726688 0.25767862
v 0.00203932 -0.00773551 0.25757084
v 0.00177915 -0.00749137 0.25403407
v 0.00206237 -0.00778027 0.25756282
v 0.00183210 -0.00756797 0.25400024
v 0.00171964 -0.00741356 0.25407051
v 0.00193977 -0.00756825 0.25760430
v 0.00193034 -0.00773456 0.25393380
v 0.00195358 -0.00778013 0.25391737
v 0.00212295 -0.00791358 0.25754123
v 0.00201243 -0.00791079 0.25387448
v 0.00218848 -0.00809808 0.25751706
v 0.00207758 -0.00809549 0.25382481
v 0.00223578 -0.00828799 0.25749908
v 0.00212523 -0.00828879 0.25378697
v 0.00225827 -0.00842665 0.25749038
v 0.00214726 -0.00842652 0.25376903
v 0.00226464 -0.00848341 0.25748789
v 0.00215380 -0.00848578 0.25376365
v 0.00227429 -0.00868115 0.25748411
v 0.00216310 -0.00868500 0.25375596
v 0.00227251 -0.00876562 0.25748481
v 0.00216134 -0.00876568 0.25375742
v 0.00215278 -0.00888609 0.25376450
v 0.00226470 -0.00887743 0.25748787
v 0.00212327 -0.00908257 0.25378855
v 0.00223602 -0.00907225 0.25749899
v 0.00211924 -0.00910219 0.25379180
v 0.00222989 -0.00910212 0.25750135
v 0.00207558 -0.00927259 0.25382637
v 0.00218822 -0.00926425 0.25751716
v 0.00202207 -0.00942659 0.25386727
v 0.00213160 -0.00942647 0.25753809
v 0.00198037 -0.00972939 0.25759089
v 0.00203959 -0.00962543 0.25757075
v 0.00187242 -0.00972950 0.25397356
v 0.00212260 -0.00944872 0.25754136
v 0.00192722 -0.00963278 0.25393598
v 0.00201005 -0.00945647 0.25387625
v 0.00178047 -0.01000208 0.25765386
v 0.00182380 -0.00995070 0.25764086
v 0.00167439 -0.01000208 0.25409711
v 0.00193922 -0.00979402 0.25760448
v 0.00171698 -0.00995118 0.25407210
v 0.00182942 -0.00979754 0.25400198
v 0.00158960 -0.01009399 0.25414449
v 0.00144915 -0.01022356 0.25421609
v 0.00169421 -0.01009477 0.25767868
v 0.00143321 -0.01023676 0.25422370
v 0.00155029 -0.01022626 0.25771699
v 0.00153745 -0.01023679 0.25772022
v 0.00129679 -0.01033885 0.25428456
v 0.00139404 -0.01034303 0.25775426
v 0.00115555 -0.01042670 0.25433987
v 0.00125817 -0.01042674 0.25778305
v 0.00113199 -0.01043979 0.25434835
v 0.00095657 -0.01052461 0.25440508
v 0.00122802 -0.01044333 0.25778899
v 0.00084926 -0.01056640 0.25443430
v 0.00105214 -0.01052724 0.25782039
v 0.00095054 -0.01056646 0.25783603
v 0.00077301 -0.01059179 0.25445260
v 0.00058096 -0.01064099 0.25448981
v 0.00086688 -0.01059406 0.25784755
v 0.00052264 -0.01065194 0.25449863
v 0.00028562 -0.01068072 0.25789399
v 0.00048322 -0.01067092 0.25788475
v 0.00038385 -0.01067081 0.25451504
v 0.00062322 -0.01065195 0.25787413
v 0.00067695 -0.01064195 0.25786915
v -0.00000040 -0.01268072 0.25099440
v 0.00399960 -0.01268072 0.25099440
v 0.01599962 -0.01268072 0.20599442
v 0.00871979 -0.01268072 0.26555019
v 0.00863786 -0.01268072 0.26531830
v 0.00399960 -0.01268072 0.25499441
v 0.00859630 -0.01268072 0.26507591
v 0.00859630 -0.01268072 0.26482996
v 0.01099905 -0.01268072 0.26604142
v 0.01080132 -0.01268072 0.26618766
v 0.02499959 -0.01268072 0.27499145
v 0.01058171 -0.01268072 0.26629838
v 0.01999959 -0.01268072 0.25999441
v 0.00961648 -0.01268072 0.26356649
v 0.00985690 -0.01268072 0.26351469
v 0.01010261 -0.01268072 0.26350423
v 0.01034656 -0.01268072 0.26353546
v 0.01058171 -0.01268072 0.26360750
v 0.01999960 -0.01268072 0.25099441
v 0.01599960 -0.01268072 0.25099441
v 0.00938828 -0.01268072 0.26365819
v 0.00917886 -0.01268072 0.26378714
v 0.02478043 -0.01268072 0.27169138
v 0.01130694 -0.01268072 0.26566010
v 0.01116923 -0.01268072 0.26586386
v 0.00985690 -0.01268072 0.26639118
v 0.00916581 -0.01268072 0.26879912
v 0.01010261 -0.01268072 0.26640161
v 0.01008096 -0.01268072 0.27043735
v 0.01034656 -0.01268072 0.26637038
v 0.01070610 -0.01268072 0.27220666
v 0.01102323 -0.01268072 0.27405616
v 0.00657831 -0.01268072 0.26609938
v 0.00798695 -0.01268072 0.26733916
v 0.00899423 -0.01268072 0.26595625
v 0.01080132 -0.01268072 0.26371821
v 0.01099905 -0.01268072 0.26386445
v 0.01116923 -0.01268072 0.26404201
v 0.01130695 -0.01268072 0.26424577
v 0.01140824 -0.01268072 0.26446989
v 0.02225279 -0.01268072 0.26360166
v 0.00871979 -0.01268072 0.26435568
v 0.00883973 -0.01268072 0.26414095
v 0.00899424 -0.01268072 0.26394962
v 0.00961648 -0.01268072 0.26633938
v 0.00938828 -0.01268072 0.26624768
v 0.00917885 -0.01268072 0.26611873
v 0.01147022 -0.01268072 0.26470789
v 0.01149107 -0.01268072 0.26495292
v 0.02386192 -0.01268072 0.26753861
v 0.01147022 -0.01268072 0.26519799
v 0.01140824 -0.01268072 0.26543599
v 0.00863786 -0.01268072 0.26458757
v 0.00140485 -0.01268072 0.26402052
v 0.00323924 -0.01268072 0.26441585
v 0.00498042 -0.01268072 0.26511552
v 0.00883973 -0.01268072 0.26576489
v -0.00000038 -0.01268072 0.20599441
v -0.01600038 -0.01268072 0.20599440
v -0.01600040 -0.01268072 0.25099439
v 0.01080131 -0.01268072 0.28627061
v 0.01058170 -0.01268072 0.28638133
v 0.01574509 -0.01268072 0.29441294
v 0.01880883 -0.01268072 0.29146293
v 0.02132819 -0.01268072 0.28803629
v 0.01140823 -0.01268072 0.28551894
v 0.01222564 -0.01268072 0.29680091
v 0.02323024 -0.01268072 0.28423220
v 0.01149106 -0.01268072 0.28503590
v 0.01147021 -0.01268072 0.28528094
v 0.01130693 -0.01268072 0.28574305
v 0.01116922 -0.01268072 0.28594681
v 0.01099904 -0.01268072 0.28612437
v 0.01034655 -0.01268072 0.28361844
v 0.01058170 -0.01268072 0.28369045
v 0.01070610 -0.01268072 0.27778217
v 0.01102323 -0.01268072 0.27593266
v 0.01080131 -0.01268072 0.28380119
v 0.01106309 -0.01268072 0.27499443
v 0.01099904 -0.01268072 0.28394743
v 0.01116922 -0.01268072 0.28412496
v 0.02498171 -0.01268072 0.27593973
v 0.01130694 -0.01268072 0.28432875
v 0.02445995 -0.01268072 0.28016073
v 0.01140823 -0.01268072 0.28455284
v 0.01147021 -0.01268072 0.28479084
v 0.01034655 -0.01268072 0.28645336
v 0.01010260 -0.01268072 0.28648459
v 0.00835233 -0.01268072 0.29855775
v 0.00985689 -0.01268072 0.28647416
v 0.00423728 -0.01268072 0.29963263
v 0.01010261 -0.01268072 0.28358721
v 0.01008096 -0.01268072 0.27955147
v 0.00985689 -0.01268072 0.28359764
v 0.00916580 -0.01268072 0.28118970
v 0.00961647 -0.01268072 0.28364947
v 0.00961647 -0.01268072 0.28642233
v 0.00938827 -0.01268072 0.28633063
v -0.00000043 -0.01268072 0.29999440
v 0.00917884 -0.01268072 0.28620168
v 0.00899422 -0.01268072 0.28603920
v 0.00798694 -0.01268072 0.28264969
v 0.00917885 -0.01268072 0.28387009
v 0.00938827 -0.01268072 0.28374114
v 0.00498041 -0.01268072 0.28487330
v 0.00323923 -0.01268072 0.28557297
v 0.00863785 -0.01268072 0.28540128
v 0.00871978 -0.01268072 0.28563314
v 0.00883972 -0.01268072 0.28584786
v 0.00859629 -0.01268072 0.28515886
v 0.00859629 -0.01268072 0.28491294
v 0.00657831 -0.01268072 0.28388943
v 0.00863785 -0.01268072 0.28467052
v 0.00871978 -0.01268072 0.28443863
v 0.00883972 -0.01268072 0.28422394
v 0.00899423 -0.01268072 0.28403257
v -0.00928166 -0.01268072 0.28627060
v -0.00423813 -0.01268072 0.29963262
v -0.00950126 -0.01268072 0.28638132
v -0.00835318 -0.01268072 0.29855774
v 0.00140484 -0.01268072 0.28596829
v 0.00000085 -0.01268072 0.28605791
v -0.00046997 -0.01268072 0.28604795
v -0.00412552 -0.01268072 0.28526010
v -0.00861276 -0.01268072 0.28528093
v -0.00233127 -0.01268072 0.28580959
v -0.00867473 -0.01268072 0.28551893
v -0.00877603 -0.01268072 0.28574304
v -0.00891375 -0.01268072 0.28594680
v -0.00908392 -0.01268072 0.28612436
v -0.00973642 -0.01268072 0.28645335
v -0.00998036 -0.01268072 0.28648458
v -0.01222649 -0.01268072 0.29680089
v -0.00950126 -0.01268072 0.28369044
v -0.00860822 -0.01268072 0.28194471
v -0.00973641 -0.01268072 0.28361843
v -0.00965901 -0.01268072 0.28039001
v -0.00998036 -0.01268072 0.28358720
v -0.00928166 -0.01268072 0.28380118
v -0.00908392 -0.01268072 0.28394742
v -0.00730979 -0.01268072 0.28329946
v -0.00891375 -0.01268072 0.28412495
v -0.00877603 -0.01268072 0.28432874
v -0.00580109 -0.01268072 0.28441529
v -0.00867473 -0.01268072 0.28455283
v -0.00861276 -0.01268072 0.28479083
v -0.00859190 -0.01268072 0.28503589
v -0.01022608 -0.01268072 0.28647415
v -0.01046649 -0.01268072 0.28642232
v -0.01574594 -0.01268072 0.29441292
v -0.01069470 -0.01268072 0.28633062
v -0.01090412 -0.01268072 0.28620167
v -0.01880968 -0.01268072 0.29146291
v -0.01106391 -0.01268072 0.27499441
v -0.01046649 -0.01268072 0.28364946
v -0.01090478 -0.01268072 0.27686415
v -0.01022608 -0.01268072 0.28359763
v -0.01043194 -0.01268072 0.27868010
v -0.02500041 -0.01268072 0.27499143
v -0.01090412 -0.01268072 0.28387008
v -0.01069470 -0.01268072 0.28374113
v -0.02323108 -0.01268072 0.28423218
v -0.02132903 -0.01268072 0.28803626
v -0.01144511 -0.01268072 0.28540127
v -0.01148668 -0.01268072 0.28515885
v -0.01148668 -0.01268072 0.28491293
v -0.02446078 -0.01268072 0.28016070
v -0.01108874 -0.01268072 0.28603919
v -0.01124324 -0.01268072 0.28584785
v -0.01136318 -0.01268072 0.28563313
v -0.01144511 -0.01268072 0.28467051
v -0.01136318 -0.01268072 0.28443862
v -0.02498254 -0.01268072 0.27593971
v -0.01124324 -0.01268072 0.28422393
v -0.01108874 -0.01268072 0.28403257
v -0.00928165 -0.01268072 0.26618765
v -0.00950125 -0.01268072 0.26629837
v -0.00860821 -0.01268072 0.26804410
v -0.01090411 -0.01268072 0.26378713
v -0.01069469 -0.01268072 0.26365818
v -0.02000040 -0.01268072 0.25499440
v -0.00965900 -0.01268072 0.26959879
v -0.00973640 -0.01268072 0.26353545
v -0.00950125 -0.01268072 0.26360749
v -0.00000040 -0.01268072 0.25499441
v -0.00928165 -0.01268072 0.26371820
v -0.00908391 -0.01268072 0.26386444
v -0.00730978 -0.01268072 0.26668934
v -0.00580108 -0.01268072 0.26557351
v -0.00867472 -0.01268072 0.26543598
v -0.02000041 -0.01268072 0.25999439
v -0.01090411 -0.01268072 0.26611872
v -0.01108873 -0.01268072 0.26595624
v -0.01046648 -0.01268072 0.26356648
v -0.01022607 -0.01268072 0.26351468
v -0.00998035 -0.01268072 0.26350422
v -0.00891374 -0.01268072 0.26404200
v -0.00877602 -0.01268072 0.26424576
v -0.00867472 -0.01268072 0.26446988
v -0.00877602 -0.01268072 0.26566009
v -0.00891374 -0.01268072 0.26586385
v -0.00908391 -0.01268072 0.26604141
v 0.00000086 -0.01268072 0.26393091
v -0.00046996 -0.01268072 0.26394089
v -0.00233126 -0.01268072 0.26417922
v -0.00861275 -0.01268072 0.26470788
v -0.00412551 -0.01268072 0.26472871
v -0.00859189 -0.01268072 0.26495291
v -0.00861275 -0.01268072 0.26519798
v -0.00973641 -0.01268072 0.26637037
v -0.00998035 -0.01268072 0.26640160
v -0.01043194 -0.01268072 0.27130870
v -0.01022607 -0.01268072 0.26639117
v -0.01090477 -0.01268072 0.27312468
v -0.01046648 -0.01268072 0.26633937
v -0.01069469 -0.01268072 0.26624767
v -0.02478125 -0.01268072 0.27169136
v -0.02225361 -0.01268072 0.26360164
v -0.02386274 -0.01268072 0.26753858
v -0.01124323 -0.01268072 0.26576488
v -0.01136317 -0.01268072 0.26555018
v -0.01144510 -0.01268072 0.26531829
v -0.01148667 -0.01268072 0.26507590
v -0.01148667 -0.01268072 0.26482995
v -0.01144510 -0.01268072 0.26458756
v -0.01136317 -0.01268072 0.26435567
v -0.01124323 -0.01268072 0.26414094
v -0.01108873 -0.01268072 0.26394961
v -0.02000027 -0.01268072 -0.01000561
v -0.00960817 -0.01268072 -0.01484032
v -0.02225347 -0.01268072 -0.01361282
v -0.02284030 -0.01268072 -0.01484033
v -0.01435902 -0.01268072 -0.00779312
v -0.01403491 -0.01268072 -0.00774322
v -0.01650028 -0.01268072 -0.00579812
v -0.01650028 -0.01268072 0.00774439
v -0.02000028 -0.01268072 0.00851566
v -0.01647566 -0.01268072 0.00805726
v -0.01640240 -0.01268072 0.00836243
v -0.01647339 -0.01268072 -0.00612493
v -0.01639346 -0.01268072 -0.00644299
v -0.01626264 -0.01268072 -0.00674368
v -0.01608443 -0.01268072 -0.00701895
v -0.01586363 -0.01268072 -0.00726141
v -0.01560619 -0.01268072 -0.00746453
v -0.01372331 -0.01268072 -0.00764102
v -0.01343260 -0.01268072 -0.00748928
v -0.01317060 -0.01268072 -0.00729208
v -0.01531901 -0.01268072 -0.00762286
v -0.01500982 -0.01268072 -0.00773211
v -0.01468693 -0.01268072 -0.00778939
v 0.01647510 -0.01268072 -0.00856846
v 0.01649972 -0.01268072 -0.00825560
v 0.01999973 -0.01268072 -0.01000559
v 0.01531845 -0.01268072 0.00711168
v 0.01500926 -0.01268072 0.00722094
v 0.01999972 -0.01268072 0.00851568
v 0.01468637 -0.01268072 0.00727819
v 0.01435846 -0.01268072 0.00728194
v 0.00267907 -0.01268072 0.00812446
v 0.00271516 -0.01268072 0.00778187
v 0.00269193 -0.01268072 0.00743818
v 0.01647284 -0.01268072 0.00561376
v 0.01639291 -0.01268072 0.00593178
v 0.01626208 -0.01268072 0.00623250
v 0.01608387 -0.01268072 0.00650777
v 0.01403435 -0.01268072 0.00723204
v 0.00228183 -0.01268072 0.00650078
v 0.00247200 -0.01268072 0.00678798
v 0.00261007 -0.01268072 0.00710359
v -0.00228239 -0.01268072 -0.00701195
v -0.00247256 -0.01268072 -0.00729918
v -0.00261062 -0.01268072 -0.00761477
v -0.00269249 -0.01268072 -0.00794936
v -0.00243549 -0.01268072 -0.00927715
v -0.00223469 -0.01268072 -0.00955706
v -0.00139227 -0.01268072 -0.01013781
v -0.00105926 -0.01268072 -0.01022594
v -0.00071607 -0.01268072 -0.01025560
v 0.02283976 -0.01268072 -0.01484031
v 0.01449973 -0.01268072 -0.01025560
v 0.01481260 -0.01268072 -0.01023097
v 0.01511776 -0.01268072 -0.01015770
v 0.01540771 -0.01268072 -0.01003761
v 0.01567530 -0.01268072 -0.00987361
v 0.01591394 -0.01268072 -0.00966981
v 0.02225293 -0.01268072 -0.01361280
v 0.01649972 -0.01268072 0.00528692
v 0.01586307 -0.01268072 0.00675023
v 0.01560563 -0.01268072 0.00695336
v -0.00271572 -0.01268072 -0.00829308
v -0.00267963 -0.01268072 -0.00863564
v -0.00258528 -0.01268072 -0.00896694
v -0.00198884 -0.01268072 -0.00979833
v -0.00170523 -0.01268072 -0.00999385
v 0.01611776 -0.01268072 -0.00943116
v 0.01628174 -0.01268072 -0.00916355
v 0.01640184 -0.01268072 -0.00887361
v 0.01372275 -0.01268072 0.00712984
v 0.01343204 -0.01268072 0.00697811
v 0.00204519 -0.01268072 0.00625044
v 0.01317004 -0.01268072 0.00678090
v -0.00204575 -0.01268072 -0.00676162
v 0.00258472 -0.01268072 0.00845576
v 0.00243493 -0.01268072 0.00876597
v 0.01999971 -0.01268072 0.01324441
v 0.00223413 -0.01268072 0.00904585
v 0.00198828 -0.01268072 0.00928715
v 0.00170467 -0.01268072 0.00948268
v 0.00139172 -0.01268072 0.00962663
v 0.00261005 -0.01268072 0.03410359
v 0.00269191 -0.01268072 0.03443818
v 0.01435845 -0.01268072 0.03428194
v 0.01403434 -0.01268072 0.03423204
v 0.00228181 -0.01268072 0.03350078
v 0.00247199 -0.01268072 0.03378798
v 0.01999970 -0.01268072 0.03551568
v 0.00271514 -0.01268072 0.03478187
v 0.00267905 -0.01268072 0.03512446
v -0.00139229 -0.01268072 0.01686219
v -0.00105927 -0.01268072 0.01677409
v -0.00960818 -0.01268072 0.01324439
v -0.00071608 -0.01268072 0.01674440
v 0.01647282 -0.01268072 0.03261376
v 0.01639289 -0.01268072 0.03293178
v -0.00243550 -0.01268072 0.01772285
v -0.00223470 -0.01268072 0.01744294
v 0.01449971 -0.01268072 0.01674440
v 0.01481258 -0.01268072 0.01676903
v 0.01511775 -0.01268072 0.01684230
v 0.01540769 -0.01268072 0.01696239
v 0.01567528 -0.01268072 0.01712639
v 0.01591393 -0.01268072 0.01733019
v 0.01372274 -0.01268072 0.03412984
v 0.01343203 -0.01268072 0.03397811
v 0.00204518 -0.01268072 0.03325044
v 0.01317003 -0.01268072 0.03378090
v -0.01317061 -0.01268072 0.01970792
v -0.00204576 -0.01268072 0.02023838
v -0.00228240 -0.01268072 0.01998805
v -0.00198885 -0.01268072 0.01720167
v -0.00170524 -0.01268072 0.01700615
v 0.01611775 -0.01268072 0.01756884
v 0.01628172 -0.01268072 0.01783645
v 0.01640182 -0.01268072 0.01812639
v 0.01626206 -0.01268072 0.03323250
v 0.01608386 -0.01268072 0.03350777
v 0.01586306 -0.01268072 0.03375023
v 0.01560561 -0.01268072 0.03395336
v 0.01531843 -0.01268072 0.03411168
v 0.01500924 -0.01268072 0.03422094
v 0.01468636 -0.01268072 0.03427819
v -0.00247257 -0.01268072 0.01970082
v -0.00261064 -0.01268072 0.01938523
v -0.00269250 -0.01268072 0.01905064
v 0.01647509 -0.01268072 0.01843154
v 0.01649971 -0.01268072 0.01874440
v 0.01649970 -0.01268072 0.03228692
v -0.00271573 -0.01268072 0.01870692
v -0.00267964 -0.01268072 0.01836436
v -0.00258530 -0.01268072 0.01803306
v 0.00258471 -0.01268072 0.03545576
v 0.00243492 -0.01268072 0.03576597
v 0.01999970 -0.01268072 0.04024441
v 0.00223412 -0.01268072 0.03604585
v 0.00198827 -0.01268072 0.03628715
v 0.00170466 -0.01268072 0.03648268
v 0.00139170 -0.01268072 0.03662663
v 0.01481257 -0.01268072 0.04376903
v 0.01511773 -0.01268072 0.04384230
v -0.00960820 -0.01268072 0.04024439
v -0.00243552 -0.01268072 0.04472285
v -0.00223472 -0.01268072 0.04444296
v -0.00198886 -0.01268072 0.04420167
v -0.00170526 -0.01268072 0.04400615
v -0.00139230 -0.01268072 0.04386219
v -0.00228241 -0.01268072 0.04698805
v -0.00247258 -0.01268072 0.04670083
v -0.01317062 -0.01268072 0.04670792
v -0.00261065 -0.01268072 0.04638523
v -0.00269251 -0.01268072 0.04605062
v 0.01403433 -0.01268072 0.06123203
v 0.00228180 -0.01268072 0.06050076
v 0.01435844 -0.01268072 0.06128194
v 0.00247197 -0.01268072 0.06078799
v 0.00261004 -0.01268072 0.06110359
v 0.01540768 -0.01268072 0.04396242
v 0.01567527 -0.01268072 0.04412638
v 0.01591391 -0.01268072 0.04433020
v 0.01647281 -0.01268072 0.05961376
v 0.01639288 -0.01268072 0.05993178
v 0.01999969 -0.01268072 0.06251568
v -0.00271574 -0.01268072 0.04570694
v -0.00267965 -0.01268072 0.04536434
v -0.00258531 -0.01268072 0.04503306
v -0.00105929 -0.01268072 0.04377406
v -0.00071609 -0.01268072 0.04374440
v 0.01449970 -0.01268072 0.04374440
v 0.01611773 -0.01268072 0.04456885
v 0.01628171 -0.01268072 0.04483643
v 0.01640181 -0.01268072 0.04512638
v 0.01468634 -0.01268072 0.06127820
v 0.01586305 -0.01268072 0.06075023
v 0.01560560 -0.01268072 0.06095336
v 0.00267904 -0.01268072 0.06212446
v 0.00271513 -0.01268072 0.06178189
v 0.00269190 -0.01268072 0.06143818
v 0.01372273 -0.01268072 0.06112984
v 0.01343202 -0.01268072 0.06097811
v 0.00204516 -0.01268072 0.06025044
v 0.01317001 -0.01268072 0.06078090
v -0.00204577 -0.01268072 0.04723838
v 0.01647507 -0.01268072 0.04543155
v 0.01649970 -0.01268072 0.04574442
v 0.01649969 -0.01268072 0.05928693
v 0.01626205 -0.01268072 0.06023249
v 0.01608384 -0.01268072 0.06050777
v 0.01531842 -0.01268072 0.06111167
v 0.01500923 -0.01268072 0.06122094
v 0.00258470 -0.01268072 0.06245576
v 0.00243491 -0.01268072 0.06276597
v 0.01999969 -0.01268072 0.06724442
v 0.00223410 -0.01268072 0.06304587
v 0.00198825 -0.01268072 0.06328715
v 0.00170464 -0.01268072 0.06348268
v 0.00139169 -0.01268072 0.06362663
v 0.01481256 -0.01268072 0.07076903
v 0.01511772 -0.01268072 0.07084230
v -0.00960821 -0.01268072 0.06724441
v -0.00243553 -0.01268072 0.07172285
v -0.00223473 -0.01268072 0.07144296
v -0.00198888 -0.01268072 0.07120167
v -0.00170527 -0.01268072 0.07100615
v -0.00139231 -0.01268072 0.07086219
v 0.00261003 -0.01268072 0.08810359
v 0.00269189 -0.01268072 0.08843820
v 0.01435842 -0.01268072 0.08828193
v 0.01999968 -0.01268072 0.08951568
v 0.00271512 -0.01268072 0.08878189
v 0.00267903 -0.01268072 0.08912446
v -0.00228243 -0.01268072 0.07398805
v -0.00247260 -0.01268072 0.07370083
v -0.01317064 -0.01268072 0.07370792
v -0.00261066 -0.01268072 0.07338523
v -0.00269252 -0.01268072 0.07305062
v 0.01540767 -0.01268072 0.07096241
v 0.01567526 -0.01268072 0.07112638
v 0.01591390 -0.01268072 0.07133020
v 0.01403431 -0.01268072 0.08823203
v 0.00228179 -0.01268072 0.08750078
v 0.00247196 -0.01268072 0.08778799
v -0.00105930 -0.01268072 0.07077407
v -0.00071611 -0.01268072 0.07074441
v 0.01449969 -0.01268072 0.07074442
v 0.01611772 -0.01268072 0.07156885
v 0.01628170 -0.01268072 0.07183643
v 0.01640180 -0.01268072 0.07212638
v -0.00271576 -0.01268072 0.07270694
v -0.00267967 -0.01268072 0.07236436
v -0.00258532 -0.01268072 0.07203305
v 0.01500922 -0.01268072 0.08822094
v 0.01531841 -0.01268072 0.08811167
v 0.01560559 -0.01268072 0.08795336
v 0.01468633 -0.01268072 0.08827820
v 0.01372271 -0.01268072 0.08812984
v 0.01343200 -0.01268072 0.08797811
v 0.00204515 -0.01268072 0.08725044
v 0.01317000 -0.01268072 0.08778090
v -0.00204579 -0.01268072 0.07423838
v 0.01626204 -0.01268072 0.08723250
v 0.01639287 -0.01268072 0.08693180
v 0.01647280 -0.01268072 0.08661376
v 0.01608383 -0.01268072 0.08750777
v 0.01586303 -0.01268072 0.08775023
v 0.01647506 -0.01268072 0.07243154
v 0.01649968 -0.01268072 0.07274442
v 0.01649968 -0.01268072 0.08628693
v 0.00258469 -0.01268072 0.08945576
v 0.00243489 -0.01268072 0.08976597
v 0.01999967 -0.01268072 0.09424442
v 0.00223409 -0.01268072 0.09004587
v 0.00198824 -0.01268072 0.09028715
v 0.00170463 -0.01268072 0.09048266
v 0.00139168 -0.01268072 0.09062663
v 0.01481254 -0.01268072 0.09776903
v 0.01511771 -0.01268072 0.09784230
v 0.00243488 -0.01268072 0.11676596
v 0.00223408 -0.01268072 0.11704587
v 0.01999966 -0.01268072 0.12124441
v 0.00198823 -0.01268072 0.11728715
v 0.00170462 -0.01268072 0.11748266
v 0.00139166 -0.01268072 0.11762663
v -0.00243554 -0.01268072 0.09872285
v -0.00223474 -0.01268072 0.09844296
v -0.00960822 -0.01268072 0.09424441
v 0.01343199 -0.01268072 0.11497809
v 0.01316999 -0.01268072 0.11478090
v 0.00247195 -0.01268072 0.11478798
v -0.00198889 -0.01268072 0.09820167
v -0.00170528 -0.01268072 0.09800615
v -0.00139233 -0.01268072 0.09786219
v -0.00105931 -0.01268072 0.09777407
v -0.00071612 -0.01268072 0.09774441
v 0.01449967 -0.01268072 0.09774442
v 0.01540765 -0.01268072 0.09796241
v 0.01567524 -0.01268072 0.09812638
v 0.01591389 -0.01268072 0.09833020
v 0.01611771 -0.01268072 0.09856885
v 0.01628168 -0.01268072 0.09883643
v 0.01640178 -0.01268072 0.09912638
v 0.00228177 -0.01268072 0.11450076
v 0.00261001 -0.01268072 0.11510359
v 0.01435841 -0.01268072 0.11528194
v 0.01403430 -0.01268072 0.11523203
v -0.01317065 -0.01268072 0.10070792
v -0.00261068 -0.01268072 0.10038523
v -0.00269254 -0.01268072 0.10005062
v -0.00204580 -0.01268072 0.10123838
v -0.00228244 -0.01268072 0.10098805
v -0.00247261 -0.01268072 0.10070083
v 0.01372270 -0.01268072 0.11512984
v -0.00271577 -0.01268072 0.09970694
v -0.00267968 -0.01268072 0.09936436
v -0.00258534 -0.01268072 0.09903305
v 0.01586302 -0.01268072 0.11475023
v 0.01560558 -0.01268072 0.11495334
v 0.01647278 -0.01268072 0.11361374
v 0.01639285 -0.01268072 0.11393178
v 0.01531839 -0.01268072 0.11511167
v 0.01500920 -0.01268072 0.11522094
v 0.01468632 -0.01268072 0.11527819
v 0.00204514 -0.01268072 0.11425044
v 0.00269187 -0.01268072 0.11543820
v 0.00271510 -0.01268072 0.11578187
v 0.00267901 -0.01268072 0.11612445
v 0.00258467 -0.01268072 0.11645576
v 0.01647505 -0.01268072 0.09943155
v 0.01649967 -0.01268072 0.09974442
v 0.01649966 -0.01268072 0.11328692
v 0.01626202 -0.01268072 0.11423249
v 0.01608382 -0.01268072 0.11450777
v -0.00243556 -0.01268072 0.12572285
v -0.00223476 -0.01268072 0.12544296
v -0.00960823 -0.01268072 0.12124439
v -0.00198890 -0.01268072 0.12520166
v -0.00170529 -0.01268072 0.12500615
v -0.00139234 -0.01268072 0.12486219
v 0.00261000 -0.01268072 0.14210359
v 0.00269186 -0.01268072 0.14243818
v 0.01435840 -0.01268072 0.14228193
v 0.01481253 -0.01268072 0.12476905
v 0.01511769 -0.01268072 0.12484229
v 0.01999965 -0.01268072 0.14351568
v 0.00271509 -0.01268072 0.14278189
v 0.00267900 -0.01268072 0.14312446
v -0.00105933 -0.01268072 0.12477407
v -0.00071613 -0.01268072 0.12474440
v 0.01449966 -0.01268072 0.12474440
v 0.01540764 -0.01268072 0.12496241
v 0.01567523 -0.01268072 0.12512639
v 0.01591387 -0.01268072 0.12533020
v -0.00228245 -0.01268072 0.12798806
v -0.00247262 -0.01268072 0.12770082
v -0.01317066 -0.01268072 0.12770792
v -0.00261069 -0.01268072 0.12738523
v -0.00269255 -0.01268072 0.12705062
v -0.00271578 -0.01268072 0.12670694
v -0.00267969 -0.01268072 0.12636434
v -0.00258535 -0.01268072 0.12603306
v 0.01611769 -0.01268072 0.12556885
v 0.01628167 -0.01268072 0.12583645
v 0.01640177 -0.01268072 0.12612639
v 0.01647277 -0.01268072 0.14061376
v 0.01639284 -0.01268072 0.14093180
v 0.01626201 -0.01268072 0.14123249
v 0.01608380 -0.01268072 0.14150777
v 0.01586301 -0.01268072 0.14175023
v 0.01560556 -0.01268072 0.14195334
v 0.01531838 -0.01268072 0.14211167
v 0.01500919 -0.01268072 0.14222094
v 0.01468630 -0.01268072 0.14227820
v 0.01372269 -0.01268072 0.14212984
v 0.00204512 -0.01268072 0.14125044
v 0.01403429 -0.01268072 0.14223204
v 0.00228176 -0.01268072 0.14150078
v 0.00247194 -0.01268072 0.14178799
v 0.01647503 -0.01268072 0.12643155
v 0.01649966 -0.01268072 0.12674442
v 0.01649965 -0.01268072 0.14028693
v 0.01343198 -0.01268072 0.14197811
v 0.01316997 -0.01268072 0.14178090
v -0.00204581 -0.01268072 0.12823838
v 0.00198821 -0.01268072 0.14428715
v 0.00170460 -0.01268072 0.14448268
v 0.01999965 -0.01268072 0.14824442
v 0.00139165 -0.01268072 0.14462661
v 0.00258466 -0.01268072 0.14345576
v 0.00243487 -0.01268072 0.14376597
v 0.00223406 -0.01268072 0.14404587
v -0.00243557 -0.01268072 0.15272285
v -0.00223477 -0.01268072 0.15244294
v -0.00960825 -0.01268072 0.14824441
v -0.00198892 -0.01268072 0.15220167
v -0.00170531 -0.01268072 0.15200615
v -0.00139235 -0.01268072 0.15186219
v 0.00260999 -0.01268072 0.16910357
v 0.00269185 -0.01268072 0.16943818
v 0.01435838 -0.01268072 0.16928194
v 0.01481252 -0.01268072 0.15176903
v 0.01511768 -0.01268072 0.15184230
v 0.01999964 -0.01268072 0.17051566
v 0.00271508 -0.01268072 0.16978189
v 0.00267899 -0.01268072 0.17012446
v -0.00228247 -0.01268072 0.15498805
v -0.00247264 -0.01268072 0.15470083
v -0.01317068 -0.01268072 0.15470792
v -0.00261070 -0.01268072 0.15438522
v -0.00269256 -0.01268072 0.15405062
v -0.00105934 -0.01268072 0.15177407
v -0.00071615 -0.01268072 0.15174441
v 0.01449965 -0.01268072 0.15174442
v 0.01647276 -0.01268072 0.16761376
v 0.01639283 -0.01268072 0.16793180
v 0.01586300 -0.01268072 0.16875023
v 0.01560555 -0.01268072 0.16895336
v 0.01531837 -0.01268072 0.16911167
v 0.01500918 -0.01268072 0.16922094
v 0.01540763 -0.01268072 0.15196241
v 0.01567522 -0.01268072 0.15212638
v 0.01591386 -0.01268072 0.15233020
v 0.01611768 -0.01268072 0.15256884
v 0.01628166 -0.01268072 0.15283643
v 0.01640176 -0.01268072 0.15312638
v 0.01468629 -0.01268072 0.16927820
v 0.01372268 -0.01268072 0.16912984
v 0.00204511 -0.01268072 0.16825044
v 0.01403427 -0.01268072 0.16923203
v 0.00228175 -0.01268072 0.16850078
v 0.00247192 -0.01268072 0.16878799
v -0.00271580 -0.01268072 0.15370694
v -0.00267970 -0.01268072 0.15336436
v -0.00258536 -0.01268072 0.15303305
v 0.01626200 -0.01268072 0.16823250
v 0.01608379 -0.01268072 0.16850779
v 0.01647502 -0.01268072 0.15343154
v 0.01649965 -0.01268072 0.15374440
v 0.01649964 -0.01268072 0.16728693
v 0.01343196 -0.01268072 0.16897811
v 0.01316996 -0.01268072 0.16878090
v -0.00204583 -0.01268072 0.15523838
v 0.00198820 -0.01268072 0.17128715
v 0.00170459 -0.01268072 0.17148266
v 0.01999963 -0.01268072 0.17524442
v 0.00139164 -0.01268072 0.17162663
v 0.00258465 -0.01268072 0.17045578
v 0.00243485 -0.01268072 0.17076597
v 0.00223405 -0.01268072 0.17104587
v -0.00170532 -0.01268072 0.17900615
v -0.00139237 -0.01268072 0.17886219
v -0.00960826 -0.01268072 0.17524441
v -0.00243558 -0.01268072 0.17972285
v -0.00223478 -0.01268072 0.17944296
v -0.00198893 -0.01268072 0.17920166
v 0.01481250 -0.01268072 0.17876903
v 0.01511767 -0.01268072 0.17884230
v -0.00228248 -0.01268072 0.18198805
v -0.00247265 -0.01268072 0.18170082
v -0.01317069 -0.01268072 0.18170791
v -0.00261072 -0.01268072 0.18138523
v -0.00269258 -0.01268072 0.18105063
v 0.00260997 -0.01268072 0.19610359
v 0.00269184 -0.01268072 0.19643820
v 0.01435837 -0.01268072 0.19628193
v 0.01999962 -0.01268072 0.19751568
v 0.00271506 -0.01268072 0.19678188
v 0.00267897 -0.01268072 0.19712446
v -0.00105935 -0.01268072 0.17877407
v -0.00071616 -0.01268072 0.17874440
v 0.01449963 -0.01268072 0.17874441
v 0.01540761 -0.01268072 0.17896241
v 0.01567520 -0.01268072 0.17912638
v 0.01591385 -0.01268072 0.17933021
v 0.01611767 -0.01268072 0.17956885
v 0.01628165 -0.01268072 0.17983643
v 0.01640174 -0.01268072 0.18012638
v 0.01372266 -0.01268072 0.19612984
v 0.00204510 -0.01268072 0.19525044
v 0.01403426 -0.01268072 0.19623203
v 0.00228173 -0.01268072 0.19550077
v 0.00247191 -0.01268072 0.19578798
v -0.00271581 -0.01268072 0.18070694
v -0.00267972 -0.01268072 0.18036436
v -0.00258538 -0.01268072 0.18003305
v 0.01647274 -0.01268072 0.19461375
v 0.01639281 -0.01268072 0.19493178
v 0.01586298 -0.01268072 0.19575023
v 0.01560554 -0.01268072 0.19595335
v 0.01531835 -0.01268072 0.19611168
v 0.01500916 -0.01268072 0.19622093
v 0.01468628 -0.01268072 0.19627819
v 0.01626198 -0.01268072 0.19523249
v 0.01608378 -0.01268072 0.19550778
v 0.01647501 -0.01268072 0.18043154
v 0.01649963 -0.01268072 0.18074442
v 0.01649963 -0.01268072 0.19428692
v 0.01343195 -0.01268072 0.19597810
v 0.01316995 -0.01268072 0.19578089
v -0.00204584 -0.01268072 0.18223838
v 0.00198819 -0.01268072 0.19828715
v 0.00170458 -0.01268072 0.19848266
v 0.01999962 -0.01268072 0.20199441
v 0.00139162 -0.01268072 0.19862662
v 0.00258463 -0.01268072 0.19745577
v 0.00243484 -0.01268072 0.19776597
v 0.00223404 -0.01268072 0.19804587
v -0.01481325 -0.01268072 0.19871978
v -0.01511841 -0.01268072 0.19864651
v -0.02000038 -0.01268072 0.20199439
v -0.01540836 -0.01268072 0.19852641
v -0.01567595 -0.01268072 0.19836243
v 0.00105861 -0.01268072 0.19871473
v 0.00071541 -0.01268072 0.19874440
v -0.00960827 -0.01268072 0.20199440
v -0.00960827 -0.01268072 0.19874440
v -0.01450038 -0.01268072 0.19874440
v -0.01647349 -0.01268072 0.18287507
v -0.01639356 -0.01268072 0.18255703
v -0.02000036 -0.01268072 0.17524440
v -0.01586373 -0.01268072 0.18173858
v -0.01560628 -0.01268072 0.18153547
v -0.01531910 -0.01268072 0.18137716
v -0.01500991 -0.01268072 0.18126788
v -0.01468702 -0.01268072 0.18121061
v -0.01435911 -0.01268072 0.18120688
v -0.01403500 -0.01268072 0.18125678
v -0.01372341 -0.01268072 0.18135898
v -0.01343269 -0.01268072 0.18151071
v -0.01626273 -0.01268072 0.18225632
v -0.01608452 -0.01268072 0.18198104
v -0.01591459 -0.01268072 0.19815862
v -0.01611841 -0.01268072 0.19791997
v -0.02000038 -0.01268072 0.19751566
v -0.01628239 -0.01268072 0.19765238
v -0.01640249 -0.01268072 0.19736243
v -0.01647575 -0.01268072 0.19705727
v -0.01650038 -0.01268072 0.19674440
v -0.01650037 -0.01268072 0.18320189
v -0.01481323 -0.01268072 0.17171979
v -0.01511840 -0.01268072 0.17164652
v -0.01540834 -0.01268072 0.17152642
v -0.01567593 -0.01268072 0.17136245
v 0.00105862 -0.01268072 0.17171473
v 0.00071543 -0.01268072 0.17174441
v -0.00960826 -0.01268072 0.17174441
v -0.01450036 -0.01268072 0.17174441
v -0.01647347 -0.01268072 0.15587507
v -0.01639354 -0.01268072 0.15555703
v -0.02000035 -0.01268072 0.14824440
v -0.01586371 -0.01268072 0.15473859
v -0.01560626 -0.01268072 0.15453547
v -0.01531909 -0.01268072 0.15437714
v -0.01500989 -0.01268072 0.15426789
v -0.01468701 -0.01268072 0.15421062
v -0.01435910 -0.01268072 0.15420688
v -0.01403499 -0.01268072 0.15425678
v -0.01372339 -0.01268072 0.15435898
v -0.01343268 -0.01268072 0.15451072
v -0.01626272 -0.01268072 0.15525632
v -0.01608451 -0.01268072 0.15498104
v -0.01591458 -0.01268072 0.17115862
v -0.01611840 -0.01268072 0.17091997
v -0.02000036 -0.01268072 0.17051564
v -0.01628238 -0.01268072 0.17065238
v -0.01640248 -0.01268072 0.17036243
v -0.01647574 -0.01268072 0.17005727
v -0.01650036 -0.01268072 0.16974440
v -0.01650036 -0.01268072 0.15620189
v -0.01481322 -0.01268072 0.14471978
v -0.01511838 -0.01268072 0.14464652
v -0.01540833 -0.01268072 0.14452642
v -0.01567592 -0.01268072 0.14436243
v 0.00105864 -0.01268072 0.14471475
v 0.00071544 -0.01268072 0.14474441
v -0.00960825 -0.01268072 0.14474441
v -0.01450035 -0.01268072 0.14474441
v -0.02000034 -0.01268072 0.12124439
v -0.01560625 -0.01268072 0.12753547
v -0.01531907 -0.01268072 0.12737714
v -0.01500988 -0.01268072 0.12726789
v -0.01468699 -0.01268072 0.12721061
v -0.01435909 -0.01268072 0.12720688
v -0.01403498 -0.01268072 0.12725678
v -0.01372338 -0.01268072 0.12735897
v -0.01343267 -0.01268072 0.12751070
v -0.01647346 -0.01268072 0.12887505
v -0.01639353 -0.01268072 0.12855703
v -0.01626270 -0.01268072 0.12825634
v -0.01591456 -0.01268072 0.14415860
v -0.01611838 -0.01268072 0.14391997
v -0.02000035 -0.01268072 0.14351566
v -0.01628236 -0.01268072 0.14365239
v -0.01640246 -0.01268072 0.14336243
v -0.01608450 -0.01268072 0.12798105
v -0.01586370 -0.01268072 0.12773859
v -0.01647573 -0.01268072 0.14305727
v -0.01650035 -0.01268072 0.14274440
v -0.01650034 -0.01268072 0.12920188
v -0.02000032 -0.01268072 0.09424440
v -0.01560624 -0.01268072 0.10053547
v -0.01531906 -0.01268072 0.10037716
v -0.01500987 -0.01268072 0.10026789
v -0.01468698 -0.01268072 0.10021062
v -0.01435907 -0.01268072 0.10020688
v -0.01403496 -0.01268072 0.10025678
v -0.01372337 -0.01268072 0.10035897
v -0.01343266 -0.01268072 0.10051072
v -0.01647345 -0.01268072 0.10187507
v -0.01639352 -0.01268072 0.10155703
v -0.01626269 -0.01268072 0.10125632
v -0.01608448 -0.01268072 0.10098105
v -0.01586369 -0.01268072 0.10073858
v -0.01481321 -0.01268072 0.11771978
v -0.01511837 -0.01268072 0.11764650
v 0.00105865 -0.01268072 0.11771475
v 0.00071545 -0.01268072 0.11774440
v -0.00960823 -0.01268072 0.11774439
v -0.01450034 -0.01268072 0.11774439
v -0.01540832 -0.01268072 0.11752640
v -0.01567591 -0.01268072 0.11736243
v -0.01591455 -0.01268072 0.11715862
v -0.01611837 -0.01268072 0.11691997
v -0.01628235 -0.01268072 0.11665238
v -0.01640245 -0.01268072 0.11636243
v -0.01647571 -0.01268072 0.11605727
v -0.01650034 -0.01268072 0.11574440
v -0.01650033 -0.01268072 0.10220189
v 0.00105866 -0.01268072 0.09071473
v 0.00071547 -0.01268072 0.09074441
v -0.00960822 -0.01268072 0.09074441
v -0.01450032 -0.01268072 0.09074441
v -0.01481319 -0.01268072 0.09071978
v -0.01511836 -0.01268072 0.09064652
v -0.01540830 -0.01268072 0.09052642
v -0.01567589 -0.01268072 0.09036243
v -0.01403495 -0.01268072 0.07325678
v -0.01372335 -0.01268072 0.07335898
v -0.01343264 -0.01268072 0.07351072
v -0.01591454 -0.01268072 0.09015862
v -0.01611836 -0.01268072 0.08991997
v -0.02000032 -0.01268072 0.08951566
v -0.01628234 -0.01268072 0.08965238
v -0.01640244 -0.01268072 0.08936243
v -0.01647343 -0.01268072 0.07487507
v -0.01639350 -0.01268072 0.07455703
v -0.02000031 -0.01268072 0.06724440
v -0.01626268 -0.01268072 0.07425632
v -0.01608447 -0.01268072 0.07398104
v -0.01586367 -0.01268072 0.07373859
v -0.01560623 -0.01268072 0.07353547
v -0.01531905 -0.01268072 0.07337716
v -0.01500986 -0.01268072 0.07326789
v -0.01468697 -0.01268072 0.07321062
v -0.01435906 -0.01268072 0.07320688
v -0.01647570 -0.01268072 0.08905727
v -0.01650032 -0.01268072 0.08874440
v -0.01650032 -0.01268072 0.07520189
v -0.01481318 -0.01268072 0.06371978
v -0.01511834 -0.01268072 0.06364652
v -0.01540829 -0.01268072 0.06352642
v -0.01567588 -0.01268072 0.06336243
v 0.00105868 -0.01268072 0.06371475
v 0.00071548 -0.01268072 0.06374441
v -0.00960821 -0.01268072 0.06374441
v -0.01450031 -0.01268072 0.06374441
v -0.02000030 -0.01268072 0.04024439
v -0.01647342 -0.01268072 0.04787507
v -0.01639349 -0.01268072 0.04755703
v -0.01586366 -0.01268072 0.04673858
v -0.01560621 -0.01268072 0.04653547
v -0.01531903 -0.01268072 0.04637714
v -0.01403494 -0.01268072 0.04625678
v -0.01372334 -0.01268072 0.04635898
v -0.01343263 -0.01268072 0.04651072
v -0.01591452 -0.01268072 0.06315860
v -0.01611834 -0.01268072 0.06291997
v -0.02000031 -0.01268072 0.06251566
v -0.01628232 -0.01268072 0.06265238
v -0.01640242 -0.01268072 0.06236243
v -0.01626266 -0.01268072 0.04725632
v -0.01608446 -0.01268072 0.04698105
v -0.01500984 -0.01268072 0.04626789
v -0.01468695 -0.01268072 0.04621062
v -0.01435905 -0.01268072 0.04620688
v -0.01647569 -0.01268072 0.06205727
v -0.01650031 -0.01268072 0.06174440
v -0.01650030 -0.01268072 0.04820189
v 0.00105869 -0.01268072 0.03671473
v 0.00071549 -0.01268072 0.03674440
v -0.00960819 -0.01268072 0.03674439
v -0.01450030 -0.01268072 0.03674439
v -0.01481317 -0.01268072 0.03671979
v -0.01511833 -0.01268072 0.03664652
v -0.01540828 -0.01268072 0.03652640
v -0.01567587 -0.01268072 0.03636243
v -0.01647341 -0.01268072 0.02087507
v -0.01639348 -0.01268072 0.02055701
v -0.02000029 -0.01268072 0.01324439
v -0.01626265 -0.01268072 0.02025632
v -0.01608444 -0.01268072 0.01998105
v -0.01586365 -0.01268072 0.01973859
v -0.01560620 -0.01268072 0.01953547
v -0.01531902 -0.01268072 0.01937714
v -0.01403492 -0.01268072 0.01925678
v -0.01372333 -0.01268072 0.01935898
v -0.01343262 -0.01268072 0.01951072
v -0.01591451 -0.01268072 0.03615860
v -0.01611833 -0.01268072 0.03591996
v -0.02000030 -0.01268072 0.03551566
v -0.01628231 -0.01268072 0.03565238
v -0.01640241 -0.01268072 0.03536243
v -0.01500983 -0.01268072 0.01926789
v -0.01468694 -0.01268072 0.01921061
v -0.01435903 -0.01268072 0.01920688
v -0.01647567 -0.01268072 0.03505729
v -0.01650030 -0.01268072 0.03474439
v -0.01650029 -0.01268072 0.02120188
v 0.00105870 -0.01268072 0.00971473
v 0.00071551 -0.01268072 0.00974440
v -0.00960818 -0.01268072 0.00974439
v -0.01450028 -0.01268072 0.00974439
v -0.01481315 -0.01268072 0.00971976
v -0.01511832 -0.01268072 0.00964652
v -0.01540827 -0.01268072 0.00952640
v -0.01567585 -0.01268072 0.00936243
v -0.01591450 -0.01268072 0.00915860
v -0.01611832 -0.01268072 0.00891996
v -0.01628230 -0.01268072 0.00865238
v 0.01999973 -0.01968072 -0.01000559
v 0.02225293 -0.01968072 -0.01361280
v -0.02362924 -0.01068072 -0.01684033
v -0.02386260 -0.01068072 -0.01754980
v -0.00023771 -0.01797064 -0.05000447
v -0.00000026 -0.01798072 -0.05000560
v -0.00000026 -0.01968072 -0.05000560
v 0.00156767 -0.01750055 -0.04995638
v 0.00193717 -0.01720220 -0.04993041
v 0.00423745 -0.01968072 -0.04964382
v 0.00225094 -0.01684570 -0.04990404
v 0.00249994 -0.01644130 -0.04988027
v 0.00023720 -0.01797064 -0.05000447
v 0.00070528 -0.01789038 -0.04999562
v 0.00115307 -0.01773216 -0.04997896
v 0.00267701 -0.01600063 -0.04986183
v 0.00277707 -0.01553637 -0.04985085
v 0.00279722 -0.01506189 -0.04984859
v 0.00273690 -0.01459082 -0.04985530
v 0.00423745 -0.01068072 -0.04964382
v 0.00259783 -0.01413673 -0.04987023
v 0.00238403 -0.01371266 -0.04989162
v 0.00210163 -0.01333084 -0.04991707
v 0.00175876 -0.01300222 -0.04994362
v 0.00047295 -0.01242100 -0.05000112
v -0.00000026 -0.01068072 -0.05000560
v 0.00093254 -0.01254067 -0.04998818
v 0.00136529 -0.01273629 -0.04996828
v -0.00238454 -0.01371266 -0.04989162
v -0.00259834 -0.01413673 -0.04987023
v -0.00423796 -0.01068072 -0.04964382
v -0.00273741 -0.01459082 -0.04985531
v -0.00279773 -0.01506189 -0.04984859
v -0.00000026 -0.01238072 -0.05000560
v -0.00047346 -0.01242100 -0.05000112
v -0.00093305 -0.01254067 -0.04998818
v -0.00136580 -0.01273629 -0.04996828
v -0.00175927 -0.01300222 -0.04994362
v -0.00210214 -0.01333084 -0.04991707
v -0.00423796 -0.01968072 -0.04964382
v -0.00277758 -0.01553637 -0.04985085
v -0.00267752 -0.01600063 -0.04986184
v -0.00250045 -0.01644130 -0.04988027
v -0.00225145 -0.01684570 -0.04990404
v -0.00193768 -0.01720220 -0.04993041
v -0.00156818 -0.01750055 -0.04995638
v -0.00115358 -0.01773216 -0.04997896
v -0.00070579 -0.01789038 -0.04999562
v -0.02386260 -0.01968072 -0.01754980
v -0.02225347 -0.01968072 -0.01361282
v -0.02000027 -0.01968072 -0.01000561
v 0.02386206 -0.01968072 -0.01754978
v -0.02498239 -0.01068072 -0.02595090
v -0.02498226 -0.01254632 -0.02595425
v -0.02499031 -0.01247107 -0.02571115
v -0.02489870 -0.01351575 -0.02275443
v -0.02487494 -0.01392015 -0.02250540
v -0.02478110 -0.01068072 -0.02170255
v -0.02499914 -0.01239081 -0.02524307
v -0.02499914 -0.01239081 -0.02476816
v -0.02499031 -0.01247107 -0.02430008
v -0.02497365 -0.01262928 -0.02385230
v -0.02495105 -0.01286090 -0.02343768
v -0.02492508 -0.01315925 -0.02306818
v -0.02485650 -0.01436082 -0.02232834
v -0.02484552 -0.01482507 -0.02222827
v -0.02484326 -0.01529956 -0.02220813
v -0.02484998 -0.01577063 -0.02226846
v -0.02486490 -0.01622472 -0.02240750
v -0.02478110 -0.01968072 -0.02170255
v -0.02488631 -0.01664879 -0.02262131
v -0.02491175 -0.01703061 -0.02290372
v -0.02493831 -0.01735922 -0.02324658
v -0.02496295 -0.01762516 -0.02364005
v -0.02500027 -0.01798072 -0.02500562
v -0.02498239 -0.01968072 -0.02595090
v -0.02499579 -0.01794045 -0.02453241
v -0.02498286 -0.01782078 -0.02407282
v -0.02484997 -0.01577063 -0.02774277
v -0.02484325 -0.01529956 -0.02780307
v -0.02446063 -0.01968072 -0.03017191
v -0.02486490 -0.01622472 -0.02760370
v -0.02493831 -0.01735922 -0.02676462
v -0.02491175 -0.01703061 -0.02710748
v -0.02488631 -0.01664879 -0.02738989
v -0.02499579 -0.01794045 -0.02547882
v -0.02498286 -0.01782078 -0.02593839
v -0.02496295 -0.01762516 -0.02637115
v -0.02484552 -0.01482507 -0.02778293
v -0.02446063 -0.01068072 -0.03017191
v -0.02485650 -0.01436082 -0.02768286
v -0.02487493 -0.01392015 -0.02750580
v -0.02489870 -0.01351575 -0.02725681
v -0.02492508 -0.01315925 -0.02694302
v -0.02495105 -0.01286090 -0.02657355
v -0.02497365 -0.01262928 -0.02615894
v 0.02484944 -0.01577063 -0.02226844
v 0.02484272 -0.01529956 -0.02220811
v 0.02478057 -0.01968072 -0.02170252
v 0.02498185 -0.01968072 -0.02595087
v 0.02499525 -0.01794045 -0.02547880
v 0.02499973 -0.01798072 -0.02500559
v 0.02491122 -0.01703061 -0.02290369
v 0.02488577 -0.01664879 -0.02262128
v 0.02486436 -0.01622472 -0.02240748
v 0.02499525 -0.01794045 -0.02453239
v 0.02498233 -0.01782078 -0.02407279
v 0.02496241 -0.01762516 -0.02364002
v 0.02493777 -0.01735922 -0.02324656
v 0.02484498 -0.01482507 -0.02222825
v 0.02478057 -0.01068072 -0.02170252
v 0.02485596 -0.01436082 -0.02232831
v 0.02487440 -0.01392015 -0.02250538
v 0.02489817 -0.01351575 -0.02275440
v 0.02492455 -0.01315925 -0.02306815
v 0.02495051 -0.01286090 -0.02343766
v 0.02497312 -0.01262928 -0.02385227
v 0.02498978 -0.01247107 -0.02430006
v 0.02498185 -0.01068072 -0.02595087
v 0.02499860 -0.01239081 -0.02476813
v 0.02499860 -0.01239081 -0.02524305
v 0.02498978 -0.01247107 -0.02571113
v 0.02485597 -0.01436082 -0.02768284
v 0.02484498 -0.01482507 -0.02778290
v 0.02446010 -0.01068072 -0.03017188
v 0.02492455 -0.01315925 -0.02694300
v 0.02489817 -0.01351575 -0.02725678
v 0.02487440 -0.01392015 -0.02750577
v 0.02498173 -0.01254632 -0.02595423
v 0.02497312 -0.01262928 -0.02615891
v 0.02495052 -0.01286090 -0.02657352
v 0.02446010 -0.01968072 -0.03017188
v 0.02484272 -0.01529956 -0.02780305
v 0.02484944 -0.01577063 -0.02774274
v 0.02486437 -0.01622472 -0.02760367
v 0.02488578 -0.01664879 -0.02738987
v 0.02491122 -0.01703061 -0.02710746
v 0.02493778 -0.01735922 -0.02676459
v 0.02496241 -0.01762516 -0.02637113
v 0.02498233 -0.01782078 -0.02593836
v 0.02386206 -0.01068072 -0.01754978
v 0.02362870 -0.01068072 -0.01684031
v 0.00835250 -0.01068072 -0.04856892
v 0.00835250 -0.01968072 -0.04856892
v 0.01222581 -0.01068072 -0.04681209
v 0.01222581 -0.01968072 -0.04681209
v 0.01574526 -0.01068072 -0.04442411
v 0.01574526 -0.01968072 -0.04442411
v 0.01880899 -0.01068072 -0.04147410
v 0.01880899 -0.01968072 -0.04147410
v 0.02132835 -0.01068072 -0.03804746
v 0.02132835 -0.01968072 -0.03804746
v 0.02323040 -0.01068072 -0.03424335
v 0.02323040 -0.01968072 -0.03424335
v -0.02323093 -0.01068072 -0.03424338
v -0.02323093 -0.01968072 -0.03424338
v -0.02132887 -0.01068072 -0.03804748
v -0.02132887 -0.01968072 -0.03804748
v -0.01880951 -0.01068072 -0.04147412
v -0.01880951 -0.01968072 -0.04147412
v -0.01574577 -0.01068072 -0.04442413
v -0.01574577 -0.01968072 -0.04442413
v -0.01222632 -0.01068072 -0.04681210
v -0.01222632 -0.01968072 -0.04681210
v -0.00835301 -0.01068072 -0.04856893
v -0.00835301 -0.01968072 -0.04856893
v 0.00417299 -0.01794045 -0.02547881
v 0.00413932 -0.01788926 -0.02571538
v 0.00413932 -0.01968072 -0.02571538
v 0.00337450 -0.01392015 -0.02250539
v 0.00326748 -0.01424361 -0.02236705
v 0.00326748 -0.01068072 -0.02236705
v -0.00363649 -0.01703061 -0.02290371
v -0.00347831 -0.01669624 -0.02265117
v -0.00348001 -0.01968072 -0.02265371
v -0.00354599 -0.01351575 -0.02725680
v -0.00347571 -0.01367119 -0.02736382
v -0.00348001 -0.01068072 -0.02735747
v 0.00210162 -0.01333084 -0.02864180
v 0.00220739 -0.01345844 -0.02857857
v 0.00220183 -0.01068072 -0.02858202
v -0.00156819 -0.01750055 -0.02890194
v -0.00189327 -0.01724386 -0.02875478
v -0.00189112 -0.01968072 -0.02875588
v -0.00225146 -0.01684570 -0.02855132
v -0.00250046 -0.01644130 -0.02838036
v -0.00249773 -0.01968072 -0.02838237
v -0.00000027 -0.01238072 -0.02920558
v 0.00017799 -0.01068072 -0.02920180
v -0.00023900 -0.01239092 -0.02919881
v -0.00053374 -0.01068072 -0.02917159
v -0.00047347 -0.01242100 -0.02917885
v -0.00115531 -0.01263006 -0.02904366
v -0.00093306 -0.01254067 -0.02910070
v -0.00123012 -0.01068072 -0.02902150
v -0.00070588 -0.01247109 -0.02914589
v -0.00053413 -0.01243209 -0.02917153
v -0.00189610 -0.01312019 -0.02875338
v -0.00175928 -0.01300222 -0.02881951
v -0.00189112 -0.01068072 -0.02875588
v -0.00136581 -0.01273629 -0.02897741
v -0.00123100 -0.01266571 -0.02902123
v -0.00210215 -0.01333084 -0.02864180
v -0.00249773 -0.01068072 -0.02838237
v -0.00238455 -0.01371266 -0.02846322
v -0.00267753 -0.01600063 -0.02824169
v -0.00273729 -0.01577125 -0.02819130
v -0.00303248 -0.01968072 -0.02791173
v -0.00277759 -0.01553637 -0.02815624
v -0.00279768 -0.01530093 -0.02813839
v -0.00259777 -0.01622619 -0.02830605
v -0.00279774 -0.01506189 -0.02813836
v -0.00277743 -0.01482384 -0.02815636
v -0.00303248 -0.01068072 -0.02791173
v -0.00273742 -0.01459082 -0.02819118
v -0.00267690 -0.01435875 -0.02824221
v -0.00259836 -0.01413673 -0.02830559
v -0.00250493 -0.01392906 -0.02837703
v -0.00193769 -0.01720220 -0.02873204
v -0.00093341 -0.01782066 -0.02910060
v -0.00115359 -0.01773216 -0.02904415
v -0.00123012 -0.01968072 -0.02902150
v -0.00123103 -0.01769572 -0.02902123
v -0.00136730 -0.01762433 -0.02897689
v -0.00023772 -0.01797064 -0.02919887
v -0.00053374 -0.01968072 -0.02917159
v -0.00000006 -0.01798072 -0.02920558
v 0.00017799 -0.01968072 -0.02920180
v 0.00017807 -0.01797504 -0.02920180
v -0.00047485 -0.01794021 -0.02917870
v -0.00053412 -0.01792936 -0.02917153
v -0.00070580 -0.01789038 -0.02914589
v 0.00070527 -0.01789038 -0.02914589
v 0.00047370 -0.01794032 -0.02917876
v 0.00088459 -0.01968072 -0.02911132
v 0.00023719 -0.01797064 -0.02919887
v 0.00136721 -0.01762408 -0.02897673
v 0.00115306 -0.01773216 -0.02904415
v 0.00156573 -0.01968072 -0.02890273
v 0.00093331 -0.01782050 -0.02910051
v 0.00088505 -0.01783708 -0.02911122
v 0.00220183 -0.01968072 -0.02858202
v 0.00193716 -0.01720220 -0.02873204
v 0.00156766 -0.01750055 -0.02890193
v 0.00277457 -0.01968072 -0.02815840
v 0.00267700 -0.01600063 -0.02824169
v 0.00259748 -0.01622558 -0.02830586
v 0.00249993 -0.01644130 -0.02838036
v 0.00225093 -0.01684570 -0.02855132
v 0.00220483 -0.01690628 -0.02858016
v 0.00326748 -0.01968072 -0.02764412
v 0.00277705 -0.01553637 -0.02815624
v 0.00273665 -0.01577172 -0.02819139
v 0.00326748 -0.01068072 -0.02764412
v 0.00277457 -0.01068072 -0.02815840
v 0.00326748 -0.01424361 -0.02764412
v 0.00277682 -0.01482322 -0.02815642
v 0.00323600 -0.01436009 -0.02768263
v 0.00318553 -0.01458973 -0.02774251
v 0.00315058 -0.01553823 -0.02778267
v 0.00279717 -0.01530056 -0.02813838
v 0.00313248 -0.01529956 -0.02780306
v 0.00279721 -0.01506189 -0.02813835
v 0.00313252 -0.01506089 -0.02780303
v 0.00315037 -0.01482507 -0.02778291
v 0.00238402 -0.01371266 -0.02846321
v 0.00259782 -0.01413673 -0.02830559
v 0.00267669 -0.01435980 -0.02824193
v 0.00273689 -0.01459082 -0.02819118
v 0.00115439 -0.01262989 -0.02904375
v 0.00136528 -0.01273629 -0.02897740
v 0.00156573 -0.01068072 -0.02890273
v 0.00157025 -0.01286265 -0.02890090
v 0.00175875 -0.01300222 -0.02881951
v 0.00047294 -0.01242100 -0.02917885
v 0.00088459 -0.01068072 -0.02911132
v 0.00023849 -0.01239092 -0.02919881
v 0.00017807 -0.01238641 -0.02920180
v 0.00070525 -0.01247107 -0.02914592
v 0.00088504 -0.01252437 -0.02911122
v 0.00093253 -0.01254067 -0.02910070
v -0.00406474 -0.01968072 -0.02606389
v -0.00406474 -0.01777302 -0.02606389
v -0.00409537 -0.01782078 -0.02593837
v -0.00414057 -0.01789036 -0.02571120
v -0.00417348 -0.01794038 -0.02547918
v -0.00418514 -0.01968072 -0.02536178
v -0.00397208 -0.01762516 -0.02637114
v -0.00382743 -0.01968072 -0.02673559
v -0.00382743 -0.01738235 -0.02673559
v -0.00381410 -0.01735911 -0.02676476
v -0.00348001 -0.01968072 -0.02735747
v -0.00363649 -0.01703061 -0.02710747
v -0.00315090 -0.01482507 -0.02778292
v -0.00313307 -0.01506052 -0.02780300
v -0.00330072 -0.01413526 -0.02760308
v -0.00323635 -0.01436082 -0.02768285
v -0.00318597 -0.01459020 -0.02774260
v -0.00337503 -0.01392015 -0.02750579
v -0.00313302 -0.01529956 -0.02780306
v -0.00315104 -0.01553761 -0.02778277
v -0.00318585 -0.01577063 -0.02774276
v -0.00323687 -0.01600270 -0.02768224
v -0.00330026 -0.01622472 -0.02760369
v -0.00345789 -0.01664879 -0.02738988
v -0.00347831 -0.01669624 -0.02736001
v -0.00406474 -0.01068072 -0.02606389
v -0.00406474 -0.01258843 -0.02606389
v -0.00382743 -0.01068072 -0.02673559
v -0.00403881 -0.01262928 -0.02615893
v -0.00397157 -0.01273712 -0.02637264
v -0.00389633 -0.01286139 -0.02657427
v -0.00382743 -0.01297910 -0.02673559
v -0.00372671 -0.01315925 -0.02694301
v -0.00419355 -0.01239081 -0.02476815
v -0.00420027 -0.01238072 -0.02500539
v -0.00418514 -0.01068072 -0.02464940
v -0.00418514 -0.01068072 -0.02536178
v -0.00419354 -0.01239082 -0.02524318
v -0.00418514 -0.01240347 -0.02536178
v -0.00414058 -0.01247107 -0.02571114
v -0.00406475 -0.01068072 -0.02394729
v -0.00414058 -0.01247107 -0.02430007
v -0.00418514 -0.01240347 -0.02464940
v -0.00382743 -0.01068072 -0.02327559
v -0.00382524 -0.01298290 -0.02327077
v -0.00389662 -0.01286090 -0.02343767
v -0.00397141 -0.01273736 -0.02363811
v -0.00403867 -0.01262951 -0.02385177
v -0.00406475 -0.01258843 -0.02394729
v -0.00372671 -0.01315925 -0.02306817
v -0.00348001 -0.01068072 -0.02265371
v -0.00354599 -0.01351575 -0.02275441
v -0.00303248 -0.01968072 -0.02209945
v -0.00345790 -0.01664879 -0.02262130
v -0.00330026 -0.01622472 -0.02240749
v -0.00323661 -0.01600165 -0.02232863
v -0.00318586 -0.01577063 -0.02226845
v -0.00315111 -0.01553823 -0.02222851
v -0.00313302 -0.01529956 -0.02220812
v -0.00313306 -0.01506089 -0.02220815
v -0.00303248 -0.01068072 -0.02209945
v -0.00315090 -0.01482507 -0.02222826
v -0.00318606 -0.01458973 -0.02226867
v -0.00323635 -0.01436082 -0.02232833
v -0.00330053 -0.01413587 -0.02240786
v -0.00337503 -0.01392015 -0.02250539
v -0.00347571 -0.01367119 -0.02264736
v -0.00382743 -0.01968072 -0.02327559
v -0.00382687 -0.01738138 -0.02327437
v -0.00381417 -0.01735922 -0.02324657
v -0.00418514 -0.01795798 -0.02536178
v -0.00420027 -0.01798072 -0.02500561
v -0.00418514 -0.01968072 -0.02464940
v -0.00418514 -0.01795798 -0.02464940
v -0.00406475 -0.01968072 -0.02394729
v -0.00417353 -0.01794045 -0.02453240
v -0.00414059 -0.01789038 -0.02430007
v -0.00409524 -0.01782057 -0.02407219
v -0.00406475 -0.01777302 -0.02394729
v -0.00397208 -0.01762516 -0.02364004
v 0.00413932 -0.01788926 -0.02429579
v 0.00413932 -0.01968072 -0.02429579
v 0.00409484 -0.01782078 -0.02407280
v 0.00395982 -0.01968072 -0.02360640
v 0.00403779 -0.01773139 -0.02385054
v 0.00397154 -0.01762516 -0.02364003
v 0.00366639 -0.01968072 -0.02295726
v 0.00381364 -0.01735922 -0.02324657
v 0.00395931 -0.01760524 -0.02360497
v 0.00329972 -0.01622472 -0.02240749
v 0.00345736 -0.01664879 -0.02262129
v 0.00326748 -0.01968072 -0.02236705
v 0.00363595 -0.01703061 -0.02290370
v 0.00366484 -0.01708676 -0.02295448
v 0.00315036 -0.01482507 -0.02222826
v 0.00313253 -0.01506052 -0.02220818
v 0.00277456 -0.01068072 -0.02185277
v 0.00318544 -0.01459020 -0.02226857
v 0.00323582 -0.01436082 -0.02232832
v 0.00313248 -0.01529956 -0.02220812
v 0.00315050 -0.01553761 -0.02222844
v 0.00277456 -0.01968072 -0.02185277
v 0.00318532 -0.01577063 -0.02226845
v 0.00326748 -0.01611784 -0.02236705
v 0.00389609 -0.01286090 -0.02343767
v 0.00366639 -0.01068072 -0.02295726
v 0.00395982 -0.01275538 -0.02360640
v 0.00395982 -0.01068072 -0.02360640
v 0.00403828 -0.01262928 -0.02385228
v 0.00372617 -0.01315925 -0.02306816
v 0.00366350 -0.01327725 -0.02295210
v 0.00354545 -0.01351575 -0.02275441
v 0.00419302 -0.01239081 -0.02476814
v 0.00417283 -0.01242124 -0.02453102
v 0.00413932 -0.01068072 -0.02429579
v 0.00413932 -0.01247219 -0.02429579
v 0.00409429 -0.01254152 -0.02407039
v 0.00419973 -0.01238072 -0.02500560
v 0.00419973 -0.01068072 -0.02500560
v 0.00419302 -0.01239081 -0.02524306
v 0.00413932 -0.01068072 -0.02571538
v 0.00417290 -0.01242113 -0.02547957
v 0.00395982 -0.01275538 -0.02640477
v 0.00403828 -0.01262928 -0.02615892
v 0.00395982 -0.01068072 -0.02640477
v 0.00409419 -0.01254167 -0.02594121
v 0.00414005 -0.01247107 -0.02571114
v 0.00389609 -0.01286090 -0.02657353
v 0.00366639 -0.01068072 -0.02705391
v 0.00372618 -0.01315925 -0.02694301
v 0.00337450 -0.01392015 -0.02750578
v 0.00354545 -0.01351575 -0.02725679
v 0.00366351 -0.01327725 -0.02705907
v 0.00366639 -0.01968072 -0.02705391
v 0.00366484 -0.01708676 -0.02705669
v 0.00363595 -0.01703061 -0.02710747
v 0.00345736 -0.01664879 -0.02738988
v 0.00329972 -0.01622472 -0.02760369
v 0.00326748 -0.01611784 -0.02764412
v 0.00318532 -0.01577063 -0.02774275
v 0.00395982 -0.01968072 -0.02640477
v 0.00409484 -0.01782078 -0.02593837
v 0.00403790 -0.01773156 -0.02616023
v 0.00397149 -0.01762507 -0.02637129
v 0.00395982 -0.01760606 -0.02640477
v 0.00381364 -0.01735922 -0.02676460
v 0.00417299 -0.01794045 -0.02453240
v 0.00419294 -0.01797053 -0.02476686
v 0.00419973 -0.01968072 -0.02500560
v 0.00419973 -0.01798072 -0.02500560
v 0.00419294 -0.01797053 -0.02524434
v -0.00249773 -0.01968072 -0.02162880
v -0.00249773 -0.01068072 -0.02162880
v -0.00189113 -0.01968072 -0.02125530
v -0.00189113 -0.01068072 -0.02125530
v -0.00123012 -0.01968072 -0.02098970
v -0.00123012 -0.01068072 -0.02098970
v -0.00053374 -0.01968072 -0.02083962
v -0.00053374 -0.01068072 -0.02083962
v 0.00017798 -0.01968072 -0.02080938
v 0.00017798 -0.01068072 -0.02080938
v 0.00088458 -0.01968072 -0.02089986
v 0.00088458 -0.01068072 -0.02089986
v 0.00156573 -0.01968072 -0.02110845
v 0.00156573 -0.01068072 -0.02110845
v 0.00220182 -0.01968072 -0.02142916
v 0.00220182 -0.01068072 -0.02142916
v 0.00204516 -0.01968072 0.06025044
v -0.01317062 -0.01968072 0.04670792
v -0.00261065 -0.01968072 0.04638523
v -0.01399601 -0.01968072 -0.01553060
v -0.00950126 -0.01968072 0.28638132
v -0.00928166 -0.01968072 0.28627060
v -0.00639616 -0.01968072 0.28627188
v 0.02478043 -0.01968072 0.27169138
v 0.02498171 -0.01968072 0.27593973
v 0.01080132 -0.01968072 0.26618766
v 0.02132819 -0.01968072 0.28803629
v 0.01116922 -0.01968072 0.28594681
v 0.01130693 -0.01968072 0.28574305
v 0.01116922 -0.01968072 0.28412496
v 0.01099904 -0.01968072 0.28394743
v 0.01080131 -0.01968072 0.28380119
v 0.01058170 -0.01968072 0.28369045
v 0.00985689 -0.01968072 0.28359764
v 0.00916580 -0.01968072 0.28118970
v 0.01010261 -0.01968072 0.28358721
v 0.01008096 -0.01968072 0.27955147
v 0.01034655 -0.01968072 0.28361844
v 0.01070610 -0.01968072 0.27778217
v 0.01102323 -0.01968072 0.27593266
v 0.00961647 -0.01968072 0.28364947
v 0.00938827 -0.01968072 0.28374114
v 0.00798694 -0.01968072 0.28264969
v 0.01140823 -0.01968072 0.28551894
v 0.01147021 -0.01968072 0.28528094
v 0.02323024 -0.01968072 0.28423220
v 0.01149106 -0.01968072 0.28503590
v 0.01147021 -0.01968072 0.28479084
v 0.02445995 -0.01968072 0.28016073
v 0.01140823 -0.01968072 0.28455284
v 0.01130694 -0.01968072 0.28432875
v 0.00871978 -0.01968072 0.28443863
v 0.00863785 -0.01968072 0.28467052
v 0.00657831 -0.01968072 0.28388943
v 0.00917885 -0.01968072 0.28387009
v 0.00899423 -0.01968072 0.28403257
v 0.00883972 -0.01968072 0.28422394
v 0.00859629 -0.01968072 0.28491294
v 0.00859629 -0.01968072 0.28515886
v 0.00639532 -0.01968072 0.28627189
v 0.00863785 -0.01968072 0.28540128
v 0.00871978 -0.01968072 0.28563314
v 0.00883972 -0.01968072 0.28584786
v 0.00899422 -0.01968072 0.28603920
v 0.00498041 -0.01968072 0.28487330
v 0.00323923 -0.01968072 0.28557297
v -0.00580109 -0.01968072 0.28441529
v -0.00412552 -0.01968072 0.28526010
v -0.00233127 -0.01968072 0.28580959
v -0.00046997 -0.01968072 0.28604795
v 0.00140484 -0.01968072 0.28596829
v -0.00928166 -0.01968072 0.28380118
v -0.00950126 -0.01968072 0.28369044
v -0.00860822 -0.01968072 0.28194471
v -0.00965901 -0.01968072 0.28039001
v -0.00908392 -0.01968072 0.28612436
v -0.00891375 -0.01968072 0.28594680
v -0.00877603 -0.01968072 0.28574304
v -0.00861276 -0.01968072 0.28479083
v -0.00867473 -0.01968072 0.28455283
v -0.01069470 -0.01968072 0.28633062
v -0.01399616 -0.01968072 0.28627188
v -0.01090412 -0.01968072 0.28620167
v -0.01108874 -0.01968072 0.28603919
v -0.00730979 -0.01968072 0.28329946
v -0.01090412 -0.01968072 0.28387008
v -0.01108874 -0.01968072 0.28403257
v -0.01399615 -0.01968072 0.27499441
v -0.01124324 -0.01968072 0.28422393
v -0.00877603 -0.01968072 0.28432874
v -0.00891375 -0.01968072 0.28412495
v -0.00908392 -0.01968072 0.28394742
v -0.00973641 -0.01968072 0.28361843
v -0.00998036 -0.01968072 0.28358720
v -0.01043194 -0.01968072 0.27868010
v -0.01022608 -0.01968072 0.28359763
v -0.01090478 -0.01968072 0.27686415
v -0.01046649 -0.01968072 0.28364946
v -0.01069470 -0.01968072 0.28374113
v -0.00867473 -0.01968072 0.28551893
v -0.00861276 -0.01968072 0.28528093
v -0.00859190 -0.01968072 0.28503589
v -0.01136318 -0.01968072 0.28443862
v -0.01144511 -0.01968072 0.28467051
v -0.01148668 -0.01968072 0.28491293
v -0.01148668 -0.01968072 0.28515885
v -0.01144511 -0.01968072 0.28540127
v -0.01136318 -0.01968072 0.28563313
v -0.01124324 -0.01968072 0.28584785
v -0.00877602 -0.01968072 0.26424576
v -0.00891374 -0.01968072 0.26404200
v -0.00639613 -0.01968072 0.23112367
v -0.01046648 -0.01968072 0.26356648
v -0.01069469 -0.01968072 0.26365818
v -0.01399613 -0.01968072 0.23112367
v -0.01108873 -0.01968072 0.26595624
v -0.01090411 -0.01968072 0.26611872
v -0.00950125 -0.01968072 0.26629837
v -0.00860821 -0.01968072 0.26804410
v -0.00973641 -0.01968072 0.26637037
v -0.00965900 -0.01968072 0.26959879
v -0.00998035 -0.01968072 0.26640160
v -0.01022607 -0.01968072 0.26639117
v -0.01069469 -0.01968072 0.26624767
v -0.01046648 -0.01968072 0.26633937
v -0.00928165 -0.01968072 0.26618765
v -0.00908391 -0.01968072 0.26604141
v -0.00730978 -0.01968072 0.26668934
v -0.00908391 -0.01968072 0.26386444
v -0.00928165 -0.01968072 0.26371820
v -0.00950125 -0.01968072 0.26360749
v -0.00973640 -0.01968072 0.26353545
v -0.00998035 -0.01968072 0.26350422
v -0.01022607 -0.01968072 0.26351468
v -0.01090411 -0.01968072 0.26378713
v -0.01108873 -0.01968072 0.26394961
v -0.01124323 -0.01968072 0.26414094
v -0.01148667 -0.01968072 0.26482995
v -0.01148667 -0.01968072 0.26507590
v -0.01144510 -0.01968072 0.26531829
v -0.01043194 -0.01968072 0.27130870
v -0.01090477 -0.01968072 0.27312468
v -0.01106391 -0.01968072 0.27499441
v -0.00891374 -0.01968072 0.26586385
v -0.00877602 -0.01968072 0.26566009
v -0.00580108 -0.01968072 0.26557351
v -0.00867472 -0.01968072 0.26543598
v -0.00861275 -0.01968072 0.26519798
v -0.01136317 -0.01968072 0.26555018
v -0.01124323 -0.01968072 0.26576488
v -0.01136317 -0.01968072 0.26435567
v -0.01144510 -0.01968072 0.26458756
v -0.00859189 -0.01968072 0.26495291
v -0.00861275 -0.01968072 0.26470788
v -0.00867472 -0.01968072 0.26446988
v 0.00498042 -0.01968072 0.26511552
v 0.00323924 -0.01968072 0.26441585
v 0.00639535 -0.01968072 0.23112368
v 0.00140485 -0.01968072 0.26402052
v -0.00046996 -0.01968072 0.26394089
v -0.00233126 -0.01968072 0.26417922
v -0.00412551 -0.01968072 0.26472871
v 0.01099905 -0.01968072 0.26604142
v 0.01116923 -0.01968072 0.26586386
v 0.01999959 -0.01968072 0.25999441
v 0.01034656 -0.01968072 0.26353546
v 0.01010261 -0.01968072 0.26350423
v 0.01999961 -0.01968072 0.23112369
v 0.01058171 -0.01968072 0.26360750
v 0.01058171 -0.01968072 0.26629838
v 0.01102323 -0.01968072 0.27405616
v 0.01070610 -0.01968072 0.27220666
v 0.02386192 -0.01968072 0.26753861
v 0.00961648 -0.01968072 0.26633938
v 0.00985690 -0.01968072 0.26639118
v 0.00916581 -0.01968072 0.26879912
v 0.01106309 -0.01968072 0.27499443
v 0.00985690 -0.01968072 0.26351469
v 0.00961648 -0.01968072 0.26356649
v 0.00938828 -0.01968072 0.26365819
v 0.01008096 -0.01968072 0.27043735
v 0.01010261 -0.01968072 0.26640161
v 0.01034656 -0.01968072 0.26637038
v 0.02225279 -0.01968072 0.26360166
v 0.01130694 -0.01968072 0.26566010
v 0.01140824 -0.01968072 0.26543599
v 0.01147022 -0.01968072 0.26519799
v 0.01140824 -0.01968072 0.26446989
v 0.01130695 -0.01968072 0.26424577
v 0.01116923 -0.01968072 0.26404201
v 0.01099905 -0.01968072 0.26386445
v 0.01080132 -0.01968072 0.26371821
v 0.00871979 -0.01968072 0.26435568
v 0.00863786 -0.01968072 0.26458757
v 0.00798695 -0.01968072 0.26733916
v 0.00917885 -0.01968072 0.26611873
v 0.00938828 -0.01968072 0.26624768
v 0.00917886 -0.01968072 0.26378714
v 0.00899424 -0.01968072 0.26394962
v 0.00883973 -0.01968072 0.26414095
v 0.01149107 -0.01968072 0.26495292
v 0.01147022 -0.01968072 0.26470789
v 0.00859630 -0.01968072 0.26482996
v 0.00859630 -0.01968072 0.26507591
v 0.00657831 -0.01968072 0.26609938
v 0.00863786 -0.01968072 0.26531830
v 0.00871979 -0.01968072 0.26555019
v 0.00883973 -0.01968072 0.26576489
v 0.00899423 -0.01968072 0.26595625
v -0.01560619 -0.01968072 -0.00746453
v -0.01586363 -0.01968072 -0.00726141
v -0.01531901 -0.01968072 -0.00762286
v -0.01435902 -0.01968072 -0.00779312
v -0.01468693 -0.01968072 -0.00778939
v -0.01500982 -0.01968072 -0.00773211
v -0.01608443 -0.01968072 -0.00701895
v -0.01626264 -0.01968072 -0.00674368
v -0.01639346 -0.01968072 -0.00644299
v -0.01647339 -0.01968072 -0.00612493
v -0.01650028 -0.01968072 -0.00579812
v -0.02000028 -0.01968072 0.00851566
v -0.01650028 -0.01968072 0.00774439
v -0.01647566 -0.01968072 0.00805726
v -0.01640240 -0.01968072 0.00836243
v -0.01628230 -0.01968072 0.00865238
v -0.02000029 -0.01968072 0.01324439
v -0.01611832 -0.01968072 0.00891996
v -0.01591450 -0.01968072 0.00915860
v -0.01567585 -0.01968072 0.00936243
v -0.01540827 -0.01968072 0.00952640
v -0.01399603 -0.01968072 0.01324439
v -0.01511832 -0.01968072 0.00964652
v -0.01481315 -0.01968072 0.00971976
v -0.01372333 -0.01968072 0.01935898
v -0.01403492 -0.01968072 0.01925678
v -0.01435903 -0.01968072 0.01920688
v -0.01560620 -0.01968072 0.01953547
v -0.01586365 -0.01968072 0.01973859
v -0.01608444 -0.01968072 0.01998105
v -0.01626265 -0.01968072 0.02025632
v -0.01639348 -0.01968072 0.02055701
v -0.01468694 -0.01968072 0.01921061
v -0.01500983 -0.01968072 0.01926789
v -0.01531902 -0.01968072 0.01937714
v -0.01647341 -0.01968072 0.02087507
v -0.01650029 -0.01968072 0.02120188
v -0.02000030 -0.01968072 0.03551566
v -0.01650030 -0.01968072 0.03474439
v -0.01647567 -0.01968072 0.03505729
v -0.01640241 -0.01968072 0.03536243
v -0.01628231 -0.01968072 0.03565238
v -0.02000030 -0.01968072 0.04024439
v -0.01611833 -0.01968072 0.03591996
v -0.01591451 -0.01968072 0.03615860
v -0.01567587 -0.01968072 0.03636243
v -0.01540828 -0.01968072 0.03652640
v -0.01399604 -0.01968072 0.04024439
v -0.01511833 -0.01968072 0.03664652
v -0.01481317 -0.01968072 0.03671979
v -0.01372334 -0.01968072 0.04635898
v -0.01403494 -0.01968072 0.04625678
v -0.01435905 -0.01968072 0.04620688
v -0.01560621 -0.01968072 0.04653547
v -0.01586366 -0.01968072 0.04673858
v -0.01608446 -0.01968072 0.04698105
v -0.01626266 -0.01968072 0.04725632
v -0.01639349 -0.01968072 0.04755703
v -0.01468695 -0.01968072 0.04621062
v -0.01500984 -0.01968072 0.04626789
v -0.01531903 -0.01968072 0.04637714
v -0.01647569 -0.01968072 0.06205727
v -0.01640242 -0.01968072 0.06236243
v -0.02000031 -0.01968072 0.06724440
v -0.01628232 -0.01968072 0.06265238
v -0.01611834 -0.01968072 0.06291997
v -0.01540829 -0.01968072 0.06352642
v -0.01399605 -0.01968072 0.06724441
v -0.01511834 -0.01968072 0.06364652
v -0.01481318 -0.01968072 0.06371978
v -0.01591452 -0.01968072 0.06315860
v -0.01567588 -0.01968072 0.06336243
v -0.01647342 -0.01968072 0.04787507
v -0.01650030 -0.01968072 0.04820189
v -0.01650031 -0.01968072 0.06174440
v -0.01372335 -0.01968072 0.07335898
v -0.01403495 -0.01968072 0.07325678
v -0.01399605 -0.01968072 0.07197315
v -0.01435906 -0.01968072 0.07320688
v -0.01468697 -0.01968072 0.07321062
v -0.01500986 -0.01968072 0.07326789
v -0.02000031 -0.01968072 0.07197315
v -0.01531905 -0.01968072 0.07337716
v -0.01560623 -0.01968072 0.07353547
v -0.01586367 -0.01968072 0.07373859
v -0.01608447 -0.01968072 0.07398104
v -0.01626268 -0.01968072 0.07425632
v -0.01639350 -0.01968072 0.07455703
v -0.01647343 -0.01968072 0.07487507
v -0.01650032 -0.01968072 0.07520189
v -0.02000032 -0.01968072 0.08951566
v -0.01650032 -0.01968072 0.08874440
v -0.01647570 -0.01968072 0.08905727
v -0.01640244 -0.01968072 0.08936243
v -0.01628234 -0.01968072 0.08965238
v -0.02000032 -0.01968072 0.09424440
v -0.01611836 -0.01968072 0.08991997
v -0.01591454 -0.01968072 0.09015862
v -0.01567589 -0.01968072 0.09036243
v -0.01540830 -0.01968072 0.09052642
v -0.01399607 -0.01968072 0.09424441
v -0.01511836 -0.01968072 0.09064652
v -0.01481319 -0.01968072 0.09071978
v -0.01403496 -0.01968072 0.10025678
v -0.01435907 -0.01968072 0.10020688
v -0.01560624 -0.01968072 0.10053547
v -0.01586369 -0.01968072 0.10073858
v -0.01468698 -0.01968072 0.10021062
v -0.01500987 -0.01968072 0.10026789
v -0.01531906 -0.01968072 0.10037716
v -0.01608448 -0.01968072 0.10098105
v -0.01626269 -0.01968072 0.10125632
v -0.01639352 -0.01968072 0.10155703
v -0.01647345 -0.01968072 0.10187507
v -0.01650033 -0.01968072 0.10220189
v -0.02000034 -0.01968072 0.11651566
v -0.01650034 -0.01968072 0.11574440
v -0.01647571 -0.01968072 0.11605727
v -0.01640245 -0.01968072 0.11636243
v -0.01628235 -0.01968072 0.11665238
v -0.02000034 -0.01968072 0.12124439
v -0.01611837 -0.01968072 0.11691997
v -0.01591455 -0.01968072 0.11715862
v -0.01567591 -0.01968072 0.11736243
v -0.01540832 -0.01968072 0.11752640
v -0.01399608 -0.01968072 0.12124439
v -0.01511837 -0.01968072 0.11764650
v -0.01481321 -0.01968072 0.11771978
v -0.01372338 -0.01968072 0.12735897
v -0.01403498 -0.01968072 0.12725678
v -0.01435909 -0.01968072 0.12720688
v -0.01560625 -0.01968072 0.12753547
v -0.01586370 -0.01968072 0.12773859
v -0.01468699 -0.01968072 0.12721061
v -0.01500988 -0.01968072 0.12726789
v -0.01531907 -0.01968072 0.12737714
v -0.01608450 -0.01968072 0.12798105
v -0.01626270 -0.01968072 0.12825634
v -0.01639353 -0.01968072 0.12855703
v -0.01647573 -0.01968072 0.14305727
v -0.01640246 -0.01968072 0.14336243
v -0.02000035 -0.01968072 0.14824440
v -0.01591456 -0.01968072 0.14415860
v -0.01567592 -0.01968072 0.14436243
v -0.01540833 -0.01968072 0.14452642
v -0.01399609 -0.01968072 0.14824441
v -0.01511838 -0.01968072 0.14464652
v -0.01481322 -0.01968072 0.14471978
v -0.01628236 -0.01968072 0.14365239
v -0.01611838 -0.01968072 0.14391997
v -0.01647346 -0.01968072 0.12887505
v -0.01650034 -0.01968072 0.12920188
v -0.01650035 -0.01968072 0.14274440
v -0.01399609 -0.01968072 0.15297313
v -0.01403499 -0.01968072 0.15425678
v -0.01435910 -0.01968072 0.15420688
v -0.02000035 -0.01968072 0.15297313
v -0.01560626 -0.01968072 0.15453547
v -0.01586371 -0.01968072 0.15473859
v -0.01468701 -0.01968072 0.15421062
v -0.01500989 -0.01968072 0.15426789
v -0.01531909 -0.01968072 0.15437714
v -0.01608451 -0.01968072 0.15498104
v -0.01626272 -0.01968072 0.15525632
v -0.01639354 -0.01968072 0.15555703
v -0.01647347 -0.01968072 0.15587507
v -0.01650036 -0.01968072 0.15620189
v -0.02000036 -0.01968072 0.17051564
v -0.01650036 -0.01968072 0.16974440
v -0.01647574 -0.01968072 0.17005727
v -0.01640248 -0.01968072 0.17036243
v -0.01628238 -0.01968072 0.17065238
v -0.02000036 -0.01968072 0.17524440
v -0.01611840 -0.01968072 0.17091997
v -0.01591458 -0.01968072 0.17115862
v -0.01567593 -0.01968072 0.17136245
v -0.01540834 -0.01968072 0.17152642
v -0.01399611 -0.01968072 0.17524441
v -0.01511840 -0.01968072 0.17164652
v -0.01481323 -0.01968072 0.17171979
v -0.01403500 -0.01968072 0.18125678
v -0.01435911 -0.01968072 0.18120688
v -0.01560628 -0.01968072 0.18153547
v -0.01586373 -0.01968072 0.18173858
v -0.01468702 -0.01968072 0.18121061
v -0.01500991 -0.01968072 0.18126788
v -0.01531910 -0.01968072 0.18137716
v -0.01608452 -0.01968072 0.18198104
v -0.01626273 -0.01968072 0.18225632
v -0.01639356 -0.01968072 0.18255703
v -0.01647575 -0.01968072 0.19705727
v -0.01640249 -0.01968072 0.19736243
v -0.02000038 -0.01968072 0.19751566
v -0.01647349 -0.01968072 0.18287507
v -0.01650037 -0.01968072 0.18320189
v -0.01650038 -0.01968072 0.19674440
v -0.01567595 -0.01968072 0.19836243
v -0.01540836 -0.01968072 0.19852641
v -0.02000039 -0.01968072 0.23112367
v -0.01511841 -0.01968072 0.19864651
v -0.01628239 -0.01968072 0.19765238
v -0.01611841 -0.01968072 0.19791997
v -0.01591459 -0.01968072 0.19815862
v -0.01481325 -0.01968072 0.19871978
v -0.02000041 -0.01968072 0.25999439
v -0.02478125 -0.01968072 0.27169136
v -0.02386274 -0.01968072 0.26753858
v -0.02225361 -0.01968072 0.26360164
v -0.02323108 -0.01968072 0.28423218
v -0.02446078 -0.01968072 0.28016070
v -0.02498254 -0.01968072 0.27593971
v -0.02132903 -0.01968072 0.28803626
v -0.00835318 -0.01968072 0.29855774
v -0.00998036 -0.01968072 0.28648458
v -0.00973642 -0.01968072 0.28645335
v -0.01022608 -0.01968072 0.28647415
v -0.01222649 -0.01968072 0.29680089
v -0.01046649 -0.01968072 0.28642232
v -0.01574594 -0.01968072 0.29441292
v -0.01880968 -0.01968072 0.29146291
v 0.00835233 -0.01968072 0.29855775
v 0.00423728 -0.01968072 0.29963263
v -0.00423813 -0.01968072 0.29963262
v -0.00000043 -0.01968072 0.29999440
v 0.01222564 -0.01968072 0.29680091
v 0.00985689 -0.01968072 0.28647416
v 0.01010260 -0.01968072 0.28648459
v 0.01034655 -0.01968072 0.28645336
v 0.01574509 -0.01968072 0.29441294
v 0.01058170 -0.01968072 0.28638133
v 0.01880883 -0.01968072 0.29146293
v 0.01080131 -0.01968072 0.28627061
v 0.01099904 -0.01968072 0.28612437
v 0.00917884 -0.01968072 0.28620168
v 0.00938827 -0.01968072 0.28633063
v 0.00961647 -0.01968072 0.28642233
v 0.01560554 -0.01968072 0.19595335
v 0.01586298 -0.01968072 0.19575023
v 0.01999962 -0.01968072 0.19751568
v 0.01343195 -0.01968072 0.19597810
v 0.01372266 -0.01968072 0.19612984
v 0.00639536 -0.01968072 0.19751567
v 0.01403426 -0.01968072 0.19623203
v 0.01435837 -0.01968072 0.19628193
v 0.01468628 -0.01968072 0.19627819
v 0.01500916 -0.01968072 0.19622093
v 0.01531835 -0.01968072 0.19611168
v 0.01608378 -0.01968072 0.19550778
v 0.01626198 -0.01968072 0.19523249
v 0.01639281 -0.01968072 0.19493178
v 0.01999963 -0.01968072 0.17524442
v 0.01540761 -0.01968072 0.17896241
v 0.01511767 -0.01968072 0.17884230
v 0.01647501 -0.01968072 0.18043154
v 0.01640174 -0.01968072 0.18012638
v 0.01628165 -0.01968072 0.17983643
v 0.01611767 -0.01968072 0.17956885
v 0.01591385 -0.01968072 0.17933021
v 0.01567520 -0.01968072 0.17912638
v 0.01647274 -0.01968072 0.19461375
v 0.01649963 -0.01968072 0.19428692
v 0.01649963 -0.01968072 0.18074442
v 0.00639538 -0.01968072 0.17524442
v 0.00639538 -0.01968072 0.17051566
v 0.01999964 -0.01968072 0.17051566
v 0.01343196 -0.01968072 0.16897811
v 0.01372268 -0.01968072 0.16912984
v 0.01500918 -0.01968072 0.16922094
v 0.01531837 -0.01968072 0.16911167
v 0.01560555 -0.01968072 0.16895336
v 0.01586300 -0.01968072 0.16875023
v 0.01403427 -0.01968072 0.16923203
v 0.01435838 -0.01968072 0.16928194
v 0.01468629 -0.01968072 0.16927820
v 0.01608379 -0.01968072 0.16850779
v 0.01626200 -0.01968072 0.16823250
v 0.01639283 -0.01968072 0.16793180
v 0.01647276 -0.01968072 0.16761376
v 0.01649964 -0.01968072 0.16728693
v 0.01999965 -0.01968072 0.15297315
v 0.01649965 -0.01968072 0.15374440
v 0.01647502 -0.01968072 0.15343154
v 0.01591386 -0.01968072 0.15233020
v 0.01567522 -0.01968072 0.15212638
v 0.01999965 -0.01968072 0.14824442
v 0.01540763 -0.01968072 0.15196241
v 0.01511768 -0.01968072 0.15184230
v 0.01640176 -0.01968072 0.15312638
v 0.01628166 -0.01968072 0.15283643
v 0.01611768 -0.01968072 0.15256884
v 0.00639539 -0.01968072 0.14824442
v 0.01316997 -0.01968072 0.14178090
v 0.01343198 -0.01968072 0.14197811
v 0.01468630 -0.01968072 0.14227820
v 0.01500919 -0.01968072 0.14222094
v 0.01531838 -0.01968072 0.14211167
v 0.01560556 -0.01968072 0.14195334
v 0.01586301 -0.01968072 0.14175023
v 0.01608380 -0.01968072 0.14150777
v 0.01626201 -0.01968072 0.14123249
v 0.01639284 -0.01968072 0.14093180
v 0.01372269 -0.01968072 0.14212984
v 0.01403429 -0.01968072 0.14223204
v 0.01435840 -0.01968072 0.14228193
v 0.01591387 -0.01968072 0.12533020
v 0.01567523 -0.01968072 0.12512639
v 0.01999966 -0.01968072 0.12124441
v 0.01540764 -0.01968072 0.12496241
v 0.01511769 -0.01968072 0.12484229
v 0.01647503 -0.01968072 0.12643155
v 0.01640177 -0.01968072 0.12612639
v 0.01628167 -0.01968072 0.12583645
v 0.01611769 -0.01968072 0.12556885
v 0.01647277 -0.01968072 0.14061376
v 0.01649965 -0.01968072 0.14028693
v 0.01649966 -0.01968072 0.12674442
v 0.00639540 -0.01968072 0.12124440
v 0.00639540 -0.01968072 0.11651567
v 0.01999966 -0.01968072 0.11651568
v 0.01343199 -0.01968072 0.11497809
v 0.01372270 -0.01968072 0.11512984
v 0.01500920 -0.01968072 0.11522094
v 0.01531839 -0.01968072 0.11511167
v 0.01560558 -0.01968072 0.11495334
v 0.01586302 -0.01968072 0.11475023
v 0.01403430 -0.01968072 0.11523203
v 0.01435841 -0.01968072 0.11528194
v 0.01468632 -0.01968072 0.11527819
v 0.01608382 -0.01968072 0.11450777
v 0.01626202 -0.01968072 0.11423249
v 0.01639285 -0.01968072 0.11393178
v 0.01511771 -0.01968072 0.09784230
v 0.01999967 -0.01968072 0.09424442
v 0.01540765 -0.01968072 0.09796241
v 0.01567524 -0.01968072 0.09812638
v 0.01628168 -0.01968072 0.09883643
v 0.01640178 -0.01968072 0.09912638
v 0.01647505 -0.01968072 0.09943155
v 0.01611771 -0.01968072 0.09856885
v 0.01591389 -0.01968072 0.09833020
v 0.01647278 -0.01968072 0.11361374
v 0.01649966 -0.01968072 0.11328692
v 0.01649967 -0.01968072 0.09974442
v 0.00639541 -0.01968072 0.09424442
v 0.00639542 -0.01968072 0.08951567
v 0.01999968 -0.01968072 0.08951568
v 0.01343200 -0.01968072 0.08797811
v 0.01372271 -0.01968072 0.08812984
v 0.01403431 -0.01968072 0.08823203
v 0.01435842 -0.01968072 0.08828193
v 0.01468633 -0.01968072 0.08827820
v 0.01500922 -0.01968072 0.08822094
v 0.01531841 -0.01968072 0.08811167
v 0.01560559 -0.01968072 0.08795336
v 0.01586303 -0.01968072 0.08775023
v 0.01608383 -0.01968072 0.08750777
v 0.01626204 -0.01968072 0.08723250
v 0.01639287 -0.01968072 0.08693180
v 0.01647280 -0.01968072 0.08661376
v 0.01649968 -0.01968072 0.08628693
v 0.01999969 -0.01968072 0.07197317
v 0.01649968 -0.01968072 0.07274442
v 0.01647506 -0.01968072 0.07243154
v 0.01640180 -0.01968072 0.07212638
v 0.01628170 -0.01968072 0.07183643
v 0.01999969 -0.01968072 0.06724442
v 0.01611772 -0.01968072 0.07156885
v 0.01591390 -0.01968072 0.07133020
v 0.01567526 -0.01968072 0.07112638
v 0.01540767 -0.01968072 0.07096241
v 0.01511772 -0.01968072 0.07084230
v 0.01468634 -0.01968072 0.06127820
v 0.01500923 -0.01968072 0.06122094
v 0.00639543 -0.01968072 0.06724442
v 0.01317001 -0.01968072 0.06078090
v 0.01343202 -0.01968072 0.06097811
v 0.01372273 -0.01968072 0.06112984
v 0.01403433 -0.01968072 0.06123203
v 0.01435844 -0.01968072 0.06128194
v 0.01531842 -0.01968072 0.06111167
v 0.01560560 -0.01968072 0.06095336
v 0.01586305 -0.01968072 0.06075023
v 0.01608384 -0.01968072 0.06050777
v 0.01626205 -0.01968072 0.06023249
v 0.01639288 -0.01968072 0.05993178
v 0.01647507 -0.01968072 0.04543155
v 0.01640181 -0.01968072 0.04512638
v 0.01999970 -0.01968072 0.04024441
v 0.01628171 -0.01968072 0.04483643
v 0.01611773 -0.01968072 0.04456885
v 0.01591391 -0.01968072 0.04433020
v 0.01567527 -0.01968072 0.04412638
v 0.01540768 -0.01968072 0.04396242
v 0.01511773 -0.01968072 0.04384230
v 0.01647281 -0.01968072 0.05961376
v 0.01649969 -0.01968072 0.05928693
v 0.01649970 -0.01968072 0.04574442
v 0.00639544 -0.01968072 0.04024440
v 0.00639544 -0.01968072 0.03551567
v 0.01999970 -0.01968072 0.03551568
v 0.01343203 -0.01968072 0.03397811
v 0.01372274 -0.01968072 0.03412984
v 0.01500924 -0.01968072 0.03422094
v 0.01531843 -0.01968072 0.03411168
v 0.01560561 -0.01968072 0.03395336
v 0.01586306 -0.01968072 0.03375023
v 0.01608386 -0.01968072 0.03350777
v 0.01626206 -0.01968072 0.03323250
v 0.01639289 -0.01968072 0.03293178
v 0.01403434 -0.01968072 0.03423204
v 0.01435845 -0.01968072 0.03428194
v 0.01468636 -0.01968072 0.03427819
v 0.01647509 -0.01968072 0.01843154
v 0.01640182 -0.01968072 0.01812639
v 0.01999971 -0.01968072 0.01324441
v 0.01591393 -0.01968072 0.01733019
v 0.01567528 -0.01968072 0.01712639
v 0.01540769 -0.01968072 0.01696239
v 0.01511775 -0.01968072 0.01684230
v 0.01628172 -0.01968072 0.01783645
v 0.01611775 -0.01968072 0.01756884
v 0.01647282 -0.01968072 0.03261376
v 0.01649970 -0.01968072 0.03228692
v 0.01649971 -0.01968072 0.01874440
v 0.00639545 -0.01968072 0.01324440
v 0.00639546 -0.01968072 0.00851567
v 0.01999972 -0.01968072 0.00851568
v 0.00639547 -0.01968072 -0.01553059
v 0.01626208 -0.01968072 0.00623250
v 0.01639291 -0.01968072 0.00593178
v 0.01343204 -0.01968072 0.00697811
v 0.01372275 -0.01968072 0.00712984
v 0.01560563 -0.01968072 0.00695336
v 0.01531845 -0.01968072 0.00711168
v 0.01500926 -0.01968072 0.00722094
v 0.01586307 -0.01968072 0.00675023
v 0.01608387 -0.01968072 0.00650777
v 0.01403435 -0.01968072 0.00723204
v 0.01435846 -0.01968072 0.00728194
v 0.01468637 -0.01968072 0.00727819
v 0.01647284 -0.01968072 0.00561376
v 0.01649972 -0.01968072 0.00528692
v 0.01649972 -0.01968072 -0.00825560
v 0.01647510 -0.01968072 -0.00856846
v 0.01640184 -0.01968072 -0.00887361
v 0.01628174 -0.01968072 -0.00916355
v 0.01611776 -0.01968072 -0.00943116
v 0.01591394 -0.01968072 -0.00966981
v 0.01567530 -0.01968072 -0.00987361
v 0.01481260 -0.01968072 -0.01023097
v 0.01511776 -0.01968072 -0.01015770
v 0.01540771 -0.01968072 -0.01003761
v -0.00639601 -0.01968072 -0.01553060
v 0.01481250 -0.01968072 0.17876903
v 0.01449963 -0.01968072 0.17874441
v 0.00639537 -0.01968072 0.17874441
v -0.00639611 -0.01968072 0.17524441
v -0.00071616 -0.01968072 0.17874440
v -0.00105935 -0.01968072 0.17877407
v -0.00139237 -0.01968072 0.17886219
v -0.00170532 -0.01968072 0.17900615
v 0.00258463 -0.01968072 0.19745577
v 0.00267897 -0.01968072 0.19712446
v 0.01316995 -0.01968072 0.19578089
v 0.00271506 -0.01968072 0.19678188
v 0.00269184 -0.01968072 0.19643820
v 0.00260997 -0.01968072 0.19610359
v 0.00247191 -0.01968072 0.19578798
v -0.00271581 -0.01968072 0.18070694
v -0.00269258 -0.01968072 0.18105063
v -0.01317069 -0.01968072 0.18170791
v -0.00261072 -0.01968072 0.18138523
v -0.00247265 -0.01968072 0.18170082
v -0.00198893 -0.01968072 0.17920166
v -0.00223478 -0.01968072 0.17944296
v -0.00243558 -0.01968072 0.17972285
v -0.00258538 -0.01968072 0.18003305
v -0.00267972 -0.01968072 0.18036436
v -0.00228248 -0.01968072 0.18198805
v -0.00204584 -0.01968072 0.18223838
v 0.00204510 -0.01968072 0.19525044
v 0.00228173 -0.01968072 0.19550077
v -0.01343269 -0.01968072 0.18151071
v -0.01372341 -0.01968072 0.18135898
v 0.00170458 -0.01968072 0.19848266
v 0.00139162 -0.01968072 0.19862662
v 0.00105861 -0.01968072 0.19871473
v 0.00198819 -0.01968072 0.19828715
v 0.00223404 -0.01968072 0.19804587
v 0.00243484 -0.01968072 0.19776597
v -0.01450038 -0.01968072 0.19874440
v -0.01399612 -0.01968072 0.19874440
v -0.00639612 -0.01968072 0.19874440
v 0.00071541 -0.01968072 0.19874440
v -0.00267970 -0.01968072 0.15336436
v -0.00271580 -0.01968072 0.15370694
v -0.01317068 -0.01968072 0.15470792
v -0.00243557 -0.01968072 0.15272285
v -0.00258536 -0.01968072 0.15303305
v -0.00639610 -0.01968072 0.15297314
v -0.00269256 -0.01968072 0.15405062
v -0.00261070 -0.01968072 0.15438522
v -0.00247264 -0.01968072 0.15470083
v 0.01316996 -0.01968072 0.16878090
v 0.00267899 -0.01968072 0.17012446
v 0.00271508 -0.01968072 0.16978189
v 0.00269185 -0.01968072 0.16943818
v 0.00260999 -0.01968072 0.16910357
v 0.00247192 -0.01968072 0.16878799
v -0.00228247 -0.01968072 0.15498805
v -0.00204583 -0.01968072 0.15523838
v 0.00204511 -0.01968072 0.16825044
v 0.00228175 -0.01968072 0.16850078
v -0.00105934 -0.01968072 0.15177407
v -0.00139235 -0.01968072 0.15186219
v -0.00639609 -0.01968072 0.14824441
v -0.00170531 -0.01968072 0.15200615
v -0.00198892 -0.01968072 0.15220167
v -0.00223477 -0.01968072 0.15244294
v 0.01481252 -0.01968072 0.15176903
v 0.01449965 -0.01968072 0.15174442
v 0.00639539 -0.01968072 0.15174442
v -0.00071615 -0.01968072 0.15174441
v 0.00271516 -0.01968072 0.00778187
v 0.00269193 -0.01968072 0.00743818
v 0.01317004 -0.01968072 0.00678090
v 0.01449973 -0.01968072 -0.01025560
v 0.00639547 -0.01968072 -0.01025560
v -0.00071607 -0.01968072 -0.01025560
v -0.00105926 -0.01968072 -0.01022594
v 0.00261007 -0.01968072 0.00710359
v 0.00247200 -0.01968072 0.00678798
v -0.00204575 -0.01968072 -0.00676162
v -0.00228239 -0.01968072 -0.00701195
v 0.00267907 -0.01968072 0.00812446
v -0.00139227 -0.01968072 -0.01013781
v -0.00170523 -0.01968072 -0.00999385
v -0.00198884 -0.01968072 -0.00979833
v -0.00223469 -0.01968072 -0.00955706
v -0.00243549 -0.01968072 -0.00927715
v -0.01317060 -0.01968072 -0.00729208
v -0.00258528 -0.01968072 -0.00896694
v -0.00267963 -0.01968072 -0.00863564
v -0.00271572 -0.01968072 -0.00829308
v -0.00269249 -0.01968072 -0.00794936
v -0.00261062 -0.01968072 -0.00761477
v -0.00247256 -0.01968072 -0.00729918
v 0.00228183 -0.01968072 0.00650078
v 0.00204519 -0.01968072 0.00625044
v 0.00271514 -0.01968072 0.03478187
v 0.00269191 -0.01968072 0.03443818
v 0.01317003 -0.01968072 0.03378090
v -0.00170524 -0.01968072 0.01700615
v -0.00639603 -0.01968072 0.01324439
v -0.00139229 -0.01968072 0.01686219
v -0.00105927 -0.01968072 0.01677409
v 0.00261005 -0.01968072 0.03410359
v 0.00247199 -0.01968072 0.03378798
v -0.00204576 -0.01968072 0.02023838
v -0.00228240 -0.01968072 0.01998805
v 0.01481258 -0.01968072 0.01676903
v 0.01449971 -0.01968072 0.01674440
v 0.00639545 -0.01968072 0.01674440
v -0.00071608 -0.01968072 0.01674440
v -0.00198885 -0.01968072 0.01720167
v -0.00223470 -0.01968072 0.01744294
v -0.00243550 -0.01968072 0.01772285
v -0.01317061 -0.01968072 0.01970792
v -0.00258530 -0.01968072 0.01803306
v -0.00267964 -0.01968072 0.01836436
v 0.00267905 -0.01968072 0.03512446
v -0.01343262 -0.01968072 0.01951072
v -0.00271573 -0.01968072 0.01870692
v -0.00269250 -0.01968072 0.01905064
v -0.00261064 -0.01968072 0.01938523
v -0.00247257 -0.01968072 0.01970082
v 0.00228181 -0.01968072 0.03350078
v 0.00204518 -0.01968072 0.03325044
v 0.00198827 -0.01968072 0.03628715
v 0.00223412 -0.01968072 0.03604585
v 0.00243492 -0.01968072 0.03576597
v 0.00258471 -0.01968072 0.03545576
v 0.00105869 -0.01968072 0.03671473
v 0.00139170 -0.01968072 0.03662663
v 0.00170466 -0.01968072 0.03648268
v -0.01450030 -0.01968072 0.03674439
v -0.01399604 -0.01968072 0.03674439
v -0.00639604 -0.01968072 0.04024439
v -0.00639604 -0.01968072 0.03674439
v 0.00071549 -0.01968072 0.03674440
v -0.00204577 -0.01968072 0.04723838
v 0.00247197 -0.01968072 0.06078799
v 0.00105868 -0.01968072 0.06371475
v 0.00139169 -0.01968072 0.06362663
v 0.00170464 -0.01968072 0.06348268
v 0.00198825 -0.01968072 0.06328715
v 0.00267904 -0.01968072 0.06212446
v 0.00271513 -0.01968072 0.06178189
v 0.01481257 -0.01968072 0.04376903
v 0.01449970 -0.01968072 0.04374440
v 0.00639544 -0.01968072 0.04374440
v -0.00071609 -0.01968072 0.04374440
v -0.00105929 -0.01968072 0.04377406
v -0.00139230 -0.01968072 0.04386219
v -0.00170526 -0.01968072 0.04400615
v -0.00198886 -0.01968072 0.04420167
v -0.00223472 -0.01968072 0.04444296
v -0.00243552 -0.01968072 0.04472285
v -0.00258531 -0.01968072 0.04503306
v -0.00267965 -0.01968072 0.04536434
v -0.00271574 -0.01968072 0.04570694
v -0.00269251 -0.01968072 0.04605062
v 0.00269190 -0.01968072 0.06143818
v 0.00261004 -0.01968072 0.06110359
v 0.00228180 -0.01968072 0.06050076
v -0.00247258 -0.01968072 0.04670083
v -0.00228241 -0.01968072 0.04698805
v -0.01343263 -0.01968072 0.04651072
v 0.00223410 -0.01968072 0.06304587
v 0.00243491 -0.01968072 0.06276597
v 0.00258470 -0.01968072 0.06245576
v -0.01450031 -0.01968072 0.06374441
v -0.01399605 -0.01968072 0.06374441
v -0.00639605 -0.01968072 0.06724441
v -0.00639605 -0.01968072 0.06374441
v 0.00071548 -0.01968072 0.06374441
v -0.01343260 -0.01968072 -0.00748928
v -0.01372331 -0.01968072 -0.00764102
v -0.01403491 -0.01968072 -0.00774322
v 0.00105870 -0.01968072 0.00971473
v 0.00139172 -0.01968072 0.00962663
v 0.00170467 -0.01968072 0.00948268
v 0.00198828 -0.01968072 0.00928715
v 0.00223413 -0.01968072 0.00904585
v 0.00243493 -0.01968072 0.00876597
v 0.00258472 -0.01968072 0.00845576
v -0.01450028 -0.01968072 0.00974439
v -0.01399602 -0.01968072 0.00974439
v -0.00639602 -0.01968072 0.00974439
v 0.00071551 -0.01968072 0.00974440
v 0.01481254 -0.01968072 0.09776903
v 0.01449967 -0.01968072 0.09774442
v 0.00639541 -0.01968072 0.09774442
v -0.00639607 -0.01968072 0.09424441
v -0.00071612 -0.01968072 0.09774441
v -0.00105931 -0.01968072 0.09777407
v -0.00139233 -0.01968072 0.09786219
v -0.00170528 -0.01968072 0.09800615
v -0.00198889 -0.01968072 0.09820167
v -0.00223474 -0.01968072 0.09844296
v -0.00243554 -0.01968072 0.09872285
v -0.00258534 -0.01968072 0.09903305
v -0.01317065 -0.01968072 0.10070792
v -0.00267968 -0.01968072 0.09936436
v 0.00271510 -0.01968072 0.11578187
v 0.00269187 -0.01968072 0.11543820
v 0.01316999 -0.01968072 0.11478090
v 0.00261001 -0.01968072 0.11510359
v 0.00247195 -0.01968072 0.11478798
v -0.00261068 -0.01968072 0.10038523
v -0.00247261 -0.01968072 0.10070083
v -0.00271577 -0.01968072 0.09970694
v -0.00269254 -0.01968072 0.10005062
v 0.00267901 -0.01968072 0.11612445
v -0.00228244 -0.01968072 0.10098805
v -0.00204580 -0.01968072 0.10123838
v 0.00204514 -0.01968072 0.11425044
v 0.00228177 -0.01968072 0.11450076
v 0.01481253 -0.01968072 0.12476905
v 0.01449966 -0.01968072 0.12474440
v 0.00639540 -0.01968072 0.12474440
v -0.00639608 -0.01968072 0.12124439
v -0.00071613 -0.01968072 0.12474440
v 0.00261000 -0.01968072 0.14210359
v 0.00247194 -0.01968072 0.14178799
v -0.00105933 -0.01968072 0.12477407
v -0.00139234 -0.01968072 0.12486219
v -0.00170529 -0.01968072 0.12500615
v 0.00105864 -0.01968072 0.14471475
v 0.00139165 -0.01968072 0.14462661
v 0.00170460 -0.01968072 0.14448268
v 0.00198821 -0.01968072 0.14428715
v -0.00267969 -0.01968072 0.12636434
v -0.00271578 -0.01968072 0.12670694
v -0.01317066 -0.01968072 0.12770792
v -0.00258535 -0.01968072 0.12603306
v 0.00267900 -0.01968072 0.14312446
v 0.00271509 -0.01968072 0.14278189
v 0.00269186 -0.01968072 0.14243818
v 0.00223406 -0.01968072 0.14404587
v 0.00243487 -0.01968072 0.14376597
v 0.00258466 -0.01968072 0.14345576
v -0.00198890 -0.01968072 0.12520166
v -0.00223476 -0.01968072 0.12544296
v -0.00243556 -0.01968072 0.12572285
v -0.00269255 -0.01968072 0.12705062
v -0.00261069 -0.01968072 0.12738523
v -0.00247262 -0.01968072 0.12770082
v -0.01343267 -0.01968072 0.12751070
v -0.00228245 -0.01968072 0.12798806
v -0.00204581 -0.01968072 0.12823838
v 0.00204512 -0.01968072 0.14125044
v 0.00228176 -0.01968072 0.14150078
v -0.01450035 -0.01968072 0.14474441
v -0.01399609 -0.01968072 0.14474441
v -0.00639609 -0.01968072 0.14474441
v 0.00071544 -0.01968072 0.14474441
v -0.01343268 -0.01968072 0.15451072
v -0.01372339 -0.01968072 0.15435898
v 0.00105862 -0.01968072 0.17171473
v 0.00139164 -0.01968072 0.17162663
v 0.00170459 -0.01968072 0.17148266
v 0.00198820 -0.01968072 0.17128715
v 0.00223405 -0.01968072 0.17104587
v 0.00243485 -0.01968072 0.17076597
v 0.00258465 -0.01968072 0.17045578
v -0.01450036 -0.01968072 0.17174441
v -0.01399610 -0.01968072 0.17174441
v -0.00639610 -0.01968072 0.17174441
v 0.00071543 -0.01968072 0.17174441
v -0.00243553 -0.01968072 0.07172285
v -0.00258532 -0.01968072 0.07203305
v -0.00639606 -0.01968072 0.07197315
v -0.00267967 -0.01968072 0.07236436
v -0.00271576 -0.01968072 0.07270694
v -0.00269252 -0.01968072 0.07305062
v -0.01317064 -0.01968072 0.07370792
v -0.00261066 -0.01968072 0.07338523
v -0.00247260 -0.01968072 0.07370083
v 0.01317000 -0.01968072 0.08778090
v 0.00267903 -0.01968072 0.08912446
v 0.00271512 -0.01968072 0.08878189
v 0.00269189 -0.01968072 0.08843820
v 0.00261003 -0.01968072 0.08810359
v 0.00247196 -0.01968072 0.08778799
v -0.01343264 -0.01968072 0.07351072
v -0.00228243 -0.01968072 0.07398805
v -0.00204579 -0.01968072 0.07423838
v 0.00204515 -0.01968072 0.08725044
v 0.00228179 -0.01968072 0.08750078
v 0.00105866 -0.01968072 0.09071473
v 0.00139168 -0.01968072 0.09062663
v 0.00170463 -0.01968072 0.09048266
v 0.00198824 -0.01968072 0.09028715
v 0.00223409 -0.01968072 0.09004587
v 0.00243489 -0.01968072 0.08976597
v 0.00258469 -0.01968072 0.08945576
v -0.01450032 -0.01968072 0.09074441
v -0.01399606 -0.01968072 0.09074441
v -0.00639606 -0.01968072 0.09074441
v 0.00071547 -0.01968072 0.09074441
v -0.00105930 -0.01968072 0.07077407
v -0.00139231 -0.01968072 0.07086219
v 0.01481256 -0.01968072 0.07076903
v 0.01449969 -0.01968072 0.07074442
v 0.00639543 -0.01968072 0.07074442
v -0.00071611 -0.01968072 0.07074441
v -0.00170527 -0.01968072 0.07100615
v -0.00198888 -0.01968072 0.07120167
v -0.00223473 -0.01968072 0.07144296
v -0.01343266 -0.01968072 0.10051072
v -0.01372337 -0.01968072 0.10035897
v 0.00105865 -0.01968072 0.11771475
v 0.00139166 -0.01968072 0.11762663
v 0.00170462 -0.01968072 0.11748266
v 0.00198823 -0.01968072 0.11728715
v 0.00223408 -0.01968072 0.11704587
v 0.00243488 -0.01968072 0.11676596
v 0.00258467 -0.01968072 0.11645576
v -0.01450034 -0.01968072 0.11774439
v -0.01399608 -0.01968072 0.11774439
v -0.00639608 -0.01968072 0.11774439
v 0.00071545 -0.01968072 0.11774440
v -0.02000040 -0.00568072 0.25499440
v -0.02000038 -0.00568072 0.20199439
v 0.01999960 -0.00568072 0.25099441
v 0.01999962 -0.00568072 0.20199441
v 0.00399960 -0.00568072 0.25499441
v 0.00399960 -0.00568072 0.25099440
v -0.01600040 -0.00568072 0.25099439
v -0.01600038 -0.00568072 0.20599440
v 0.01599962 -0.00568072 0.20599442
v 0.01599960 -0.00568072 0.25099441
v -0.00366685 -0.00468072 0.24840359
v -0.00351891 -0.00468072 0.24809799
v -0.00351891 -0.03968072 0.24809799
v -0.00334559 -0.03968072 0.24780603
v -0.00334559 -0.00468072 0.24780603
v -0.00292795 -0.00468072 0.24727136
v -0.00292795 -0.03968072 0.24727136
v -0.00242596 -0.00468072 0.24681497
v -0.00242596 -0.03968072 0.24681497
v -0.00185407 -0.00468072 0.24644997
v -0.00185407 -0.03968072 0.24644997
v -0.00122871 -0.00468072 0.24618687
v -0.00122871 -0.03968072 0.24618687
v -0.00056788 -0.00468072 0.24603325
v -0.00056788 -0.03968072 0.24603325
v 0.00010940 -0.00468072 0.24599351
v 0.00010940 -0.03968072 0.24599351
v 0.00078366 -0.00468072 0.24606881
v 0.00078366 -0.03968072 0.24606881
v 0.00143549 -0.00468072 0.24625697
v 0.00143549 -0.03968072 0.24625697
v 0.00204614 -0.00468072 0.24655259
v 0.00204614 -0.03968072 0.24655259
v 0.00259806 -0.00468072 0.24694715
v 0.00259806 -0.03968072 0.24694715
v 0.00307535 -0.00468072 0.24742932
v 0.00307535 -0.03968072 0.24742932
v 0.00346429 -0.00468072 0.24798521
v 0.00346429 -0.03968072 0.24798521
v 0.00375369 -0.00468072 0.24859884
v 0.00375369 -0.03968072 0.24859884
v 0.00393522 -0.00468072 0.24925255
v 0.00393522 -0.03968072 0.24925255
v 0.00400367 -0.00468072 0.24992753
v 0.00400367 -0.03968072 0.24992753
v 0.00395706 -0.00468072 0.25060438
v 0.00395706 -0.03968072 0.25060438
v 0.00379673 -0.00468072 0.25126361
v 0.00379673 -0.03968072 0.25126361
v 0.00352729 -0.00468072 0.25188626
v 0.00352729 -0.03968072 0.25188626
v 0.00315651 -0.00468072 0.25245442
v 0.00315651 -0.03968072 0.25245442
v 0.00269503 -0.00468072 0.25295175
v 0.00269503 -0.03968072 0.25295175
v 0.00215615 -0.00468072 0.25336393
v 0.00215615 -0.03968072 0.25336393
v 0.00155536 -0.00468072 0.25367911
v 0.00155536 -0.03968072 0.25367911
v 0.00090994 -0.00468072 0.25388823
v 0.00090994 -0.03968072 0.25388823
v 0.00023847 -0.00468072 0.25398526
v 0.00023847 -0.03968072 0.25398526
v -0.00043974 -0.00468072 0.25396741
v -0.00043974 -0.03968072 0.25396741
v -0.00110519 -0.00468072 0.25383521
v -0.00110519 -0.03968072 0.25383521
v -0.00173871 -0.00468072 0.25359244
v -0.00173871 -0.03968072 0.25359244
v -0.00232210 -0.00468072 0.25324610
v -0.00232210 -0.03968072 0.25324610
v -0.00283856 -0.00468072 0.25280615
v -0.00283856 -0.03968072 0.25280615
v -0.00327324 -0.00468072 0.25228525
v -0.00327324 -0.03968072 0.25228525
v -0.00361364 -0.00468072 0.25169837
v -0.00361364 -0.03968072 0.25169837
v -0.00384996 -0.00468072 0.25106241
v -0.00384996 -0.03968072 0.25106241
v -0.00397540 -0.00468072 0.25039567
v -0.00397540 -0.03968072 0.25039567
v -0.00398636 -0.00468072 0.24971731
v -0.00398636 -0.03968072 0.24971731
v -0.00388251 -0.00468072 0.24904685
v -0.00388251 -0.03968072 0.24904685
v -0.00366685 -0.03968072 0.24840359
v 0.00000419 -0.00468072 0.24999213
v 0.00000419 -0.03968072 0.24999213
v 0.01599963 -0.00568072 0.18099441
v 0.01599962 -0.00568072 0.20499441
v 0.01599963 -0.01268072 0.18099441
v 0.01599962 -0.01268072 0.20499441
v -0.01600037 -0.00568072 0.18099440
v -0.01600037 -0.01268072 0.18099440
v -0.01600038 -0.00568072 0.20499440
v -0.01600038 -0.01268072 0.20499440
f 1 2 3
f 1 3 4
f 4 3 5
f 4 5 6
f 6 5 7
f 6 7 8
f 8 7 9
f 8 9 10
f 10 9 11
f 10 11 12
f 12 11 13
f 12 13 14
f 14 13 15
f 14 15 16
f 16 15 17
f 16 17 18
f 18 17 19
f 18 19 20
f 20 19 21
f 20 21 22
f 22 21 23
f 22 23 24
f 24 23 25
f 24 25 26
f 26 25 27
f 26 27 28
f 28 27 29
f 28 29 30
f 30 29 31
f 30 31 32
f 32 31 33
f 32 33 34
f 34 33 35
f 34 35 36
f 36 35 37
f 36 37 38
f 38 37 39
f 38 39 40
f 40 39 41
f 40 41 42
f 42 41 43
f 42 43 44
f 44 43 45
f 44 45 46
f 46 45 47
f 46 47 48
f 48 47 49
f 48 49 50
f 50 49 51
f 50 51 52
f 52 51 53
f 52 53 54
f 54 53 55
f 54 55 56
f 56 55 57
f 56 57 58
f 58 57 59
f 58 59 60
f 60 59 61
f 60 61 62
f 62 61 63
f 62 63 64
f 64 63 65
f 64 65 66
f 66 65 67
f 66 67 68
f 68 67 69
f 68 69 70
f 70 69 71
f 70 71 72
f 72 71 73
f 72 73 74
f 74 73 75
f 74 75 76
f 76 75 77
f 76 77 78
f 78 77 79
f 78 79 80
f 80 79 81
f 80 81 82
f 82 81 83
f 82 83 84
f 84 83 85
f 84 85 86
f 86 85 87
f 86 87 88
f 88 87 89
f 88 89 90
f 91 90 92
f 92 90 89
f 93 91 94
f 94 91 92
f 95 96 97
f 97 96 98
f 99 100 101
f 101 100 102
f 1 102 2
f 2 102 100
f 66 68 93
f 93 68 70
f 82 84 93
f 26 103 24
f 24 103 101
f 93 104 66
f 66 104 105
f 66 105 64
f 64 105 106
f 64 106 62
f 76 78 93
f 93 78 80
f 93 80 82
f 106 107 62
f 62 107 108
f 62 108 60
f 32 109 110
f 70 72 93
f 93 72 74
f 93 74 76
f 90 91 88
f 88 91 93
f 88 93 86
f 86 93 84
f 108 111 60
f 60 111 112
f 60 112 58
f 58 112 113
f 58 113 56
f 56 113 114
f 56 114 96
f 32 110 30
f 102 1 101
f 101 1 4
f 101 4 6
f 6 8 101
f 101 8 10
f 101 10 12
f 12 14 101
f 101 14 16
f 101 16 18
f 110 115 30
f 30 115 116
f 30 116 28
f 28 116 117
f 28 117 26
f 26 117 118
f 26 118 103
f 18 20 101
f 101 20 22
f 101 22 24
f 109 32 119
f 119 32 34
f 119 34 120
f 120 34 36
f 120 36 95
f 95 36 38
f 95 38 40
f 48 50 96
f 40 42 95
f 95 42 44
f 95 44 96
f 96 44 46
f 96 46 48
f 50 52 96
f 96 52 54
f 96 54 56
f 98 121 55
f 65 122 67
f 67 122 94
f 94 92 89
f 31 29 123
f 55 121 57
f 57 121 124
f 57 124 59
f 61 125 63
f 63 125 126
f 63 126 65
f 65 126 127
f 65 127 122
f 123 128 31
f 31 128 129
f 31 129 33
f 33 129 130
f 33 130 35
f 35 130 131
f 35 131 97
f 89 87 94
f 94 87 85
f 94 85 83
f 77 75 94
f 94 75 73
f 99 132 25
f 25 132 133
f 25 133 27
f 27 133 134
f 27 134 29
f 29 134 135
f 29 135 123
f 124 136 59
f 59 136 137
f 59 137 61
f 61 137 138
f 61 138 125
f 83 81 94
f 94 81 79
f 94 79 77
f 73 71 94
f 94 71 69
f 94 69 67
f 25 23 99
f 99 23 21
f 99 21 19
f 41 39 97
f 97 39 37
f 97 37 35
f 19 17 99
f 99 17 15
f 99 15 13
f 13 11 99
f 99 11 9
f 99 9 7
f 2 100 3
f 3 100 99
f 3 99 5
f 5 99 7
f 55 53 98
f 98 53 51
f 98 51 49
f 49 47 98
f 98 47 45
f 98 45 97
f 97 45 43
f 97 43 41
f 99 101 132
f 132 101 103
f 132 103 133
f 133 103 118
f 133 118 134
f 134 118 117
f 134 117 135
f 135 117 116
f 135 116 123
f 123 116 115
f 123 115 128
f 128 115 110
f 128 110 129
f 129 110 109
f 129 109 130
f 130 109 119
f 130 119 131
f 131 119 120
f 131 120 97
f 97 120 95
f 98 96 121
f 121 96 114
f 121 114 124
f 124 114 113
f 124 113 136
f 136 113 112
f 136 112 137
f 137 112 111
f 137 111 138
f 138 111 108
f 138 108 125
f 125 108 107
f 125 107 126
f 126 107 106
f 126 106 127
f 127 106 105
f 127 105 122
f 122 105 104
f 122 104 94
f 94 104 93
f 139 140 141
f 142 143 144
f 145 139 146
f 147 148 149
f 148 150 151
f 151 150 152
f 149 153 147
f 147 153 154
f 147 154 155
f 156 157 158
f 158 157 159
f 160 161 162
f 145 146 163
f 164 165 166
f 166 167 164
f 164 167 168
f 164 168 169
f 169 170 164
f 164 170 171
f 164 171 172
f 173 174 175
f 175 174 176
f 174 177 178
f 179 180 181
f 181 180 182
f 182 183 181
f 181 183 184
f 181 184 185
f 185 186 181
f 181 186 187
f 181 187 188
f 188 187 189
f 189 190 188
f 188 190 191
f 188 191 164
f 164 191 192
f 164 192 165
f 173 193 174
f 174 193 194
f 174 194 177
f 178 195 174
f 174 195 196
f 174 196 197
f 198 179 199
f 199 179 200
f 198 201 179
f 179 201 202
f 179 202 180
f 197 203 179
f 203 204 179
f 179 204 205
f 179 205 200
f 206 207 162
f 162 207 208
f 162 208 160
f 163 146 209
f 209 146 210
f 209 210 211
f 146 212 213
f 213 212 214
f 211 215 209
f 209 215 216
f 209 216 217
f 218 219 212
f 213 220 146
f 146 220 221
f 146 221 222
f 222 223 146
f 146 223 224
f 146 224 225
f 225 226 146
f 146 226 227
f 146 227 210
f 217 228 209
f 209 228 229
f 209 229 230
f 231 232 233
f 212 234 235
f 219 236 212
f 212 236 237
f 212 237 234
f 235 238 212
f 212 238 239
f 212 239 214
f 230 240 209
f 209 240 241
f 209 241 233
f 233 241 242
f 233 242 243
f 232 244 233
f 233 244 245
f 233 245 246
f 243 247 233
f 233 247 248
f 233 248 231
f 249 250 162
f 162 250 251
f 162 251 252
f 253 254 255
f 256 257 258
f 257 259 258
f 258 259 260
f 258 260 261
f 261 262 258
f 258 262 263
f 258 263 264
f 264 265 258
f 258 265 266
f 258 266 162
f 162 266 267
f 162 267 249
f 252 268 162
f 162 268 269
f 162 269 270
f 271 272 206
f 206 272 273
f 273 274 206
f 206 274 275
f 206 275 276
f 254 277 255
f 255 277 278
f 255 278 279
f 270 280 162
f 162 280 281
f 162 281 206
f 206 281 282
f 206 282 271
f 276 283 206
f 206 283 284
f 206 284 255
f 255 284 285
f 255 285 253
f 279 286 255
f 255 286 287
f 255 287 256
f 288 289 212
f 212 289 290
f 212 290 291
f 291 292 212
f 212 292 293
f 212 293 294
f 295 296 151
f 151 296 297
f 297 298 151
f 151 298 299
f 151 299 300
f 300 299 301
f 300 301 302
f 294 303 212
f 212 303 304
f 212 304 305
f 305 304 306
f 305 306 307
f 307 308 305
f 305 308 309
f 305 309 310
f 310 311 305
f 305 311 312
f 305 312 313
f 302 314 300
f 300 314 315
f 300 315 316
f 316 317 300
f 300 317 318
f 300 318 319
f 139 141 146
f 146 141 300
f 146 300 212
f 212 300 319
f 212 319 288
f 313 320 305
f 305 320 321
f 305 321 151
f 151 321 322
f 322 323 151
f 151 323 324
f 151 324 325
f 325 326 151
f 151 326 327
f 151 327 295
f 148 151 149
f 149 151 300
f 149 300 255
f 255 300 141
f 255 141 206
f 206 141 140
f 206 140 207
f 328 329 305
f 330 331 151
f 151 331 332
f 333 334 152
f 152 334 335
f 152 335 336
f 329 337 305
f 305 337 338
f 305 338 339
f 336 340 152
f 152 340 341
f 152 341 151
f 151 341 342
f 151 342 330
f 305 343 344
f 344 343 345
f 344 345 346
f 332 347 151
f 151 347 348
f 151 348 349
f 339 350 305
f 305 350 351
f 305 351 343
f 346 352 344
f 344 352 353
f 344 353 354
f 354 355 344
f 344 355 356
f 344 356 357
f 357 358 344
f 344 358 359
f 344 359 152
f 152 359 360
f 152 360 361
f 361 362 152
f 152 362 363
f 152 363 333
f 349 364 151
f 151 364 365
f 151 365 305
f 305 365 366
f 305 366 328
f 367 368 152
f 367 152 369
f 370 371 344
f 344 371 372
f 372 373 344
f 344 373 374
f 344 374 375
f 368 376 152
f 152 376 377
f 152 377 378
f 379 380 381
f 381 380 382
f 381 382 383
f 384 385 386
f 375 387 344
f 344 387 388
f 344 388 381
f 381 388 389
f 381 389 379
f 383 390 381
f 381 390 391
f 381 391 392
f 393 394 384
f 384 394 395
f 386 396 384
f 384 396 397
f 384 397 152
f 152 397 398
f 152 398 369
f 392 399 381
f 381 399 400
f 381 400 384
f 384 400 401
f 384 401 393
f 395 402 384
f 384 402 403
f 384 403 385
f 378 404 152
f 152 404 405
f 152 405 344
f 344 405 406
f 344 406 370
f 407 408 158
f 409 410 384
f 384 410 411
f 411 412 384
f 384 412 413
f 384 413 414
f 415 416 381
f 381 416 417
f 381 417 418
f 418 419 381
f 381 419 420
f 381 420 421
f 422 423 424
f 424 423 381
f 424 381 425
f 425 381 421
f 408 409 158
f 158 409 384
f 158 384 156
f 156 384 152
f 156 152 426
f 426 152 150
f 414 427 384
f 384 427 428
f 384 428 429
f 422 430 423
f 423 430 431
f 423 431 432
f 432 433 423
f 423 433 434
f 423 434 435
f 429 436 384
f 384 436 437
f 384 437 381
f 381 437 438
f 381 438 415
f 435 439 423
f 423 439 440
f 423 440 158
f 158 440 441
f 441 442 158
f 158 442 443
f 158 443 444
f 444 445 158
f 158 445 446
f 158 446 407
f 197 179 174
f 174 179 447
f 174 447 423
f 423 447 448
f 423 448 381
f 381 448 449
f 381 449 344
f 344 449 450
f 344 450 305
f 305 450 233
f 305 233 212
f 212 233 246
f 212 246 218
f 158 451 452
f 453 174 454
f 454 174 455
f 452 456 158
f 158 456 457
f 158 457 458
f 458 459 158
f 158 459 460
f 158 460 461
f 453 462 174
f 174 462 463
f 174 463 464
f 465 466 467
f 464 468 174
f 174 468 469
f 174 469 467
f 467 469 470
f 467 470 465
f 461 471 158
f 158 471 472
f 158 472 423
f 423 472 473
f 423 473 474
f 474 475 423
f 423 475 476
f 423 476 477
f 466 478 467
f 467 478 479
f 467 479 480
f 477 481 423
f 423 481 482
f 423 482 483
f 483 484 423
f 423 484 485
f 423 485 174
f 174 485 486
f 174 486 455
f 480 487 467
f 467 487 488
f 467 488 158
f 158 488 489
f 158 489 451
f 161 490 162
f 162 490 491
f 162 491 258
f 258 491 492
f 258 492 493
f 493 492 494
f 493 494 495
f 495 494 496
f 495 496 497
f 497 496 498
f 497 498 499
f 499 498 500
f 499 500 144
f 144 500 501
f 144 501 142
f 467 502 174
f 174 502 164
f 174 164 176
f 176 164 172
f 155 154 159
f 159 154 503
f 159 503 158
f 158 503 504
f 158 504 467
f 467 504 505
f 467 505 502
f 506 143 507
f 507 143 508
f 509 510 144
f 506 511 143
f 143 511 512
f 143 512 513
f 513 514 143
f 143 514 515
f 143 515 144
f 144 515 516
f 144 516 509
f 517 518 505
f 144 519 520
f 510 521 144
f 144 521 522
f 144 522 519
f 520 523 144
f 144 523 524
f 144 524 525
f 505 518 143
f 143 518 526
f 143 526 508
f 256 258 255
f 255 258 493
f 255 493 149
f 149 493 495
f 149 495 153
f 153 495 497
f 153 497 154
f 154 497 499
f 154 499 503
f 503 499 144
f 503 144 504
f 504 144 525
f 504 525 527
f 527 528 504
f 504 528 529
f 504 529 530
f 531 532 505
f 505 532 533
f 505 533 534
f 534 535 505
f 505 535 536
f 505 536 517
f 530 537 504
f 504 537 538
f 504 538 539
f 539 540 504
f 504 540 541
f 504 541 505
f 505 541 542
f 505 542 531
f 543 544 545
f 546 547 548
f 548 547 549
f 550 551 552
f 553 554 552
f 549 547 555
f 555 547 556
f 555 556 557
f 552 558 559
f 554 560 561
f 560 562 561
f 561 562 563
f 561 563 564
f 564 565 561
f 561 565 566
f 561 566 567
f 568 569 570
f 570 569 561
f 570 561 571
f 571 561 567
f 546 572 547
f 547 572 573
f 547 573 574
f 550 552 575
f 551 576 552
f 552 576 577
f 552 577 558
f 559 578 552
f 552 578 579
f 552 579 553
f 568 580 569
f 569 580 581
f 569 581 556
f 556 581 582
f 556 582 583
f 583 584 556
f 556 584 585
f 556 585 557
f 574 586 547
f 547 586 587
f 547 587 588
f 554 561 552
f 552 561 589
f 552 589 590
f 591 592 593
f 594 595 596
f 597 598 590
f 591 593 599
f 598 600 590
f 590 600 601
f 590 601 602
f 592 603 593
f 593 603 604
f 593 604 605
f 605 606 593
f 593 606 607
f 593 607 608
f 609 596 610
f 610 596 611
f 609 612 596
f 596 612 613
f 596 613 594
f 595 614 596
f 596 614 615
f 596 615 589
f 616 617 590
f 590 617 618
f 590 618 597
f 608 619 593
f 593 619 620
f 593 620 596
f 596 620 621
f 596 621 611
f 615 622 589
f 589 622 623
f 589 623 624
f 624 625 589
f 589 625 626
f 589 626 627
f 627 628 589
f 589 628 629
f 589 629 590
f 590 629 630
f 590 630 616
f 631 632 633
f 633 632 552
f 634 635 552
f 552 635 636
f 552 636 637
f 637 638 552
f 552 638 639
f 552 639 633
f 640 641 642
f 642 641 643
f 642 643 644
f 644 645 642
f 642 645 646
f 642 646 647
f 640 642 648
f 648 642 632
f 648 632 649
f 631 650 632
f 632 650 651
f 632 651 652
f 653 654 632
f 632 654 655
f 632 655 649
f 656 657 590
f 590 657 658
f 590 658 659
f 660 661 552
f 552 661 662
f 552 662 634
f 652 663 632
f 632 663 664
f 632 664 653
f 647 665 642
f 642 665 666
f 642 666 590
f 590 666 667
f 590 667 656
f 659 668 590
f 590 668 669
f 590 669 552
f 552 669 670
f 552 670 660
f 671 672 673
f 673 672 674
f 675 676 677
f 674 672 678
f 678 672 632
f 678 632 679
f 671 680 672
f 672 680 681
f 672 681 682
f 683 642 684
f 684 642 685
f 682 686 672
f 672 686 687
f 672 687 688
f 689 690 677
f 691 692 632
f 632 692 693
f 632 693 694
f 694 695 632
f 632 695 696
f 632 696 679
f 688 697 672
f 672 697 698
f 672 698 677
f 677 698 699
f 677 699 689
f 690 700 677
f 677 700 701
f 677 701 675
f 676 702 677
f 677 702 703
f 677 703 642
f 642 703 704
f 642 704 685
f 683 705 642
f 642 705 706
f 642 706 707
f 707 708 642
f 642 708 709
f 642 709 632
f 632 709 710
f 632 710 691
f 711 712 713
f 713 712 714
f 713 714 715
f 716 717 672
f 672 718 713
f 713 718 719
f 713 719 711
f 720 721 722
f 717 723 672
f 672 723 724
f 672 724 718
f 721 725 722
f 722 725 726
f 722 726 727
f 715 728 713
f 713 728 729
f 713 729 730
f 731 732 677
f 677 732 733
f 677 733 734
f 735 736 672
f 737 738 677
f 677 738 739
f 677 739 731
f 736 740 672
f 672 740 741
f 672 741 716
f 730 742 713
f 713 742 743
f 713 743 722
f 722 743 744
f 722 744 720
f 734 745 677
f 677 745 746
f 677 746 672
f 672 746 747
f 672 747 735
f 727 748 722
f 722 748 749
f 722 749 677
f 677 749 750
f 677 750 737
f 751 752 753
f 713 754 755
f 755 754 756
f 755 756 757
f 757 758 755
f 755 758 759
f 755 759 760
f 760 761 755
f 755 761 762
f 755 762 763
f 713 764 765
f 751 753 766
f 767 768 722
f 722 768 769
f 770 771 713
f 763 772 755
f 755 772 773
f 755 773 753
f 753 773 774
f 753 774 766
f 752 775 753
f 753 775 776
f 753 776 777
f 765 778 713
f 713 778 779
f 713 779 754
f 769 780 722
f 722 780 781
f 722 781 782
f 771 783 713
f 713 783 784
f 713 784 764
f 782 785 722
f 722 785 786
f 722 786 713
f 713 786 787
f 713 787 770
f 777 788 753
f 753 788 789
f 753 789 722
f 722 789 790
f 722 790 767
f 588 575 547
f 547 575 552
f 547 552 791
f 791 552 632
f 791 632 792
f 792 632 672
f 792 672 793
f 793 672 713
f 793 713 794
f 794 713 755
f 794 755 795
f 795 755 796
f 755 797 796
f 796 797 798
f 796 798 799
f 799 800 796
f 796 800 801
f 796 801 802
f 803 804 755
f 755 804 805
f 755 805 797
f 806 807 753
f 753 807 808
f 753 808 809
f 810 811 755
f 755 811 812
f 755 812 813
f 813 814 755
f 755 814 815
f 755 815 803
f 802 816 796
f 796 816 817
f 796 817 818
f 819 820 821
f 821 820 822
f 821 822 823
f 818 824 796
f 796 824 825
f 796 825 821
f 821 825 826
f 821 826 819
f 823 827 821
f 821 827 828
f 821 828 753
f 753 828 829
f 753 829 806
f 809 830 753
f 753 830 831
f 753 831 832
f 832 833 753
f 753 833 834
f 753 834 755
f 755 834 835
f 755 835 810
f 602 599 590
f 590 599 593
f 590 593 642
f 642 593 836
f 642 836 677
f 677 836 837
f 677 837 722
f 722 837 838
f 722 838 753
f 753 838 839
f 753 839 821
f 821 839 840
f 841 842 843
f 843 842 844
f 845 846 843
f 847 848 849
f 849 848 843
f 849 843 850
f 850 843 844
f 846 851 843
f 843 851 852
f 843 852 841
f 847 853 848
f 848 853 854
f 848 854 855
f 855 856 848
f 848 856 857
f 848 857 858
f 858 859 848
f 848 859 860
f 848 860 861
f 861 862 796
f 863 864 795
f 862 865 796
f 796 865 866
f 796 866 867
f 867 868 796
f 796 868 869
f 796 869 870
f 863 795 871
f 870 872 796
f 796 872 873
f 796 873 795
f 795 873 874
f 795 874 871
f 864 875 795
f 795 875 876
f 795 876 877
f 877 878 795
f 795 878 879
f 795 879 843
f 843 879 880
f 843 880 845
f 881 882 883
f 884 885 840
f 883 886 881
f 881 886 887
f 881 887 888
f 888 889 881
f 881 889 890
f 881 890 891
f 891 892 881
f 881 892 893
f 881 893 894
f 894 893 895
f 894 895 896
f 897 898 894
f 894 898 899
f 894 899 900
f 901 840 902
f 902 840 903
f 901 904 840
f 840 904 905
f 840 905 884
f 906 907 821
f 821 907 908
f 821 908 909
f 909 910 821
f 821 910 911
f 821 911 912
f 896 913 894
f 894 913 914
f 894 914 897
f 900 915 894
f 894 915 916
f 894 916 840
f 840 916 917
f 840 917 903
f 885 918 840
f 840 918 919
f 840 919 821
f 821 919 920
f 821 920 906
f 861 796 848
f 848 796 821
f 848 821 881
f 881 821 912
f 881 912 882
f 596 543 593
f 593 543 545
f 593 545 836
f 836 545 921
f 836 921 837
f 837 921 922
f 837 922 838
f 838 922 923
f 838 923 839
f 839 923 924
f 839 924 840
f 840 924 925
f 840 925 894
f 894 925 926
f 894 926 927
f 928 843 929
f 929 843 848
f 929 848 930
f 930 848 881
f 930 881 931
f 931 881 894
f 931 894 932
f 932 894 927
f 932 927 933
f 142 501 543
f 543 501 544
f 561 569 188
f 188 164 561
f 561 164 502
f 561 502 589
f 589 502 505
f 589 505 596
f 596 505 143
f 596 143 543
f 543 143 142
f 181 188 556
f 556 188 569
f 928 163 843
f 843 163 209
f 843 209 795
f 795 209 233
f 795 233 794
f 794 233 450
f 794 450 793
f 793 450 449
f 793 449 792
f 792 449 448
f 792 448 791
f 791 448 447
f 791 447 547
f 547 447 179
f 547 179 556
f 556 179 181
f 145 163 929
f 929 163 928
f 932 933 160
f 145 929 139
f 139 929 930
f 139 930 140
f 140 930 931
f 140 931 207
f 207 931 932
f 207 932 208
f 208 932 160
f 161 160 927
f 927 160 933
f 544 501 545
f 545 501 500
f 545 500 921
f 921 500 498
f 921 498 922
f 922 498 496
f 922 496 923
f 923 496 494
f 923 494 924
f 924 494 492
f 924 492 925
f 925 492 491
f 925 491 926
f 926 491 490
f 926 490 927
f 927 490 161
f 306 805 307
f 307 805 804
f 307 804 308
f 308 804 803
f 308 803 309
f 309 803 815
f 309 815 310
f 310 815 814
f 310 814 311
f 311 814 813
f 311 813 312
f 312 813 812
f 312 812 313
f 313 812 811
f 313 811 320
f 320 811 810
f 320 810 321
f 321 810 835
f 321 835 322
f 322 835 834
f 322 834 323
f 323 834 833
f 323 833 324
f 324 833 832
f 324 832 325
f 325 832 831
f 325 831 326
f 326 831 830
f 326 830 327
f 327 830 809
f 327 809 295
f 295 809 808
f 295 808 296
f 296 808 807
f 296 807 297
f 297 807 806
f 297 806 298
f 298 806 829
f 298 829 299
f 299 829 828
f 299 828 301
f 301 828 827
f 301 827 302
f 302 827 823
f 302 823 314
f 314 823 822
f 314 822 315
f 315 822 820
f 315 820 316
f 316 820 819
f 316 819 317
f 317 819 826
f 317 826 318
f 318 826 825
f 318 825 319
f 319 825 824
f 319 824 288
f 288 824 818
f 288 818 289
f 289 818 817
f 289 817 290
f 290 817 816
f 290 816 291
f 291 816 802
f 291 802 292
f 292 802 801
f 292 801 293
f 293 801 800
f 293 800 294
f 294 800 799
f 294 799 303
f 303 799 798
f 303 798 304
f 304 798 797
f 304 797 306
f 306 797 805
f 345 754 346
f 346 754 779
f 346 779 352
f 352 779 778
f 352 778 353
f 353 778 765
f 353 765 354
f 354 765 764
f 354 764 355
f 355 764 784
f 355 784 356
f 356 784 783
f 356 783 357
f 357 783 771
f 357 771 358
f 358 771 770
f 358 770 359
f 359 770 787
f 359 787 360
f 360 787 786
f 360 786 361
f 361 786 785
f 361 785 362
f 362 785 782
f 362 782 363
f 363 782 781
f 363 781 333
f 333 781 780
f 333 780 334
f 334 780 769
f 334 769 335
f 335 769 768
f 335 768 336
f 336 768 767
f 336 767 340
f 340 767 790
f 340 790 341
f 341 790 789
f 341 789 342
f 342 789 788
f 342 788 330
f 330 788 777
f 330 777 331
f 331 777 776
f 331 776 332
f 332 776 775
f 332 775 347
f 347 775 752
f 347 752 348
f 348 752 751
f 348 751 349
f 349 751 766
f 349 766 364
f 364 766 774
f 364 774 365
f 365 774 773
f 365 773 366
f 366 773 772
f 366 772 328
f 328 772 763
f 328 763 329
f 329 763 762
f 329 762 337
f 337 762 761
f 337 761 338
f 338 761 760
f 338 760 339
f 339 760 759
f 339 759 350
f 350 759 758
f 350 758 351
f 351 758 757
f 351 757 343
f 343 757 756
f 343 756 345
f 345 756 754
f 389 718 379
f 379 718 724
f 379 724 380
f 380 724 723
f 380 723 382
f 382 723 717
f 382 717 383
f 383 717 716
f 383 716 390
f 390 716 741
f 390 741 391
f 391 741 740
f 391 740 392
f 392 740 736
f 392 736 399
f 399 736 735
f 399 735 400
f 400 735 747
f 400 747 401
f 401 747 746
f 401 746 393
f 393 746 745
f 393 745 394
f 394 745 734
f 394 734 395
f 395 734 733
f 395 733 402
f 402 733 732
f 402 732 403
f 403 732 731
f 403 731 385
f 385 731 739
f 385 739 386
f 386 739 738
f 386 738 396
f 396 738 737
f 396 737 397
f 397 737 750
f 397 750 398
f 398 750 749
f 398 749 369
f 369 749 748
f 369 748 367
f 367 748 727
f 367 727 368
f 368 727 726
f 368 726 376
f 376 726 725
f 376 725 377
f 377 725 721
f 377 721 378
f 378 721 720
f 378 720 404
f 404 720 744
f 404 744 405
f 405 744 743
f 405 743 406
f 406 743 742
f 406 742 370
f 370 742 730
f 370 730 371
f 371 730 729
f 371 729 372
f 372 729 728
f 372 728 373
f 373 728 715
f 373 715 374
f 374 715 714
f 374 714 375
f 375 714 712
f 375 712 387
f 387 712 711
f 387 711 388
f 388 711 719
f 388 719 389
f 389 719 718
f 424 674 422
f 422 674 678
f 422 678 430
f 430 678 679
f 430 679 431
f 431 679 696
f 431 696 432
f 432 696 695
f 432 695 433
f 433 695 694
f 433 694 434
f 434 694 693
f 434 693 435
f 435 693 692
f 435 692 439
f 439 692 691
f 439 691 440
f 440 691 710
f 440 710 441
f 441 710 709
f 441 709 442
f 442 709 708
f 442 708 443
f 443 708 707
f 443 707 444
f 444 707 706
f 444 706 445
f 445 706 705
f 445 705 446
f 446 705 683
f 446 683 407
f 407 683 684
f 407 684 408
f 408 684 685
f 408 685 409
f 409 685 704
f 409 704 410
f 410 704 703
f 410 703 411
f 411 703 702
f 411 702 412
f 412 702 676
f 412 676 413
f 413 676 675
f 413 675 414
f 414 675 701
f 414 701 427
f 427 701 700
f 427 700 428
f 428 700 690
f 428 690 429
f 429 690 689
f 429 689 436
f 436 689 699
f 436 699 437
f 437 699 698
f 437 698 438
f 438 698 697
f 438 697 415
f 415 697 688
f 415 688 416
f 416 688 687
f 416 687 417
f 417 687 686
f 417 686 418
f 418 686 682
f 418 682 419
f 419 682 681
f 419 681 420
f 420 681 680
f 420 680 421
f 421 680 671
f 421 671 425
f 425 671 673
f 425 673 424
f 424 673 674
f 485 631 486
f 486 631 633
f 486 633 455
f 455 633 639
f 455 639 454
f 454 639 638
f 454 638 453
f 453 638 637
f 453 637 462
f 462 637 636
f 462 636 463
f 463 636 635
f 463 635 464
f 464 635 634
f 464 634 468
f 468 634 662
f 468 662 469
f 469 662 661
f 469 661 470
f 470 661 660
f 470 660 465
f 465 660 670
f 465 670 466
f 466 670 669
f 466 669 478
f 478 669 668
f 478 668 479
f 479 668 659
f 479 659 480
f 480 659 658
f 480 658 487
f 487 658 657
f 487 657 488
f 488 657 656
f 488 656 489
f 489 656 667
f 489 667 451
f 451 667 666
f 451 666 452
f 452 666 665
f 452 665 456
f 456 665 647
f 456 647 457
f 457 647 646
f 457 646 458
f 458 646 645
f 458 645 459
f 459 645 644
f 459 644 460
f 460 644 643
f 460 643 461
f 461 643 641
f 461 641 471
f 471 641 640
f 471 640 472
f 472 640 648
f 472 648 473
f 473 648 649
f 473 649 474
f 474 649 655
f 474 655 475
f 475 655 654
f 475 654 476
f 476 654 653
f 476 653 477
f 477 653 664
f 477 664 481
f 481 664 663
f 481 663 482
f 482 663 652
f 482 652 483
f 483 652 651
f 483 651 484
f 484 651 650
f 484 650 485
f 485 650 631
f 934 935 148
f 148 935 150
f 934 148 147
f 934 147 936
f 936 147 155
f 936 155 159
f 937 936 157
f 157 936 159
f 937 157 156
f 937 156 935
f 935 156 426
f 935 426 150
f 936 937 934
f 934 937 935
f 846 845 241
f 241 845 880
f 241 880 242
f 242 880 879
f 242 879 243
f 243 879 878
f 243 878 247
f 247 878 877
f 247 877 248
f 248 877 876
f 248 876 231
f 231 876 875
f 231 875 232
f 232 875 864
f 232 864 244
f 244 864 863
f 244 863 245
f 245 863 871
f 245 871 246
f 246 871 874
f 246 874 218
f 218 874 873
f 218 873 219
f 219 873 872
f 219 872 236
f 236 872 870
f 236 870 237
f 237 870 869
f 237 869 234
f 234 869 868
f 234 868 235
f 235 868 867
f 235 867 238
f 238 867 866
f 238 866 239
f 239 866 865
f 239 865 214
f 214 865 862
f 214 862 213
f 213 862 861
f 213 861 220
f 220 861 860
f 220 860 221
f 221 860 859
f 221 859 222
f 222 859 858
f 222 858 223
f 223 858 857
f 223 857 224
f 224 857 856
f 224 856 225
f 225 856 855
f 225 855 226
f 226 855 854
f 226 854 227
f 227 854 853
f 227 853 210
f 210 853 847
f 210 847 211
f 211 847 849
f 211 849 215
f 215 849 850
f 215 850 216
f 216 850 844
f 216 844 217
f 217 844 842
f 217 842 228
f 228 842 841
f 228 841 229
f 229 841 852
f 229 852 230
f 230 852 851
f 230 851 240
f 240 851 846
f 240 846 241
f 546 548 180
f 180 548 549
f 180 549 182
f 182 549 555
f 182 555 183
f 183 555 557
f 183 557 184
f 184 557 585
f 184 585 185
f 185 585 584
f 185 584 186
f 186 584 583
f 186 583 187
f 187 583 582
f 187 582 189
f 189 582 581
f 189 581 190
f 190 581 580
f 190 580 191
f 191 580 568
f 191 568 192
f 192 568 570
f 192 570 165
f 165 570 571
f 165 571 166
f 166 571 567
f 166 567 167
f 167 567 566
f 167 566 168
f 168 566 565
f 168 565 169
f 169 565 564
f 169 564 170
f 170 564 563
f 170 563 171
f 171 563 562
f 171 562 172
f 172 562 560
f 172 560 176
f 176 560 554
f 176 554 175
f 175 554 553
f 175 553 173
f 173 553 579
f 173 579 193
f 193 579 578
f 193 578 194
f 194 578 559
f 194 559 177
f 177 559 558
f 177 558 178
f 178 558 577
f 178 577 195
f 195 577 576
f 195 576 196
f 196 576 551
f 196 551 197
f 197 551 550
f 197 550 203
f 203 550 575
f 203 575 204
f 204 575 588
f 204 588 205
f 205 588 587
f 205 587 200
f 200 587 586
f 200 586 199
f 199 586 574
f 199 574 198
f 198 574 573
f 198 573 201
f 201 573 572
f 201 572 202
f 202 572 546
f 202 546 180
f 617 616 541
f 541 616 630
f 541 630 542
f 542 630 629
f 542 629 531
f 531 629 628
f 531 628 532
f 532 628 627
f 532 627 533
f 533 627 626
f 533 626 534
f 534 626 625
f 534 625 535
f 535 625 624
f 535 624 536
f 536 624 623
f 536 623 517
f 517 623 622
f 517 622 518
f 518 622 615
f 518 615 526
f 526 615 614
f 526 614 508
f 508 614 595
f 508 595 507
f 507 595 594
f 507 594 506
f 506 594 613
f 506 613 511
f 511 613 612
f 511 612 512
f 512 612 609
f 512 609 513
f 513 609 610
f 513 610 514
f 514 610 611
f 514 611 515
f 515 611 621
f 515 621 516
f 516 621 620
f 516 620 509
f 509 620 619
f 509 619 510
f 510 619 608
f 510 608 521
f 521 608 607
f 521 607 522
f 522 607 606
f 522 606 519
f 519 606 605
f 519 605 520
f 520 605 604
f 520 604 523
f 523 604 603
f 523 603 524
f 524 603 592
f 524 592 525
f 525 592 591
f 525 591 527
f 527 591 599
f 527 599 528
f 528 599 602
f 528 602 529
f 529 602 601
f 529 601 530
f 530 601 600
f 530 600 537
f 537 600 598
f 537 598 538
f 538 598 597
f 538 597 539
f 539 597 618
f 539 618 540
f 540 618 617
f 540 617 541
f 886 883 284
f 284 883 882
f 284 882 285
f 285 882 912
f 285 912 253
f 253 912 911
f 253 911 254
f 254 911 910
f 254 910 277
f 277 910 909
f 277 909 278
f 278 909 908
f 278 908 279
f 279 908 907
f 279 907 286
f 286 907 906
f 286 906 287
f 287 906 920
f 287 920 256
f 256 920 919
f 256 919 257
f 257 919 918
f 257 918 259
f 259 918 885
f 259 885 260
f 260 885 884
f 260 884 261
f 261 884 905
f 261 905 262
f 262 905 904
f 262 904 263
f 263 904 901
f 263 901 264
f 264 901 902
f 264 902 265
f 265 902 903
f 265 903 266
f 266 903 917
f 266 917 267
f 267 917 916
f 267 916 249
f 249 916 915
f 249 915 250
f 250 915 900
f 250 900 251
f 251 900 899
f 251 899 252
f 252 899 898
f 252 898 268
f 268 898 897
f 268 897 269
f 269 897 914
f 269 914 270
f 270 914 913
f 270 913 280
f 280 913 896
f 280 896 281
f 281 896 895
f 281 895 282
f 282 895 893
f 282 893 271
f 271 893 892
f 271 892 272
f 272 892 891
f 272 891 273
f 273 891 890
f 273 890 274
f 274 890 889
f 274 889 275
f 275 889 888
f 275 888 276
f 276 888 887
f 276 887 283
f 283 887 886
f 283 886 284
f 938 939 940
f 941 942 943
f 942 944 943
f 943 944 945
f 943 945 946
f 946 945 947
f 946 947 948
f 949 950 951
f 951 950 952
f 951 952 943
f 943 952 953
f 943 953 941
f 954 955 956
f 956 955 951
f 951 955 957
f 951 957 949
f 958 959 960
f 960 961 958
f 958 961 962
f 958 962 956
f 956 962 963
f 956 963 954
f 959 958 964
f 964 958 965
f 964 965 966
f 967 968 969
f 967 969 970
f 969 971 970
f 970 971 972
f 970 972 965
f 965 972 973
f 965 973 966
f 968 967 974
f 974 967 975
f 974 975 976
f 977 978 979
f 979 978 980
f 979 980 981
f 976 982 974
f 974 982 983
f 974 983 984
f 984 983 985
f 984 985 986
f 986 985 987
f 986 987 977
f 977 987 988
f 977 988 978
f 940 939 989
f 989 939 990
f 989 990 991
f 981 980 992
f 992 980 993
f 992 993 940
f 940 993 994
f 940 994 938
f 990 995 991
f 991 995 996
f 991 996 997
f 996 998 997
f 997 998 999
f 997 999 1000
f 1000 999 1001
f 1000 1001 1002
f 1002 1001 1003
f 1002 1003 1004
f 1005 1006 1007
f 1007 1006 1008
f 1007 1008 1009
f 1009 1008 1010
f 1003 1011 1004
f 1004 1011 1012
f 1004 1012 1013
f 1013 1012 1014
f 1013 1014 1015
f 1015 1014 1016
f 1015 1016 1010
f 1010 1016 1017
f 1010 1017 1009
f 1007 1018 1005
f 1005 1018 1019
f 1005 1019 1020
f 1020 1019 1021
f 1020 1021 1022
f 1022 1021 1023
f 1022 1023 1024
f 1024 1025 1026
f 1026 1025 1027
f 1026 1027 1028
f 1028 1027 1029
f 1028 1029 1030
f 1030 1029 1031
f 1031 1029 1032
f 1031 1032 1033
f 1034 1035 1032
f 1032 1035 1036
f 1032 1036 1033
f 1037 1038 1034
f 1034 1038 1039
f 1034 1039 1035
f 1040 1041 1037
f 1037 1041 1042
f 1037 1042 1038
f 1043 1044 1040
f 1040 1044 1045
f 1040 1045 1041
f 1046 1047 1048
f 1048 1047 1049
f 1048 1049 1043
f 1043 1049 1050
f 1043 1050 1044
f 1051 1052 1053
f 1053 1052 1054
f 1053 1054 1048
f 1048 1054 1055
f 1048 1055 1046
f 1056 1057 1058
f 1058 1057 1059
f 1056 1060 1057
f 1057 1060 1061
f 1057 1061 1053
f 1053 1061 1062
f 1053 1062 1051
f 1059 1057 1063
f 1063 1057 1064
f 1063 1064 1065
f 1066 1067 1068
f 1068 1069 1066
f 1066 1069 1070
f 1066 1070 1064
f 1064 1070 1071
f 1064 1071 1065
f 1072 1073 1074
f 1074 1073 1066
f 1066 1073 1075
f 1066 1075 1067
f 1072 1074 1076
f 1076 1074 1077
f 1076 1077 1078
f 1079 1080 1081
f 1081 1080 1082
f 1082 1083 1081
f 1081 1083 1084
f 1081 1084 1077
f 1077 1084 1085
f 1077 1085 1078
f 1086 1087 1088
f 1088 1087 1089
f 1088 1089 1081
f 1081 1089 1090
f 1081 1090 1079
f 1091 1092 1093
f 1093 1092 1094
f 1093 1094 1088
f 1088 1094 1095
f 1088 1095 1086
f 1096 1097 1098
f 1098 1097 1099
f 1098 1099 1093
f 1093 1099 1100
f 1093 1100 1091
f 1101 1102 1103
f 1103 1102 1104
f 1103 1104 1098
f 1098 1104 1105
f 1098 1105 1096
f 1101 1103 1106
f 1106 1103 1107
f 1106 1107 1108
f 1109 1110 1111
f 1111 1110 1112
f 1111 1112 1107
f 1107 1112 1113
f 1107 1113 1108
f 1114 1115 1116
f 1116 1117 1114
f 1114 1117 1118
f 1114 1118 1111
f 1111 1118 1119
f 1111 1119 1109
f 1120 1121 1122
f 1121 1123 1122
f 1122 1123 1124
f 1122 1124 1114
f 1114 1124 1125
f 1114 1125 1115
f 1126 1127 1128
f 1128 1127 1129
f 1128 1129 1122
f 1122 1129 1130
f 1122 1130 1120
f 1131 1132 1133
f 1133 1132 1134
f 1134 1135 1133
f 1133 1135 1136
f 1133 1136 1128
f 1128 1136 1137
f 1128 1137 1126
f 1131 1133 1138
f 1138 1133 1139
f 1138 1139 1140
f 1141 1142 1143
f 1143 1144 1141
f 1141 1144 1145
f 1141 1145 1139
f 1139 1145 1146
f 1139 1146 1140
f 1142 1141 1147
f 1147 1141 1148
f 1147 1148 1149
f 1150 1151 1152
f 1152 1153 1150
f 1150 1153 1154
f 1150 1154 1148
f 1148 1154 1155
f 1148 1155 1149
f 1156 1157 1158
f 1158 1157 1159
f 1158 1159 1150
f 1150 1159 1160
f 1150 1160 1151
f 1161 1162 1163
f 1163 1162 1164
f 1163 1164 1158
f 1158 1164 1165
f 1158 1165 1156
f 1166 1167 1168
f 1168 1169 1166
f 1166 1169 1170
f 1166 1170 1163
f 1163 1170 1171
f 1163 1171 1161
f 1172 1173 1174
f 1174 1173 1175
f 1174 1175 1166
f 1166 1175 1176
f 1166 1176 1167
f 1177 1178 1179
f 1179 1180 1177
f 1177 1180 1181
f 1177 1181 1174
f 1174 1181 1182
f 1174 1182 1172
f 1183 1184 1185
f 1185 1186 1183
f 1183 1186 1187
f 1183 1187 1177
f 1177 1187 1188
f 1177 1188 1178
f 1184 1183 1189
f 1189 1183 1190
f 1189 1190 1191
f 1192 1193 1194
f 1194 1195 1192
f 1192 1195 1196
f 1192 1196 1190
f 1190 1196 1197
f 1190 1197 1191
f 1198 1199 1200
f 1200 1199 1201
f 1200 1201 1192
f 1192 1201 1202
f 1192 1202 1193
f 1203 1204 1205
f 1205 1206 1203
f 1203 1206 1207
f 1203 1207 1200
f 1200 1207 1208
f 1200 1208 1198
f 1209 1210 1211
f 1211 1212 1209
f 1209 1212 1213
f 1209 1213 1203
f 1203 1213 1214
f 1203 1214 1204
f 1210 1209 1215
f 1215 1209 1216
f 1215 1216 1217
f 1218 1219 1220
f 1220 1221 1218
f 1218 1221 1222
f 1218 1222 1216
f 1216 1222 1223
f 1216 1223 1217
f 1224 1225 1226
f 1226 1225 1227
f 1226 1227 1218
f 1218 1227 1228
f 1218 1228 1219
f 1229 1230 1231
f 1231 1232 1229
f 1229 1232 1233
f 1229 1233 1226
f 1226 1233 1234
f 1226 1234 1224
f 1235 1236 1237
f 1237 1236 1238
f 1237 1238 1229
f 1229 1238 1239
f 1229 1239 1230
f 1240 1241 1242
f 1242 1241 1243
f 1242 1243 1237
f 1237 1243 1244
f 1237 1244 1235
f 1245 1246 1247
f 1247 1248 1245
f 1245 1248 1249
f 1245 1249 1242
f 1242 1249 1250
f 1242 1250 1240
f 1251 1252 1253
f 1253 1252 1254
f 1253 1254 1245
f 1245 1254 1255
f 1245 1255 1246
f 1251 1253 1256
f 1256 1253 1257
f 1256 1257 1258
f 1023 1259 1024
f 1024 1259 1260
f 1024 1260 1025
f 1025 1260 1261
f 1025 1261 1257
f 1257 1261 1262
f 1257 1262 1258
f 1133 1128 1263
f 1133 1263 1139
f 1150 1148 1263
f 1263 1148 1141
f 1263 1141 1139
f 1166 1163 1263
f 1263 1163 1158
f 1263 1158 1150
f 1183 1177 1263
f 1263 1177 1174
f 1263 1174 1166
f 1200 1192 1263
f 1263 1192 1190
f 1263 1190 1183
f 1216 1209 1263
f 1263 1209 1203
f 1263 1203 1200
f 1229 1226 1263
f 1263 1226 1218
f 1263 1218 1216
f 1245 1242 1263
f 1263 1242 1237
f 1263 1237 1229
f 1025 1257 1263
f 1263 1257 1253
f 1263 1253 1245
f 1032 1029 1263
f 1263 1029 1027
f 1263 1027 1025
f 1040 1037 1263
f 1263 1037 1034
f 1263 1034 1032
f 1053 1048 1263
f 1263 1048 1043
f 1263 1043 1040
f 1066 1064 1263
f 1263 1064 1057
f 1263 1057 1053
f 1081 1077 1263
f 1263 1077 1074
f 1263 1074 1066
f 1098 1093 1263
f 1263 1093 1088
f 1263 1088 1081
f 1111 1107 1263
f 1263 1107 1103
f 1263 1103 1098
f 1128 1122 1263
f 1263 1122 1114
f 1263 1114 1111
f 1264 1265 1266
f 1266 1265 1267
f 1268 1269 1270
f 1271 1272 1273
f 1273 1272 1274
f 1273 1274 1267
f 1267 1274 1275
f 1267 1275 1266
f 1264 1276 1265
f 1265 1276 1277
f 1265 1277 1278
f 1271 1273 1279
f 1279 1273 1280
f 1279 1280 1281
f 1282 1283 1284
f 1284 1283 1285
f 1284 1285 1280
f 1280 1285 1286
f 1280 1286 1281
f 1277 1287 1278
f 1278 1287 1288
f 1278 1288 1289
f 1290 1291 1292
f 1292 1291 1293
f 1292 1293 1294
f 1294 1293 1295
f 1294 1295 1296
f 1296 1295 1297
f 1296 1297 1298
f 1298 1297 1299
f 1298 1299 1300
f 1300 1299 1301
f 1300 1301 1284
f 1284 1301 1302
f 1284 1302 1282
f 1303 1304 1305
f 1305 1304 1306
f 1305 1306 1307
f 1307 1306 1308
f 1309 1310 1311
f 1311 1310 1312
f 1311 1312 1306
f 1306 1312 1313
f 1306 1313 1308
f 1309 1311 1314
f 1314 1311 1315
f 1314 1315 1316
f 1316 1315 1317
f 1316 1317 1318
f 1319 1320 1321
f 1321 1320 1322
f 1321 1322 1323
f 1323 1322 1324
f 1323 1324 1325
f 1325 1324 1326
f 1325 1326 1327
f 1327 1326 1328
f 1327 1328 1329
f 1329 1328 1330
f 1329 1330 1290
f 1290 1330 1331
f 1290 1331 1291
f 1332 1333 1334
f 1334 1333 1335
f 1334 1335 1336
f 1336 1335 1337
f 1336 1337 1338
f 1338 1337 1339
f 1338 1339 1340
f 1340 1339 1341
f 1340 1341 1342
f 1342 1341 1343
f 1342 1343 1319
f 1319 1343 1344
f 1319 1344 1320
f 1288 1345 1289
f 1289 1345 1346
f 1289 1346 1317
f 1317 1346 1347
f 1317 1347 1318
f 1348 1349 1350
f 1350 1349 1351
f 1350 1351 1352
f 1352 1351 1353
f 1352 1353 1354
f 1354 1353 1355
f 1354 1355 1356
f 1356 1355 1357
f 1356 1357 1358
f 1358 1357 1359
f 1358 1359 1332
f 1332 1359 1360
f 1332 1360 1333
f 1268 1270 1361
f 1303 1362 1304
f 1304 1362 1363
f 1304 1363 1270
f 1270 1363 1364
f 1270 1364 1361
f 1269 1365 1270
f 1270 1365 1366
f 1270 1366 1367
f 1367 1366 1368
f 1367 1368 1369
f 1369 1368 1370
f 1369 1370 1371
f 1371 1370 1372
f 1371 1372 1373
f 1373 1372 1374
f 1373 1374 1375
f 1375 1374 1376
f 1375 1376 1348
f 1348 1376 1377
f 1348 1377 1349
f 1378 1379 1380
f 1381 1382 1383
f 1384 1385 1386
f 1387 1388 1389
f 1390 1391 1355
f 1392 1393 1333
f 1394 1395 1330
f 1396 1397 1301
f 1397 1398 1301
f 1301 1398 1399
f 1301 1399 1302
f 1302 1399 1282
f 1396 1301 1400
f 1400 1301 1299
f 1400 1299 1401
f 1401 1299 1402
f 1402 1299 1297
f 1402 1297 1403
f 1403 1297 1404
f 1404 1297 1295
f 1404 1295 1405
f 1406 1407 1293
f 1293 1407 1408
f 1293 1408 1295
f 1295 1408 1409
f 1295 1409 1405
f 1406 1293 1410
f 1410 1293 1291
f 1410 1291 1411
f 1412 1413 1331
f 1331 1413 1414
f 1331 1414 1291
f 1291 1414 1415
f 1291 1415 1411
f 1395 1416 1330
f 1330 1416 1417
f 1330 1417 1331
f 1331 1417 1418
f 1331 1418 1412
f 1394 1330 1419
f 1419 1330 1328
f 1419 1328 1420
f 1326 1421 1328
f 1328 1421 1422
f 1328 1422 1420
f 1423 1424 1324
f 1324 1424 1425
f 1324 1425 1326
f 1326 1425 1426
f 1326 1426 1421
f 1427 1428 1322
f 1322 1428 1429
f 1322 1429 1324
f 1324 1429 1430
f 1324 1430 1423
f 1427 1322 1431
f 1431 1322 1320
f 1431 1320 1432
f 1433 1434 1344
f 1344 1434 1435
f 1344 1435 1320
f 1320 1435 1436
f 1320 1436 1432
f 1437 1438 1343
f 1343 1438 1439
f 1343 1439 1344
f 1344 1439 1440
f 1344 1440 1433
f 1437 1343 1441
f 1441 1343 1341
f 1441 1341 1442
f 1443 1444 1339
f 1339 1444 1445
f 1445 1446 1339
f 1339 1446 1447
f 1339 1447 1341
f 1341 1447 1448
f 1341 1448 1442
f 1443 1339 1449
f 1449 1339 1337
f 1449 1337 1450
f 1450 1337 1451
f 1451 1337 1335
f 1451 1335 1452
f 1393 1453 1333
f 1333 1453 1454
f 1333 1454 1335
f 1335 1454 1455
f 1335 1455 1452
f 1392 1333 1456
f 1456 1333 1360
f 1456 1360 1457
f 1458 1459 1359
f 1359 1459 1460
f 1359 1460 1360
f 1360 1460 1461
f 1360 1461 1457
f 1458 1359 1462
f 1462 1359 1357
f 1462 1357 1463
f 1391 1464 1355
f 1355 1464 1465
f 1355 1465 1357
f 1357 1465 1466
f 1357 1466 1463
f 1467 1468 1353
f 1353 1468 1469
f 1353 1469 1355
f 1355 1469 1470
f 1355 1470 1390
f 1467 1353 1471
f 1471 1353 1351
f 1471 1351 1472
f 1349 1473 1351
f 1351 1473 1474
f 1351 1474 1472
f 1475 1476 1377
f 1377 1476 1477
f 1377 1477 1349
f 1349 1477 1478
f 1349 1478 1473
f 1475 1377 1479
f 1479 1377 1376
f 1479 1376 1480
f 1374 1481 1482
f 1482 1483 1374
f 1374 1483 1484
f 1374 1484 1376
f 1376 1484 1485
f 1376 1485 1480
f 1486 1487 1372
f 1372 1487 1488
f 1372 1488 1374
f 1374 1488 1489
f 1374 1489 1481
f 1486 1372 1490
f 1490 1372 1370
f 1490 1370 1491
f 1492 1493 1368
f 1368 1493 1494
f 1368 1494 1370
f 1370 1494 1495
f 1370 1495 1491
f 1389 1496 1387
f 1387 1496 1497
f 1387 1497 1498
f 1498 1497 1499
f 1498 1499 1365
f 1365 1499 1500
f 1365 1500 1366
f 1366 1500 1501
f 1366 1501 1368
f 1368 1501 1502
f 1368 1502 1492
f 1388 1503 1389
f 1389 1503 1504
f 1389 1504 1505
f 1505 1504 1506
f 1505 1506 1507
f 1507 1506 1508
f 1507 1508 1509
f 1509 1508 1510
f 1509 1510 1511
f 1510 1512 1511
f 1511 1512 1513
f 1511 1513 1514
f 1514 1513 1515
f 1514 1515 1516
f 1516 1515 1517
f 1516 1517 1518
f 1518 1517 1519
f 1518 1519 1520
f 1520 1519 1521
f 1520 1521 1522
f 1522 1521 1523
f 1522 1523 1524
f 1524 1523 1525
f 1524 1525 1526
f 1526 1525 1527
f 1528 1529 1530
f 1530 1529 1527
f 1530 1527 1531
f 1531 1527 1525
f 1384 1386 1532
f 1533 1534 1535
f 1535 1536 1533
f 1533 1536 1537
f 1533 1537 1386
f 1386 1537 1538
f 1386 1538 1532
f 1382 1539 1383
f 1383 1539 1540
f 1383 1540 1533
f 1533 1540 1541
f 1533 1541 1534
f 1542 1543 1544
f 1544 1543 1545
f 1544 1545 1383
f 1383 1545 1546
f 1383 1546 1381
f 1379 1547 1380
f 1380 1547 1548
f 1380 1548 1544
f 1544 1548 1549
f 1544 1549 1542
f 1528 1550 1529
f 1529 1550 1551
f 1529 1551 1380
f 1380 1551 1552
f 1380 1552 1378
f 1553 970 965
f 1554 1555 1556
f 1557 1558 1559
f 1560 1561 1562
f 1563 1564 1565
f 1566 1567 1568
f 1569 1570 1571
f 1572 1573 1574
f 1575 1576 1577
f 1578 1579 1580
f 1581 1582 1583
f 1584 1527 1529
f 1585 1586 1380
f 1380 1586 1587
f 1380 1587 1529
f 1529 1587 1588
f 1529 1588 1584
f 1589 1590 1544
f 1544 1590 1591
f 1544 1591 1380
f 1380 1591 1592
f 1380 1592 1585
f 1593 1594 1383
f 1383 1594 1595
f 1383 1595 1544
f 1544 1595 1596
f 1544 1596 1589
f 1533 1597 1598
f 1533 1598 1383
f 1383 1598 1599
f 1383 1599 1593
f 1600 1601 1386
f 1386 1601 1602
f 1386 1602 1533
f 1533 1602 1603
f 1533 1603 1597
f 1604 1605 1606
f 1606 1605 1607
f 1606 1607 1385
f 1385 1607 1386
f 1386 1607 1608
f 1386 1608 1600
f 1609 1610 1611
f 1611 1610 1612
f 1611 1612 1604
f 1604 1612 1613
f 1604 1613 1605
f 1614 1615 1616
f 1616 1615 1617
f 1616 1617 1609
f 1609 1617 1618
f 1609 1618 1610
f 1619 1620 1621
f 1621 1620 1622
f 1621 1622 1614
f 1614 1622 1623
f 1614 1623 1615
f 1624 1625 1626
f 1626 1625 1627
f 1626 1627 1628
f 1628 1627 1629
f 1628 1629 1630
f 1630 1629 1631
f 1630 1631 1619
f 1619 1631 1632
f 1619 1632 1620
f 1633 1634 1624
f 1624 1634 1635
f 1624 1635 1625
f 1636 1637 1638
f 1638 1637 1639
f 1638 1639 1633
f 1633 1639 1640
f 1633 1640 1634
f 1641 1642 1643
f 1643 1642 1644
f 1643 1644 1645
f 1645 1644 1646
f 1645 1646 1636
f 1636 1646 1647
f 1636 1647 1637
f 1648 1649 1650
f 1650 1649 1651
f 1650 1651 1641
f 1641 1651 1652
f 1641 1652 1642
f 1653 1654 1648
f 1648 1654 1655
f 1648 1655 1649
f 1656 1657 1658
f 1658 1659 1656
f 1656 1659 1660
f 1656 1660 1661
f 1660 1662 1661
f 1661 1662 1663
f 1661 1663 1664
f 1664 1663 1665
f 1664 1665 1666
f 1666 1665 1667
f 1666 1667 1653
f 1653 1667 1668
f 1653 1668 1654
f 1669 1670 1671
f 1671 1670 1672
f 1671 1672 1657
f 1657 1672 1673
f 1657 1673 1658
f 1674 1675 1676
f 1676 1675 1677
f 1676 1677 1678
f 1678 1677 1679
f 1678 1679 1680
f 1680 1679 1681
f 1680 1681 1669
f 1669 1681 1682
f 1669 1682 1670
f 1683 1684 1674
f 1674 1684 1685
f 1674 1685 1675
f 1686 1687 1683
f 1683 1687 1688
f 1683 1688 1684
f 1689 1690 1691
f 1691 1690 1692
f 1691 1692 1686
f 1686 1692 1693
f 1686 1693 1687
f 1694 1695 1696
f 1696 1695 1697
f 1696 1697 1698
f 1698 1697 1699
f 1698 1699 1689
f 1689 1699 1700
f 1689 1700 1690
f 1701 1702 1694
f 1694 1702 1703
f 1694 1703 1695
f 1704 1705 1706
f 1706 1705 1707
f 1706 1707 1708
f 1708 1707 1709
f 1708 1709 1701
f 1701 1709 1710
f 1701 1710 1702
f 1711 1712 1713
f 1713 1712 1714
f 1713 1714 1704
f 1704 1714 1715
f 1704 1715 1705
f 1716 1717 1718
f 1718 1717 1719
f 1718 1719 1720
f 1719 1721 1720
f 1720 1721 1722
f 1720 1722 1711
f 1711 1722 1723
f 1711 1723 1712
f 1724 1725 1726
f 1726 1725 1727
f 1726 1727 1728
f 1728 1727 1729
f 1728 1729 1716
f 1716 1729 1730
f 1716 1730 1717
f 1731 1732 1733
f 1733 1732 1734
f 1733 1734 1724
f 1724 1734 1735
f 1724 1735 1725
f 1736 1737 1731
f 1731 1737 1738
f 1731 1738 1732
f 1739 1740 1741
f 1741 1740 1742
f 1741 1742 1736
f 1736 1742 1743
f 1736 1743 1737
f 1744 1745 1746
f 1746 1745 1747
f 1746 1747 1739
f 1739 1747 1748
f 1739 1748 1740
f 1749 1750 1751
f 1751 1750 1752
f 1751 1752 1753
f 1752 1754 1753
f 1753 1754 1755
f 1753 1755 1756
f 1756 1755 1757
f 1756 1757 1744
f 1744 1757 1758
f 1744 1758 1745
f 1759 1760 1761
f 1761 1760 1762
f 1761 1762 1749
f 1749 1762 1763
f 1749 1763 1750
f 1764 1765 1766
f 1766 1765 1767
f 1766 1767 1768
f 1768 1767 1769
f 1768 1769 1759
f 1759 1769 1770
f 1759 1770 1760
f 1771 1772 1764
f 1764 1772 1773
f 1764 1773 1765
f 1774 1775 1776
f 1776 1775 1777
f 1776 1777 1778
f 1777 1779 1778
f 1778 1779 1780
f 1778 1780 1781
f 1781 1780 1782
f 1781 1782 1771
f 1771 1782 1783
f 1771 1783 1772
f 1784 1785 1786
f 1786 1785 1787
f 1786 1787 1774
f 1774 1787 1788
f 1774 1788 1775
f 1789 1790 1791
f 1791 1790 1792
f 1791 1792 1784
f 1784 1792 1793
f 1784 1793 1785
f 1583 1794 1581
f 1581 1794 1795
f 1581 1795 1796
f 1796 1795 1797
f 1796 1797 1789
f 1789 1797 1798
f 1789 1798 1790
f 1799 1800 1801
f 1801 1800 1802
f 1801 1802 1582
f 1582 1802 1803
f 1582 1803 1583
f 1804 1805 1806
f 1804 1806 1807
f 1807 1806 1808
f 1807 1808 1809
f 1808 1810 1809
f 1809 1810 1811
f 1809 1811 1812
f 1812 1811 1813
f 1812 1813 1814
f 1814 1813 1815
f 1814 1815 1799
f 1799 1815 1816
f 1799 1816 1800
f 1805 1804 1817
f 1817 1804 1818
f 1817 1818 1819
f 1819 1818 1820
f 1820 1818 1821
f 1820 1821 1822
f 1823 1824 1822
f 1822 1824 1820
f 1825 1826 1827
f 1827 1826 1828
f 1827 1828 1823
f 1823 1828 1829
f 1823 1829 1824
f 1830 1831 1825
f 1825 1831 1832
f 1825 1832 1826
f 1833 1834 1835
f 1835 1834 1836
f 1835 1836 1837
f 1837 1836 1838
f 1837 1838 1839
f 1839 1838 1840
f 1839 1840 1830
f 1830 1840 1841
f 1830 1841 1831
f 1842 1843 1833
f 1833 1843 1844
f 1833 1844 1834
f 1845 1846 1847
f 1847 1846 1848
f 1847 1848 1849
f 1848 1850 1849
f 1849 1850 1851
f 1849 1851 1842
f 1842 1851 1852
f 1842 1852 1843
f 1853 1854 1855
f 1855 1854 1856
f 1855 1856 1857
f 1856 1858 1857
f 1857 1858 1859
f 1857 1859 1860
f 1860 1859 1861
f 1860 1861 1845
f 1845 1861 1862
f 1845 1862 1846
f 1863 1864 1865
f 1865 1864 1866
f 1865 1866 1867
f 1867 1866 1868
f 1867 1868 1853
f 1853 1868 1869
f 1853 1869 1854
f 1870 1871 1863
f 1863 1871 1872
f 1863 1872 1864
f 1873 1874 1875
f 1875 1874 1876
f 1875 1876 1877
f 1877 1876 1878
f 1877 1878 1870
f 1870 1878 1879
f 1870 1879 1871
f 1880 1881 1873
f 1873 1881 1882
f 1873 1882 1874
f 1883 1884 1880
f 1880 1884 1885
f 1880 1885 1881
f 1886 1887 1883
f 1883 1887 1888
f 1883 1888 1884
f 1889 1890 1891
f 1891 1890 1892
f 1891 1892 1886
f 1886 1892 1893
f 1886 1893 1887
f 1894 1895 1896
f 1896 1895 1897
f 1896 1897 1898
f 1897 1899 1898
f 1898 1899 1900
f 1898 1900 1901
f 1901 1900 1902
f 1901 1902 1889
f 1889 1902 1903
f 1889 1903 1890
f 1904 1905 1906
f 1906 1905 1907
f 1906 1907 1908
f 1907 1909 1908
f 1908 1909 1910
f 1908 1910 1911
f 1911 1910 1912
f 1911 1912 1913
f 1913 1912 1914
f 1913 1914 1894
f 1894 1914 1915
f 1894 1915 1895
f 1916 1917 1904
f 1904 1917 1918
f 1904 1918 1905
f 1919 1920 1921
f 1921 1920 1922
f 1921 1922 1916
f 1916 1922 1923
f 1916 1923 1917
f 1924 1925 1926
f 1926 1925 1927
f 1926 1927 1928
f 1928 1927 1929
f 1928 1929 1919
f 1919 1929 1930
f 1919 1930 1920
f 1931 1932 1924
f 1924 1932 1933
f 1924 1933 1925
f 1934 1935 1931
f 1931 1935 1936
f 1931 1936 1932
f 1580 1937 1578
f 1578 1937 1938
f 1578 1938 1939
f 1939 1938 1940
f 1939 1940 1941
f 1941 1940 1942
f 1941 1942 1934
f 1934 1942 1943
f 1934 1943 1935
f 1944 1945 1946
f 1944 1946 1947
f 1947 1946 1948
f 1947 1948 1579
f 1579 1948 1949
f 1579 1949 1580
f 1945 1944 1950
f 1950 1944 1951
f 1950 1951 1952
f 1952 1951 1953
f 1952 1953 1954
f 1954 1953 1955
f 1954 1955 1956
f 1956 1955 1957
f 1956 1957 1958
f 1958 1957 1959
f 1958 1959 1960
f 1960 1959 1961
f 1961 1959 1962
f 1961 1962 1963
f 1963 1962 1964
f 1963 1964 1965
f 1965 1964 1966
f 1965 1966 1967
f 1968 1969 1970
f 1970 1969 1971
f 1970 1971 1972
f 1972 1971 1973
f 1972 1973 1966
f 1966 1973 1974
f 1966 1974 1967
f 1975 1976 1977
f 1977 1976 1978
f 1977 1978 1968
f 1968 1978 1979
f 1968 1979 1969
f 1980 1981 1975
f 1975 1981 1982
f 1975 1982 1976
f 1983 1984 1985
f 1985 1986 1983
f 1983 1986 1987
f 1983 1987 1988
f 1988 1987 1989
f 1988 1989 1980
f 1980 1989 1990
f 1980 1990 1981
f 1577 1576 1991
f 1991 1576 1992
f 1991 1992 1993
f 1993 1992 1994
f 1993 1994 1984
f 1984 1994 1995
f 1984 1995 1985
f 1575 1577 1996
f 1996 1577 1997
f 1996 1997 1998
f 1998 1997 1999
f 1999 1997 2000
f 1999 2000 2001
f 2001 2000 2002
f 2001 2002 2003
f 2003 2002 2004
f 2003 2004 2005
f 2006 2007 2008
f 2008 2007 2009
f 2008 2009 2004
f 2004 2009 2010
f 2004 2010 2005
f 2011 2012 2006
f 2006 2012 2013
f 2006 2013 2007
f 2014 2015 2016
f 2016 2015 2017
f 2016 2017 2011
f 2011 2017 2018
f 2011 2018 2012
f 2019 2020 2021
f 2021 2020 2022
f 2021 2022 2014
f 2014 2022 2023
f 2014 2023 2015
f 2024 2025 2026
f 2026 2025 2027
f 2026 2027 2019
f 2019 2027 2028
f 2019 2028 2020
f 2029 2030 2031
f 2031 2032 2029
f 2029 2032 2033
f 2029 2033 2034
f 2034 2033 2035
f 2034 2035 2036
f 2036 2035 2037
f 2036 2037 2024
f 2024 2037 2038
f 2024 2038 2025
f 2039 2040 2041
f 2041 2042 2039
f 2039 2042 2043
f 2039 2043 2044
f 2044 2043 2045
f 2044 2045 2030
f 2030 2045 2046
f 2030 2046 2031
f 2047 2048 2049
f 2049 2048 2050
f 2049 2050 2051
f 2050 2052 2051
f 2051 2052 2053
f 2051 2053 2054
f 2054 2053 2055
f 2054 2055 2056
f 2056 2055 2057
f 2056 2057 2040
f 2040 2057 2058
f 2040 2058 2041
f 2059 2060 2061
f 2061 2060 2062
f 2061 2062 2063
f 2063 2062 2064
f 2063 2064 2047
f 2047 2064 2065
f 2047 2065 2048
f 2066 2067 2059
f 2059 2067 2068
f 2059 2068 2060
f 2069 2070 2071
f 2071 2070 2072
f 2071 2072 2066
f 2066 2072 2073
f 2066 2073 2067
f 2074 2075 2076
f 2076 2075 2077
f 2076 2077 2069
f 2069 2077 2078
f 2069 2078 2070
f 2079 2080 2074
f 2074 2080 2081
f 2074 2081 2075
f 2082 2083 2084
f 2084 2083 2085
f 2084 2085 2079
f 2079 2085 2086
f 2079 2086 2080
f 2087 2088 2089
f 2089 2088 2090
f 2089 2090 2082
f 2082 2090 2091
f 2082 2091 2083
f 1574 1573 2092
f 2092 1573 2093
f 2092 2093 2094
f 2093 2095 2094
f 2094 2095 2096
f 2094 2096 2097
f 2097 2096 2098
f 2097 2098 2087
f 2087 2098 2099
f 2087 2099 2088
f 1572 1574 2100
f 2100 1574 2101
f 2100 2101 2102
f 2102 2101 2103
f 2102 2103 2104
f 2105 2106 2104
f 2104 2106 2107
f 2104 2107 2102
f 2108 2109 2110
f 2110 2109 2111
f 2110 2111 2105
f 2105 2111 2112
f 2105 2112 2106
f 2113 2114 2115
f 2115 2114 2116
f 2115 2116 2108
f 2108 2116 2117
f 2108 2117 2109
f 2118 2119 2120
f 2120 2119 2121
f 2120 2121 2122
f 2122 2121 2123
f 2122 2123 2113
f 2113 2123 2124
f 2113 2124 2114
f 2125 2126 2118
f 2118 2126 2127
f 2118 2127 2119
f 2128 2129 2125
f 2125 2129 2130
f 2125 2130 2126
f 2131 2132 2133
f 2133 2134 2131
f 2131 2134 2135
f 2131 2135 2136
f 2136 2135 2137
f 2136 2137 2138
f 2138 2137 2139
f 2138 2139 2128
f 2128 2139 2140
f 2128 2140 2129
f 2141 2142 2143
f 2141 2143 2144
f 2144 2143 2145
f 2144 2145 2132
f 2132 2145 2146
f 2132 2146 2133
f 2142 2141 2147
f 2147 2141 2148
f 2147 2148 2149
f 2149 2148 2150
f 2149 2150 2151
f 2151 2150 2152
f 2151 2152 2153
f 2153 2152 2154
f 2154 2152 2155
f 2154 2155 2156
f 2156 2155 2157
f 2156 2157 2158
f 2158 2157 2159
f 2159 2157 2160
f 2159 2160 2161
f 2161 2160 2162
f 2162 2160 2163
f 2162 2163 2164
f 2165 2166 2167
f 2167 2166 2168
f 2167 2168 2169
f 2169 2168 2170
f 2169 2170 2164
f 2164 2170 2171
f 2164 2171 2162
f 2172 2173 2165
f 2165 2173 2174
f 2165 2174 2166
f 2175 2176 2177
f 2177 2176 2178
f 2177 2178 2179
f 2179 2178 2180
f 2179 2180 2181
f 2181 2180 2182
f 2181 2182 2183
f 2183 2182 2184
f 2183 2184 2172
f 2172 2184 2185
f 2172 2185 2173
f 2186 2187 2175
f 2175 2187 2188
f 2175 2188 2176
f 2189 2190 2191
f 2191 2190 2192
f 2191 2192 2193
f 2192 2194 2193
f 2193 2194 2195
f 2193 2195 2196
f 2196 2195 2197
f 2196 2197 2186
f 2186 2197 2198
f 2186 2198 2187
f 2199 2200 2189
f 2189 2200 2201
f 2189 2201 2190
f 2202 2203 2204
f 2204 2203 2205
f 2204 2205 2199
f 2199 2205 2206
f 2199 2206 2200
f 2207 2208 2209
f 2209 2208 2210
f 2209 2210 2202
f 2202 2210 2211
f 2202 2211 2203
f 2212 2213 2214
f 2214 2213 2215
f 2214 2215 2207
f 2207 2215 2216
f 2207 2216 2208
f 2217 2218 2219
f 2219 2218 2220
f 2219 2220 2221
f 2221 2220 2222
f 2221 2222 2212
f 2212 2222 2223
f 2212 2223 2213
f 2224 2225 2226
f 2226 2225 2227
f 2226 2227 2217
f 2217 2227 2228
f 2217 2228 2218
f 2229 2230 2231
f 2231 2232 2229
f 2229 2232 2233
f 2229 2233 2224
f 2224 2233 2234
f 2224 2234 2225
f 2235 2236 2237
f 2237 2236 2238
f 2237 2238 2239
f 2238 2240 2239
f 2239 2240 2241
f 2239 2241 2242
f 2242 2241 2243
f 2242 2243 2244
f 2244 2243 2245
f 2244 2245 2230
f 2230 2245 2246
f 2230 2246 2231
f 2247 2248 2249
f 2249 2248 2250
f 2249 2250 2251
f 2251 2250 2252
f 2251 2252 2235
f 2235 2252 2253
f 2235 2253 2236
f 1571 2254 1569
f 1569 2254 2255
f 1569 2255 2247
f 2247 2255 2256
f 2247 2256 2248
f 2257 2258 2259
f 2259 2258 2260
f 2259 2260 2261
f 2261 2260 2262
f 2261 2262 1570
f 1570 2262 2263
f 1570 2263 1571
f 2264 2265 2266
f 2266 2265 2267
f 2266 2267 2268
f 2268 2267 2269
f 2268 2269 2257
f 2257 2269 2270
f 2257 2270 2258
f 2271 2272 2264
f 2264 2272 2273
f 2264 2273 2265
f 2274 2275 2276
f 2276 2275 2277
f 2276 2277 2278
f 2278 2277 2279
f 2278 2279 2271
f 2271 2279 2280
f 2271 2280 2272
f 2281 2282 2283
f 2283 2284 2281
f 2281 2284 2285
f 2281 2285 2274
f 2274 2285 2286
f 2274 2286 2275
f 2287 2288 2289
f 2289 2288 2290
f 2289 2290 2282
f 2282 2290 2291
f 2282 2291 2283
f 2292 2293 2294
f 2294 2293 2295
f 2294 2295 2296
f 2296 2295 2297
f 2296 2297 2298
f 2298 2297 2299
f 2298 2299 2287
f 2287 2299 2300
f 2287 2300 2288
f 2301 2302 2292
f 2292 2302 2303
f 2292 2303 2293
f 2304 2305 2301
f 2301 2305 2306
f 2301 2306 2302
f 2307 2308 2309
f 2309 2308 2310
f 2309 2310 2304
f 2304 2310 2311
f 2304 2311 2305
f 2312 2313 2314
f 2314 2313 2315
f 2314 2315 2316
f 2316 2315 2317
f 2316 2317 2307
f 2307 2317 2318
f 2307 2318 2308
f 2319 2320 2312
f 2312 2320 2321
f 2312 2321 2313
f 2322 2323 2324
f 2324 2323 2325
f 2324 2325 2326
f 2326 2325 2327
f 2326 2327 2319
f 2319 2327 2328
f 2319 2328 2320
f 2329 2330 2331
f 2331 2330 2332
f 2331 2332 2322
f 2322 2332 2333
f 2322 2333 2323
f 2334 2335 2336
f 2336 2335 2337
f 2336 2337 2338
f 2337 2339 2338
f 2338 2339 2340
f 2338 2340 2329
f 2329 2340 2341
f 2329 2341 2330
f 2342 2343 2344
f 2344 2343 2345
f 2344 2345 2346
f 2346 2345 2347
f 2346 2347 2334
f 2334 2347 2348
f 2334 2348 2335
f 2349 2350 2351
f 2351 2350 2352
f 2351 2352 2342
f 2342 2352 2353
f 2342 2353 2343
f 2354 2355 2349
f 2349 2355 2356
f 2349 2356 2350
f 2357 2358 2359
f 2359 2358 2360
f 2359 2360 2354
f 2354 2360 2361
f 2354 2361 2355
f 2362 2363 2364
f 2364 2363 2365
f 2364 2365 2366
f 2366 2365 2367
f 2366 2367 2357
f 2357 2367 2368
f 2357 2368 2358
f 2369 2370 2371
f 2364 2372 2362
f 2362 2372 2373
f 2362 2373 2374
f 2374 2373 2369
f 2374 2369 2375
f 2375 2369 2371
f 2376 2377 2370
f 2370 2377 2378
f 2370 2378 2371
f 2379 2380 2381
f 2381 2382 2379
f 2379 2382 2383
f 2379 2383 2384
f 2384 2383 2385
f 2384 2385 2386
f 2386 2385 2387
f 2386 2387 2376
f 2376 2387 2388
f 2376 2388 2377
f 2389 2390 2391
f 2391 2390 2392
f 2391 2392 2393
f 2393 2392 2394
f 2393 2394 2380
f 2380 2394 2395
f 2380 2395 2381
f 2396 2397 2398
f 2398 2397 2399
f 2398 2399 2400
f 2400 2399 2401
f 2400 2401 2402
f 2402 2401 2403
f 2402 2403 2389
f 2389 2403 2404
f 2389 2404 2390
f 2405 2406 2396
f 2396 2406 2407
f 2396 2407 2397
f 2408 2409 2410
f 2410 2409 2411
f 2410 2411 2405
f 2405 2411 2412
f 2405 2412 2406
f 2413 2414 2415
f 2415 2416 2413
f 2413 2416 2417
f 2413 2417 2418
f 2418 2417 2419
f 2418 2419 2420
f 2420 2419 2421
f 2420 2421 2408
f 2408 2421 2422
f 2408 2422 2409
f 2423 2424 2425
f 2425 2424 2426
f 2425 2426 2427
f 2427 2426 2428
f 2427 2428 2414
f 2414 2428 2429
f 2414 2429 2415
f 2430 2431 2432
f 2432 2433 2430
f 2430 2433 2434
f 2430 2434 2423
f 2423 2434 2435
f 2423 2435 2424
f 2436 2437 2438
f 2438 2437 2439
f 2438 2439 2440
f 2440 2439 2441
f 2440 2441 2431
f 2431 2441 2442
f 2431 2442 2432
f 2443 2444 2445
f 2445 2444 2446
f 2445 2446 2436
f 2436 2446 2447
f 2436 2447 2437
f 2448 2449 2450
f 2450 2449 2451
f 2450 2451 2443
f 2443 2451 2452
f 2443 2452 2444
f 1568 2453 1566
f 1566 2453 2454
f 1566 2454 2455
f 2455 2454 2456
f 2455 2456 2448
f 2448 2456 2457
f 2448 2457 2449
f 2458 2459 2460
f 2460 2459 2461
f 2460 2461 2462
f 2461 2463 2462
f 2462 2463 2464
f 2462 2464 2465
f 2465 2464 2466
f 2465 2466 2467
f 2467 2466 2468
f 2467 2468 2469
f 2469 2468 2470
f 2469 2470 2471
f 2471 2470 2472
f 2471 2472 1567
f 1567 2472 2473
f 1567 2473 1568
f 2474 2475 2476
f 2476 2475 2477
f 2476 2477 2458
f 2458 2477 2478
f 2458 2478 2459
f 2479 2480 2481
f 2481 2482 2479
f 2479 2482 2483
f 2479 2483 2484
f 2484 2483 2485
f 2484 2485 2474
f 2474 2485 2486
f 2474 2486 2475
f 2487 2488 2489
f 2489 2488 2490
f 2489 2490 2480
f 2480 2490 2491
f 2480 2491 2481
f 2492 2493 2494
f 2494 2493 2495
f 2494 2495 2496
f 2496 2495 2497
f 2496 2497 2498
f 2498 2497 2499
f 2498 2499 2487
f 2487 2499 2500
f 2487 2500 2488
f 2501 2502 2492
f 2492 2502 2503
f 2492 2503 2493
f 2504 2505 2501
f 2501 2505 2506
f 2501 2506 2502
f 1563 1565 2507
f 1565 2508 2507
f 2507 2508 2509
f 2507 2509 2510
f 2510 2509 2504
f 2504 2509 2511
f 2504 2511 2505
f 2512 2513 2514
f 2514 2513 2515
f 2514 2515 1564
f 1564 2515 2516
f 1564 2516 1565
f 2517 2518 2519
f 2519 2518 2520
f 2519 2520 2521
f 2521 2520 2522
f 2521 2522 2512
f 2512 2522 2523
f 2512 2523 2513
f 2524 2525 2526
f 2526 2527 2524
f 2524 2527 2528
f 2524 2528 2517
f 2517 2528 2529
f 2517 2529 2518
f 2530 2531 2532
f 2532 2531 2533
f 2532 2533 2534
f 2534 2533 2535
f 2534 2535 2525
f 2525 2535 2536
f 2525 2536 2526
f 2537 2538 2539
f 2539 2538 2540
f 2539 2540 2541
f 2541 2540 2542
f 2541 2542 2530
f 2530 2542 2543
f 2530 2543 2531
f 2544 2545 2537
f 2537 2545 2546
f 2537 2546 2538
f 2547 2548 2544
f 2544 2548 2549
f 2544 2549 2545
f 2550 2551 2552
f 2552 2551 2553
f 2552 2553 2547
f 2547 2553 2554
f 2547 2554 2548
f 2555 2556 2557
f 2557 2556 2558
f 2557 2558 2550
f 2550 2558 2559
f 2550 2559 2551
f 2560 2561 2562
f 2562 2561 2563
f 2562 2563 2564
f 2563 2565 2564
f 2564 2565 2566
f 2564 2566 2567
f 2567 2566 2568
f 2567 2568 2569
f 2569 2568 2570
f 2569 2570 2555
f 2555 2570 2571
f 2555 2571 2556
f 2572 2573 2574
f 2574 2573 2575
f 2574 2575 2560
f 2560 2575 2576
f 2560 2576 2561
f 2577 2578 2579
f 2579 2580 2577
f 2577 2580 2581
f 2577 2581 2582
f 2582 2581 2583
f 2582 2583 2572
f 2572 2583 2584
f 2572 2584 2573
f 2585 2586 2587
f 2587 2586 2588
f 2587 2588 2589
f 2589 2588 2590
f 2589 2590 2578
f 2578 2590 2591
f 2578 2591 2579
f 2592 2593 2594
f 2594 2593 2595
f 2594 2595 2596
f 2596 2595 2597
f 2596 2597 2585
f 2585 2597 2598
f 2585 2598 2586
f 2599 2600 2592
f 2592 2600 2601
f 2592 2601 2593
f 2602 2603 2599
f 2599 2603 2604
f 2599 2604 2600
f 2605 2606 2602
f 2602 2606 2607
f 2602 2607 2603
f 2608 2609 2610
f 2610 2611 2608
f 2608 2611 2612
f 2608 2612 2613
f 2613 2612 2614
f 2613 2614 2605
f 2605 2614 2615
f 2605 2615 2606
f 2616 2617 2618
f 2618 2617 2619
f 2618 2619 2609
f 2609 2619 2620
f 2609 2620 2610
f 2621 2622 2623
f 2623 2622 2624
f 2623 2624 2625
f 2624 2626 2625
f 2625 2626 2627
f 2625 2627 2628
f 2628 2627 2629
f 2628 2629 2630
f 2630 2629 2631
f 2630 2631 2616
f 2616 2631 2632
f 2616 2632 2617
f 2633 2634 2635
f 2635 2634 2636
f 2635 2636 2621
f 2621 2636 2637
f 2621 2637 2622
f 2638 2639 2633
f 2633 2639 2640
f 2633 2640 2634
f 2641 2642 2643
f 2643 2642 2644
f 2643 2644 2638
f 2638 2644 2645
f 2638 2645 2639
f 2646 2647 2648
f 2648 2647 2649
f 2648 2649 2641
f 2641 2649 2650
f 2641 2650 2642
f 2651 2652 2653
f 2653 2654 2651
f 2651 2654 2655
f 2651 2655 2656
f 2656 2655 2657
f 2656 2657 2658
f 2658 2657 2659
f 2658 2659 2660
f 2660 2659 2661
f 2660 2661 2646
f 2646 2661 2662
f 2646 2662 2647
f 2663 2664 2665
f 2665 2666 2663
f 2663 2666 2667
f 2663 2667 2652
f 2652 2667 2668
f 2652 2668 2653
f 2669 2670 2671
f 2671 2670 2672
f 2671 2672 2673
f 2672 2674 2673
f 2673 2674 2675
f 2673 2675 2676
f 2676 2675 2677
f 2676 2677 2678
f 2678 2677 2679
f 2678 2679 2664
f 2664 2679 2680
f 2664 2680 2665
f 2681 2682 2683
f 2683 2682 2684
f 2683 2684 2685
f 2685 2684 2686
f 2685 2686 2669
f 2669 2686 2687
f 2669 2687 2670
f 2688 2689 2681
f 2681 2689 2690
f 2681 2690 2682
f 2691 2692 2693
f 2693 2692 2694
f 2693 2694 2688
f 2688 2694 2695
f 2688 2695 2689
f 2696 2697 2698
f 2698 2697 2699
f 2698 2699 2691
f 2691 2699 2700
f 2691 2700 2692
f 2701 2702 2703
f 2703 2704 2701
f 2701 2704 2705
f 2701 2705 2706
f 2706 2705 2707
f 2706 2707 2708
f 2708 2707 2709
f 2708 2709 2696
f 2696 2709 2710
f 2696 2710 2697
f 2711 2712 2713
f 2713 2712 2714
f 2713 2714 2715
f 2715 2714 2716
f 2715 2716 2702
f 2702 2716 2717
f 2702 2717 2703
f 2718 2719 2720
f 2720 2721 2718
f 2718 2721 2722
f 2718 2722 2711
f 2711 2722 2723
f 2711 2723 2712
f 2724 2725 2726
f 2724 2726 2727
f 2727 2726 2728
f 2727 2728 2719
f 2719 2728 2729
f 2719 2729 2720
f 2725 2724 2730
f 2730 2724 2731
f 2730 2731 2732
f 2732 2731 2733
f 2732 2733 2734
f 2734 2733 2735
f 2734 2735 2736
f 2736 2735 2737
f 2736 2737 2738
f 2739 2740 2741
f 2741 2740 2742
f 2741 2742 2737
f 2737 2742 2743
f 2737 2743 2738
f 2744 2745 2746
f 2746 2745 2747
f 2746 2747 2739
f 2739 2747 2748
f 2739 2748 2740
f 2749 2750 2751
f 2751 2750 2752
f 2751 2752 2744
f 2744 2752 2753
f 2744 2753 2745
f 2754 2755 2756
f 2756 2755 2757
f 2756 2757 2758
f 2757 2759 2758
f 2758 2759 2760
f 2758 2760 2761
f 2761 2760 2762
f 2761 2762 2763
f 2763 2762 2764
f 2763 2764 2749
f 2749 2764 2765
f 2749 2765 2750
f 2766 2767 2768
f 2768 2769 2766
f 2766 2769 2770
f 2766 2770 2754
f 2754 2770 2771
f 2754 2771 2755
f 2772 2773 2774
f 2772 2774 2775
f 2775 2774 2776
f 2775 2776 2777
f 2776 2778 2777
f 2777 2778 2779
f 2777 2779 2780
f 2780 2779 2781
f 2780 2781 2782
f 2782 2781 2783
f 2782 2783 2767
f 2767 2783 2784
f 2767 2784 2768
f 2773 2772 2785
f 2785 2772 2786
f 2785 2786 2787
f 2787 2786 2788
f 2787 2788 2789
f 2790 2791 2788
f 2788 2791 2792
f 2788 2792 2789
f 2793 2794 2795
f 2795 2794 2796
f 2795 2796 2790
f 2790 2796 2797
f 2790 2797 2791
f 2798 2799 2800
f 2800 2799 2801
f 2800 2801 2793
f 2793 2801 2802
f 2793 2802 2794
f 2803 2804 2805
f 2805 2804 2806
f 2805 2806 2807
f 2806 2808 2807
f 2807 2808 2809
f 2807 2809 2810
f 2810 2809 2811
f 2810 2811 2798
f 2798 2811 2812
f 2798 2812 2799
f 2813 2814 2815
f 2815 2814 2816
f 2815 2816 2817
f 2817 2816 2818
f 2817 2818 2803
f 2803 2818 2819
f 2803 2819 2804
f 2820 2821 2822
f 2822 2823 2820
f 2820 2823 2824
f 2820 2824 2813
f 2813 2824 2814
f 2825 2826 2827
f 2827 2826 2828
f 2827 2828 2829
f 2829 2828 2830
f 2829 2830 2821
f 2821 2830 2831
f 2821 2831 2822
f 2832 2833 2834
f 2834 2833 2835
f 2834 2835 2836
f 2836 2835 2837
f 2836 2837 2825
f 2825 2837 2838
f 2825 2838 2826
f 2839 2840 2832
f 2832 2840 2841
f 2832 2841 2833
f 2842 2843 2844
f 2844 2843 2845
f 2844 2845 2839
f 2839 2845 2846
f 2839 2846 2840
f 1562 2847 1560
f 1560 2847 2848
f 1560 2848 2849
f 2849 2848 2850
f 2849 2850 2842
f 2842 2850 2851
f 2842 2851 2843
f 2852 2853 2854
f 2854 2853 2855
f 2854 2855 1561
f 1561 2855 2856
f 1561 2856 1562
f 2857 2858 2859
f 2859 2858 2860
f 2859 2860 2861
f 2861 2860 2862
f 2861 2862 2863
f 2863 2862 2864
f 2863 2864 2865
f 2865 2864 2866
f 2865 2866 2852
f 2852 2866 2867
f 2852 2867 2853
f 2868 2869 2870
f 2870 2869 2871
f 2870 2871 2857
f 2857 2871 2872
f 2857 2872 2858
f 2873 2874 2875
f 2875 2874 2876
f 2875 2876 2868
f 2868 2876 2877
f 2868 2877 2869
f 2878 2879 2880
f 2880 2879 2881
f 2880 2881 2873
f 2873 2881 2882
f 2873 2882 2874
f 2883 2884 2885
f 2885 2884 2886
f 2885 2886 2878
f 2878 2886 2887
f 2878 2887 2879
f 2888 2889 2883
f 2883 2889 2890
f 2883 2890 2884
f 2891 2892 2893
f 2893 2894 2891
f 2891 2894 2895
f 2891 2895 2896
f 2896 2895 2897
f 2896 2897 2888
f 2888 2897 2898
f 2888 2898 2889
f 2899 2900 2901
f 2901 2900 2902
f 2901 2902 2903
f 2902 2904 2903
f 2903 2904 2905
f 2903 2905 2906
f 2906 2905 2907
f 2906 2907 2908
f 2908 2907 2909
f 2908 2909 2892
f 2892 2909 2910
f 2892 2910 2893
f 2911 2912 2913
f 2913 2912 2914
f 2913 2914 2915
f 2914 2916 2915
f 2915 2916 2917
f 2915 2917 2899
f 2899 2917 2918
f 2899 2918 2900
f 2919 2920 2921
f 2921 2920 2922
f 2921 2922 2923
f 2923 2922 2924
f 2923 2924 2911
f 2911 2924 2925
f 2911 2925 2912
f 2926 2927 2919
f 2919 2927 2928
f 2919 2928 2920
f 2929 2930 2931
f 2931 2930 2932
f 2931 2932 2926
f 2926 2932 2933
f 2926 2933 2927
f 2934 2935 2936
f 2936 2935 2937
f 2936 2937 2929
f 2929 2937 2930
f 2938 2939 2940
f 2940 2941 2938
f 2938 2941 2942
f 2938 2942 2943
f 2943 2942 2944
f 2943 2944 2934
f 2934 2944 2945
f 2934 2945 2935
f 2946 2947 2948
f 2948 2947 2949
f 2948 2949 2939
f 2939 2949 2950
f 2939 2950 2940
f 2951 2952 2953
f 2953 2954 2951
f 2951 2954 2955
f 2951 2955 2946
f 2946 2955 2956
f 2946 2956 2947
f 2957 2958 2959
f 2959 2958 2960
f 2959 2960 2961
f 2960 2962 2961
f 2961 2962 2963
f 2961 2963 2964
f 2964 2963 2965
f 2964 2965 2966
f 2966 2965 2967
f 2966 2967 2952
f 2952 2967 2968
f 2952 2968 2953
f 2969 2970 2971
f 2971 2970 2972
f 2971 2972 2973
f 2973 2972 2974
f 2973 2974 2957
f 2957 2974 2975
f 2957 2975 2958
f 1559 2976 1557
f 1557 2976 2977
f 1557 2977 2969
f 2969 2977 2978
f 2969 2978 2970
f 2979 2980 2981
f 2981 2980 2982
f 2981 2982 2983
f 2983 2982 2984
f 2983 2984 2985
f 2985 2984 2986
f 2985 2986 1558
f 1558 2986 2987
f 1558 2987 1559
f 2988 2989 2990
f 2990 2991 2988
f 2988 2991 2992
f 2988 2992 2993
f 2993 2992 2994
f 2993 2994 2979
f 2979 2994 2995
f 2979 2995 2980
f 2996 2997 2998
f 2998 2997 2999
f 2998 2999 3000
f 3000 2999 3001
f 3000 3001 2989
f 2989 3001 3002
f 2989 3002 2990
f 3003 3004 3005
f 3005 3006 3003
f 3003 3006 3007
f 3003 3007 2996
f 2996 3007 3008
f 2996 3008 2997
f 3009 3010 3011
f 3011 3010 3012
f 3011 3012 3004
f 3004 3012 3013
f 3004 3013 3005
f 3014 3015 3016
f 3016 3015 3017
f 3016 3017 3018
f 3018 3017 3019
f 3018 3019 3009
f 3009 3019 3020
f 3009 3020 3010
f 3021 3022 3014
f 3014 3022 3023
f 3014 3023 3015
f 3024 3025 3026
f 3026 3025 3027
f 3026 3027 3028
f 3027 3029 3028
f 3028 3029 3030
f 3028 3030 3031
f 3031 3030 3032
f 3031 3032 3021
f 3021 3032 3033
f 3021 3033 3022
f 3034 3035 3036
f 3036 3035 3037
f 3036 3037 3024
f 3024 3037 3038
f 3024 3038 3025
f 3039 3040 3041
f 3041 3040 3042
f 3041 3042 3034
f 3034 3042 3043
f 3034 3043 3035
f 3044 3045 3046
f 3046 3045 3047
f 3046 3047 3048
f 3048 3047 3049
f 3048 3049 3039
f 3039 3049 3050
f 3039 3050 3040
f 3051 3052 3044
f 3044 3052 3053
f 3044 3053 3045
f 3054 3055 3056
f 3056 3055 3057
f 3056 3057 3051
f 3051 3057 3058
f 3051 3058 3052
f 3059 3060 3061
f 3061 3060 3062
f 3061 3062 3063
f 3062 3064 3063
f 3063 3064 3065
f 3063 3065 3066
f 3066 3065 3067
f 3066 3067 3054
f 3054 3067 3068
f 3054 3068 3055
f 3069 3070 3071
f 3071 3070 3072
f 3071 3072 3073
f 3073 3072 3074
f 3073 3074 3059
f 3059 3074 3075
f 3059 3075 3060
f 3076 3077 3069
f 3069 3077 3078
f 3069 3078 3070
f 3079 3080 3081
f 3081 3080 3082
f 3081 3082 3076
f 3076 3082 3083
f 3076 3083 3077
f 3084 3085 3086
f 3086 3085 3079
f 3079 3085 3087
f 3079 3087 3080
f 3088 3089 3090
f 3090 3089 3091
f 3090 3091 3092
f 3091 3093 3092
f 3092 3093 3094
f 3092 3094 3095
f 3095 3094 3096
f 3095 3096 3084
f 3084 3096 3097
f 3084 3097 3085
f 3098 3099 3100
f 3100 3101 3098
f 3098 3101 3102
f 3098 3102 3103
f 3103 3102 3104
f 3103 3104 3105
f 3105 3104 3106
f 3105 3106 3107
f 3107 3106 3108
f 3107 3108 3088
f 3088 3108 3109
f 3088 3109 3089
f 3110 3111 3112
f 3112 3111 3113
f 3112 3113 3099
f 3099 3113 3114
f 3099 3114 3100
f 3115 3116 3117
f 3117 3116 3118
f 3117 3118 3119
f 3119 3118 3120
f 3119 3120 3121
f 3121 3120 3122
f 3121 3122 3110
f 3110 3122 3123
f 3110 3123 3111
f 3124 3125 3115
f 3115 3125 3126
f 3115 3126 3116
f 3127 3128 3124
f 3124 3128 3129
f 3124 3129 3125
f 3130 3131 3132
f 3132 3131 3133
f 3132 3133 3127
f 3127 3133 3134
f 3127 3134 3128
f 3135 3136 3137
f 3137 3136 3138
f 3137 3138 3139
f 3138 3140 3139
f 3139 3140 3141
f 3139 3141 3142
f 3142 3141 3143
f 3142 3143 3130
f 3130 3143 3144
f 3130 3144 3131
f 3145 3146 3147
f 3147 3146 3148
f 3147 3148 3149
f 3149 3148 3150
f 3149 3150 3135
f 3135 3150 3151
f 3135 3151 3136
f 3152 3153 3154
f 3154 3155 3152
f 3152 3155 3156
f 3152 3156 3145
f 3145 3156 3157
f 3145 3157 3146
f 3158 3159 3160
f 3160 3159 3161
f 3160 3161 3162
f 3162 3161 3163
f 3162 3163 3153
f 3153 3163 3164
f 3153 3164 3154
f 3165 3166 3167
f 3167 3166 3168
f 3167 3168 3169
f 3169 3168 3170
f 3169 3170 3171
f 3171 3170 3172
f 3171 3172 3158
f 3158 3172 3173
f 3158 3173 3159
f 3174 3175 3176
f 3176 3175 3177
f 3176 3177 3165
f 3165 3177 3178
f 3165 3178 3166
f 1556 3179 1554
f 1554 3179 3180
f 1554 3180 3181
f 3181 3180 3182
f 3181 3182 3174
f 3174 3182 3183
f 3174 3183 3175
f 3184 3185 3186
f 3186 3185 3187
f 3186 3187 3188
f 3187 3189 3188
f 3188 3189 3190
f 3188 3190 3191
f 3191 3190 3192
f 3191 3192 3193
f 3193 3192 3194
f 3193 3194 1555
f 1555 3194 1556
f 3195 3196 3197
f 3195 3197 3198
f 3197 3199 3198
f 3198 3199 3200
f 3198 3200 3184
f 3184 3200 3201
f 3184 3201 3185
f 3196 3195 3202
f 3202 3195 3203
f 3202 3203 3204
f 3204 3203 3205
f 3204 3205 3206
f 3206 3205 3207
f 3206 3207 3208
f 3208 3207 3209
f 3208 3209 3210
f 3210 3209 3211
f 3211 3209 3212
f 3211 3212 3213
f 3213 3212 3214
f 3214 3212 3215
f 3214 3215 3216
f 3216 3215 3217
f 3216 3217 3218
f 3218 3217 3219
f 3219 3217 3220
f 3219 3220 3221
f 3221 3220 3222
f 3221 3222 3223
f 3223 3222 3224
f 3224 3222 3225
f 3224 3225 3226
f 3226 3225 3227
f 3226 3227 3228
f 3228 3227 3229
f 3229 3227 3230
f 3229 3230 3231
f 3231 3230 3232
f 3232 3230 3233
f 3232 3233 3234
f 3234 3233 3235
f 3234 3235 3236
f 3236 3235 3237
f 3236 3237 3238
f 3238 3237 3239
f 3238 3239 3240
f 3240 3239 3241
f 3240 3241 3242
f 3242 3241 3243
f 3243 3241 3244
f 3243 3244 3245
f 3245 3244 3246
f 3245 3246 948
f 948 3246 3247
f 948 3247 946
f 958 3248 965
f 965 3248 3249
f 965 3249 1553
f 3250 3251 956
f 956 3251 3252
f 956 3252 958
f 958 3252 3253
f 958 3253 3248
f 3250 956 3254
f 3254 956 951
f 3254 951 3255
f 3255 951 3256
f 3256 951 943
f 3256 943 3257
f 946 3247 943
f 943 3247 3258
f 943 3258 3257
f 3259 1329 1290
f 1292 3260 1290
f 1290 3260 3261
f 1290 3261 3259
f 1294 3262 1292
f 1292 3262 3263
f 1292 3263 3260
f 1296 3264 1294
f 1294 3264 3265
f 1294 3265 3262
f 1298 3266 1296
f 1296 3266 3267
f 1296 3267 3264
f 1300 3268 1298
f 1298 3268 3269
f 1298 3269 3266
f 1284 3270 1300
f 1300 3270 3271
f 1300 3271 3268
f 3272 1284 1280
f 1273 3273 1280
f 1280 3273 3274
f 1280 3274 3272
f 1267 3275 1273
f 1273 3275 3276
f 1273 3276 3273
f 1265 3277 1267
f 1267 3277 3278
f 1267 3278 3275
f 1278 3279 1265
f 1265 3279 3280
f 1265 3280 3277
f 1289 3281 1278
f 1278 3281 3282
f 1278 3282 3279
f 1317 3283 1289
f 1289 3283 3284
f 1289 3284 3281
f 3285 1317 1315
f 1311 3286 1315
f 1315 3286 3287
f 1315 3287 3285
f 1306 3288 1311
f 1311 3288 3289
f 1311 3289 3286
f 1304 3290 1306
f 1306 3290 3291
f 1306 3291 3288
f 1270 3292 1304
f 1304 3292 3293
f 1304 3293 3290
f 1367 3294 1270
f 1270 3294 3295
f 1270 3295 3292
f 1369 3296 1367
f 1367 3296 3297
f 1367 3297 3294
f 3298 1369 1371
f 1373 3299 1371
f 1371 3299 3300
f 1371 3300 3298
f 1375 3301 1373
f 1373 3301 3302
f 1373 3302 3299
f 1348 3303 1375
f 1375 3303 3304
f 1375 3304 3301
f 1350 3305 1348
f 1348 3305 3306
f 1348 3306 3303
f 1352 3307 1350
f 1350 3307 3308
f 1350 3308 3305
f 1354 3309 1352
f 1352 3309 3310
f 1352 3310 3307
f 3311 1354 1356
f 1358 3312 1356
f 1356 3312 3313
f 1356 3313 3311
f 1332 3314 1358
f 1358 3314 3315
f 1358 3315 3312
f 1334 3316 1332
f 1332 3316 3317
f 1332 3317 3314
f 1336 3318 1334
f 1334 3318 3319
f 1334 3319 3316
f 1338 3320 1336
f 1336 3320 3321
f 1336 3321 3318
f 1340 3322 1338
f 1338 3322 3323
f 1338 3323 3320
f 3324 1340 1342
f 1319 3325 1342
f 1342 3325 3326
f 1342 3326 3324
f 1321 3327 1319
f 1319 3327 3328
f 1319 3328 3325
f 1323 3329 1321
f 1321 3329 3330
f 1321 3330 3327
f 1325 3331 1323
f 1323 3331 3332
f 1323 3332 3329
f 1327 3333 1325
f 1325 3333 3334
f 1325 3334 3331
f 1329 3335 1327
f 1327 3335 3336
f 1327 3336 3333
f 3337 3338 3339
f 3339 3338 3340
f 3339 3340 3341
f 3341 3340 3342
f 3260 3263 3339
f 3263 3262 3339
f 3339 3262 3265
f 3339 3265 3337
f 3337 3265 3264
f 3337 3264 3267
f 1329 3259 3339
f 3339 3259 3261
f 3339 3261 3260
f 3267 3266 3337
f 3337 3266 3269
f 3337 3269 3268
f 3268 3271 3337
f 3337 3271 3270
f 3337 3270 1284
f 3273 3276 3337
f 3276 3275 3337
f 3337 3275 3278
f 3337 3278 3338
f 3338 3278 3277
f 3338 3277 3280
f 1284 3272 3337
f 3337 3272 3274
f 3337 3274 3273
f 3280 3279 3338
f 3338 3279 3282
f 3338 3282 3281
f 3281 3284 3338
f 3338 3284 3283
f 3338 3283 1317
f 3286 3289 3338
f 3289 3288 3338
f 3338 3288 3291
f 3338 3291 3340
f 3340 3291 3290
f 3340 3290 3293
f 1317 3285 3338
f 3338 3285 3287
f 3338 3287 3286
f 3293 3292 3340
f 3340 3292 3295
f 3340 3295 3294
f 3294 3297 3340
f 3340 3297 3296
f 3340 3296 1369
f 3299 3302 3340
f 3302 3301 3340
f 3340 3301 3304
f 3340 3304 3342
f 3342 3304 3303
f 3342 3303 3306
f 1369 3298 3340
f 3340 3298 3300
f 3340 3300 3299
f 3306 3305 3342
f 3342 3305 3308
f 3342 3308 3307
f 3307 3310 3342
f 3342 3310 3309
f 3342 3309 1354
f 3319 3341 3316
f 3316 3341 3342
f 3316 3342 3317
f 3319 3318 3341
f 3341 3318 3321
f 3341 3321 3320
f 3312 3315 3342
f 3342 3315 3314
f 3342 3314 3317
f 3320 3323 3341
f 3341 3323 3322
f 3341 3322 1340
f 1354 3311 3342
f 3342 3311 3313
f 3342 3313 3312
f 3325 3328 3341
f 3328 3327 3341
f 3341 3327 3330
f 3341 3330 3339
f 3339 3330 3329
f 3339 3329 3332
f 1340 3324 3341
f 3341 3324 3326
f 3341 3326 3325
f 3332 3331 3339
f 3339 3331 3334
f 3339 3334 3333
f 3333 3336 3339
f 3339 3336 3335
f 3339 3335 1329
f 3343 3344 3345
f 3346 3347 3348
f 3349 1309 1314
f 3350 1035 3351
f 3351 1035 1039
f 3351 1039 3352
f 3352 1039 1038
f 3352 1038 3353
f 3353 1038 1042
f 3353 1042 3354
f 3354 1042 1041
f 3354 1041 3355
f 3350 3356 1035
f 1035 3356 3357
f 1035 3357 1036
f 1036 3357 3358
f 1036 3358 1033
f 3358 3359 1033
f 1033 3359 3360
f 1033 3360 1031
f 1031 3360 3361
f 1031 3361 1030
f 1030 3361 3362
f 3362 3363 1030
f 1030 3363 3364
f 1030 3364 1028
f 1028 3364 3365
f 1028 3365 1026
f 1026 3365 1024
f 3366 3367 1346
f 1346 3367 1347
f 1347 3367 3368
f 1347 3368 1318
f 1318 3368 3369
f 1318 3369 1316
f 1316 3369 3370
f 1316 3370 1314
f 1314 3370 3371
f 1314 3371 3349
f 3366 1346 3372
f 3372 1346 1345
f 3372 1345 3373
f 3373 1345 1288
f 3373 1288 3374
f 3374 1288 1287
f 3374 1287 3375
f 3375 1287 1277
f 3375 1277 3376
f 3376 1277 1276
f 3376 1276 3377
f 3377 1276 1264
f 3377 1264 3378
f 3378 1264 1266
f 3378 1266 3379
f 3379 1266 3380
f 3379 3380 3381
f 3381 3380 3382
f 3381 3382 3383
f 3383 3382 3384
f 3384 3382 3385
f 3384 3385 3386
f 3385 3387 3386
f 3386 3387 3388
f 3386 3388 3389
f 3389 3388 3390
f 3389 3390 3391
f 3391 3390 3392
f 3391 3392 3393
f 3392 3394 3393
f 3393 3394 3395
f 3393 3395 3396
f 3395 3397 3396
f 3396 3397 3398
f 3396 3398 3399
f 3399 3398 3400
f 3399 3400 3401
f 3401 3400 3402
f 3401 3402 3403
f 3403 3402 3404
f 3403 3404 3405
f 3405 3404 3406
f 3405 3406 3407
f 3407 3406 3408
f 3407 3408 3409
f 3409 3408 3410
f 3409 3410 3411
f 3410 3412 3411
f 3411 3412 3413
f 3411 3413 3414
f 3414 3413 3415
f 3414 3415 3416
f 3416 3415 3417
f 3416 3417 3418
f 3418 3417 3419
f 3418 3419 3420
f 3419 3421 3420
f 3420 3421 3422
f 3420 3422 3423
f 3423 3422 3424
f 3423 3424 3425
f 3425 3424 3426
f 3425 3426 3427
f 3426 3428 3427
f 3427 3428 3429
f 3427 3429 3430
f 3429 3431 3430
f 3430 3431 3432
f 3430 3432 3433
f 3433 3432 3434
f 3434 3432 3435
f 3434 3435 3436
f 3436 3435 3437
f 3436 3437 3438
f 3438 3437 3439
f 3439 3437 3440
f 3439 3440 3441
f 3440 3442 3441
f 3441 3442 3443
f 3441 3443 3444
f 3443 3445 3444
f 3444 3445 3446
f 3444 3446 3447
f 3447 3446 3448
f 3447 3448 3449
f 3449 3448 3450
f 3449 3450 3451
f 3451 3450 3452
f 3451 3452 3453
f 3453 3452 3454
f 3453 3454 3455
f 3454 3456 3455
f 3455 3456 3457
f 3455 3457 3458
f 3458 3457 3459
f 3458 3459 3460
f 3460 3459 3461
f 3460 3461 3462
f 3461 3463 3462
f 3462 3463 3464
f 3462 3464 3465
f 3465 3464 3466
f 3465 3466 3467
f 3467 3466 3468
f 3469 3470 3471
f 3471 3470 3472
f 3471 3472 3473
f 3473 3472 3474
f 3473 3474 3475
f 3475 3474 3476
f 3475 3476 3477
f 3477 3476 3467
f 3477 3467 3478
f 3478 3467 3468
f 3479 3480 3469
f 3469 3480 3481
f 3469 3481 3470
f 3479 3482 3480
f 3480 3482 3483
f 3480 3483 3484
f 3483 3485 3484
f 3484 3485 3486
f 3484 3486 3487
f 3487 3486 3488
f 3487 3488 3489
f 3489 3488 3490
f 3489 3490 3491
f 3490 3492 3491
f 3491 3492 3493
f 3491 3493 3494
f 3494 3493 3495
f 3494 3495 3496
f 3496 3495 3497
f 3497 3498 3496
f 3496 3498 3499
f 3496 3499 3500
f 3500 3499 3501
f 3500 3501 3502
f 3502 3501 3503
f 3502 3503 3504
f 3504 3503 3505
f 3504 3505 3506
f 3507 3508 3509
f 3505 3510 3506
f 3506 3510 3511
f 3506 3511 3512
f 3512 3511 3513
f 3512 3513 3514
f 3514 3513 3515
f 3514 3515 3516
f 3516 3515 3517
f 3516 3517 3508
f 3508 3517 3518
f 3508 3518 3509
f 3509 3519 3507
f 3507 3519 3520
f 3507 3520 3521
f 3521 3520 3522
f 3521 3522 3523
f 3524 3525 3526
f 3526 3525 3527
f 3522 3528 3523
f 3523 3528 3529
f 3523 3529 3530
f 3530 3529 3531
f 3530 3531 3532
f 3532 3531 3533
f 3532 3533 3534
f 3534 3533 3535
f 3534 3535 3527
f 3527 3535 3536
f 3527 3536 3526
f 3524 3537 3525
f 3525 3537 3538
f 3525 3538 3539
f 3539 3538 3540
f 3539 3540 3541
f 3541 3540 3542
f 3541 3542 3543
f 3543 3542 3544
f 3543 3544 3545
f 3544 3546 3545
f 3545 3546 3547
f 3547 3546 3548
f 3547 3548 3549
f 3549 3548 3550
f 3549 3550 3551
f 3551 3550 3552
f 3551 3552 3553
f 3553 3552 3554
f 3552 3555 3554
f 3554 3555 3556
f 3554 3556 3557
f 3558 3559 3560
f 3556 3561 3557
f 3557 3561 3562
f 3557 3562 3563
f 3563 3562 3564
f 3563 3564 3565
f 3565 3564 3566
f 3565 3566 3567
f 3567 3566 3568
f 3567 3568 3559
f 3559 3568 3569
f 3559 3569 3560
f 3560 3570 3558
f 3558 3570 3571
f 3558 3571 3572
f 3572 3571 3573
f 3572 3573 3574
f 3574 3573 3575
f 3574 3575 3576
f 3576 3575 3577
f 3576 3577 3578
f 3578 3577 3579
f 3578 3579 3580
f 3579 3581 3580
f 3580 3581 3582
f 3580 3582 3583
f 3583 3582 3584
f 3583 3584 3585
f 3584 3586 3585
f 3585 3586 3587
f 3585 3587 3588
f 3588 3587 3589
f 3588 3589 3590
f 3590 3589 3591
f 3590 3591 3592
f 3591 3593 3592
f 3592 3593 3594
f 3592 3594 3595
f 3595 3594 3596
f 3595 3596 3597
f 3596 3598 3597
f 3597 3598 3599
f 3597 3599 3600
f 3600 3599 3601
f 3600 3601 3602
f 3601 3603 3602
f 3602 3603 3604
f 3602 3604 3605
f 3605 3604 3606
f 3605 3606 3607
f 3606 3608 3607
f 3607 3608 3609
f 3607 3609 3610
f 3609 3611 3610
f 3610 3611 3612
f 3610 3612 3613
f 3613 3612 3614
f 3613 3614 3615
f 3615 3614 3616
f 3615 3616 3617
f 3616 3618 3617
f 3617 3618 3619
f 3617 3619 3620
f 3619 3621 3620
f 3620 3621 3622
f 3620 3622 3623
f 3623 3622 3624
f 3623 3624 3625
f 3625 3624 3626
f 3625 3626 3627
f 3627 3626 3628
f 3627 3628 3629
f 3628 3630 3629
f 3629 3630 3631
f 3629 3631 3632
f 3632 3631 3633
f 3633 3634 3632
f 3632 3634 3635
f 3632 3635 3636
f 3636 3635 3637
f 3636 3637 3638
f 3638 3637 3639
f 3639 3637 3640
f 3639 3640 3641
f 3640 3642 3641
f 3641 3642 3643
f 3641 3643 3644
f 3643 3645 3644
f 3644 3645 3646
f 3644 3646 3647
f 3646 3648 3647
f 3647 3648 3649
f 3647 3649 3650
f 3650 3649 3651
f 3650 3651 3652
f 3652 3651 3653
f 3652 3653 3654
f 3653 3655 3654
f 3654 3655 3656
f 3654 3656 3657
f 3657 3656 3658
f 3657 3658 3659
f 3659 3658 3660
f 3659 3660 3661
f 3661 3660 3662
f 3661 3662 3663
f 3664 3665 3666
f 3663 3662 3666
f 3666 3662 3667
f 3666 3667 3664
f 3665 3664 3668
f 3668 3664 3669
f 3668 3669 3670
f 3670 3669 3671
f 3671 3669 3672
f 3671 3672 3673
f 3672 3674 3673
f 3673 3674 3675
f 3673 3675 3676
f 3676 3675 3677
f 3676 3677 3678
f 3679 3680 3681
f 3677 3682 3678
f 3678 3682 3679
f 3678 3679 3683
f 3683 3679 3681
f 3680 3684 3681
f 3681 3684 3685
f 3681 3685 3686
f 3687 3688 3689
f 3689 3688 3690
f 3689 3690 3691
f 3685 3692 3686
f 3686 3692 3693
f 3686 3693 3694
f 3694 3693 3695
f 3694 3695 3696
f 3696 3695 3697
f 3696 3697 3698
f 3698 3697 3699
f 3698 3699 3687
f 3687 3699 3700
f 3687 3700 3688
f 3690 3701 3691
f 3691 3701 3702
f 3691 3702 3703
f 3703 3702 3704
f 3703 3704 3705
f 3705 3704 3706
f 3705 3706 3707
f 3706 3708 3707
f 3707 3708 3709
f 3707 3709 3710
f 3710 3709 3711
f 3710 3711 3712
f 3712 3711 3713
f 3712 3713 3714
f 3714 3713 3715
f 3714 3715 3716
f 3716 3715 3717
f 3716 3717 3718
f 3717 3719 3718
f 3718 3719 3720
f 3720 3719 3721
f 3720 3721 3722
f 3721 3723 3722
f 3722 3723 3724
f 3722 3724 3725
f 3725 3724 3726
f 3725 3726 3727
f 3726 3728 3727
f 3727 3728 3729
f 3727 3729 3730
f 3729 3731 3730
f 3730 3731 3732
f 3730 3732 3733
f 3733 3732 3734
f 3733 3734 3735
f 3735 3734 3736
f 3735 3736 3737
f 3736 3738 3737
f 3737 3738 3739
f 3737 3739 3740
f 3739 3741 3740
f 3740 3741 3742
f 3740 3742 3743
f 3743 3742 3744
f 3743 3744 3745
f 3745 3744 3746
f 3745 3746 3747
f 3746 3748 3747
f 3747 3748 3749
f 3747 3749 3750
f 3750 3749 3751
f 3750 3751 3752
f 3751 3753 3752
f 3752 3753 3754
f 3752 3754 3755
f 3755 3754 3756
f 3754 3757 3756
f 3756 3757 3758
f 3756 3758 3759
f 3759 3758 3760
f 3759 3760 3761
f 3760 3762 3761
f 3761 3762 3763
f 3761 3763 3764
f 3764 3763 3765
f 3764 3765 3766
f 3766 3765 3767
f 3766 3767 3768
f 3768 3767 3769
f 3768 3769 3770
f 3770 3769 3771
f 3770 3771 3772
f 3771 3773 3772
f 3772 3773 3774
f 3772 3774 3775
f 3774 3776 3775
f 3775 3776 3777
f 3775 3777 3778
f 3778 3777 3779
f 3778 3779 3780
f 3780 3779 3781
f 3780 3781 3782
f 3783 3784 3785
f 3785 3784 3786
f 3785 3786 3787
f 3781 3788 3782
f 3782 3788 3789
f 3782 3789 3783
f 3783 3789 3790
f 3783 3790 3784
f 3791 3792 3793
f 3787 3786 3793
f 3793 3786 3794
f 3793 3794 3791
f 3791 3795 3792
f 3792 3795 3796
f 3792 3796 3797
f 3797 3796 3798
f 3797 3798 3799
f 3799 3798 3800
f 3799 3800 3801
f 3801 3800 3802
f 3801 3802 3803
f 3803 3802 3804
f 3803 3804 3805
f 3805 3804 3806
f 3805 3806 3807
f 3806 3808 3807
f 3807 3808 3809
f 3807 3809 3810
f 3810 3809 3811
f 3810 3811 3812
f 3811 3813 3812
f 3812 3813 3814
f 3812 3814 3815
f 3815 3814 3816
f 3815 3816 3817
f 3816 3818 3817
f 3817 3818 3819
f 3817 3819 3820
f 3819 3821 3820
f 3820 3821 3822
f 3820 3822 3823
f 3823 3822 3824
f 3823 3824 3825
f 3825 3824 3826
f 3825 3826 3827
f 3826 3828 3827
f 3827 3828 3829
f 3827 3829 3830
f 3829 3831 3830
f 3830 3831 3832
f 3830 3832 3833
f 3833 3832 3834
f 3833 3834 3835
f 3835 3834 3836
f 3835 3836 3837
f 3836 3838 3837
f 3837 3838 3839
f 3837 3839 3840
f 3840 3839 3841
f 3840 3841 3842
f 3842 3841 3843
f 3843 3844 3842
f 3842 3844 3845
f 3842 3845 3846
f 3846 3845 3847
f 3846 3847 3848
f 3848 3847 3849
f 3849 3847 3850
f 3849 3850 3851
f 3851 3850 3852
f 3851 3852 3853
f 3853 3852 3854
f 3853 3854 3855
f 3854 3856 3855
f 3855 3856 3857
f 3855 3857 3858
f 3858 3857 3859
f 3858 3859 3860
f 3860 3859 3861
f 3859 3862 3861
f 3861 3862 3863
f 3861 3863 3864
f 3863 3865 3864
f 3864 3865 3866
f 3864 3866 3867
f 3867 3866 3868
f 3867 3868 3869
f 3869 3868 3870
f 3869 3870 3871
f 3871 3870 3872
f 3871 3872 3873
f 3872 3874 3873
f 3873 3874 3875
f 3873 3875 3876
f 3876 3875 3877
f 3876 3877 3878
f 3878 3877 3879
f 3878 3879 3880
f 3880 3879 3881
f 3880 3881 3882
f 3882 3881 3883
f 3882 3883 3884
f 3884 3883 3885
f 3884 3885 3886
f 3886 3885 3887
f 3887 3885 3888
f 3887 3888 3889
f 3888 3890 3889
f 3889 3890 3891
f 3891 3890 3892
f 3891 3892 3893
f 3892 3894 3893
f 3893 3894 3895
f 3893 3895 3896
f 3896 3895 3897
f 3896 3897 3898
f 3898 3897 3899
f 3897 3900 3899
f 3899 3900 3901
f 3899 3901 3902
f 3902 3901 3903
f 3902 3903 3904
f 3903 3905 3904
f 3904 3905 3906
f 3904 3906 3907
f 3907 3906 3908
f 3907 3908 3909
f 3909 3908 3910
f 3909 3910 3911
f 3910 3912 3911
f 3911 3912 3913
f 3911 3913 3914
f 3914 3913 3915
f 3914 3915 3916
f 3916 3915 3917
f 3916 3917 3918
f 3918 3917 3919
f 3918 3919 3920
f 3919 3921 3920
f 3920 3921 3922
f 3920 3922 3923
f 3922 3924 3923
f 3923 3924 3925
f 3923 3925 3926
f 3926 3925 3927
f 3926 3927 3928
f 3928 3927 3929
f 3928 3929 3930
f 3930 3929 3931
f 3929 3932 3931
f 3931 3932 3933
f 3931 3933 3934
f 3934 3933 3935
f 3934 3935 3936
f 3935 3937 3936
f 3936 3937 3938
f 3936 3938 3939
f 3939 3938 3940
f 3939 3940 3941
f 3940 3942 3941
f 3941 3942 3943
f 3941 3943 3944
f 3944 3943 3945
f 3944 3945 3946
f 3945 3947 3946
f 3946 3947 3948
f 3946 3948 3949
f 3949 3948 3950
f 3949 3950 3951
f 3950 3952 3951
f 3951 3952 3953
f 3951 3953 3954
f 3953 3955 3954
f 3954 3955 3956
f 3954 3956 3957
f 3957 3956 3958
f 3958 3956 3959
f 3958 3959 3960
f 3960 3959 3961
f 3960 3961 3962
f 3962 3961 3963
f 3962 3963 3964
f 3963 3965 3964
f 3964 3965 3966
f 3964 3966 3967
f 3966 3968 3967
f 3967 3968 3969
f 3967 3969 3970
f 3970 3969 3971
f 3970 3971 3972
f 3972 3971 3973
f 3972 3973 3974
f 3973 3975 3974
f 3974 3975 3976
f 3974 3976 3977
f 3977 3976 3978
f 3977 3978 3979
f 3979 3978 3980
f 3979 3980 3981
f 3981 3980 3982
f 3981 3982 3983
f 3983 3982 3984
f 3983 3984 3985
f 3984 3986 3985
f 3985 3986 3987
f 3985 3987 3988
f 3988 3987 3989
f 3988 3989 3990
f 3991 3992 3993
f 3989 3994 3990
f 3990 3994 3995
f 3990 3995 3996
f 3996 3995 3997
f 3996 3997 3998
f 3998 3997 3999
f 3998 3999 4000
f 4000 3999 4001
f 4000 4001 3993
f 3993 4001 4002
f 3993 4002 3991
f 3991 4003 3992
f 3992 4003 4004
f 3992 4004 4005
f 4005 4004 4006
f 4005 4006 4007
f 4006 4008 4007
f 4007 4008 4009
f 4007 4009 4010
f 4010 4009 4011
f 4010 4011 4012
f 4011 4013 4012
f 4012 4013 4014
f 4012 4014 4015
f 4015 4014 4016
f 4015 4016 4017
f 4017 4016 4018
f 4017 4018 4019
f 4018 4020 4019
f 4019 4020 4021
f 4019 4021 4022
f 4022 4021 4023
f 4022 4023 4024
f 4023 4025 4024
f 4024 4025 4026
f 4024 4026 4027
f 4027 4026 4028
f 4027 4028 4029
f 4029 4028 4030
f 4029 4030 4031
f 4031 4030 4032
f 4032 4030 4033
f 4032 4033 4034
f 4033 4035 4034
f 4034 4035 4036
f 4036 4035 4037
f 4036 4037 4038
f 4037 4039 4038
f 4038 4039 4040
f 4038 4040 4041
f 4041 4040 4042
f 4041 4042 4043
f 4042 4044 4043
f 4043 4044 4045
f 4043 4045 4046
f 4047 4048 4049
f 4045 4050 4046
f 4046 4050 4051
f 4046 4051 4052
f 4052 4051 4053
f 4052 4053 4054
f 4054 4053 4055
f 4054 4055 4056
f 4056 4055 4057
f 4056 4057 4048
f 4048 4057 4058
f 4048 4058 4049
f 4049 4059 4047
f 4047 4059 4060
f 4047 4060 4061
f 4061 4060 4062
f 4061 4062 4063
f 4062 4064 4063
f 4063 4064 4065
f 4063 4065 4066
f 4066 4065 4067
f 4066 4067 4068
f 4067 4069 4068
f 4068 4069 4070
f 4068 4070 4071
f 4071 4070 4072
f 4070 4073 4072
f 4072 4073 4074
f 4072 4074 4075
f 4074 4076 4075
f 4075 4076 4077
f 4075 4077 4078
f 4078 4077 4079
f 4078 4079 4080
f 4080 4079 4081
f 4080 4081 4082
f 4082 4081 4083
f 4082 4083 4084
f 4083 4085 4084
f 4084 4085 4086
f 4084 4086 4087
f 4086 4088 4087
f 4087 4088 4089
f 4087 4089 4090
f 4090 4089 4091
f 4090 4091 4092
f 4092 4091 4093
f 4092 4093 4094
f 4094 4093 4095
f 4094 4095 4096
f 4096 4095 4097
f 4096 4097 4098
f 4097 4099 4098
f 4098 4099 4100
f 4098 4100 4101
f 4101 4100 4102
f 4101 4102 4103
f 4103 4102 4104
f 4103 4104 4105
f 4105 4104 4106
f 4105 4106 4107
f 4107 4106 4108
f 4106 4109 4108
f 4108 4109 4110
f 4108 4110 4111
f 4111 4110 4112
f 4111 4112 4113
f 4114 4115 4116
f 4112 4117 4113
f 4113 4117 4114
f 4113 4114 4118
f 4118 4114 4116
f 4115 4119 4116
f 4116 4119 4120
f 4116 4120 4121
f 4122 4123 4124
f 4124 4123 4125
f 4120 4126 4121
f 4121 4126 4127
f 4121 4127 4128
f 4128 4127 4129
f 4128 4129 4130
f 4130 4129 4131
f 4130 4131 4132
f 4132 4131 4133
f 4132 4133 4125
f 4125 4133 4134
f 4125 4134 4124
f 4122 4135 4123
f 4123 4135 4136
f 4123 4136 4137
f 4137 4136 4138
f 4137 4138 4139
f 4139 4138 4140
f 4139 4140 4141
f 4140 4142 4141
f 4141 4142 4143
f 4141 4143 4144
f 4144 4143 4145
f 4144 4145 4146
f 4146 4145 4147
f 4146 4147 4148
f 4147 4149 4148
f 4148 4149 4150
f 4148 4150 4151
f 4151 4150 4152
f 4151 4152 4153
f 4152 4154 4153
f 4153 4154 4155
f 4153 4155 4156
f 4156 4155 4157
f 4156 4157 4158
f 4158 4157 4159
f 4158 4159 4160
f 4160 4159 4161
f 4160 4161 4162
f 4161 4163 4162
f 4162 4163 4164
f 4164 4163 4165
f 4164 4165 4166
f 4166 4165 4167
f 4166 4167 4168
f 4168 4167 4169
f 4168 4169 4170
f 4170 4169 4171
f 4170 4171 4172
f 4171 4173 4172
f 4172 4173 4174
f 4172 4174 4175
f 4176 4177 4178
f 4174 4179 4175
f 4175 4179 4180
f 4175 4180 4181
f 4181 4180 4182
f 4181 4182 4183
f 4183 4182 4184
f 4183 4184 4185
f 4185 4184 4186
f 4185 4186 4187
f 4187 4186 4188
f 4187 4188 4178
f 4178 4188 4189
f 4178 4189 4176
f 4176 4190 4177
f 4177 4190 4191
f 4177 4191 4192
f 4191 4193 4192
f 4192 4193 4194
f 4192 4194 4195
f 4195 4194 4196
f 4195 4196 4197
f 4197 4196 4198
f 4197 4198 4199
f 4199 4198 4200
f 4199 4200 4201
f 4201 4200 4202
f 4201 4202 4203
f 4203 4202 4204
f 4203 4204 4205
f 4204 4206 4205
f 4205 4206 4207
f 4207 4206 4208
f 4207 4208 4209
f 4209 4208 4210
f 4209 4210 4211
f 4211 4210 4212
f 4211 4212 4213
f 4212 4214 4213
f 4213 4214 4215
f 4213 4215 4216
f 4217 4218 4219
f 4215 4220 4216
f 4216 4220 4221
f 4216 4221 4222
f 4222 4221 4223
f 4222 4223 4224
f 4224 4223 4225
f 4224 4225 4226
f 4226 4225 4227
f 4226 4227 4218
f 4218 4227 4228
f 4218 4228 4219
f 4219 4229 4217
f 4217 4229 4230
f 4217 4230 4231
f 4231 4230 4232
f 4231 4232 4233
f 4233 4232 4234
f 4233 4234 4235
f 4235 4234 4236
f 4235 4236 4237
f 4236 4238 4237
f 4237 4238 4239
f 4237 4239 4240
f 4240 4239 4241
f 4240 4241 4242
f 4241 4243 4242
f 4242 4243 4244
f 4242 4244 4245
f 4245 4244 4246
f 4246 4244 4247
f 4246 4247 4248
f 4247 4249 4248
f 4248 4249 4250
f 4248 4250 4251
f 4250 4252 4251
f 4251 4252 4253
f 4251 4253 4254
f 4254 4253 4255
f 4254 4255 4256
f 4256 4255 4257
f 4256 4257 4258
f 4257 4259 4258
f 4258 4259 4260
f 4258 4260 4261
f 4260 4262 4261
f 4261 4262 4263
f 4261 4263 4264
f 4264 4263 4265
f 4264 4265 4266
f 4266 4265 4267
f 4266 4267 4268
f 4267 4269 4268
f 4268 4269 4270
f 4268 4270 4271
f 4270 4272 4271
f 4271 4272 4273
f 4271 4273 4274
f 4274 4273 4275
f 4274 4275 4276
f 4276 4275 4277
f 4276 4277 4278
f 4278 4277 4279
f 4278 4279 4280
f 4280 4279 4281
f 4280 4281 4282
f 4282 4281 4283
f 4282 4283 4284
f 4284 4283 4285
f 4284 4285 4286
f 4286 4285 4287
f 4286 4287 4288
f 4287 4289 4288
f 4288 4289 4290
f 4288 4290 4291
f 4291 4290 4292
f 4291 4292 4293
f 4292 4294 4293
f 4293 4294 4295
f 4293 4295 4296
f 4296 4295 4297
f 4296 4297 4298
f 4298 4297 4299
f 4298 4299 4300
f 4300 4299 4301
f 4300 4301 4302
f 4302 4301 4303
f 4302 4303 4304
f 4303 4305 4304
f 4304 4305 4306
f 4304 4306 4307
f 4306 4308 4307
f 4307 4308 4309
f 4307 4309 4310
f 4310 4309 4311
f 4310 4311 4312
f 4312 4311 4313
f 4312 4313 4314
f 4314 4313 4315
f 4314 4315 4316
f 4316 4315 4317
f 4316 4317 4318
f 4317 4319 4318
f 4318 4319 4320
f 4318 4320 4321
f 4321 4320 4322
f 4321 4322 4323
f 4323 4322 4324
f 4323 4324 4325
f 4325 4324 4326
f 4325 4326 4327
f 4327 4326 4328
f 4327 4328 4329
f 4329 4328 4330
f 4329 4330 4331
f 4330 4332 4331
f 4331 4332 4333
f 4331 4333 4334
f 4334 4333 4335
f 4334 4335 4336
f 4336 4335 4337
f 4336 4337 4338
f 4338 4337 4339
f 4338 4339 4340
f 4339 4341 4340
f 4340 4341 4342
f 4340 4342 4343
f 4343 4342 4344
f 4343 4344 4345
f 4344 4346 4345
f 4345 4346 4347
f 4345 4347 4348
f 4348 4347 4349
f 4348 4349 4350
f 4350 4349 4351
f 4350 4351 4352
f 4352 4351 4353
f 4352 4353 4354
f 4354 4353 4355
f 4354 4355 4356
f 4356 4355 4357
f 4356 4357 4358
f 4358 4357 4359
f 4358 4359 4360
f 4360 4359 4361
f 4360 4361 4362
f 4361 4363 4362
f 4362 4363 4364
f 4362 4364 4365
f 4365 4364 4366
f 4365 4366 4367
f 4367 4366 4368
f 4367 4368 4369
f 4369 4368 4370
f 4369 4370 4371
f 4370 4372 4371
f 4371 4372 4373
f 4371 4373 4374
f 4374 4373 4375
f 4374 4375 4376
f 4377 4378 4379
f 4379 4378 4380
f 4379 4380 4381
f 4381 4380 4376
f 4381 4376 4382
f 4382 4376 4375
f 3348 3347 4383
f 4383 3347 4384
f 4383 4384 4385
f 4385 4384 4386
f 4385 4386 4387
f 4387 4386 4388
f 4387 4388 4389
f 4389 4388 4390
f 4389 4390 4391
f 4391 4390 4392
f 4391 4392 4377
f 4377 4392 4393
f 4377 4393 4378
f 3348 4394 3346
f 3346 4394 4395
f 3346 4395 4396
f 4396 4395 4397
f 4396 4397 4398
f 4398 4397 4399
f 4398 4399 4400
f 4400 4399 4401
f 4400 4401 4402
f 4401 4403 4402
f 4402 4403 4404
f 4402 4404 4405
f 4404 4406 4405
f 4405 4406 4407
f 4405 4407 4408
f 4408 4407 4409
f 4408 4409 4410
f 4410 4409 4411
f 4410 4411 4412
f 4412 4411 4413
f 4412 4413 4414
f 4414 4413 4415
f 4414 4415 4416
f 4415 4417 4416
f 4416 4417 4418
f 4416 4418 4419
f 4419 4418 4420
f 4419 4420 4421
f 4420 4422 4421
f 4421 4422 4423
f 4421 4423 4424
f 4424 4423 4425
f 4424 4425 4426
f 4425 4427 4426
f 4426 4427 4428
f 4426 4428 4429
f 4429 4428 4430
f 4429 4430 4431
f 4431 4430 4432
f 4431 4432 4433
f 4433 4432 4434
f 4433 4434 4435
f 4435 4434 4436
f 4435 4436 4437
f 4436 4438 4437
f 4437 4438 4439
f 4437 4439 4440
f 4441 4442 4443
f 4443 4442 4444
f 4439 4445 4440
f 4440 4445 4446
f 4440 4446 4447
f 4447 4446 4444
f 4447 4444 4448
f 4448 4444 4442
f 4443 4449 4441
f 4441 4449 4450
f 4441 4450 4451
f 4450 4452 4451
f 4451 4452 4453
f 4451 4453 4454
f 4454 4453 4455
f 4454 4455 4456
f 4456 4455 4457
f 4458 4459 4460
f 4455 4461 4457
f 4457 4461 4458
f 4457 4458 4462
f 4462 4458 4460
f 4459 4463 4460
f 4460 4463 4464
f 4460 4464 4465
f 4464 4466 4465
f 4465 4466 4467
f 4465 4467 4468
f 4468 4467 4469
f 4468 4469 4470
f 4470 4469 4471
f 4470 4471 4472
f 4471 4473 4472
f 4472 4473 4474
f 4472 4474 4475
f 4475 4474 4476
f 4475 4476 4477
f 4477 4476 4478
f 4479 4480 4481
f 4481 4480 4482
f 4478 4483 4477
f 4477 4483 4484
f 4477 4484 4485
f 4485 4484 4486
f 4485 4486 4487
f 4487 4486 4488
f 4487 4488 4482
f 4482 4488 4489
f 4482 4489 4481
f 4490 4491 4479
f 4479 4491 4492
f 4479 4492 4480
f 4490 4493 4491
f 4491 4493 4494
f 4491 4494 4495
f 4494 4496 4495
f 4495 4496 4497
f 4495 4497 4498
f 4498 4497 4499
f 4498 4499 4500
f 4500 4499 4501
f 4500 4501 4502
f 4502 4501 4503
f 4502 4503 4504
f 4504 4503 4505
f 4504 4505 4506
f 4505 4507 4506
f 4506 4507 4508
f 4508 4507 4509
f 4508 4509 4510
f 4509 4511 4510
f 4510 4511 4512
f 4510 4512 4513
f 4513 4512 4514
f 4513 4514 4515
f 4514 4516 4515
f 4515 4516 4517
f 4515 4517 4518
f 4518 4517 4519
f 4518 4519 4520
f 4520 4519 4521
f 4520 4521 4522
f 4523 4524 4522
f 4522 4524 4525
f 4522 4525 4520
f 4523 4526 4524
f 4524 4526 4527
f 4524 4527 4528
f 4529 4530 4531
f 4527 4532 4528
f 4528 4532 4533
f 4528 4533 4534
f 4534 4533 4535
f 4534 4535 4536
f 4536 4535 4537
f 4536 4537 4538
f 4538 4537 4539
f 4538 4539 4530
f 4530 4539 4540
f 4530 4540 4531
f 4531 4541 4529
f 4529 4541 4542
f 4529 4542 4543
f 4543 4542 4544
f 4543 4544 4545
f 4544 4546 4545
f 4545 4546 4547
f 4545 4547 4548
f 4548 4547 4549
f 4548 4549 4550
f 4549 4551 4550
f 4550 4551 4552
f 4550 4552 4553
f 4553 4552 4554
f 4553 4554 4555
f 4555 4554 4556
f 4555 4556 4557
f 4557 4556 4558
f 4557 4558 4559
f 4559 4558 4560
f 4559 4560 4561
f 4560 4562 4561
f 4561 4562 4563
f 4561 4563 4564
f 4563 4565 4564
f 4564 4565 4566
f 4564 4566 4567
f 4566 4568 4567
f 4567 4568 4569
f 4567 4569 4570
f 4570 4569 4571
f 4570 4571 4572
f 4572 4571 4573
f 4572 4573 4574
f 4573 4575 4574
f 4574 4575 4576
f 4574 4576 4577
f 4577 4576 4578
f 4577 4578 4579
f 4579 4578 4580
f 4579 4580 4581
f 4581 4580 4582
f 4581 4582 4583
f 4582 4584 4583
f 4583 4584 4585
f 4583 4585 4586
f 4585 4587 4586
f 4586 4587 4588
f 4586 4588 4589
f 4589 4588 4590
f 4589 4590 4591
f 4591 4590 4592
f 4592 4590 4593
f 4592 4593 4594
f 4593 4595 4594
f 4594 4595 4596
f 4594 4596 4597
f 4597 4596 4598
f 4597 4598 4599
f 4598 4600 4599
f 4599 4600 4601
f 4599 4601 4602
f 4602 4601 4603
f 4602 4603 4604
f 4604 4603 4605
f 4604 4605 4606
f 4605 4607 4606
f 4606 4607 4608
f 4606 4608 4609
f 4609 4608 4610
f 4609 4610 4611
f 4611 4610 4612
f 4611 4612 4613
f 4613 4612 4614
f 4613 4614 4615
f 4614 4616 4615
f 4615 4616 4617
f 4615 4617 4618
f 4617 4619 4618
f 4618 4619 4620
f 4618 4620 4621
f 4621 4620 4622
f 4621 4622 4623
f 4623 4622 4624
f 4623 4624 4625
f 4625 4624 4626
f 4625 4626 4627
f 4627 4626 4628
f 4627 4628 4629
f 4628 4630 4629
f 4629 4630 4631
f 4629 4631 4632
f 4632 4631 4633
f 4632 4633 4634
f 4634 4633 4635
f 4634 4635 4636
f 4636 4635 4637
f 4636 4637 4638
f 4638 4637 4639
f 4638 4639 4640
f 4639 4641 4640
f 4640 4641 4642
f 4640 4642 4643
f 4643 4642 4644
f 4644 4642 4645
f 4644 4645 4646
f 4645 4647 4646
f 4646 4647 4648
f 4646 4648 4649
f 4649 4648 4650
f 4649 4650 4651
f 4651 4650 4652
f 4651 4652 4653
f 4654 4655 4656
f 4656 4655 4657
f 4652 4658 4653
f 4653 4658 4659
f 4653 4659 4660
f 4660 4659 4661
f 4660 4661 4662
f 4662 4661 4663
f 4662 4663 4657
f 4657 4663 4664
f 4657 4664 4656
f 4654 4665 4655
f 4655 4665 4666
f 4655 4666 4667
f 4667 4666 4668
f 4667 4668 4669
f 4669 4668 4670
f 4670 4668 4671
f 4670 4671 4672
f 4671 4673 4672
f 4672 4673 4674
f 4673 4675 4674
f 4674 4675 4676
f 4674 4676 4677
f 4677 4676 4678
f 4677 4678 4679
f 4679 4678 4680
f 4679 4680 4681
f 4680 4682 4681
f 4681 4682 4683
f 4681 4683 4684
f 4683 4685 4684
f 4684 4685 4686
f 4684 4686 4687
f 4686 4688 4687
f 4687 4688 4689
f 4687 4689 4690
f 4690 4689 4691
f 4690 4691 4692
f 4691 4693 4692
f 4692 4693 4694
f 4692 4694 4695
f 4695 4694 4696
f 4695 4696 4697
f 4697 4696 4698
f 4697 4698 4699
f 4699 4698 4700
f 4699 4700 4701
f 4700 4702 4701
f 4701 4702 4703
f 4701 4703 4704
f 4704 4703 4705
f 4705 4703 4706
f 4705 4706 4707
f 4707 4706 4708
f 4707 4708 4709
f 4709 4708 4710
f 4709 4710 4711
f 4711 4710 4712
f 4711 4712 4713
f 4713 4712 4714
f 4713 4714 4715
f 4714 4716 4715
f 4715 4716 4717
f 4715 4717 4718
f 4718 4717 4719
f 4718 4719 4720
f 4720 4719 4721
f 4720 4721 4722
f 4721 4723 4722
f 4722 4723 4724
f 4722 4724 4725
f 4725 4724 4726
f 4725 4726 4727
f 4727 4726 4728
f 4727 4728 4729
f 4729 4728 4730
f 4729 4730 4731
f 4731 4730 4732
f 4731 4732 4733
f 4732 4734 4733
f 4733 4734 4735
f 4733 4735 4736
f 4736 4735 4737
f 4736 4737 4738
f 4738 4737 4739
f 4738 4739 4740
f 4741 4742 4743
f 4743 4742 4744
f 4743 4744 4740
f 4740 4744 4745
f 4740 4745 4738
f 4741 4746 4742
f 4742 4746 4747
f 4742 4747 4748
f 4748 4747 4749
f 4748 4749 4750
f 4750 4749 4751
f 4750 4751 4752
f 4752 4751 4753
f 4752 4753 4754
f 4754 4753 4755
f 4754 4755 4756
f 4755 4757 4756
f 4756 4757 4758
f 4756 4758 4759
f 4759 4758 4760
f 4759 4760 4761
f 4761 4760 4762
f 4761 4762 4763
f 4763 4762 4764
f 4763 4764 4765
f 4765 4764 4766
f 4765 4766 4767
f 4767 4766 4768
f 4767 4768 4769
f 4768 4770 4769
f 4769 4770 4771
f 4769 4771 4772
f 4772 4771 4773
f 4772 4773 4774
f 4773 4775 4774
f 4774 4775 4776
f 4774 4776 4777
f 4777 4776 4778
f 4777 4778 4779
f 4778 4780 4779
f 4779 4780 4781
f 4779 4781 4782
f 4782 4781 4783
f 4782 4783 4784
f 4783 4785 4784
f 4784 4785 4786
f 4784 4786 4787
f 4787 4786 4788
f 4787 4788 4789
f 4789 4788 4790
f 4789 4790 4791
f 4791 4790 4792
f 4791 4792 4793
f 4792 4794 4793
f 4793 4794 4795
f 4793 4795 4796
f 4796 4795 4797
f 4796 4797 4798
f 4798 4797 4799
f 4798 4799 4800
f 4799 4801 4800
f 4800 4801 4802
f 4800 4802 4803
f 3345 3344 4804
f 4802 4805 4803
f 4803 4805 4806
f 4803 4806 4807
f 4807 4806 4804
f 4807 4804 4808
f 4808 4804 3344
f 3345 4809 3343
f 3343 4809 4810
f 3343 4810 4811
f 4811 4810 4812
f 4811 4812 4813
f 4813 4812 4814
f 4813 4814 4815
f 4815 4814 4816
f 4815 4816 4817
f 4816 4818 4817
f 4817 4818 4819
f 4817 4819 4820
f 4820 4819 4821
f 4820 4821 4822
f 4823 4824 4825
f 4821 4826 4822
f 4822 4826 4823
f 4822 4823 4827
f 4827 4823 4825
f 4824 4828 4825
f 4825 4828 4829
f 4825 4829 4830
f 4831 4832 4833
f 4829 4834 4830
f 4830 4834 4835
f 4830 4835 4836
f 4836 4835 4837
f 4836 4837 4838
f 4838 4837 4839
f 4838 4839 4840
f 4840 4839 4841
f 4840 4841 4832
f 4832 4841 4842
f 4832 4842 4833
f 4833 4843 4831
f 4831 4843 4844
f 4831 4844 4845
f 4845 4844 4846
f 4845 4846 4847
f 4848 4849 4850
f 4850 4849 4851
f 4846 4852 4847
f 4847 4852 4853
f 4847 4853 4854
f 4854 4853 4855
f 4854 4855 4856
f 4856 4855 4857
f 4856 4857 4858
f 4858 4857 4859
f 4858 4859 4848
f 4848 4859 4860
f 4848 4860 4849
f 4851 4861 4850
f 4850 4861 4862
f 4850 4862 4863
f 4863 4862 4864
f 4863 4864 4865
f 4865 4864 4866
f 4865 4866 4867
f 4867 4866 4868
f 4867 4868 4869
f 4868 4870 4869
f 4869 4870 4871
f 4869 4871 4872
f 4872 4871 4873
f 4872 4873 4874
f 4873 4875 4874
f 4874 4875 4876
f 4874 4876 4877
f 4877 4876 4878
f 4877 4878 4879
f 4879 4878 4880
f 4879 4880 4881
f 4881 4880 4882
f 4881 4882 4883
f 4882 4884 4883
f 4883 4884 4885
f 4883 4885 4886
f 4885 4887 4886
f 4886 4887 4888
f 4886 4888 4889
f 4889 4888 4890
f 4889 4890 4891
f 4891 4890 4892
f 4891 4892 4893
f 4892 4894 4893
f 4893 4894 4895
f 4893 4895 4896
f 4895 4897 4896
f 4896 4897 4898
f 4896 4898 4899
f 4899 4898 4900
f 4899 4900 4901
f 4901 4900 4902
f 4901 4902 4903
f 4903 4902 4904
f 4903 4904 4905
f 4905 4904 4906
f 4905 4906 4907
f 4906 4908 4907
f 4907 4908 4909
f 4907 4909 4910
f 4909 4911 4910
f 4910 4911 4912
f 4910 4912 4913
f 4913 4912 4914
f 4913 4914 4915
f 4915 4914 4916
f 4915 4916 4917
f 4916 4918 4917
f 4917 4918 4919
f 4917 4919 4920
f 4919 4921 4920
f 4920 4921 4922
f 4920 4922 4923
f 4923 4922 4924
f 4923 4924 4925
f 4925 4924 4926
f 4925 4926 4927
f 4928 4929 4930
f 4930 4929 4931
f 4926 4932 4927
f 4927 4932 4933
f 4927 4933 4931
f 4931 4933 4934
f 4931 4934 4930
f 4935 4936 4928
f 4928 4936 4937
f 4928 4937 4929
f 4935 4938 4936
f 4936 4938 4939
f 4936 4939 4940
f 4939 4941 4940
f 4940 4941 4942
f 4940 4942 4943
f 4943 4942 4944
f 4943 4944 4945
f 4945 4944 4946
f 4945 4946 4947
f 4946 4948 4947
f 4947 4948 4949
f 4947 4949 4950
f 4950 4949 4951
f 4950 4951 4952
f 4951 4953 4952
f 4952 4953 4954
f 4952 4954 4955
f 4955 4954 4956
f 4955 4956 4957
f 4957 4956 4958
f 4956 4959 4958
f 4958 4959 4960
f 4958 4960 4961
f 4961 4960 4962
f 4961 4962 4963
f 4962 4964 4963
f 4963 4964 4965
f 4963 4965 4966
f 4966 4965 4967
f 4966 4967 4968
f 4968 4967 4969
f 4968 4969 4970
f 4970 4969 4971
f 4970 4971 4972
f 4973 4974 4975
f 4976 4977 4975
f 4975 4977 4978
f 4975 4978 4973
f 4971 4979 4972
f 4972 4979 4980
f 4972 4980 4981
f 4981 4980 4982
f 4981 4982 4983
f 4983 4982 4984
f 4983 4984 4985
f 4985 4984 4986
f 4985 4986 4987
f 4987 4986 4988
f 4987 4988 4989
f 4989 4988 4990
f 4989 4990 4976
f 4976 4990 4977
f 4974 4973 4991
f 4991 4973 4992
f 4991 4992 4993
f 4993 4992 4994
f 4993 4994 4995
f 4995 4994 4996
f 4995 4996 4997
f 4997 4996 4998
f 4998 4996 4999
f 4998 4999 5000
f 4999 5001 5000
f 5000 5001 5002
f 5000 5002 5003
f 5003 5002 5004
f 5003 5004 5005
f 5004 5006 5005
f 5005 5006 5007
f 5005 5007 5008
f 5008 5007 5009
f 5008 5009 5010
f 5010 5009 5011
f 5010 5011 5012
f 5012 5011 5013
f 5012 5013 5014
f 5013 5015 5014
f 5014 5015 5016
f 5014 5016 5017
f 5017 5016 5018
f 5017 5018 5019
f 5019 5018 5020
f 5019 5020 5021
f 5021 5020 5022
f 5021 5022 5023
f 5023 5022 5024
f 5023 5024 5025
f 5024 5026 5025
f 5025 5026 5027
f 5025 5027 5028
f 5028 5027 5029
f 5028 5029 5030
f 5030 5029 5031
f 5030 5031 5032
f 5032 5031 5033
f 5032 5033 5034
f 5033 5035 5034
f 5034 5035 5036
f 5036 5035 5037
f 5036 5037 5038
f 5038 5037 5039
f 5038 5039 5040
f 5040 5039 5041
f 5041 5039 5042
f 5041 5042 5043
f 5042 5044 5043
f 5043 5044 5045
f 5043 5045 5046
f 5045 5047 5046
f 5046 5047 5048
f 5046 5048 5049
f 5049 5048 5050
f 5049 5050 5051
f 5051 5050 5052
f 5051 5052 5053
f 5053 5052 5054
f 5053 5054 5055
f 5054 5056 5055
f 5055 5056 5057
f 5055 5057 5058
f 5058 5057 5059
f 5058 5059 5060
f 5060 5059 5061
f 5060 5061 5062
f 5062 5061 5063
f 5062 5063 5064
f 5063 5065 5064
f 5064 5065 5066
f 5064 5066 5067
f 5066 5068 5067
f 5067 5068 5069
f 5067 5069 5070
f 5070 5069 5071
f 5070 5071 5072
f 5072 5071 5073
f 5072 5073 5074
f 5074 5073 5075
f 5074 5075 5076
f 5076 5075 5077
f 5076 5077 5078
f 5078 5077 5079
f 5078 5079 5080
f 5079 5081 5080
f 5080 5081 5082
f 5080 5082 5083
f 5083 5082 5084
f 5083 5084 5085
f 5084 5086 5085
f 5085 5086 5087
f 5085 5087 5088
f 5088 5087 5089
f 5088 5089 5090
f 5090 5089 5091
f 5090 5091 5092
f 5092 5091 5093
f 5092 5093 5094
f 5094 5093 5095
f 5094 5095 5096
f 5095 5097 5096
f 5096 5097 5098
f 5096 5098 5099
f 5098 5100 5099
f 5099 5100 5101
f 5099 5101 5102
f 5102 5101 5103
f 5102 5103 5104
f 5104 5103 5105
f 5104 5105 5106
f 5106 5105 5107
f 5106 5107 5108
f 5107 5109 5108
f 5108 5109 5110
f 5108 5110 5111
f 5111 5110 5112
f 5111 5112 5113
f 5113 5112 5114
f 5113 5114 5115
f 5115 5114 5116
f 5115 5116 5117
f 5116 5118 5117
f 5117 5118 5119
f 5117 5119 5120
f 5120 5119 5121
f 5120 5121 5122
f 5122 5121 5123
f 5122 5123 5124
f 5124 5123 5125
f 5124 5125 5126
f 5126 5125 5127
f 5126 5127 5128
f 5127 5129 5128
f 5128 5129 5130
f 5128 5130 5131
f 5131 5130 5132
f 5131 5132 5133
f 5134 5135 5136
f 5132 5137 5133
f 5133 5137 5134
f 5133 5134 5138
f 5138 5134 5136
f 5135 5139 5136
f 5136 5139 5140
f 5136 5140 5141
f 5142 5143 5144
f 5140 5145 5141
f 5141 5145 5146
f 5141 5146 5147
f 5147 5146 5148
f 5147 5148 5149
f 5149 5148 5150
f 5149 5150 5151
f 5151 5150 5152
f 5151 5152 5143
f 5143 5152 5153
f 5143 5153 5144
f 5144 5154 5142
f 5142 5154 5155
f 5142 5155 5156
f 5156 5155 5157
f 5156 5157 5158
f 5157 5159 5158
f 5158 5159 5160
f 5158 5160 5161
f 5162 5163 5164
f 5160 5165 5161
f 5161 5165 5166
f 5161 5166 5167
f 5167 5166 5162
f 5167 5162 5168
f 5168 5162 5164
f 5163 5169 5164
f 5164 5169 5170
f 5164 5170 5171
f 5171 5170 5172
f 5171 5172 5173
f 5172 5174 5173
f 5173 5174 5175
f 5173 5175 5176
f 5176 5175 5177
f 5176 5177 5178
f 5178 5177 5179
f 5178 5179 5180
f 5180 5179 5181
f 5180 5181 5182
f 5181 5183 5182
f 5182 5183 5184
f 5182 5184 5185
f 5185 5184 5186
f 5185 5186 5187
f 5187 5186 5188
f 5187 5188 5189
f 5188 5190 5189
f 5189 5190 5191
f 5189 5191 5192
f 5192 5191 5193
f 5192 5193 5194
f 5194 5193 5195
f 5194 5195 1050
f 1050 5195 5196
f 1050 5196 1044
f 1044 5196 5197
f 1044 5197 1045
f 1045 5197 5198
f 1045 5198 1041
f 1041 5198 5199
f 1041 5199 3355
f 3377 3378 5200
f 3427 3430 5201
f 5202 5203 3465
f 3507 3521 5204
f 5204 3521 5205
f 3652 3654 5206
f 3694 3696 5207
f 3705 3707 5208
f 5209 5210 3712
f 5211 5212 3725
f 3768 3770 5213
f 5214 5215 3775
f 3833 3835 5216
f 3848 3849 5217
f 3886 3887 5218
f 3964 3967 5219
f 4034 4036 5220
f 4052 4054 5221
f 5222 5223 4048
f 4101 4103 5224
f 4153 4156 5225
f 5226 5227 4280
f 4288 4291 5228
f 4304 4307 5229
f 4356 4358 5230
f 4371 4374 5231
f 5232 5233 4508
f 5234 5235 4557
f 4567 4570 5236
f 4579 4581 5237
f 4646 4649 5238
f 5238 4649 5239
f 4713 4715 5240
f 4765 4767 5241
f 4779 4782 5242
f 4796 4798 5243
f 4817 4820 5244
f 4836 4838 5245
f 5246 5247 4848
f 4913 4915 5248
f 4968 4970 5249
f 5249 4970 5250
f 5251 5252 4976
f 5005 5008 5253
f 5253 5008 5254
f 5053 5055 5255
f 5187 5189 1052
f 5064 5067 1162
f 1238 1236 5256
f 1250 1249 5252
f 1018 1007 5257
f 985 983 5258
f 5258 983 982
f 5258 982 5259
f 5259 982 976
f 5259 976 975
f 985 5258 987
f 987 5258 5260
f 987 5260 988
f 5261 938 994
f 994 993 5261
f 5261 993 980
f 5261 980 5260
f 5260 980 978
f 5260 978 988
f 938 5261 939
f 939 5261 5262
f 939 5262 990
f 999 998 5263
f 5263 998 996
f 5263 996 5262
f 5262 996 995
f 5262 995 990
f 1012 1011 5264
f 5264 1011 1003
f 5264 1003 5263
f 5263 1003 1001
f 5263 1001 999
f 1007 1009 5257
f 5257 1009 1017
f 5257 1017 5265
f 5265 1017 1016
f 5265 1016 1014
f 5266 1019 1018
f 1019 5266 1021
f 1021 5266 5267
f 1021 5267 1023
f 1262 1261 5249
f 5249 1261 1260
f 5249 1260 5267
f 5267 1260 1259
f 5267 1259 1023
f 1262 5249 1258
f 1258 5249 5250
f 1258 5250 1256
f 5268 1252 5250
f 5250 1252 1251
f 5250 1251 1256
f 5269 1255 5268
f 5268 1255 1254
f 5268 1254 1252
f 1249 1248 5252
f 5252 1248 1247
f 5252 1247 5269
f 5269 1247 1246
f 5269 1246 1255
f 1250 5252 1240
f 1240 5252 5251
f 1240 5251 1241
f 1236 1235 5256
f 5256 1235 1244
f 5256 1244 5251
f 5251 1244 1243
f 5251 1243 1241
f 1230 1239 5270
f 5270 1239 1238
f 1234 1233 5271
f 5271 1233 1232
f 5271 1232 5270
f 5270 1232 1231
f 5270 1231 1230
f 1234 5271 1224
f 1224 5271 5272
f 1224 5272 1225
f 5253 1219 1228
f 5253 1228 5272
f 5272 1228 1227
f 5272 1227 1225
f 1223 1222 5254
f 5254 1222 1221
f 5254 1221 5253
f 5253 1221 1220
f 5253 1220 1219
f 1223 5254 1217
f 1217 5254 5273
f 1217 5273 1215
f 1215 5273 1210
f 1210 5273 5274
f 1210 5274 1211
f 1204 1214 5275
f 5275 1214 1213
f 5275 1213 5274
f 5274 1213 1212
f 5274 1212 1211
f 1208 1207 5276
f 5276 1207 1206
f 5276 1206 5275
f 5275 1206 1205
f 5275 1205 1204
f 1208 5276 1198
f 1198 5276 5277
f 1198 5277 1199
f 5278 1193 1202
f 5278 1202 5277
f 5277 1202 1201
f 5277 1201 1199
f 1197 1196 5279
f 5279 1196 1195
f 5279 1195 5278
f 5278 1195 1194
f 5278 1194 1193
f 5280 1189 1191
f 1187 1186 5281
f 5281 1186 1185
f 5281 1185 5280
f 5280 1185 1184
f 5280 1184 1189
f 5282 1188 1187
f 1181 1180 5283
f 5283 1180 1179
f 5283 1179 5282
f 5282 1179 1178
f 5282 1178 1188
f 1175 1173 5255
f 5255 1173 1172
f 5255 1172 5283
f 5283 1172 1182
f 5283 1182 1181
f 1175 5255 1176
f 1176 5255 5055
f 1176 5055 5058
f 5062 1169 5060
f 5060 1169 1168
f 5060 1168 5058
f 5058 1168 1167
f 5058 1167 1176
f 1162 1161 5064
f 5064 1161 1171
f 5064 1171 5062
f 5062 1171 1170
f 5062 1170 1169
f 5072 1156 5070
f 5070 1156 1165
f 5070 1165 5067
f 5067 1165 1164
f 5067 1164 1162
f 5074 1159 5072
f 5072 1159 1157
f 5072 1157 1156
f 5078 1152 5076
f 5076 1152 1151
f 5076 1151 5074
f 5074 1151 1160
f 5074 1160 1159
f 5080 1154 5078
f 5078 1154 1153
f 5078 1153 1152
f 5085 1147 5083
f 5083 1147 1149
f 5083 1149 5080
f 5080 1149 1155
f 5080 1155 1154
f 5090 1144 5088
f 5088 1144 1143
f 5088 1143 5085
f 5085 1143 1142
f 5085 1142 1147
f 5094 1140 5092
f 5092 1140 1146
f 5092 1146 5090
f 5090 1146 1145
f 5090 1145 1144
f 5099 1132 5096
f 5096 1132 1131
f 5096 1131 5094
f 5094 1131 1138
f 5094 1138 1140
f 5104 1136 5102
f 5102 1136 1135
f 5102 1135 5099
f 5099 1135 1134
f 5099 1134 1132
f 5106 1126 5104
f 5104 1126 1137
f 5104 1137 1136
f 1120 5108 1121
f 1121 5108 5111
f 1121 5111 1123
f 1120 1130 5108
f 5108 1130 1129
f 5108 1129 5106
f 5106 1129 1127
f 5106 1127 1126
f 1123 5111 1124
f 1124 5111 5113
f 1124 5113 1125
f 1125 5113 5115
f 1125 5115 1115
f 1115 5115 1116
f 1116 5115 5117
f 1116 5117 1117
f 1117 5117 5120
f 1117 5120 1118
f 5124 1110 5122
f 5122 1110 1109
f 5122 1109 5120
f 5120 1109 1119
f 5120 1119 1118
f 5126 1113 5124
f 5124 1113 1112
f 5124 1112 1110
f 5131 1101 5128
f 5128 1101 1106
f 5128 1106 5126
f 5126 1106 1108
f 5126 1108 1113
f 1097 1096 5136
f 5136 1096 1105
f 5136 1105 5138
f 5138 1105 1104
f 5138 1104 5133
f 5133 1104 1102
f 5133 1102 5131
f 5131 1102 1101
f 5149 1092 5147
f 5147 1092 1091
f 5147 1091 5141
f 5141 1091 1100
f 5141 1100 5136
f 5136 1100 1099
f 5136 1099 1097
f 5151 1095 5149
f 5149 1095 1094
f 5149 1094 1092
f 5142 1080 1079
f 1079 1090 5142
f 5142 1090 1089
f 5142 1089 5143
f 5143 1089 1087
f 5143 1087 5151
f 5151 1087 1086
f 5151 1086 1095
f 1080 5142 1082
f 1082 5142 5156
f 1082 5156 1083
f 5161 1078 5158
f 5158 1078 1085
f 5158 1085 5156
f 5156 1085 1084
f 5156 1084 1083
f 5168 1073 5167
f 5167 1073 1072
f 5167 1072 5161
f 5161 1072 1076
f 5161 1076 1078
f 1068 1067 5164
f 5164 1067 1075
f 5164 1075 5168
f 5168 1075 1073
f 1068 5164 1069
f 1069 5164 5171
f 1069 5171 1070
f 1070 5171 1071
f 1071 5171 5173
f 1071 5173 1065
f 1065 5173 5176
f 1065 5176 1063
f 1063 5176 5178
f 1063 5178 1059
f 1059 5178 5180
f 1059 5180 1058
f 1058 5180 1056
f 1056 5180 5182
f 1056 5182 1060
f 1060 5182 1061
f 1061 5182 5185
f 1061 5185 1062
f 5187 1052 5185
f 5185 1052 1051
f 5185 1051 1062
f 5192 1055 5189
f 5189 1055 1054
f 5189 1054 1052
f 1050 1049 5194
f 5194 1049 1047
f 5194 1047 5192
f 5192 1047 1046
f 5192 1046 1055
f 5284 5285 1309
f 1521 1308 1523
f 1523 1308 1313
f 1523 1313 1525
f 1525 1313 1312
f 1525 1312 5285
f 5285 1312 1310
f 5285 1310 1309
f 1305 1512 1303
f 1303 1512 1510
f 1303 1510 1362
f 1521 1519 1308
f 1308 1519 1517
f 1308 1517 1307
f 1307 1517 1515
f 1307 1515 1305
f 1305 1515 1513
f 1305 1513 1512
f 1510 1508 1362
f 1362 1508 1506
f 1362 1506 1363
f 1363 1506 1504
f 1363 1504 1364
f 1364 1504 1503
f 1364 1503 1361
f 1361 1503 1388
f 1361 1388 1268
f 1365 1269 1498
f 1498 1269 1268
f 1498 1268 1387
f 1387 1268 1388
f 1550 1528 5284
f 5284 1528 1530
f 5284 1530 5285
f 5285 1530 1531
f 5285 1531 1525
f 1550 5284 1551
f 1551 5284 5286
f 1551 5286 1552
f 1548 1547 5287
f 5287 1547 1379
f 5287 1379 5286
f 5286 1379 1378
f 5286 1378 1552
f 1543 1542 5288
f 5288 1542 1549
f 1543 5288 1545
f 1545 5288 5289
f 1545 5289 1546
f 1539 1382 5289
f 5289 1382 1381
f 5289 1381 1546
f 1535 1534 5290
f 5290 1534 1541
f 5290 1541 5291
f 5291 1541 1540
f 5291 1540 1539
f 1532 1538 5200
f 5200 1538 1537
f 5200 1537 5290
f 5290 1537 1536
f 5290 1536 1535
f 1532 5200 1384
f 1384 5200 5292
f 1384 5292 1385
f 5053 5255 5051
f 5051 5255 5283
f 5051 5283 5049
f 5049 5283 5282
f 5049 5282 5046
f 1187 5281 5282
f 5282 5281 5043
f 5282 5043 5046
f 5036 5280 5279
f 5279 5280 1191
f 5279 1191 1197
f 5036 5038 5280
f 5280 5038 5040
f 5280 5040 5281
f 5281 5040 5041
f 5281 5041 5043
f 5277 5030 5278
f 5278 5030 5032
f 5278 5032 5279
f 5279 5032 5034
f 5279 5034 5036
f 5275 5023 5276
f 5276 5023 5025
f 5276 5025 5277
f 5277 5025 5028
f 5277 5028 5030
f 5273 5017 5274
f 5274 5017 5019
f 5274 5019 5275
f 5275 5019 5021
f 5275 5021 5023
f 5008 5010 5254
f 5254 5010 5012
f 5254 5012 5273
f 5273 5012 5014
f 5273 5014 5017
f 5005 5253 5003
f 5003 5253 5272
f 5003 5272 5000
f 5000 5272 5271
f 5000 5271 4998
f 4998 5271 4997
f 4997 5271 5270
f 4997 5270 4995
f 1238 5256 5270
f 5270 5256 4993
f 5270 4993 4995
f 4976 4975 5251
f 5251 4975 4974
f 5251 4974 5256
f 5256 4974 4991
f 5256 4991 4993
f 5268 4985 5269
f 5269 4985 4987
f 5269 4987 5252
f 5252 4987 4989
f 5252 4989 4976
f 4970 4972 5250
f 5250 4972 4981
f 5250 4981 5268
f 5268 4981 4983
f 5268 4983 4985
f 4968 5249 4966
f 4966 5249 5267
f 4966 5267 4963
f 4963 5267 5266
f 4963 5266 4961
f 1018 5257 5266
f 5266 5257 4958
f 5266 4958 4961
f 4950 5265 5264
f 5264 5265 1014
f 5264 1014 1012
f 4950 4952 5265
f 5265 4952 4955
f 5265 4955 5257
f 5257 4955 4957
f 5257 4957 4958
f 5262 4943 5263
f 5263 4943 4945
f 5263 4945 5264
f 5264 4945 4947
f 5264 4947 4950
f 5260 4937 5261
f 5261 4937 4936
f 5261 4936 5262
f 5262 4936 4940
f 5262 4940 4943
f 5259 4927 5258
f 5258 4927 4931
f 5258 4931 5260
f 5260 4931 4929
f 5260 4929 4937
f 5248 4915 5293
f 4915 4917 5293
f 5293 4917 4920
f 5293 4920 5294
f 5294 4920 4923
f 5294 4923 5259
f 5259 4923 4925
f 5259 4925 4927
f 5295 4905 5296
f 5296 4905 4907
f 5296 4907 5297
f 5297 4907 4910
f 4896 4899 5298
f 5298 4899 4901
f 5298 4901 5295
f 5295 4901 4903
f 5295 4903 4905
f 5299 4891 4893
f 5299 4893 5300
f 4891 5299 4889
f 4889 5299 5301
f 4889 5301 4886
f 4883 5302 4881
f 4881 5302 5303
f 4881 5303 4879
f 4879 5303 5304
f 4879 5304 4877
f 4877 5304 4874
f 4874 5304 5305
f 4874 5305 4872
f 4869 5306 4867
f 4867 5306 5307
f 4867 5307 4865
f 4865 5307 5308
f 4865 5308 4863
f 4863 5308 4850
f 4845 4847 5309
f 5309 4847 4854
f 5309 4854 5310
f 5310 4854 4856
f 5310 4856 5247
f 5247 4856 4858
f 5247 4858 4848
f 5311 4832 5312
f 5312 4832 4831
f 5245 4838 5311
f 5311 4838 4840
f 5311 4840 4832
f 5244 4820 5313
f 4830 5314 4825
f 4825 5314 5315
f 4825 5315 4827
f 4827 5315 5313
f 4827 5313 4822
f 4822 5313 4820
f 4815 5316 4813
f 4813 5316 5317
f 4808 3344 5318
f 5318 3344 3343
f 5318 3343 5317
f 5317 3343 4811
f 5317 4811 4813
f 5319 4803 5320
f 5320 4803 4807
f 5243 4798 5319
f 5319 4798 4800
f 5319 4800 4803
f 5321 4791 5322
f 5322 4791 4793
f 5242 4782 5323
f 4782 4784 5323
f 5323 4784 4787
f 5323 4787 5321
f 5321 4787 4789
f 5321 4789 4791
f 5241 4767 5324
f 4777 5325 4774
f 4774 5325 5326
f 4774 5326 4772
f 4772 5326 5324
f 4772 5324 4769
f 4769 5324 4767
f 4763 5327 4761
f 4761 5327 5328
f 4752 4754 5329
f 5329 4754 4756
f 5329 4756 5328
f 5328 4756 4759
f 5328 4759 4761
f 5330 5331 4750
f 4745 4744 5332
f 5332 4744 4742
f 5332 4742 5331
f 5331 4742 4748
f 5331 4748 4750
f 4738 5333 4736
f 4736 5333 5334
f 4736 5334 4733
f 4733 5334 5335
f 4725 4727 5336
f 5336 4727 4729
f 5336 4729 5335
f 5335 4729 4731
f 5335 4731 4733
f 5337 4720 5338
f 5338 4720 4722
f 5240 4715 5337
f 5337 4715 4718
f 5337 4718 4720
f 5339 4709 5340
f 5340 4709 4711
f 4699 4701 5341
f 5341 4701 4704
f 5341 4704 5342
f 5342 4704 4705
f 5342 4705 5339
f 5339 4705 4707
f 5339 4707 4709
f 5343 4695 5344
f 5344 4695 4697
f 4684 4687 5345
f 5345 4687 4690
f 5345 4690 5343
f 5343 4690 4692
f 5343 4692 4695
f 5346 5347 4681
f 4670 4672 5348
f 5348 4672 4674
f 5348 4674 5349
f 5349 4674 4677
f 5349 4677 5347
f 5347 4677 4679
f 5347 4679 4681
f 5350 4667 4669
f 5350 4669 5351
f 4667 5350 4655
f 4655 5350 5352
f 4655 5352 4657
f 4662 5353 4660
f 4660 5353 5354
f 4660 5354 4653
f 4653 5354 5239
f 4653 5239 4651
f 4651 5239 4649
f 4644 5355 4643
f 4643 5355 5356
f 4634 4636 5357
f 5357 4636 4638
f 5357 4638 5356
f 5356 4638 4640
f 5356 4640 4643
f 5358 5359 4632
f 4623 4625 5360
f 5360 4625 4627
f 5360 4627 5359
f 5359 4627 4629
f 5359 4629 4632
f 4621 5361 4618
f 4618 5361 5362
f 4618 5362 4615
f 4615 5362 5363
f 4606 4609 5364
f 5364 4609 4611
f 5364 4611 5363
f 5363 4611 4613
f 5363 4613 4615
f 4604 5365 4602
f 4602 5365 5366
f 4602 5366 4599
f 4599 5366 5367
f 4591 4592 5368
f 5368 4592 4594
f 5368 4594 5367
f 5367 4594 4597
f 5367 4597 4599
f 5369 4586 5370
f 5370 4586 4589
f 5237 4581 5369
f 5369 4581 4583
f 5369 4583 4586
f 5371 4574 5372
f 5372 4574 4577
f 5236 4570 5371
f 5371 4570 4572
f 5371 4572 4574
f 4564 5373 4561
f 4561 5373 5234
f 4561 5234 4559
f 4559 5234 4557
f 4548 4550 5374
f 5374 4550 4553
f 5374 4553 5235
f 5235 4553 4555
f 5235 4555 4557
f 5375 4543 4545
f 5375 4545 5376
f 4543 5375 4529
f 4529 5375 5377
f 4529 5377 4530
f 4538 5378 4536
f 4536 5378 5379
f 4536 5379 4534
f 4534 5379 5380
f 4534 5380 4528
f 4528 5380 4524
f 4524 5380 5381
f 4524 5381 4525
f 4520 5382 4518
f 4518 5382 5383
f 4518 5383 4515
f 4515 5383 5384
f 4515 5384 4513
f 4513 5384 4510
f 4498 4500 5385
f 5385 4500 4502
f 5385 4502 5386
f 5386 4502 4504
f 5386 4504 5233
f 5233 4504 4506
f 5233 4506 4508
f 4495 5387 4491
f 4491 5387 5388
f 4491 5388 4492
f 4492 5388 5389
f 4492 5389 4480
f 4480 5389 4482
f 5390 4485 4487
f 5390 4487 5391
f 4485 5390 4477
f 4477 5390 5392
f 4477 5392 4475
f 4472 5393 4470
f 4470 5393 5394
f 4470 5394 4468
f 4468 5394 5395
f 4468 5395 4465
f 4465 5395 4460
f 4460 5395 5396
f 4460 5396 4462
f 5397 4456 5398
f 5398 4456 4457
f 4448 4442 5399
f 5399 4442 4441
f 5399 4441 5400
f 5400 4441 4451
f 5400 4451 5397
f 5397 4451 4454
f 5397 4454 4456
f 4447 5401 4440
f 4440 5401 5402
f 4440 5402 4437
f 4437 5402 5403
f 4437 5403 4435
f 4435 5403 4433
f 5404 4429 5405
f 5405 4429 4431
f 4419 4421 5406
f 5406 4421 4424
f 5406 4424 5404
f 5404 4424 4426
f 5404 4426 4429
f 5407 5408 4416
f 4405 4408 5409
f 5409 4408 4410
f 5409 4410 5410
f 5410 4410 4412
f 5410 4412 5408
f 5408 4412 4414
f 5408 4414 4416
f 5411 5412 4402
f 3346 4396 5413
f 5413 4396 4398
f 5413 4398 5412
f 5412 4398 4400
f 5412 4400 4402
f 3347 5414 4384
f 4384 5414 5415
f 4384 5415 4386
f 4386 5415 5416
f 4393 4392 5417
f 5417 4392 4390
f 5417 4390 5416
f 5416 4390 4388
f 5416 4388 4386
f 5418 4380 5419
f 5419 4380 4378
f 5231 4374 5418
f 5418 4374 4376
f 5418 4376 4380
f 4369 5420 4367
f 4367 5420 5421
f 5230 4358 5422
f 4358 4360 5422
f 5422 4360 4362
f 5422 4362 5421
f 5421 4362 4365
f 5421 4365 4367
f 4354 5423 4352
f 4352 5423 5424
f 4343 4345 5425
f 5425 4345 4348
f 5425 4348 5424
f 5424 4348 4350
f 5424 4350 4352
f 5426 5427 4340
f 5428 4336 5427
f 5427 4336 4338
f 5427 4338 4340
f 4327 4329 5429
f 5429 4329 4331
f 5429 4331 5428
f 5428 4331 4334
f 5428 4334 4336
f 4325 5430 4323
f 4323 5430 5431
f 4323 5431 4321
f 4321 5431 5432
f 4321 5432 4318
f 4318 5432 4316
f 5433 4312 5434
f 5434 4312 4314
f 5229 4307 5433
f 5433 4307 4310
f 5433 4310 4312
f 4302 5435 4300
f 4300 5435 5436
f 5228 4291 5437
f 4291 4293 5437
f 5437 4293 4296
f 5437 4296 5436
f 5436 4296 4298
f 5436 4298 4300
f 4286 5438 4284
f 4284 5438 5226
f 4284 5226 4282
f 4282 5226 4280
f 4271 4274 5439
f 5439 4274 4276
f 5439 4276 5227
f 5227 4276 4278
f 5227 4278 4280
f 5440 4266 4268
f 5440 4268 5441
f 4266 5440 4264
f 4264 5440 5442
f 4264 5442 4261
f 4258 5443 4256
f 4256 5443 5444
f 4256 5444 4254
f 4254 5444 5445
f 4254 5445 4251
f 4251 5445 4248
f 5446 4245 5447
f 5447 4245 4246
f 4233 4235 5448
f 5448 4235 4237
f 5448 4237 5449
f 5449 4237 4240
f 5449 4240 5446
f 5446 4240 4242
f 5446 4242 4245
f 4231 5450 4217
f 4217 5450 5451
f 4217 5451 4218
f 4218 5451 5452
f 4218 5452 4226
f 4226 5452 4224
f 5453 5454 4222
f 4207 4209 5455
f 5455 4209 4211
f 5455 4211 5456
f 5456 4211 4213
f 5456 4213 5454
f 5454 4213 4216
f 5454 4216 4222
f 5457 5458 4205
f 4197 4199 5459
f 5459 4199 4201
f 5459 4201 5458
f 5458 4201 4203
f 5458 4203 4205
f 4195 5460 4192
f 4192 5460 5461
f 4192 5461 4177
f 4177 5461 5462
f 4183 4185 5463
f 5463 4185 4187
f 5463 4187 5462
f 5462 4187 4178
f 5462 4178 4177
f 4181 5464 4175
f 4175 5464 5465
f 4175 5465 4172
f 4172 5465 5466
f 4172 5466 4170
f 4170 5466 4168
f 5467 4164 5468
f 5468 4164 4166
f 5225 4156 5469
f 4156 4158 5469
f 5469 4158 4160
f 5469 4160 5467
f 5467 4160 4162
f 5467 4162 4164
f 4151 5470 4148
f 4148 5470 5471
f 4148 5471 4146
f 4146 5471 5472
f 4146 5472 4144
f 4144 5472 4141
f 5473 4137 4139
f 5473 4139 5474
f 4137 5473 4123
f 4123 5473 5475
f 4123 5475 4125
f 4132 5476 4130
f 4130 5476 5477
f 4130 5477 4128
f 4128 5477 5478
f 4128 5478 4121
f 4121 5478 4116
f 4116 5478 5479
f 4116 5479 4118
f 4113 5480 4111
f 4111 5480 5481
f 4111 5481 4108
f 4108 5481 5482
f 4108 5482 4107
f 5224 4103 5482
f 5482 4103 4105
f 5482 4105 4107
f 4098 5483 4096
f 4096 5483 5484
f 4087 4090 5485
f 5485 4090 4092
f 5485 4092 5484
f 5484 4092 4094
f 5484 4094 4096
f 5486 5487 4084
f 4075 4078 5488
f 5488 4078 4080
f 5488 4080 5487
f 5487 4080 4082
f 5487 4082 4084
f 4072 5489 4071
f 4071 5489 5490
f 4071 5490 4068
f 4068 5490 5491
f 4047 4061 5492
f 5492 4061 4063
f 5492 4063 5491
f 5491 4063 4066
f 5491 4066 4068
f 5221 4054 5223
f 5223 4054 4056
f 5223 4056 4048
f 5220 4036 5493
f 4046 5494 4043
f 4043 5494 5495
f 4043 5495 4041
f 4041 5495 5493
f 4041 5493 4038
f 4038 5493 4036
f 4032 5496 4031
f 4031 5496 5497
f 4022 4024 5498
f 5498 4024 4027
f 5498 4027 5497
f 5497 4027 4029
f 5497 4029 4031
f 5499 5500 4019
f 5501 4015 5500
f 5500 4015 4017
f 5500 4017 4019
f 4005 4007 5502
f 5502 4007 4010
f 5502 4010 5501
f 5501 4010 4012
f 5501 4012 4015
f 5503 5504 3992
f 3996 3998 5505
f 5505 3998 4000
f 5505 4000 5504
f 5504 4000 3993
f 5504 3993 3992
f 3990 5506 3988
f 3988 5506 5507
f 3988 5507 3985
f 3985 5507 5508
f 3977 3979 5509
f 5509 3979 3981
f 5509 3981 5508
f 5508 3981 3983
f 5508 3983 3985
f 5510 3972 5511
f 5511 3972 3974
f 5219 3967 5510
f 5510 3967 3970
f 5510 3970 3972
f 3962 5512 3960
f 3960 5512 5513
f 3960 5513 3958
f 3958 5513 5514
f 3958 5514 3957
f 3957 5514 3954
f 5515 5516 3951
f 3939 3941 5517
f 5517 3941 3944
f 5517 3944 5518
f 5518 3944 3946
f 5518 3946 5516
f 5516 3946 3949
f 5516 3949 3951
f 5519 5520 3936
f 5521 3931 5520
f 5520 3931 3934
f 5520 3934 3936
f 3923 3926 5522
f 5522 3926 3928
f 5522 3928 5521
f 5521 3928 3930
f 5521 3930 3931
f 5523 5524 3920
f 3911 3914 5525
f 5525 3914 3916
f 5525 3916 5524
f 5524 3916 3918
f 5524 3918 3920
f 3909 5526 3907
f 3907 5526 5527
f 3907 5527 3904
f 3904 5527 5528
f 3904 5528 3902
f 3902 5528 3899
f 5529 3896 5530
f 5530 3896 3898
f 5218 3887 5531
f 3887 3889 5531
f 5531 3889 3891
f 5531 3891 5529
f 5529 3891 3893
f 5529 3893 3896
f 3873 3876 5532
f 5532 3876 3878
f 5532 3878 5533
f 5533 3878 3880
f 5533 3880 5534
f 5534 3880 3882
f 5534 3882 3884
f 5535 3869 5536
f 5536 3869 3871
f 3858 3860 5537
f 5537 3860 3861
f 5537 3861 5538
f 5538 3861 3864
f 5538 3864 5535
f 5535 3864 3867
f 5535 3867 3869
f 5539 3853 5540
f 5540 3853 3855
f 5217 3849 5539
f 5539 3849 3851
f 5539 3851 3853
f 5216 3835 5541
f 3846 5542 3842
f 3842 5542 5543
f 3842 5543 3840
f 3840 5543 5541
f 3840 5541 3837
f 3837 5541 3835
f 3830 5544 3827
f 3827 5544 5545
f 3827 5545 3825
f 3825 5545 5546
f 3825 5546 3823
f 3823 5546 3820
f 5547 5548 3817
f 3805 3807 5549
f 5549 3807 3810
f 5549 3810 5550
f 5550 3810 3812
f 5550 3812 5548
f 5548 3812 3815
f 5548 3815 3817
f 3803 5551 3801
f 3801 5551 5552
f 3801 5552 3799
f 3799 5552 5553
f 3799 5553 3797
f 3797 5553 3792
f 5554 3787 5555
f 5555 3787 3793
f 3778 3780 5556
f 5556 3780 3782
f 5556 3782 5557
f 5557 3782 3783
f 5557 3783 5554
f 5554 3783 3785
f 5554 3785 3787
f 5213 3770 5215
f 5215 3770 3772
f 5215 3772 3775
f 3766 5558 3764
f 3764 5558 5559
f 3755 3756 5560
f 5560 3756 3759
f 5560 3759 5559
f 5559 3759 3761
f 5559 3761 3764
f 3752 5561 3750
f 3750 5561 5562
f 3750 5562 3747
f 3747 5562 5563
f 3747 5563 3745
f 3745 5563 3743
f 3743 5563 5564
f 3743 5564 3740
f 3737 5565 3735
f 3735 5565 5566
f 3735 5566 3733
f 3733 5566 5567
f 3733 5567 3730
f 3730 5567 3727
f 3714 3716 5568
f 5568 3716 3718
f 5568 3718 5569
f 5569 3718 3720
f 5569 3720 5212
f 5212 3720 3722
f 5212 3722 3725
f 5208 3707 5210
f 5210 3707 3710
f 5210 3710 3712
f 3703 5570 3691
f 3691 5570 5571
f 5207 3696 5572
f 3696 3698 5572
f 5572 3698 3687
f 5572 3687 5571
f 5571 3687 3689
f 5571 3689 3691
f 3686 5573 3681
f 3681 5573 5574
f 3681 5574 3683
f 3683 5574 5575
f 3683 5575 3678
f 3678 5575 3676
f 5576 5577 3673
f 5578 3670 5577
f 5577 3670 3671
f 5577 3671 3673
f 3663 3666 5579
f 5579 3666 3665
f 5579 3665 5578
f 5578 3665 3668
f 5578 3668 3670
f 5580 3659 5581
f 5581 3659 3661
f 5206 3654 5580
f 5580 3654 3657
f 5580 3657 3659
f 3650 5582 3647
f 3647 5582 5583
f 3647 5583 3644
f 3644 5583 5584
f 3644 5584 3641
f 3641 5584 3639
f 5585 5586 3638
f 3625 3627 5587
f 5587 3627 3629
f 5587 3629 5588
f 5588 3629 3632
f 5588 3632 5586
f 5586 3632 3636
f 5586 3636 3638
f 5589 5590 3623
f 3610 3613 5591
f 5591 3613 3615
f 5591 3615 5592
f 5592 3615 3617
f 5592 3617 5590
f 5590 3617 3620
f 5590 3620 3623
f 5593 3605 3607
f 5593 3607 5594
f 3605 5593 3602
f 3602 5593 5595
f 3602 5595 3600
f 3597 5596 3595
f 3595 5596 5597
f 3595 5597 3592
f 3592 5597 5598
f 3592 5598 3590
f 3590 5598 3588
f 5599 3583 5600
f 5600 3583 3585
f 3572 3574 5601
f 5601 3574 3576
f 5601 3576 5602
f 5602 3576 3578
f 5602 3578 5599
f 5599 3578 3580
f 5599 3580 3583
f 5603 3559 5604
f 5604 3559 3558
f 3557 3563 5605
f 5605 3563 3565
f 5605 3565 5603
f 5603 3565 3567
f 5603 3567 3559
f 5606 5607 3554
f 5608 3551 5607
f 5607 3551 3553
f 5607 3553 3554
f 3543 3545 5609
f 5609 3545 3547
f 5609 3547 5608
f 5608 3547 3549
f 5608 3549 3551
f 5610 3539 3541
f 5610 3541 5611
f 3539 5610 3525
f 3525 5610 5612
f 3525 5612 3527
f 3534 5613 3532
f 3532 5613 5614
f 3532 5614 3530
f 3530 5614 5205
f 3530 5205 3523
f 3523 5205 3521
f 5615 3516 5616
f 5616 3516 3508
f 3504 3506 5617
f 5617 3506 3512
f 5617 3512 5615
f 5615 3512 3514
f 5615 3514 3516
f 5618 5619 3502
f 3489 3491 5620
f 5620 3491 3494
f 5620 3494 5621
f 5621 3494 3496
f 5621 3496 5619
f 5619 3496 3500
f 5619 3500 3502
f 5622 3484 3487
f 5622 3487 5623
f 3484 5622 3480
f 3480 5622 5624
f 3480 5624 3481
f 3470 5625 3472
f 3472 5625 5626
f 3472 5626 3474
f 3474 5626 5627
f 3474 5627 3476
f 3476 5627 3467
f 3453 3455 5628
f 5628 3455 3458
f 5628 3458 5629
f 5629 3458 3460
f 5629 3460 5203
f 5203 3460 3462
f 5203 3462 3465
f 5630 3449 5631
f 5631 3449 3451
f 3438 3439 5632
f 5632 3439 3441
f 5632 3441 5633
f 5633 3441 3444
f 5633 3444 5630
f 5630 3444 3447
f 5630 3447 3449
f 5634 3434 5635
f 5635 3434 3436
f 5201 3430 5634
f 5634 3430 3433
f 5634 3433 3434
f 3425 5636 3423
f 3423 5636 5637
f 3414 3416 5638
f 5638 3416 3418
f 5638 3418 5637
f 5637 3418 3420
f 5637 3420 3423
f 5639 3409 3411
f 5639 3411 5640
f 3409 5639 3407
f 3407 5639 5641
f 3407 5641 3405
f 3396 3399 5642
f 5642 3399 3401
f 5642 3401 5641
f 5641 3401 3403
f 5641 3403 3405
f 5643 5644 3393
f 3384 3386 5645
f 5645 3386 3389
f 5645 3389 5644
f 5644 3389 3391
f 5644 3391 3393
f 3383 5646 3381
f 3381 5646 5292
f 5200 3378 5292
f 5292 3378 3379
f 5292 3379 3381
f 3377 5200 3376
f 3376 5200 5290
f 3376 5290 3375
f 3375 5290 5291
f 3375 5291 3374
f 1539 5289 5291
f 5291 5289 3373
f 5291 3373 3374
f 3368 5288 5287
f 5287 5288 1549
f 5287 1549 1548
f 3368 3367 5288
f 5288 3367 3366
f 5288 3366 5289
f 5289 3366 3372
f 5289 3372 3373
f 1309 3349 5284
f 5284 3349 3371
f 5284 3371 5286
f 5286 3371 3370
f 5286 3370 5287
f 5287 3370 3369
f 5287 3369 3368
f 3248 5248 3249
f 3249 5248 5293
f 3249 5293 1553
f 1553 5293 5294
f 1553 5294 970
f 970 5294 5259
f 970 5259 967
f 967 5259 975
f 3248 3253 5248
f 5248 3253 5297
f 5248 5297 4913
f 4913 5297 4910
f 3253 3252 5297
f 5297 3252 3251
f 5297 3251 5296
f 5296 3251 3250
f 5296 3250 5295
f 3256 5298 3255
f 3255 5298 5295
f 3255 5295 3254
f 3254 5295 3250
f 3256 3257 5298
f 5298 3257 5300
f 5298 5300 4896
f 4896 5300 4893
f 3244 5301 3246
f 3246 5301 5299
f 3246 5299 3247
f 3247 5299 5300
f 3247 5300 3258
f 3258 5300 3257
f 3244 3241 5301
f 5301 3241 5302
f 5301 5302 4886
f 4886 5302 4883
f 3241 3239 5302
f 5302 3239 3237
f 5302 3237 5303
f 5303 3237 3235
f 5303 3235 5304
f 3227 5305 3230
f 3230 5305 5304
f 3230 5304 3233
f 3233 5304 3235
f 3227 3225 5305
f 5305 3225 5306
f 5305 5306 4872
f 4872 5306 4869
f 3215 5308 3217
f 3217 5308 5307
f 3217 5307 3220
f 3220 5307 5306
f 3220 5306 3222
f 3222 5306 3225
f 3215 3212 5308
f 5308 3212 5246
f 5308 5246 4850
f 4850 5246 4848
f 3212 3209 5246
f 5246 3209 3207
f 5246 3207 5247
f 5247 3207 3205
f 5247 3205 5310
f 3198 5309 3195
f 3195 5309 5310
f 3195 5310 3203
f 3203 5310 3205
f 3198 3184 5309
f 5309 3184 5312
f 5309 5312 4845
f 4845 5312 4831
f 3193 5245 3191
f 3191 5245 5311
f 3191 5311 3188
f 3188 5311 5312
f 3188 5312 3186
f 3186 5312 3184
f 3193 1555 5245
f 5245 1555 5314
f 5245 5314 4836
f 4836 5314 4830
f 1555 1554 5314
f 5314 1554 3181
f 5314 3181 5315
f 5315 3181 3174
f 5315 3174 5313
f 3167 5244 3165
f 3165 5244 5313
f 3165 5313 3176
f 3176 5313 3174
f 3167 3169 5244
f 5244 3169 5316
f 5244 5316 4817
f 4817 5316 4815
f 3162 5318 3160
f 3160 5318 5317
f 3160 5317 3158
f 3158 5317 5316
f 3158 5316 3171
f 3171 5316 3169
f 3162 3153 5318
f 5318 3153 5320
f 5318 5320 4808
f 4808 5320 4807
f 3149 5243 3147
f 3147 5243 5319
f 3147 5319 3145
f 3145 5319 5320
f 3145 5320 3152
f 3152 5320 3153
f 3149 3135 5243
f 5243 3135 5322
f 5243 5322 4796
f 4796 5322 4793
f 3135 3137 5322
f 5322 3137 3139
f 5322 3139 5321
f 5321 3139 3142
f 5321 3142 5323
f 3127 5242 3132
f 3132 5242 5323
f 3132 5323 3130
f 3130 5323 3142
f 3127 3124 5242
f 5242 3124 5325
f 5242 5325 4779
f 4779 5325 4777
f 3124 3115 5325
f 5325 3115 3117
f 5325 3117 5326
f 5326 3117 3119
f 5326 3119 5324
f 3112 5241 3110
f 3110 5241 5324
f 3110 5324 3121
f 3121 5324 3119
f 3112 3099 5241
f 5241 3099 5327
f 5241 5327 4765
f 4765 5327 4763
f 3107 5329 3105
f 3105 5329 5328
f 3105 5328 3103
f 3103 5328 5327
f 3103 5327 3098
f 3098 5327 3099
f 3107 3088 5329
f 5329 3088 5330
f 5329 5330 4752
f 4752 5330 4750
f 3084 5332 3095
f 3095 5332 5331
f 3095 5331 3092
f 3092 5331 5330
f 3092 5330 3090
f 3090 5330 3088
f 3084 3086 5332
f 5332 3086 5333
f 5332 5333 4745
f 4745 5333 4738
f 3086 3079 5333
f 5333 3079 3081
f 5333 3081 5334
f 5334 3081 3076
f 5334 3076 5335
f 3073 5336 3071
f 3071 5336 5335
f 3071 5335 3069
f 3069 5335 3076
f 3073 3059 5336
f 5336 3059 5338
f 5336 5338 4725
f 4725 5338 4722
f 3054 5240 3066
f 3066 5240 5337
f 3066 5337 3063
f 3063 5337 5338
f 3063 5338 3061
f 3061 5338 3059
f 3054 3056 5240
f 5240 3056 5340
f 5240 5340 4713
f 4713 5340 4711
f 3056 3051 5340
f 5340 3051 3044
f 5340 3044 5339
f 5339 3044 3046
f 5339 3046 5342
f 3041 5341 3039
f 3039 5341 5342
f 3039 5342 3048
f 3048 5342 3046
f 3041 3034 5341
f 5341 3034 5344
f 5341 5344 4699
f 4699 5344 4697
f 3028 5345 3026
f 3026 5345 5343
f 3026 5343 3024
f 3024 5343 5344
f 3024 5344 3036
f 3036 5344 3034
f 3028 3031 5345
f 5345 3031 5346
f 5345 5346 4684
f 4684 5346 4681
f 3031 3021 5346
f 5346 3021 3014
f 5346 3014 5347
f 5347 3014 3016
f 5347 3016 5349
f 3011 5348 3009
f 3009 5348 5349
f 3009 5349 3018
f 3018 5349 3016
f 3011 3004 5348
f 5348 3004 5351
f 5348 5351 4670
f 4670 5351 4669
f 3000 5352 2998
f 2998 5352 5350
f 2998 5350 2996
f 2996 5350 5351
f 2996 5351 3003
f 3003 5351 3004
f 3000 2989 5352
f 5352 2989 5353
f 5352 5353 4657
f 4657 5353 4662
f 2989 2988 5353
f 5353 2988 2993
f 5353 2993 5354
f 5354 2993 2979
f 5354 2979 5239
f 2985 5238 2983
f 2983 5238 5239
f 2983 5239 2981
f 2981 5239 2979
f 2985 1558 5238
f 5238 1558 5355
f 5238 5355 4646
f 4646 5355 4644
f 2973 5357 2971
f 2971 5357 5356
f 2971 5356 2969
f 2969 5356 5355
f 2969 5355 1557
f 1557 5355 1558
f 2973 2957 5357
f 5357 2957 5358
f 5357 5358 4634
f 4634 5358 4632
f 2966 5360 2964
f 2964 5360 5359
f 2964 5359 2961
f 2961 5359 5358
f 2961 5358 2959
f 2959 5358 2957
f 2966 2952 5360
f 5360 2952 5361
f 5360 5361 4623
f 4623 5361 4621
f 2938 5364 2939
f 2939 5364 5363
f 2939 5363 2948
f 2948 5363 5362
f 2948 5362 2946
f 2946 5362 5361
f 2946 5361 2951
f 2951 5361 2952
f 2938 2943 5364
f 5364 2943 5365
f 5364 5365 4606
f 4606 5365 4604
f 2943 2934 5365
f 5365 2934 2936
f 5365 2936 5366
f 5366 2936 2929
f 5366 2929 5367
f 2919 5368 2926
f 2926 5368 5367
f 2926 5367 2931
f 2931 5367 2929
f 2919 2921 5368
f 5368 2921 5370
f 5368 5370 4591
f 4591 5370 4589
f 2915 5237 2913
f 2913 5237 5369
f 2913 5369 2911
f 2911 5369 5370
f 2911 5370 2923
f 2923 5370 2921
f 2915 2899 5237
f 5237 2899 5372
f 5237 5372 4579
f 4579 5372 4577
f 2908 5236 2906
f 2906 5236 5371
f 2906 5371 2903
f 2903 5371 5372
f 2903 5372 2901
f 2901 5372 2899
f 2908 2892 5236
f 5236 2892 5373
f 5236 5373 4567
f 4567 5373 4564
f 2892 2891 5373
f 5373 2891 2896
f 5373 2896 5234
f 5234 2896 2888
f 5234 2888 5235
f 2878 5374 2885
f 2885 5374 5235
f 2885 5235 2883
f 2883 5235 2888
f 2878 2880 5374
f 5374 2880 5376
f 5374 5376 4548
f 4548 5376 4545
f 2870 5377 2868
f 2868 5377 5375
f 2868 5375 2875
f 2875 5375 5376
f 2875 5376 2873
f 2873 5376 2880
f 2870 2857 5377
f 5377 2857 5378
f 5377 5378 4530
f 4530 5378 4538
f 2857 2859 5378
f 5378 2859 2861
f 5378 2861 5379
f 5379 2861 2863
f 5379 2863 5380
f 2854 5381 2852
f 2852 5381 5380
f 2852 5380 2865
f 2865 5380 2863
f 2854 1561 5381
f 5381 1561 5382
f 5381 5382 4525
f 4525 5382 4520
f 2844 5384 2842
f 2842 5384 5383
f 2842 5383 2849
f 2849 5383 5382
f 2849 5382 1560
f 1560 5382 1561
f 2844 2839 5384
f 5384 2839 5232
f 5384 5232 4510
f 4510 5232 4508
f 2839 2832 5232
f 5232 2832 2834
f 5232 2834 5233
f 5233 2834 2836
f 5233 2836 5386
f 2829 5385 2827
f 2827 5385 5386
f 2827 5386 2825
f 2825 5386 2836
f 2829 2821 5385
f 5385 2821 5387
f 5385 5387 4498
f 4498 5387 4495
f 2817 5389 2815
f 2815 5389 5388
f 2815 5388 2813
f 2813 5388 5387
f 2813 5387 2820
f 2820 5387 2821
f 2817 2803 5389
f 5389 2803 5391
f 5389 5391 4482
f 4482 5391 4487
f 2798 5392 2810
f 2810 5392 5390
f 2810 5390 2807
f 2807 5390 5391
f 2807 5391 2805
f 2805 5391 2803
f 2798 2800 5392
f 5392 2800 5393
f 5392 5393 4475
f 4475 5393 4472
f 2786 5396 2788
f 2788 5396 5395
f 2788 5395 2790
f 2790 5395 5394
f 2790 5394 2795
f 2795 5394 5393
f 2795 5393 2793
f 2793 5393 2800
f 2786 2772 5396
f 5396 2772 5398
f 5396 5398 4462
f 4462 5398 4457
f 2772 2775 5398
f 5398 2775 2777
f 5398 2777 5397
f 5397 2777 2780
f 5397 2780 5400
f 2766 5399 2767
f 2767 5399 5400
f 2767 5400 2782
f 2782 5400 2780
f 2766 2754 5399
f 5399 2754 5401
f 5399 5401 4448
f 4448 5401 4447
f 2763 5403 2761
f 2761 5403 5402
f 2761 5402 2758
f 2758 5402 5401
f 2758 5401 2756
f 2756 5401 2754
f 2763 2749 5403
f 5403 2749 5405
f 5403 5405 4433
f 4433 5405 4431
f 2739 5406 2746
f 2746 5406 5404
f 2746 5404 2744
f 2744 5404 5405
f 2744 5405 2751
f 2751 5405 2749
f 2739 2741 5406
f 5406 2741 5407
f 5406 5407 4419
f 4419 5407 4416
f 2741 2737 5407
f 5407 2737 2735
f 5407 2735 5408
f 5408 2735 2733
f 5408 2733 5410
f 2727 5409 2724
f 2724 5409 5410
f 2724 5410 2731
f 2731 5410 2733
f 2727 2719 5409
f 5409 2719 5411
f 5409 5411 4405
f 4405 5411 4402
f 2715 5413 2713
f 2713 5413 5412
f 2713 5412 2711
f 2711 5412 5411
f 2711 5411 2718
f 2718 5411 2719
f 2715 2702 5413
f 5413 2702 5414
f 5413 5414 3346
f 3346 5414 3347
f 2702 2701 5414
f 5414 2701 2706
f 5414 2706 5415
f 5415 2706 2708
f 5415 2708 5416
f 2691 5417 2698
f 2698 5417 5416
f 2698 5416 2696
f 2696 5416 2708
f 2691 2693 5417
f 5417 2693 5419
f 5417 5419 4393
f 4393 5419 4378
f 2685 5231 2683
f 2683 5231 5418
f 2683 5418 2681
f 2681 5418 5419
f 2681 5419 2688
f 2688 5419 2693
f 2685 2669 5231
f 5231 2669 5420
f 5231 5420 4371
f 4371 5420 4369
f 2669 2671 5420
f 5420 2671 2673
f 5420 2673 5421
f 5421 2673 2676
f 5421 2676 5422
f 2663 5230 2664
f 2664 5230 5422
f 2664 5422 2678
f 2678 5422 2676
f 2663 2652 5230
f 5230 2652 5423
f 5230 5423 4356
f 4356 5423 4354
f 2660 5425 2658
f 2658 5425 5424
f 2658 5424 2656
f 2656 5424 5423
f 2656 5423 2651
f 2651 5423 2652
f 2660 2646 5425
f 5425 2646 5426
f 5425 5426 4343
f 4343 5426 4340
f 2646 2648 5426
f 5426 2648 2641
f 5426 2641 5427
f 5427 2641 2643
f 5427 2643 5428
f 2635 5429 2633
f 2633 5429 5428
f 2633 5428 2638
f 2638 5428 2643
f 2635 2621 5429
f 5429 2621 5430
f 5429 5430 4327
f 4327 5430 4325
f 2630 5432 2628
f 2628 5432 5431
f 2628 5431 2625
f 2625 5431 5430
f 2625 5430 2623
f 2623 5430 2621
f 2630 2616 5432
f 5432 2616 5434
f 5432 5434 4316
f 4316 5434 4314
f 2613 5229 2608
f 2608 5229 5433
f 2608 5433 2609
f 2609 5433 5434
f 2609 5434 2618
f 2618 5434 2616
f 2613 2605 5229
f 5229 2605 5435
f 5229 5435 4304
f 4304 5435 4302
f 2605 2602 5435
f 5435 2602 2599
f 5435 2599 5436
f 5436 2599 2592
f 5436 2592 5437
f 2585 5228 2596
f 2596 5228 5437
f 2596 5437 2594
f 2594 5437 2592
f 2585 2587 5228
f 5228 2587 5438
f 5228 5438 4288
f 4288 5438 4286
f 2587 2589 5438
f 5438 2589 2578
f 5438 2578 5226
f 5226 2578 2577
f 5226 2577 5227
f 2574 5439 2572
f 2572 5439 5227
f 2572 5227 2582
f 2582 5227 2577
f 2574 2560 5439
f 5439 2560 5441
f 5439 5441 4271
f 4271 5441 4268
f 2569 5442 2567
f 2567 5442 5440
f 2567 5440 2564
f 2564 5440 5441
f 2564 5441 2562
f 2562 5441 2560
f 2569 2555 5442
f 5442 2555 5443
f 5442 5443 4261
f 4261 5443 4258
f 2547 5445 2552
f 2552 5445 5444
f 2552 5444 2550
f 2550 5444 5443
f 2550 5443 2557
f 2557 5443 2555
f 2547 2544 5445
f 5445 2544 5447
f 5445 5447 4248
f 4248 5447 4246
f 2544 2537 5447
f 5447 2537 2539
f 5447 2539 5446
f 5446 2539 2541
f 5446 2541 5449
f 2534 5448 2532
f 2532 5448 5449
f 2532 5449 2530
f 2530 5449 2541
f 2534 2525 5448
f 5448 2525 5450
f 5448 5450 4233
f 4233 5450 4231
f 2521 5452 2519
f 2519 5452 5451
f 2519 5451 2517
f 2517 5451 5450
f 2517 5450 2524
f 2524 5450 2525
f 2521 2512 5452
f 5452 2512 5453
f 5452 5453 4224
f 4224 5453 4222
f 2512 2514 5453
f 5453 2514 1564
f 5453 1564 5454
f 5454 1564 1563
f 5454 1563 5456
f 2504 5455 2510
f 2510 5455 5456
f 2510 5456 2507
f 2507 5456 1563
f 2504 2501 5455
f 5455 2501 5457
f 5455 5457 4207
f 4207 5457 4205
f 2498 5459 2496
f 2496 5459 5458
f 2496 5458 2494
f 2494 5458 5457
f 2494 5457 2492
f 2492 5457 2501
f 2498 2487 5459
f 5459 2487 5460
f 5459 5460 4197
f 4197 5460 4195
f 2487 2489 5460
f 5460 2489 2480
f 5460 2480 5461
f 5461 2480 2479
f 5461 2479 5462
f 2476 5463 2474
f 2474 5463 5462
f 2474 5462 2484
f 2484 5462 2479
f 2476 2458 5463
f 5463 2458 5464
f 5463 5464 4183
f 4183 5464 4181
f 2467 5466 2465
f 2465 5466 5465
f 2465 5465 2462
f 2462 5465 5464
f 2462 5464 2460
f 2460 5464 2458
f 2467 2469 5466
f 5466 2469 5468
f 5466 5468 4168
f 4168 5468 4166
f 2469 2471 5468
f 5468 2471 1567
f 5468 1567 5467
f 5467 1567 1566
f 5467 1566 5469
f 2450 5225 2448
f 2448 5225 5469
f 2448 5469 2455
f 2455 5469 1566
f 2450 2443 5225
f 5225 2443 5470
f 5225 5470 4153
f 4153 5470 4151
f 2440 5472 2438
f 2438 5472 5471
f 2438 5471 2436
f 2436 5471 5470
f 2436 5470 2445
f 2445 5470 2443
f 2440 2431 5472
f 5472 2431 5474
f 5472 5474 4141
f 4141 5474 4139
f 2427 5475 2425
f 2425 5475 5473
f 2425 5473 2423
f 2423 5473 5474
f 2423 5474 2430
f 2430 5474 2431
f 2427 2414 5475
f 5475 2414 5476
f 5475 5476 4125
f 4125 5476 4132
f 2414 2413 5476
f 5476 2413 2418
f 5476 2418 5477
f 5477 2418 2420
f 5477 2420 5478
f 2405 5479 2410
f 2410 5479 5478
f 2410 5478 2408
f 2408 5478 2420
f 2405 2396 5479
f 5479 2396 5480
f 5479 5480 4118
f 4118 5480 4113
f 2396 2398 5480
f 5480 2398 2400
f 5480 2400 5481
f 5481 2400 2402
f 5481 2402 5482
f 2393 5224 2391
f 2391 5224 5482
f 2391 5482 2389
f 2389 5482 2402
f 2393 2380 5224
f 5224 2380 5483
f 5224 5483 4101
f 4101 5483 4098
f 2376 5485 2386
f 2386 5485 5484
f 2386 5484 2384
f 2384 5484 5483
f 2384 5483 2379
f 2379 5483 2380
f 2376 2370 5485
f 5485 2370 5486
f 5485 5486 4087
f 4087 5486 4084
f 2364 5488 2372
f 2372 5488 5487
f 2372 5487 2373
f 2373 5487 5486
f 2373 5486 2369
f 2369 5486 2370
f 2364 2366 5488
f 5488 2366 5489
f 5488 5489 4075
f 4075 5489 4072
f 2366 2357 5489
f 5489 2357 2359
f 5489 2359 5490
f 5490 2359 2354
f 5490 2354 5491
f 2342 5492 2351
f 2351 5492 5491
f 2351 5491 2349
f 2349 5491 2354
f 2342 2344 5492
f 5492 2344 5222
f 5492 5222 4047
f 4047 5222 4048
f 2338 5221 2336
f 2336 5221 5223
f 2336 5223 2334
f 2334 5223 5222
f 2334 5222 2346
f 2346 5222 2344
f 2338 2329 5221
f 5221 2329 5494
f 5221 5494 4052
f 4052 5494 4046
f 2329 2331 5494
f 5494 2331 2322
f 5494 2322 5495
f 5495 2322 2324
f 5495 2324 5493
f 2312 5220 2319
f 2319 5220 5493
f 2319 5493 2326
f 2326 5493 2324
f 2312 2314 5220
f 5220 2314 5496
f 5220 5496 4034
f 4034 5496 4032
f 2304 5498 2309
f 2309 5498 5497
f 2309 5497 2307
f 2307 5497 5496
f 2307 5496 2316
f 2316 5496 2314
f 2304 2301 5498
f 5498 2301 5499
f 5498 5499 4022
f 4022 5499 4019
f 2301 2292 5499
f 5499 2292 2294
f 5499 2294 5500
f 5500 2294 2296
f 5500 2296 5501
f 2289 5502 2287
f 2287 5502 5501
f 2287 5501 2298
f 2298 5501 2296
f 2289 2282 5502
f 5502 2282 5503
f 5502 5503 4005
f 4005 5503 3992
f 2278 5505 2276
f 2276 5505 5504
f 2276 5504 2274
f 2274 5504 5503
f 2274 5503 2281
f 2281 5503 2282
f 2278 2271 5505
f 5505 2271 5506
f 5505 5506 3996
f 3996 5506 3990
f 2271 2264 5506
f 5506 2264 2266
f 5506 2266 5507
f 5507 2266 2268
f 5507 2268 5508
f 2261 5509 2259
f 2259 5509 5508
f 2259 5508 2257
f 2257 5508 2268
f 2261 1570 5509
f 5509 1570 5511
f 5509 5511 3977
f 3977 5511 3974
f 2251 5219 2249
f 2249 5219 5510
f 2249 5510 2247
f 2247 5510 5511
f 2247 5511 1569
f 1569 5511 1570
f 2251 2235 5219
f 5219 2235 5512
f 5219 5512 3964
f 3964 5512 3962
f 2244 5514 2242
f 2242 5514 5513
f 2242 5513 2239
f 2239 5513 5512
f 2239 5512 2237
f 2237 5512 2235
f 2244 2230 5514
f 5514 2230 5515
f 5514 5515 3954
f 3954 5515 3951
f 2230 2229 5515
f 5515 2229 2224
f 5515 2224 5516
f 5516 2224 2226
f 5516 2226 5518
f 2221 5517 2219
f 2219 5517 5518
f 2219 5518 2217
f 2217 5518 2226
f 2221 2212 5517
f 5517 2212 5519
f 5517 5519 3939
f 3939 5519 3936
f 2212 2214 5519
f 5519 2214 2207
f 5519 2207 5520
f 5520 2207 2209
f 5520 2209 5521
f 2199 5522 2204
f 2204 5522 5521
f 2204 5521 2202
f 2202 5521 2209
f 2199 2189 5522
f 5522 2189 5523
f 5522 5523 3923
f 3923 5523 3920
f 2186 5525 2196
f 2196 5525 5524
f 2196 5524 2193
f 2193 5524 5523
f 2193 5523 2191
f 2191 5523 2189
f 2186 2175 5525
f 5525 2175 5526
f 5525 5526 3911
f 3911 5526 3909
f 2183 5528 2181
f 2181 5528 5527
f 2181 5527 2179
f 2179 5527 5526
f 2179 5526 2177
f 2177 5526 2175
f 2183 2172 5528
f 5528 2172 5530
f 5528 5530 3899
f 3899 5530 3898
f 2172 2165 5530
f 5530 2165 2167
f 5530 2167 5529
f 5529 2167 2169
f 5529 2169 5531
f 2160 5218 2163
f 2163 5218 5531
f 2163 5531 2164
f 2164 5531 2169
f 2160 2157 5218
f 5218 2157 5534
f 5218 5534 3886
f 3886 5534 3884
f 2148 5532 2150
f 2150 5532 5533
f 2150 5533 2152
f 2152 5533 5534
f 2152 5534 2155
f 2155 5534 2157
f 2148 2141 5532
f 5532 2141 5536
f 5532 5536 3873
f 3873 5536 3871
f 2141 2144 5536
f 5536 2144 2132
f 5536 2132 5535
f 5535 2132 2131
f 5535 2131 5538
f 2128 5537 2138
f 2138 5537 5538
f 2138 5538 2136
f 2136 5538 2131
f 2128 2125 5537
f 5537 2125 5540
f 5537 5540 3858
f 3858 5540 3855
f 2113 5217 2122
f 2122 5217 5539
f 2122 5539 2120
f 2120 5539 5540
f 2120 5540 2118
f 2118 5540 2125
f 2113 2115 5217
f 5217 2115 5542
f 5217 5542 3848
f 3848 5542 3846
f 2115 2108 5542
f 5542 2108 2110
f 5542 2110 5543
f 5543 2110 2105
f 5543 2105 5541
f 2101 5216 2103
f 2103 5216 5541
f 2103 5541 2104
f 2104 5541 2105
f 2101 1574 5216
f 5216 1574 5544
f 5216 5544 3833
f 3833 5544 3830
f 2087 5546 2097
f 2097 5546 5545
f 2097 5545 2094
f 2094 5545 5544
f 2094 5544 2092
f 2092 5544 1574
f 2087 2089 5546
f 5546 2089 5547
f 5546 5547 3820
f 3820 5547 3817
f 2089 2082 5547
f 5547 2082 2084
f 5547 2084 5548
f 5548 2084 2079
f 5548 2079 5550
f 2069 5549 2076
f 2076 5549 5550
f 2076 5550 2074
f 2074 5550 2079
f 2069 2071 5549
f 5549 2071 5551
f 5549 5551 3805
f 3805 5551 3803
f 2063 5553 2061
f 2061 5553 5552
f 2061 5552 2059
f 2059 5552 5551
f 2059 5551 2066
f 2066 5551 2071
f 2063 2047 5553
f 5553 2047 5555
f 5553 5555 3792
f 3792 5555 3793
f 2047 2049 5555
f 5555 2049 2051
f 5555 2051 5554
f 5554 2051 2054
f 5554 2054 5557
f 2039 5556 2040
f 2040 5556 5557
f 2040 5557 2056
f 2056 5557 2054
f 2039 2044 5556
f 5556 2044 5214
f 5556 5214 3778
f 3778 5214 3775
f 2036 5213 2034
f 2034 5213 5215
f 2034 5215 2029
f 2029 5215 5214
f 2029 5214 2030
f 2030 5214 2044
f 2036 2024 5213
f 5213 2024 5558
f 5213 5558 3768
f 3768 5558 3766
f 2014 5560 2021
f 2021 5560 5559
f 2021 5559 2019
f 2019 5559 5558
f 2019 5558 2026
f 2026 5558 2024
f 2014 2016 5560
f 5560 2016 5561
f 5560 5561 3755
f 3755 5561 3752
f 2002 5564 2004
f 2004 5564 5563
f 2004 5563 2008
f 2008 5563 5562
f 2008 5562 2006
f 2006 5562 5561
f 2006 5561 2011
f 2011 5561 2016
f 2002 2000 5564
f 5564 2000 5565
f 5564 5565 3740
f 3740 5565 3737
f 1993 5567 1991
f 1991 5567 5566
f 1991 5566 1577
f 1577 5566 5565
f 1577 5565 1997
f 1997 5565 2000
f 1993 1984 5567
f 5567 1984 5211
f 5567 5211 3727
f 3727 5211 3725
f 1984 1983 5211
f 5211 1983 1988
f 5211 1988 5212
f 5212 1988 1980
f 5212 1980 5569
f 1968 5568 1977
f 1977 5568 5569
f 1977 5569 1975
f 1975 5569 1980
f 1968 1970 5568
f 5568 1970 5209
f 5568 5209 3714
f 3714 5209 3712
f 1962 5208 1964
f 1964 5208 5210
f 1964 5210 1966
f 1966 5210 5209
f 1966 5209 1972
f 1972 5209 1970
f 1962 1959 5208
f 5208 1959 5570
f 5208 5570 3705
f 3705 5570 3703
f 1959 1957 5570
f 5570 1957 1955
f 5570 1955 5571
f 5571 1955 1953
f 5571 1953 5572
f 1947 5207 1944
f 1944 5207 5572
f 1944 5572 1951
f 1951 5572 1953
f 1947 1579 5207
f 5207 1579 5573
f 5207 5573 3694
f 3694 5573 3686
f 1934 5575 1941
f 1941 5575 5574
f 1941 5574 1939
f 1939 5574 5573
f 1939 5573 1578
f 1578 5573 1579
f 1934 1931 5575
f 5575 1931 5576
f 5575 5576 3676
f 3676 5576 3673
f 1931 1924 5576
f 5576 1924 1926
f 5576 1926 5577
f 5577 1926 1928
f 5577 1928 5578
f 1916 5579 1921
f 1921 5579 5578
f 1921 5578 1919
f 1919 5578 1928
f 1916 1904 5579
f 5579 1904 5581
f 5579 5581 3663
f 3663 5581 3661
f 1913 5206 1911
f 1911 5206 5580
f 1911 5580 1908
f 1908 5580 5581
f 1908 5581 1906
f 1906 5581 1904
f 1913 1894 5206
f 5206 1894 5582
f 5206 5582 3652
f 3652 5582 3650
f 1889 5584 1901
f 1901 5584 5583
f 1901 5583 1898
f 1898 5583 5582
f 1898 5582 1896
f 1896 5582 1894
f 1889 1891 5584
f 5584 1891 5585
f 5584 5585 3639
f 3639 5585 3638
f 1875 5587 1873
f 1873 5587 5588
f 1873 5588 1880
f 1880 5588 5586
f 1880 5586 1883
f 1883 5586 5585
f 1883 5585 1886
f 1886 5585 1891
f 1875 1877 5587
f 5587 1877 5589
f 5587 5589 3625
f 3625 5589 3623
f 1877 1870 5589
f 5589 1870 1863
f 5589 1863 5590
f 5590 1863 1865
f 5590 1865 5592
f 1855 5591 1853
f 1853 5591 5592
f 1853 5592 1867
f 1867 5592 1865
f 1855 1857 5591
f 5591 1857 5594
f 5591 5594 3610
f 3610 5594 3607
f 1849 5595 1847
f 1847 5595 5593
f 1847 5593 1845
f 1845 5593 5594
f 1845 5594 1860
f 1860 5594 1857
f 1849 1842 5595
f 5595 1842 5596
f 5595 5596 3600
f 3600 5596 3597
f 1839 5598 1837
f 1837 5598 5597
f 1837 5597 1835
f 1835 5597 5596
f 1835 5596 1833
f 1833 5596 1842
f 1839 1830 5598
f 5598 1830 5600
f 5598 5600 3588
f 3588 5600 3585
f 1830 1825 5600
f 5600 1825 1827
f 5600 1827 5599
f 5599 1827 1823
f 5599 1823 5602
f 1818 5601 1821
f 1821 5601 5602
f 1821 5602 1822
f 1822 5602 1823
f 1818 1804 5601
f 5601 1804 5604
f 5601 5604 3572
f 3572 5604 3558
f 1814 5605 1812
f 1812 5605 5603
f 1812 5603 1809
f 1809 5603 5604
f 1809 5604 1807
f 1807 5604 1804
f 1814 1799 5605
f 5605 1799 5606
f 5605 5606 3557
f 3557 5606 3554
f 1799 1801 5606
f 5606 1801 1582
f 5606 1582 5607
f 5607 1582 1581
f 5607 1581 5608
f 1791 5609 1789
f 1789 5609 5608
f 1789 5608 1796
f 1796 5608 1581
f 1791 1784 5609
f 5609 1784 5611
f 5609 5611 3543
f 3543 5611 3541
f 1778 5612 1776
f 1776 5612 5610
f 1776 5610 1774
f 1774 5610 5611
f 1774 5611 1786
f 1786 5611 1784
f 1778 1781 5612
f 5612 1781 5613
f 5612 5613 3527
f 3527 5613 3534
f 1781 1771 5613
f 5613 1771 1764
f 5613 1764 5614
f 5614 1764 1766
f 5614 1766 5205
f 1761 5204 1759
f 1759 5204 5205
f 1759 5205 1768
f 1768 5205 1766
f 1761 1749 5204
f 5204 1749 5616
f 5204 5616 3507
f 3507 5616 3508
f 1744 5617 1756
f 1756 5617 5615
f 1756 5615 1753
f 1753 5615 5616
f 1753 5616 1751
f 1751 5616 1749
f 1744 1746 5617
f 5617 1746 5618
f 5617 5618 3504
f 3504 5618 3502
f 1746 1739 5618
f 5618 1739 1741
f 5618 1741 5619
f 5619 1741 1736
f 5619 1736 5621
f 1724 5620 1733
f 1733 5620 5621
f 1733 5621 1731
f 1731 5621 1736
f 1724 1726 5620
f 5620 1726 5623
f 5620 5623 3489
f 3489 5623 3487
f 1720 5624 1718
f 1718 5624 5622
f 1718 5622 1716
f 1716 5622 5623
f 1716 5623 1728
f 1728 5623 1726
f 1720 1711 5624
f 5624 1711 5625
f 5624 5625 3481
f 3481 5625 3470
f 1708 5627 1706
f 1706 5627 5626
f 1706 5626 1704
f 1704 5626 5625
f 1704 5625 1713
f 1713 5625 1711
f 1708 1701 5627
f 5627 1701 5202
f 5627 5202 3467
f 3467 5202 3465
f 1701 1694 5202
f 5202 1694 1696
f 5202 1696 5203
f 5203 1696 1698
f 5203 1698 5629
f 1686 5628 1691
f 1691 5628 5629
f 1691 5629 1689
f 1689 5629 1698
f 1686 1683 5628
f 5628 1683 5631
f 5628 5631 3453
f 3453 5631 3451
f 1683 1674 5631
f 5631 1674 1676
f 5631 1676 5630
f 5630 1676 1678
f 5630 1678 5633
f 1671 5632 1669
f 1669 5632 5633
f 1669 5633 1680
f 1680 5633 1678
f 1671 1657 5632
f 5632 1657 5635
f 5632 5635 3438
f 3438 5635 3436
f 1666 5201 1664
f 1664 5201 5634
f 1664 5634 1661
f 1661 5634 5635
f 1661 5635 1656
f 1656 5635 1657
f 1666 1653 5201
f 5201 1653 5636
f 5201 5636 3427
f 3427 5636 3425
f 1643 5638 1641
f 1641 5638 5637
f 1641 5637 1650
f 1650 5637 5636
f 1650 5636 1648
f 1648 5636 1653
f 1643 1645 5638
f 5638 1645 5640
f 5638 5640 3414
f 3414 5640 3411
f 1645 1636 5640
f 5640 1636 1638
f 5640 1638 5639
f 5639 1638 1633
f 5639 1633 5641
f 1628 5642 1626
f 1626 5642 5641
f 1626 5641 1624
f 1624 5641 1633
f 1628 1630 5642
f 5642 1630 5643
f 5642 5643 3396
f 3396 5643 3393
f 1616 5645 1614
f 1614 5645 5644
f 1614 5644 1621
f 1621 5644 5643
f 1621 5643 1619
f 1619 5643 1630
f 1616 1609 5645
f 5645 1609 5646
f 5645 5646 3384
f 3384 5646 3383
f 1609 1611 5646
f 5646 1611 1604
f 5646 1604 5292
f 5292 1604 1606
f 5292 1606 1385
f 3672 3669 1634
f 3961 1952 1954
f 4999 4996 3077
f 3429 1408 3431
f 3431 1408 3432
f 1410 3437 3435
f 1417 3446 3445
f 3446 1417 3448
f 3364 1020 3365
f 3365 1020 1022
f 3365 1022 1024
f 3364 3363 1020
f 1020 3363 3362
f 1020 3362 1005
f 1005 3362 1006
f 1006 3362 3361
f 1006 3361 1008
f 1008 3361 3360
f 1008 3360 1010
f 1010 3360 3359
f 1010 3359 1015
f 3359 3358 1015
f 1015 3358 3357
f 1015 3357 1013
f 1013 3357 3356
f 1013 3356 1004
f 1004 3356 1002
f 1002 3356 3350
f 1002 3350 1000
f 3350 3351 1000
f 1000 3351 3352
f 1000 3352 997
f 997 3352 3353
f 997 3353 991
f 991 3353 989
f 989 3353 3354
f 989 3354 940
f 3354 3355 940
f 940 3355 5199
f 940 5199 992
f 992 5199 5198
f 5193 984 5195
f 5195 984 986
f 5195 986 5196
f 5196 986 977
f 5196 977 5197
f 5197 977 979
f 5197 979 5198
f 5198 979 981
f 5198 981 992
f 5181 964 5183
f 5183 964 966
f 5183 966 5184
f 5184 966 973
f 5184 973 5186
f 5186 973 972
f 5186 972 5188
f 5188 972 971
f 5188 971 5190
f 5190 971 969
f 5190 969 5191
f 5191 969 968
f 5191 968 5193
f 5193 968 974
f 5193 974 984
f 5162 950 5163
f 5163 950 949
f 5163 949 5169
f 5169 949 957
f 5169 957 5170
f 5170 957 955
f 5170 955 5172
f 5172 955 954
f 5172 954 5174
f 5174 954 963
f 5174 963 5175
f 5175 963 962
f 5175 962 5177
f 5177 962 961
f 5177 961 5179
f 5179 961 960
f 5179 960 5181
f 5181 960 959
f 5181 959 964
f 5166 953 5162
f 5162 953 952
f 5162 952 950
f 5155 948 5157
f 5157 948 947
f 5157 947 5159
f 5159 947 945
f 5159 945 5160
f 5160 945 944
f 5160 944 5165
f 5165 944 942
f 5165 942 5166
f 5166 942 941
f 5166 941 953
f 3603 3601 1509
f 1509 3601 1507
f 1507 3601 3599
f 1507 3599 1505
f 1505 3599 3598
f 1505 3598 1389
f 1389 3598 3596
f 1389 3596 1496
f 1496 3596 3594
f 1496 3594 1497
f 3594 3593 1497
f 1497 3593 3591
f 1497 3591 1499
f 1499 3591 1500
f 1500 3591 3589
f 1500 3589 1501
f 1501 3589 3587
f 1501 3587 1502
f 1502 3587 3586
f 1502 3586 1492
f 1492 3586 3584
f 1492 3584 1493
f 1493 3584 3582
f 1493 3582 1494
f 3582 3581 1494
f 1494 3581 3579
f 1494 3579 1495
f 1495 3579 3577
f 1495 3577 1491
f 1491 3577 3575
f 3573 1486 3575
f 3575 1486 1490
f 3575 1490 1491
f 3571 1488 3573
f 3573 1488 1487
f 3573 1487 1486
f 3571 3570 1488
f 1488 3570 3560
f 1488 3560 1489
f 1489 3560 1481
f 1481 3560 3569
f 1481 3569 1482
f 1482 3569 1483
f 1483 3569 3568
f 1483 3568 1484
f 1484 3568 3566
f 1484 3566 1485
f 1485 3566 3564
f 1485 3564 1480
f 3564 3562 1480
f 1480 3562 3561
f 1480 3561 1479
f 1479 3561 1475
f 1475 3561 3556
f 1475 3556 1476
f 1476 3556 3555
f 1476 3555 1477
f 3555 3552 1477
f 1477 3552 3550
f 1477 3550 1478
f 1478 3550 1473
f 1473 3550 3548
f 1473 3548 1474
f 3548 3546 1474
f 1474 3546 1472
f 1472 3546 3544
f 1472 3544 1471
f 1471 3544 3542
f 1471 3542 1467
f 1467 3542 1468
f 1468 3542 3540
f 1468 3540 1469
f 1469 3540 3538
f 1469 3538 1470
f 1470 3538 3537
f 1470 3537 1390
f 1390 3537 3524
f 1390 3524 1391
f 1391 3524 3526
f 1391 3526 1464
f 1464 3526 3536
f 1464 3536 1465
f 1465 3536 1466
f 1466 3536 3535
f 1466 3535 1463
f 1463 3535 3533
f 1463 3533 1462
f 1462 3533 3531
f 1462 3531 1458
f 1458 3531 3529
f 1458 3529 1459
f 1459 3529 3528
f 1459 3528 1460
f 3528 3522 1460
f 1460 3522 3520
f 1460 3520 1461
f 1461 3520 1457
f 1457 3520 3519
f 1457 3519 1456
f 3519 3509 1456
f 1456 3509 3518
f 1456 3518 1392
f 1392 3518 1393
f 1393 3518 3517
f 1393 3517 1453
f 1453 3517 3515
f 1453 3515 1454
f 1454 3515 3513
f 1454 3513 1455
f 1455 3513 3511
f 1455 3511 1452
f 3511 3510 1452
f 1452 3510 3505
f 1452 3505 1451
f 1451 3505 3503
f 1451 3503 1450
f 1450 3503 3501
f 1450 3501 1449
f 1449 3501 3499
f 1449 3499 1443
f 1443 3499 3498
f 1443 3498 1444
f 1444 3498 3497
f 1444 3497 1445
f 1445 3497 3495
f 1445 3495 1446
f 1446 3495 3493
f 1446 3493 1447
f 1447 3493 1448
f 1448 3493 3492
f 1448 3492 1442
f 1442 3492 3490
f 1442 3490 1441
f 1441 3490 3488
f 1441 3488 1437
f 1437 3488 3486
f 1437 3486 1438
f 1438 3486 3485
f 1438 3485 1439
f 1439 3485 3483
f 1439 3483 1440
f 1440 3483 3482
f 1440 3482 1433
f 1433 3482 3479
f 1433 3479 1434
f 1434 3479 3469
f 1434 3469 1435
f 1435 3469 3471
f 1435 3471 1436
f 1436 3471 1432
f 1432 3471 3473
f 1432 3473 1431
f 1431 3473 1427
f 1427 3473 3475
f 1427 3475 1428
f 1428 3475 3477
f 1428 3477 1429
f 1429 3477 3478
f 1429 3478 1430
f 3478 3468 1430
f 1430 3468 3466
f 1430 3466 1423
f 1423 3466 3464
f 1423 3464 1424
f 1424 3464 3463
f 1424 3463 1425
f 1425 3463 3461
f 1425 3461 1426
f 3456 1421 3457
f 3457 1421 1426
f 3457 1426 3459
f 3459 1426 3461
f 1417 1416 3448
f 3448 1416 1395
f 3448 1395 3450
f 3450 1395 1394
f 3450 1394 3452
f 3452 1394 1419
f 3452 1419 3454
f 3454 1419 1420
f 3454 1420 3456
f 3456 1420 1422
f 3456 1422 1421
f 1410 1411 3437
f 3437 1411 1415
f 3437 1415 3440
f 3440 1415 1414
f 3440 1414 3442
f 3442 1414 1413
f 3442 1413 3443
f 3443 1413 1412
f 3443 1412 3445
f 3445 1412 1418
f 3445 1418 1417
f 3432 1408 1407
f 3432 1407 3435
f 3435 1407 1406
f 3435 1406 1410
f 3426 1404 3428
f 3428 1404 1405
f 3428 1405 3429
f 3429 1405 1409
f 3429 1409 1408
f 3426 3424 1404
f 1404 3424 3422
f 1404 3422 1403
f 1403 3422 3421
f 1403 3421 1402
f 3421 3419 1402
f 1402 3419 3417
f 1402 3417 1401
f 1401 3417 3415
f 1401 3415 1400
f 1400 3415 1396
f 1396 3415 3413
f 1396 3413 1397
f 1397 3413 3412
f 1397 3412 1398
f 3412 3410 1398
f 1398 3410 3408
f 1398 3408 1399
f 1399 3408 3406
f 1399 3406 1282
f 1282 3406 3404
f 1282 3404 3402
f 3400 1285 3402
f 3402 1285 1283
f 3402 1283 1282
f 3400 3398 1285
f 1285 3398 3397
f 1285 3397 1286
f 3397 3395 1286
f 1286 3395 3394
f 1286 3394 1281
f 1281 3394 3392
f 1281 3392 1279
f 1279 3392 3390
f 1279 3390 1271
f 3390 3388 1271
f 1271 3388 3387
f 1271 3387 1272
f 1272 3387 3385
f 1272 3385 1274
f 1274 3385 3382
f 1274 3382 1275
f 1275 3382 3380
f 1275 3380 1266
f 3238 3240 5144
f 5144 3240 3242
f 5144 3242 5154
f 5154 3242 3243
f 5154 3243 5155
f 5155 3243 3245
f 5155 3245 948
f 5144 5153 3238
f 3238 5153 5152
f 3238 5152 3236
f 3236 5152 5150
f 3228 3229 5145
f 5145 3229 3231
f 5145 3231 5146
f 5146 3231 3232
f 5146 3232 5148
f 5148 3232 3234
f 5148 3234 5150
f 5150 3234 3236
f 5145 5140 3228
f 3228 5140 5139
f 3228 5139 3226
f 3226 5139 5135
f 3226 5135 3224
f 3224 5135 5134
f 3216 3218 5132
f 5132 3218 3219
f 5132 3219 5137
f 5137 3219 3221
f 5137 3221 5134
f 5134 3221 3223
f 5134 3223 3224
f 5132 5130 3216
f 3216 5130 5129
f 3216 5129 3214
f 3214 5129 5127
f 3214 5127 3213
f 3213 5127 5125
f 3213 5125 3211
f 3211 5125 3210
f 3210 5125 5123
f 3210 5123 3208
f 3208 5123 5121
f 3208 5121 3206
f 3206 5121 5119
f 3206 5119 3204
f 3204 5119 5118
f 3204 5118 3202
f 3202 5118 5116
f 3202 5116 3196
f 3196 5116 5114
f 3196 5114 3197
f 3197 5114 3199
f 3199 5114 5112
f 3199 5112 3200
f 3200 5112 5110
f 3200 5110 3201
f 3201 5110 5109
f 3201 5109 3185
f 3185 5109 5107
f 3185 5107 3187
f 3187 5107 5105
f 3187 5105 3189
f 3189 5105 5103
f 3189 5103 3190
f 3190 5103 5101
f 3190 5101 3192
f 3192 5101 3194
f 3194 5101 5100
f 3194 5100 1556
f 1556 5100 5098
f 1556 5098 5097
f 1556 5097 3179
f 3179 5097 5095
f 3179 5095 3180
f 3180 5095 5093
f 3180 5093 3182
f 3182 5093 5091
f 3182 5091 3183
f 3183 5091 3175
f 3175 5091 5089
f 3175 5089 3177
f 5089 5087 3177
f 3177 5087 5086
f 3177 5086 3178
f 3178 5086 5084
f 3178 5084 3166
f 3166 5084 3168
f 3168 5084 5082
f 3168 5082 3170
f 3170 5082 5081
f 3170 5081 3172
f 3172 5081 5079
f 3172 5079 3173
f 5079 5077 3173
f 3173 5077 5075
f 3173 5075 3159
f 3159 5075 5073
f 3156 3155 5068
f 5068 3155 3154
f 5068 3154 5069
f 5069 3154 3164
f 5069 3164 5071
f 5071 3164 3163
f 5071 3163 5073
f 5073 3163 3161
f 5073 3161 3159
f 5068 5066 3156
f 3156 5066 5065
f 3156 5065 3157
f 3157 5065 5063
f 3138 3136 5057
f 5057 3136 3151
f 5057 3151 5059
f 5059 3151 3150
f 5059 3150 5061
f 5061 3150 3148
f 5061 3148 5063
f 5063 3148 3146
f 5063 3146 3157
f 5057 5056 3138
f 3138 5056 5054
f 3138 5054 3140
f 3140 5054 5052
f 3140 5052 3141
f 3141 5052 5050
f 3134 3133 5047
f 5047 3133 3131
f 5047 3131 5048
f 5048 3131 3144
f 5048 3144 5050
f 5050 3144 3143
f 5050 3143 3141
f 5047 5045 3134
f 3134 5045 5044
f 3134 5044 3128
f 3128 5044 5042
f 3128 5042 3129
f 3129 5042 5039
f 3129 5039 3125
f 3125 5039 3126
f 3126 5039 3116
f 3116 5039 5037
f 3116 5037 3118
f 3118 5037 5035
f 3118 5035 3120
f 3120 5035 3122
f 3122 5035 5033
f 3122 5033 3123
f 3123 5033 5031
f 3123 5031 3111
f 3111 5031 3113
f 3113 5031 5029
f 3113 5029 3114
f 3114 5029 5027
f 3114 5027 3100
f 3100 5027 5026
f 3100 5026 3101
f 3101 5026 3102
f 3102 5026 5024
f 3102 5024 3104
f 3104 5024 5022
f 3104 5022 3106
f 3106 5022 5020
f 3106 5020 3108
f 3108 5020 5018
f 3108 5018 3109
f 3109 5018 5016
f 3109 5016 3089
f 3089 5016 3091
f 3091 5016 5015
f 3091 5015 3093
f 5015 5013 3093
f 3093 5013 5011
f 3093 5011 3094
f 3094 5011 5009
f 3094 5009 3096
f 3096 5009 3097
f 3097 5009 5007
f 3097 5007 3085
f 3085 5007 5006
f 3085 5006 3087
f 3087 5006 5004
f 3087 5004 3080
f 5004 5002 3080
f 3080 5002 5001
f 3080 5001 3082
f 3082 5001 4999
f 3082 4999 3083
f 3083 4999 3077
f 4994 3070 4996
f 4996 3070 3078
f 4996 3078 3077
f 4973 3075 4992
f 4992 3075 3074
f 4992 3074 4994
f 4994 3074 3072
f 4994 3072 3070
f 3068 3067 4990
f 4990 3067 3065
f 4990 3065 4977
f 4977 3065 3064
f 4977 3064 4978
f 4978 3064 3062
f 4978 3062 4973
f 4973 3062 3060
f 4973 3060 3075
f 3068 4990 4988
f 3068 4988 3055
f 3055 4988 4986
f 3055 4986 3057
f 3057 4986 3058
f 3058 4986 3052
f 3052 4986 4984
f 3052 4984 3053
f 3053 4984 4982
f 3053 4982 3045
f 3045 4982 4980
f 3045 4980 3047
f 3047 4980 4979
f 3047 4979 3049
f 3049 4979 4971
f 3049 4971 3050
f 3050 4971 4969
f 3050 4969 3040
f 3040 4969 4967
f 3040 4967 3042
f 3042 4967 4965
f 3042 4965 3043
f 3043 4965 4964
f 3043 4964 3035
f 3035 4964 3037
f 3037 4964 4962
f 3037 4962 3038
f 4962 4960 3038
f 3038 4960 4959
f 3038 4959 3025
f 3025 4959 4956
f 3022 3033 4951
f 4951 3033 3032
f 4951 3032 4953
f 4953 3032 3030
f 4953 3030 4954
f 4954 3030 3029
f 4954 3029 4956
f 4956 3029 3027
f 4956 3027 3025
f 4951 4949 3022
f 3022 4949 4948
f 3022 4948 3023
f 3023 4948 4946
f 3012 3010 4941
f 4941 3010 3020
f 4941 3020 4942
f 4942 3020 3019
f 4942 3019 4944
f 4944 3019 3017
f 4944 3017 4946
f 4946 3017 3015
f 4946 3015 3023
f 4941 4939 3012
f 3012 4939 4938
f 3012 4938 3013
f 3013 4938 4935
f 3013 4935 3005
f 3005 4935 4928
f 2999 2997 4934
f 4934 2997 3008
f 4934 3008 4930
f 4930 3008 3007
f 4930 3007 4928
f 4928 3007 3006
f 4928 3006 3005
f 4934 4933 2999
f 2999 4933 4932
f 2999 4932 3001
f 3001 4932 4926
f 3001 4926 3002
f 3002 4926 4924
f 3002 4924 2990
f 2990 4924 2991
f 2991 4924 4922
f 2991 4922 2992
f 2992 4922 4921
f 2992 4921 2994
f 2994 4921 4919
f 2994 4919 2995
f 2995 4919 4918
f 2995 4918 2980
f 2980 4918 4916
f 2980 4916 2982
f 2982 4916 4914
f 2982 4914 2984
f 2984 4914 2986
f 2986 4914 4912
f 2986 4912 2987
f 2987 4912 4911
f 2987 4911 1559
f 1559 4911 4909
f 1559 4909 2976
f 2976 4909 4908
f 2976 4908 2977
f 2977 4908 4906
f 2977 4906 2978
f 2978 4906 4904
f 2978 4904 2970
f 2970 4904 4902
f 2970 4902 2972
f 2972 4902 2974
f 2974 4902 4900
f 2974 4900 2975
f 2975 4900 4898
f 2975 4898 2958
f 2958 4898 2960
f 2960 4898 4897
f 2960 4897 2962
f 4897 4895 2962
f 2962 4895 4894
f 2962 4894 2963
f 2963 4894 4892
f 2963 4892 2965
f 2965 4892 2967
f 2967 4892 4890
f 2967 4890 2968
f 2968 4890 4888
f 2968 4888 2953
f 2953 4888 2954
f 2954 4888 4887
f 2954 4887 2955
f 4887 4885 2955
f 2955 4885 4884
f 2955 4884 2956
f 2956 4884 4882
f 4876 2940 4878
f 4878 2940 2950
f 4878 2950 4880
f 4880 2950 2949
f 4880 2949 4882
f 4882 2949 2947
f 4882 2947 2956
f 2935 2945 4873
f 4873 2945 2944
f 4873 2944 4875
f 4875 2944 2942
f 4875 2942 4876
f 4876 2942 2941
f 4876 2941 2940
f 4873 4871 2935
f 2935 4871 4870
f 2935 4870 2937
f 2937 4870 4868
f 2928 2927 4862
f 4862 2927 2933
f 4862 2933 4864
f 4864 2933 2932
f 4864 2932 4866
f 4866 2932 2930
f 4866 2930 4868
f 4868 2930 2937
f 4862 4861 2928
f 2928 4861 4851
f 2928 4851 2920
f 2920 4851 4849
f 2920 4849 2922
f 2922 4849 4860
f 2922 4860 2924
f 2924 4860 4859
f 2924 4859 2925
f 2925 4859 4857
f 2925 4857 2912
f 2912 4857 4855
f 2902 2900 4846
f 4846 2900 2918
f 4846 2918 4852
f 4852 2918 2917
f 4852 2917 4853
f 4853 2917 2916
f 4853 2916 4855
f 4855 2916 2914
f 4855 2914 2912
f 4846 4844 2902
f 2902 4844 4843
f 2902 4843 2904
f 2904 4843 4833
f 2904 4833 2905
f 2905 4833 4842
f 2905 4842 2907
f 2907 4842 4841
f 2907 4841 2909
f 2909 4841 4839
f 2909 4839 2910
f 2910 4839 4837
f 2910 4837 2893
f 2893 4837 4835
f 2893 4835 2894
f 2894 4835 2895
f 2895 4835 4834
f 2895 4834 2897
f 2897 4834 4829
f 2897 4829 2898
f 2898 4829 4828
f 2898 4828 2889
f 2889 4828 4824
f 2889 4824 2890
f 2890 4824 4823
f 2890 4823 2884
f 2884 4823 4826
f 2884 4826 2886
f 2886 4826 2887
f 2887 4826 4821
f 2887 4821 2879
f 4821 4819 2879
f 2879 4819 4818
f 2879 4818 2881
f 2881 4818 4816
f 2881 4816 2882
f 2882 4816 2874
f 2874 4816 4814
f 2874 4814 2876
f 2876 4814 4812
f 2876 4812 2877
f 2877 4812 2869
f 2869 4812 4810
f 2869 4810 2871
f 4810 4809 2871
f 2871 4809 3345
f 2871 3345 2872
f 2872 3345 4804
f 2872 4804 2858
f 2858 4804 2860
f 2860 4804 4806
f 2860 4806 2862
f 2862 4806 4805
f 2862 4805 2864
f 4805 4802 2864
f 2864 4802 4801
f 2864 4801 2866
f 2866 4801 4799
f 2866 4799 2867
f 2867 4799 4797
f 2867 4797 2853
f 2853 4797 2855
f 2855 4797 4795
f 2855 4795 2856
f 2856 4795 4794
f 2856 4794 1562
f 1562 4794 4792
f 1562 4792 2847
f 2847 4792 4790
f 2847 4790 2848
f 2848 4790 4788
f 2848 4788 2850
f 2850 4788 4786
f 2850 4786 2851
f 2851 4786 2843
f 2843 4786 4785
f 2843 4785 2845
f 2845 4785 4783
f 2845 4783 2846
f 2846 4783 4781
f 2846 4781 2840
f 2840 4781 4780
f 2840 4780 2841
f 2841 4780 4778
f 2841 4778 2833
f 2833 4778 4776
f 2833 4776 2835
f 2835 4776 4775
f 2835 4775 2837
f 2837 4775 2838
f 2838 4775 4773
f 2838 4773 2826
f 2826 4773 4771
f 2826 4771 2828
f 2828 4771 4770
f 2828 4770 2830
f 2830 4770 4768
f 2830 4768 2831
f 2831 4768 4766
f 2831 4766 2822
f 2822 4766 4764
f 2822 4764 2823
f 2823 4764 2824
f 2824 4764 4762
f 2824 4762 2814
f 2814 4762 4760
f 2814 4760 2816
f 2816 4760 4758
f 2816 4758 2818
f 4758 4757 2818
f 2818 4757 4755
f 2818 4755 2819
f 2819 4755 4753
f 2812 2811 4747
f 4747 2811 2809
f 4747 2809 4749
f 4749 2809 2808
f 4749 2808 4751
f 4751 2808 2806
f 4751 2806 4753
f 4753 2806 2804
f 4753 2804 2819
f 4747 4746 2812
f 2812 4746 4741
f 2812 4741 2799
f 2799 4741 4743
f 2791 2797 4737
f 4737 2797 2796
f 4737 2796 4739
f 4739 2796 2794
f 4739 2794 4740
f 4740 2794 2802
f 4740 2802 4743
f 4743 2802 2801
f 4743 2801 2799
f 4737 4735 2791
f 2791 4735 4734
f 2791 4734 2792
f 2792 4734 4732
f 2792 4732 2789
f 2789 4732 4730
f 2776 2774 4726
f 4726 2774 2773
f 4726 2773 4728
f 4728 2773 2785
f 4728 2785 4730
f 4730 2785 2787
f 4730 2787 2789
f 4726 4724 2776
f 2776 4724 4723
f 2776 4723 2778
f 2778 4723 4721
f 2778 4721 2779
f 2779 4721 4719
f 2770 2769 4714
f 4714 2769 2768
f 4714 2768 4716
f 4716 2768 2784
f 4716 2784 4717
f 4717 2784 2783
f 4717 2783 4719
f 4719 2783 2781
f 4719 2781 2779
f 4714 4712 2770
f 2770 4712 4710
f 2770 4710 2771
f 2771 4710 4708
f 2771 4708 2755
f 2755 4708 2757
f 2757 4708 2759
f 2759 4708 4706
f 2759 4706 2760
f 2760 4706 4703
f 2760 4703 2762
f 2762 4703 2764
f 2764 4703 4702
f 2764 4702 2765
f 2765 4702 4700
f 2765 4700 2750
f 2750 4700 2752
f 2752 4700 4698
f 2752 4698 2753
f 2753 4698 4696
f 2753 4696 2745
f 2745 4696 4694
f 2745 4694 2747
f 2747 4694 4693
f 2747 4693 2748
f 2748 4693 4691
f 2748 4691 2740
f 2740 4691 4689
f 2740 4689 2742
f 2742 4689 4688
f 2742 4688 2743
f 2743 4688 4686
f 2743 4686 2738
f 2738 4686 4685
f 2738 4685 2736
f 4685 4683 2736
f 2736 4683 4682
f 2736 4682 2734
f 2734 4682 4680
f 4676 2725 4678
f 4678 2725 2730
f 4678 2730 4680
f 4680 2730 2732
f 4680 2732 2734
f 2712 2723 4668
f 4668 2723 2722
f 4668 2722 4671
f 4671 2722 2721
f 4671 2721 4673
f 4673 2721 2720
f 4673 2720 2729
f 4673 2729 4675
f 4675 2729 2728
f 4675 2728 4676
f 4676 2728 2726
f 4676 2726 2725
f 2712 4668 2714
f 2714 4668 4666
f 2714 4666 2716
f 4666 4665 2716
f 2716 4665 4654
f 2716 4654 2717
f 2717 4654 4656
f 2717 4656 2703
f 2703 4656 2704
f 4656 4664 2704
f 2704 4664 4663
f 2704 4663 2705
f 2705 4663 4661
f 2705 4661 2707
f 2707 4661 4659
f 2700 2699 4652
f 4652 2699 2697
f 4652 2697 4658
f 4658 2697 2710
f 4658 2710 4659
f 4659 2710 2709
f 4659 2709 2707
f 4652 4650 2700
f 2700 4650 4648
f 2700 4648 2692
f 2692 4648 4647
f 2692 4647 2694
f 2694 4647 2695
f 2695 4647 2689
f 2689 4647 4645
f 2689 4645 2690
f 4645 4642 2690
f 2690 4642 2682
f 2682 4642 4641
f 2682 4641 2684
f 2684 4641 2686
f 2686 4641 4639
f 2686 4639 2687
f 2687 4639 4637
f 2687 4637 2670
f 2670 4637 2672
f 2672 4637 4635
f 2672 4635 2674
f 4635 4633 2674
f 2674 4633 4631
f 2674 4631 2675
f 2675 4631 4630
f 2675 4630 2677
f 2677 4630 2679
f 2679 4630 4628
f 2679 4628 2680
f 2680 4628 4626
f 2680 4626 2665
f 2665 4626 2666
f 2666 4626 4624
f 2666 4624 2667
f 4624 4622 2667
f 2667 4622 4620
f 2667 4620 2668
f 2668 4620 4619
f 2668 4619 2653
f 2653 4619 2654
f 4619 4617 2654
f 2654 4617 4616
f 2654 4616 2655
f 2655 4616 4614
f 2655 4614 2657
f 2657 4614 4612
f 2649 2647 4608
f 4608 2647 2662
f 4608 2662 4610
f 4610 2662 2661
f 4610 2661 4612
f 4612 2661 2659
f 4612 2659 2657
f 4608 4607 2649
f 2649 4607 4605
f 2649 4605 2650
f 2650 4605 4603
f 2650 4603 2642
f 2642 4603 4601
f 2642 4601 2644
f 2644 4601 2645
f 2645 4601 4600
f 2645 4600 2639
f 2639 4600 4598
f 2639 4598 2640
f 2640 4598 4596
f 2640 4596 2634
f 2634 4596 4595
f 2634 4595 2636
f 2636 4595 4593
f 2636 4593 2637
f 2637 4593 4590
f 2637 4590 2622
f 2622 4590 2624
f 2624 4590 4588
f 2624 4588 2626
f 2626 4588 4587
f 2626 4587 2627
f 2627 4587 4585
f 2627 4585 2629
f 2629 4585 4584
f 2629 4584 2631
f 2631 4584 4582
f 2631 4582 2632
f 2632 4582 4580
f 2632 4580 2617
f 2617 4580 2619
f 2619 4580 4578
f 2619 4578 2620
f 2620 4578 4576
f 2620 4576 2610
f 2610 4576 4575
f 2610 4575 2611
f 2611 4575 4573
f 2611 4573 2612
f 2612 4573 4571
f 2612 4571 2614
f 2614 4571 4569
f 2614 4569 2615
f 2615 4569 4568
f 2615 4568 2606
f 2606 4568 2607
f 2607 4568 4566
f 2607 4566 2603
f 2603 4566 4565
f 2603 4565 2604
f 2604 4565 4563
f 2604 4563 2600
f 2600 4563 4562
f 2600 4562 2601
f 2601 4562 4560
f 2601 4560 2593
f 2593 4560 4558
f 2593 4558 2595
f 2595 4558 4556
f 2595 4556 2597
f 2597 4556 2598
f 2598 4556 4554
f 2598 4554 2586
f 4554 4552 2586
f 2586 4552 4551
f 2586 4551 2588
f 2588 4551 4549
f 2588 4549 2590
f 2590 4549 2591
f 4549 4547 2591
f 2591 4547 4546
f 2591 4546 2579
f 2579 4546 4544
f 2575 2573 4531
f 4531 2573 2584
f 4531 2584 4541
f 4541 2584 2583
f 4541 2583 4542
f 4542 2583 2581
f 4542 2581 4544
f 4544 2581 2580
f 4544 2580 2579
f 4531 4540 2575
f 2575 4540 4539
f 2575 4539 2576
f 2576 4539 4537
f 2570 2568 4532
f 4532 2568 2566
f 4532 2566 4533
f 4533 2566 2565
f 4533 2565 4535
f 4535 2565 2563
f 4535 2563 4537
f 4537 2563 2561
f 4537 2561 2576
f 4532 4527 2570
f 2570 4527 4526
f 2570 4526 2571
f 2571 4526 4523
f 2571 4523 2556
f 2556 4523 4522
f 2554 2553 4519
f 4519 2553 2551
f 4519 2551 4521
f 4521 2551 2559
f 4521 2559 4522
f 4522 2559 2558
f 4522 2558 2556
f 4519 4517 2554
f 2554 4517 4516
f 2554 4516 2548
f 2548 4516 4514
f 2548 4514 2549
f 2549 4514 4512
f 2543 2542 4507
f 4507 2542 2540
f 4507 2540 4509
f 4509 2540 2538
f 4509 2538 4511
f 4511 2538 2546
f 4511 2546 4512
f 4512 2546 2545
f 4512 2545 2549
f 2543 4507 4505
f 2543 4505 2531
f 2531 4505 4503
f 2531 4503 2533
f 2533 4503 2535
f 2535 4503 4501
f 2535 4501 2536
f 2536 4501 4499
f 2536 4499 2526
f 2526 4499 4497
f 2526 4497 2527
f 2527 4497 2528
f 2528 4497 4496
f 2528 4496 2529
f 2529 4496 4494
f 2529 4494 2518
f 2518 4494 4493
f 2518 4493 2520
f 2520 4493 4490
f 2520 4490 2522
f 2522 4490 4479
f 2522 4479 2523
f 2523 4479 4481
f 2523 4481 2513
f 2513 4481 2515
f 2515 4481 4489
f 2515 4489 2516
f 2516 4489 4488
f 2516 4488 1565
f 1565 4488 4486
f 1565 4486 2508
f 2508 4486 4484
f 2508 4484 2509
f 2509 4484 4483
f 2509 4483 4478
f 2509 4478 2511
f 2511 4478 4476
f 2511 4476 2505
f 4476 4474 2505
f 2505 4474 4473
f 2505 4473 2506
f 2506 4473 4471
f 2499 2497 4466
f 4466 2497 2495
f 4466 2495 4467
f 4467 2495 2493
f 4467 2493 4469
f 4469 2493 2503
f 4469 2503 4471
f 4471 2503 2502
f 4471 2502 2506
f 4466 4464 2499
f 2499 4464 4463
f 2499 4463 2500
f 2500 4463 4459
f 4455 2481 4461
f 4461 2481 2491
f 4461 2491 4458
f 4458 2491 2490
f 4458 2490 4459
f 4459 2490 2488
f 4459 2488 2500
f 4444 2478 4443
f 4443 2478 2477
f 4443 2477 4449
f 4449 2477 2475
f 4449 2475 4450
f 4450 2475 2486
f 4450 2486 4452
f 4452 2486 2485
f 4452 2485 4453
f 4453 2485 2483
f 4453 2483 4455
f 4455 2483 2482
f 4455 2482 2481
f 4422 2457 4423
f 4423 2457 2456
f 4423 2456 4425
f 4425 2456 2454
f 4425 2454 4427
f 4427 2454 2453
f 4427 2453 4428
f 4428 2453 1568
f 4428 1568 4430
f 4430 1568 2473
f 4430 2473 4432
f 4432 2473 2472
f 4432 2472 4434
f 4434 2472 2470
f 4434 2470 4436
f 4436 2470 2468
f 4436 2468 4438
f 4438 2468 2466
f 4438 2466 4439
f 4439 2466 2464
f 4439 2464 4445
f 4445 2464 2463
f 4445 2463 4446
f 4446 2463 2461
f 4446 2461 4444
f 4444 2461 2459
f 4444 2459 2478
f 4411 2437 4413
f 4413 2437 2447
f 4413 2447 4415
f 4415 2447 2446
f 4415 2446 4417
f 4417 2446 2444
f 4417 2444 4418
f 4418 2444 2452
f 4418 2452 4420
f 4420 2452 2451
f 4420 2451 4422
f 4422 2451 2449
f 4422 2449 2457
f 2434 2433 4406
f 4406 2433 2432
f 4406 2432 4407
f 4407 2432 2442
f 4407 2442 4409
f 4409 2442 2441
f 4409 2441 4411
f 4411 2441 2439
f 4411 2439 2437
f 4406 4404 2434
f 2434 4404 4403
f 2434 4403 2435
f 2435 4403 4401
f 2416 2415 4395
f 4395 2415 2429
f 4395 2429 4397
f 4397 2429 2428
f 4397 2428 4399
f 4399 2428 2426
f 4399 2426 4401
f 4401 2426 2424
f 4401 2424 2435
f 4395 4394 2416
f 2416 4394 3348
f 2416 3348 2417
f 2417 3348 4383
f 2417 4383 2419
f 2419 4383 4385
f 2419 4385 2421
f 4387 2409 4385
f 4385 2409 2422
f 4385 2422 2421
f 2399 2397 4377
f 4377 2397 2407
f 4377 2407 4391
f 4391 2407 2406
f 4391 2406 4389
f 4389 2406 2412
f 4389 2412 4387
f 4387 2412 2411
f 4387 2411 2409
f 2399 4377 2401
f 2401 4377 4379
f 2401 4379 2403
f 4379 4381 2403
f 2403 4381 4382
f 2403 4382 2404
f 2404 4382 4375
f 2404 4375 2390
f 2390 4375 4373
f 2390 4373 2392
f 2392 4373 4372
f 2392 4372 2394
f 2394 4372 4370
f 2394 4370 2395
f 2395 4370 4368
f 2395 4368 2381
f 2381 4368 4366
f 2381 4366 2382
f 2382 4366 2383
f 2383 4366 4364
f 2383 4364 2385
f 2385 4364 4363
f 2385 4363 2387
f 2387 4363 4361
f 2387 4361 2388
f 2388 4361 4359
f 2388 4359 2377
f 2377 4359 4357
f 2377 4357 2378
f 2378 4357 4355
f 2378 4355 2371
f 2371 4355 2375
f 2375 4355 4353
f 2375 4353 2374
f 2374 4353 4351
f 2374 4351 2362
f 2362 4351 2363
f 2363 4351 4349
f 2363 4349 2365
f 4349 4347 2365
f 2365 4347 4346
f 2365 4346 2367
f 2367 4346 4344
f 2367 4344 2368
f 2368 4344 2358
f 4344 4342 2358
f 2358 4342 4341
f 2358 4341 2360
f 2360 4341 4339
f 2353 2352 4333
f 4333 2352 2350
f 4333 2350 4335
f 4335 2350 2356
f 4335 2356 4337
f 4337 2356 2355
f 4337 2355 4339
f 4339 2355 2361
f 4339 2361 2360
f 4333 4332 2353
f 2353 4332 4330
f 2353 4330 2343
f 2343 4330 4328
f 2343 4328 2345
f 2345 4328 4326
f 2345 4326 2347
f 2339 2337 4324
f 4324 2337 2335
f 4324 2335 4326
f 4326 2335 2348
f 4326 2348 2347
f 4324 4322 2339
f 2339 4322 4320
f 2339 4320 2340
f 2340 4320 4319
f 2340 4319 2341
f 2341 4319 4317
f 2341 4317 2330
f 2330 4317 4315
f 2330 4315 2332
f 2332 4315 4313
f 2332 4313 2333
f 2333 4313 4311
f 2333 4311 2323
f 2323 4311 2325
f 2325 4311 4309
f 2325 4309 2327
f 2327 4309 4308
f 2327 4308 2328
f 2328 4308 4306
f 2328 4306 2320
f 2320 4306 4305
f 2320 4305 2321
f 2321 4305 4303
f 2321 4303 2313
f 2313 4303 4301
f 2313 4301 2315
f 2315 4301 4299
f 2315 4299 2317
f 2317 4299 2318
f 2318 4299 4297
f 2318 4297 2308
f 2308 4297 4295
f 2308 4295 2310
f 2310 4295 4294
f 2310 4294 2311
f 2311 4294 4292
f 2311 4292 2305
f 2305 4292 4290
f 2305 4290 2306
f 2306 4290 4289
f 2306 4289 2302
f 2302 4289 2303
f 2303 4289 4287
f 2303 4287 2293
f 4287 4285 2293
f 2293 4285 4283
f 2293 4283 2295
f 2295 4283 4281
f 4277 2300 4279
f 4279 2300 2299
f 4279 2299 4281
f 4281 2299 2297
f 4281 2297 2295
f 2285 2284 4272
f 4272 2284 2283
f 4272 2283 4273
f 4273 2283 2291
f 4273 2291 4275
f 4275 2291 2290
f 4275 2290 4277
f 4277 2290 2288
f 4277 2288 2300
f 4272 4270 2285
f 2285 4270 4269
f 2285 4269 2286
f 2286 4269 4267
f 2273 2272 4262
f 4262 2272 2280
f 4262 2280 4263
f 4263 2280 2279
f 4263 2279 4265
f 4265 2279 2277
f 4265 2277 4267
f 4267 2277 2275
f 4267 2275 2286
f 4262 4260 2273
f 2273 4260 4259
f 2273 4259 2265
f 2265 4259 4257
f 2265 4257 2267
f 2267 4257 4255
f 2262 2260 4252
f 4252 2260 2258
f 4252 2258 4253
f 4253 2258 2270
f 4253 2270 4255
f 4255 2270 2269
f 4255 2269 2267
f 4252 4250 2262
f 2262 4250 4249
f 2262 4249 2263
f 2263 4249 4247
f 2263 4247 1571
f 1571 4247 4244
f 1571 4244 2254
f 2254 4244 2255
f 2255 4244 4243
f 2255 4243 2256
f 2256 4243 4241
f 2256 4241 2248
f 2248 4241 4239
f 2248 4239 2250
f 2250 4239 4238
f 2250 4238 2252
f 2252 4238 4236
f 2252 4236 2253
f 2253 4236 4234
f 2253 4234 2236
f 2236 4234 2238
f 2238 4234 4232
f 2238 4232 2240
f 2240 4232 4230
f 2240 4230 2241
f 2241 4230 4229
f 2241 4229 2243
f 2243 4229 2245
f 2245 4229 4219
f 2245 4219 2246
f 2246 4219 4228
f 2246 4228 2231
f 2231 4228 4227
f 2231 4227 2232
f 2232 4227 4225
f 2232 4225 2233
f 2233 4225 4223
f 2233 4223 2234
f 2234 4223 4221
f 2234 4221 2225
f 2225 4221 2227
f 2227 4221 4220
f 2227 4220 2228
f 4220 4215 2228
f 2228 4215 4214
f 2228 4214 2218
f 2218 4214 4212
f 2213 2223 4210
f 4210 2223 2222
f 4210 2222 4212
f 4212 2222 2220
f 4212 2220 2218
f 2213 4210 2215
f 2215 4210 4208
f 2215 4208 2216
f 4208 4206 2216
f 2216 4206 2208
f 2208 4206 4204
f 2200 2206 4198
f 4198 2206 2205
f 4198 2205 4200
f 4200 2205 2203
f 4200 2203 4202
f 4202 2203 2211
f 4202 2211 4204
f 4204 2211 2210
f 4204 2210 2208
f 4198 4196 2200
f 2200 4196 4194
f 2200 4194 2201
f 2201 4194 4193
f 2201 4193 2190
f 2190 4193 2192
f 4193 4191 2192
f 2192 4191 4190
f 2192 4190 2194
f 2194 4190 4176
f 2194 4176 2195
f 2195 4176 4189
f 2195 4189 2197
f 2197 4189 2198
f 4189 4188 2198
f 2198 4188 4186
f 2198 4186 2187
f 2187 4186 4184
f 2187 4184 2188
f 2188 4184 4182
f 2188 4182 2176
f 2176 4182 2178
f 2178 4182 4180
f 2178 4180 2180
f 2180 4180 4179
f 2180 4179 2182
f 4179 4174 2182
f 2182 4174 4173
f 2182 4173 2184
f 2184 4173 4171
f 2184 4171 2185
f 2185 4171 4169
f 2171 2170 4163
f 4163 2170 2168
f 4163 2168 4165
f 4165 2168 2166
f 4165 2166 4167
f 4167 2166 2174
f 4167 2174 4169
f 4169 2174 2173
f 4169 2173 2185
f 2171 4163 4161
f 2171 4161 2162
f 2162 4161 4159
f 2162 4159 2161
f 2161 4159 2159
f 2159 4159 4157
f 2159 4157 2158
f 2158 4157 4155
f 2158 4155 2156
f 2156 4155 4154
f 2156 4154 2154
f 2154 4154 4152
f 2154 4152 2153
f 2153 4152 4150
f 2153 4150 2151
f 2151 4150 4149
f 2151 4149 2149
f 2149 4149 2147
f 2147 4149 4147
f 2147 4147 2142
f 2142 4147 4145
f 2142 4145 2143
f 2143 4145 4143
f 2143 4143 2145
f 2145 4143 4142
f 2145 4142 2146
f 2146 4142 4140
f 2146 4140 2133
f 2133 4140 4138
f 2133 4138 2134
f 2134 4138 2135
f 2135 4138 4136
f 2135 4136 2137
f 4136 4135 2137
f 2137 4135 4122
f 2137 4122 2139
f 2139 4122 4124
f 2139 4124 2140
f 2140 4124 2129
f 4124 4134 2129
f 2129 4134 4133
f 2129 4133 2130
f 2130 4133 4131
f 2124 2123 4126
f 4126 2123 2121
f 4126 2121 4127
f 4127 2121 2119
f 4127 2119 4129
f 4129 2119 2127
f 4129 2127 4131
f 4131 2127 2126
f 4131 2126 2130
f 4126 4120 2124
f 2124 4120 4119
f 2124 4119 2114
f 2114 4119 4115
f 2114 4115 2116
f 2116 4115 4114
f 2106 2112 4112
f 4112 2112 2111
f 4112 2111 4117
f 4117 2111 2109
f 4117 2109 4114
f 4114 2109 2117
f 4114 2117 2116
f 4112 4110 2106
f 2106 4110 4109
f 2106 4109 2107
f 2107 4109 4106
f 2107 4106 2102
f 2102 4106 4104
f 2102 4104 2100
f 2100 4104 1572
f 4104 4102 1572
f 1572 4102 4100
f 1572 4100 1573
f 1573 4100 4099
f 1573 4099 2093
f 2093 4099 2095
f 2095 4099 4097
f 2095 4097 2096
f 2096 4097 4095
f 2096 4095 2098
f 2098 4095 2099
f 2099 4095 4093
f 2099 4093 2088
f 4093 4091 2088
f 2088 4091 4089
f 2088 4089 2090
f 2090 4089 4088
f 2090 4088 2091
f 2091 4088 2083
f 4088 4086 2083
f 2083 4086 4085
f 2083 4085 2085
f 2085 4085 4083
f 2078 2077 4077
f 4077 2077 2075
f 4077 2075 4079
f 4079 2075 2081
f 4079 2081 4081
f 4081 2081 2080
f 4081 2080 4083
f 4083 2080 2086
f 4083 2086 2085
f 4077 4076 2078
f 2078 4076 4074
f 2078 4074 2070
f 2070 4074 4073
f 2070 4073 2072
f 2072 4073 4070
f 4060 2065 4062
f 4062 2065 2064
f 4062 2064 4064
f 4064 2064 2062
f 4064 2062 4065
f 4065 2062 2060
f 4065 2060 4067
f 4067 2060 2068
f 4067 2068 4069
f 4069 2068 2067
f 4069 2067 4070
f 4070 2067 2073
f 4070 2073 2072
f 4053 2058 4055
f 4055 2058 2057
f 4055 2057 4057
f 4057 2057 2055
f 4057 2055 4058
f 4058 2055 2053
f 4058 2053 4049
f 4049 2053 2052
f 4049 2052 4059
f 4059 2052 2050
f 4059 2050 4060
f 4060 2050 2048
f 4060 2048 2065
f 4039 2033 4040
f 4040 2033 2032
f 4040 2032 4042
f 4042 2032 2031
f 4042 2031 4044
f 4044 2031 2046
f 4044 2046 4045
f 4045 2046 2045
f 4045 2045 4050
f 4050 2045 2043
f 4050 2043 4051
f 4051 2043 2042
f 4051 2042 4053
f 4053 2042 2041
f 4053 2041 2058
f 2027 2025 4035
f 4035 2025 2038
f 4035 2038 4037
f 4037 2038 2037
f 4037 2037 4039
f 4039 2037 2035
f 4039 2035 2033
f 2027 4035 4033
f 2027 4033 2028
f 2028 4033 4030
f 2028 4030 2020
f 2020 4030 2022
f 2022 4030 2023
f 2023 4030 4028
f 2023 4028 2015
f 4028 4026 2015
f 2015 4026 4025
f 2015 4025 2017
f 2017 4025 4023
f 2017 4023 2018
f 2018 4023 2012
f 2012 4023 4021
f 2012 4021 2013
f 2013 4021 4020
f 2013 4020 2007
f 2007 4020 2009
f 2009 4020 4018
f 2009 4018 2010
f 4018 4016 2010
f 2010 4016 4014
f 2010 4014 2005
f 2005 4014 4013
f 2005 4013 2003
f 2003 4013 2001
f 4013 4011 2001
f 2001 4011 4009
f 2001 4009 1999
f 1999 4009 4008
f 1999 4008 1998
f 1998 4008 4006
f 1998 4006 1996
f 1996 4006 4004
f 1996 4004 1575
f 4004 4003 1575
f 1575 4003 3991
f 1575 3991 1576
f 1576 3991 4002
f 1576 4002 1992
f 1992 4002 1994
f 4002 4001 1994
f 1994 4001 3999
f 1994 3999 1995
f 1995 3999 3997
f 1995 3997 1985
f 1985 3997 3995
f 1981 1990 3989
f 3989 1990 1989
f 3989 1989 3994
f 3994 1989 1987
f 3994 1987 3995
f 3995 1987 1986
f 3995 1986 1985
f 3989 3987 1981
f 1981 3987 3986
f 1981 3986 1982
f 1982 3986 3984
f 1982 3984 1976
f 1976 3984 3982
f 3971 1967 3973
f 3973 1967 1974
f 3973 1974 3975
f 3975 1974 1973
f 3975 1973 3976
f 3976 1973 1971
f 3976 1971 3978
f 3978 1971 1969
f 3978 1969 3980
f 3980 1969 1979
f 3980 1979 3982
f 3982 1979 1978
f 3982 1978 1976
f 3961 1954 3963
f 3963 1954 1956
f 3963 1956 3965
f 3965 1956 1958
f 3965 1958 3966
f 3966 1958 1960
f 3966 1960 3968
f 3968 1960 1961
f 3968 1961 3969
f 3969 1961 1963
f 3969 1963 3971
f 3971 1963 1965
f 3971 1965 1967
f 1952 3961 1950
f 1950 3961 3959
f 1950 3959 1945
f 1945 3959 3956
f 1945 3956 1946
f 1946 3956 1948
f 1948 3956 3955
f 1948 3955 1949
f 1949 3955 3953
f 1949 3953 1580
f 1580 3953 3952
f 1580 3952 1937
f 1937 3952 3950
f 1937 3950 1938
f 1938 3950 3948
f 1938 3948 1940
f 1940 3948 3947
f 1940 3947 1942
f 1942 3947 1943
f 1943 3947 3945
f 1943 3945 1935
f 3945 3943 1935
f 1935 3943 3942
f 1935 3942 1936
f 1936 3942 3940
f 1930 1929 3935
f 3935 1929 1927
f 3935 1927 3937
f 3937 1927 1925
f 3937 1925 3938
f 3938 1925 1933
f 3938 1933 3940
f 3940 1933 1932
f 3940 1932 1936
f 3935 3933 1930
f 1930 3933 3932
f 1930 3932 1920
f 1920 3932 3929
f 1907 1905 3924
f 3924 1905 1918
f 3924 1918 3925
f 3925 1918 1917
f 3925 1917 3927
f 3927 1917 1923
f 3927 1923 3929
f 3929 1923 1922
f 3929 1922 1920
f 3924 3922 1907
f 1907 3922 3921
f 1907 3921 1909
f 1909 3921 3919
f 1909 3919 1910
f 1910 3919 3917
f 1897 1895 3913
f 3913 1895 1915
f 3913 1915 3915
f 3915 1915 1914
f 3915 1914 3917
f 3917 1914 1912
f 3917 1912 1910
f 3913 3912 1897
f 1897 3912 3910
f 1897 3910 1899
f 1899 3910 3908
f 1899 3908 1900
f 1900 3908 3906
f 3895 1888 3897
f 3897 1888 1887
f 3897 1887 3900
f 3900 1887 1893
f 3900 1893 3901
f 3901 1893 1892
f 3901 1892 3903
f 3903 1892 1890
f 3903 1890 3905
f 3905 1890 1903
f 3905 1903 3906
f 3906 1903 1902
f 3906 1902 1900
f 1876 1874 3890
f 3890 1874 1882
f 3890 1882 3892
f 3892 1882 1881
f 3892 1881 3894
f 3894 1881 1885
f 3894 1885 3895
f 3895 1885 1884
f 3895 1884 1888
f 3885 1878 3888
f 3888 1878 1876
f 3888 1876 3890
f 3881 1872 3883
f 3883 1872 1871
f 3883 1871 3885
f 3885 1871 1879
f 3885 1879 1878
f 1856 1854 3875
f 3875 1854 1869
f 3875 1869 3877
f 3877 1869 1868
f 3877 1868 3879
f 3879 1868 1866
f 3879 1866 3881
f 3881 1866 1864
f 3881 1864 1872
f 3875 3874 1856
f 1856 3874 3872
f 1856 3872 1858
f 1858 3872 3870
f 1858 3870 1859
f 1859 3870 3868
f 1850 1848 3865
f 3865 1848 1846
f 3865 1846 3866
f 3866 1846 1862
f 3866 1862 3868
f 3868 1862 1861
f 3868 1861 1859
f 3865 3863 1850
f 1850 3863 3862
f 1850 3862 1851
f 1851 3862 3859
f 1851 3859 1852
f 1852 3859 3857
f 1840 1838 3852
f 3852 1838 1836
f 3852 1836 3854
f 3854 1836 1834
f 3854 1834 3856
f 3856 1834 1844
f 3856 1844 3857
f 3857 1844 1843
f 3857 1843 1852
f 1840 3852 3850
f 1840 3850 1841
f 1841 3850 3847
f 1841 3847 1831
f 1831 3847 1832
f 1832 3847 1826
f 1826 3847 3845
f 1826 3845 1828
f 1828 3845 3844
f 1828 3844 1829
f 1829 3844 3843
f 1829 3843 1824
f 1824 3843 3841
f 1824 3841 1820
f 1820 3841 3839
f 1820 3839 3838
f 1820 3838 1819
f 1819 3838 1817
f 1817 3838 3836
f 1817 3836 1805
f 1805 3836 3834
f 1805 3834 1806
f 1806 3834 3832
f 1806 3832 1808
f 1808 3832 3831
f 1808 3831 1810
f 1810 3831 3829
f 1810 3829 1811
f 1811 3829 3828
f 1811 3828 1813
f 1813 3828 1815
f 1815 3828 3826
f 1815 3826 1816
f 1816 3826 3824
f 1816 3824 1800
f 1800 3824 3822
f 1800 3822 1802
f 1802 3822 3821
f 1802 3821 1803
f 3821 3819 1803
f 1803 3819 3818
f 1803 3818 1583
f 1583 3818 3816
f 1792 1790 3811
f 3811 1790 1798
f 3811 1798 3813
f 3813 1798 1797
f 3813 1797 3814
f 3814 1797 1795
f 3814 1795 3816
f 3816 1795 1794
f 3816 1794 1583
f 3811 3809 1792
f 1792 3809 3808
f 1792 3808 1793
f 1793 3808 3806
f 1793 3806 1785
f 1785 3806 1787
f 1787 3806 3804
f 1787 3804 1788
f 1788 3804 3802
f 1788 3802 1775
f 1775 3802 3800
f 1775 3800 1777
f 1777 3800 1779
f 1779 3800 3798
f 1779 3798 1780
f 1780 3798 3796
f 1780 3796 1782
f 1782 3796 3795
f 1782 3795 1783
f 1783 3795 3791
f 1783 3791 1772
f 1772 3791 3794
f 1772 3794 1773
f 1773 3794 3786
f 1773 3786 1765
f 1765 3786 1767
f 1767 3786 3784
f 1767 3784 1769
f 1769 3784 3790
f 1769 3790 1770
f 1770 3790 3789
f 1770 3789 1760
f 1760 3789 3788
f 1760 3788 1762
f 1762 3788 3781
f 1762 3781 1763
f 1763 3781 3779
f 1763 3779 1750
f 1750 3779 1752
f 1752 3779 3777
f 1752 3777 1754
f 1754 3777 3776
f 1754 3776 1755
f 1755 3776 3774
f 1755 3774 1757
f 1757 3774 3773
f 1757 3773 1758
f 1758 3773 3771
f 1758 3771 1745
f 1745 3771 3769
f 1745 3769 1747
f 1747 3769 3767
f 1747 3767 1748
f 1748 3767 1740
f 1740 3767 3765
f 1740 3765 1742
f 1742 3765 3763
f 1742 3763 1743
f 1743 3763 1737
f 1737 3763 3762
f 1737 3762 1738
f 3762 3760 1738
f 1738 3760 3758
f 1738 3758 1732
f 1732 3758 3757
f 1730 1729 3751
f 3751 1729 1727
f 3751 1727 3753
f 3753 1727 1725
f 3753 1725 3754
f 3754 1725 1735
f 3754 1735 3757
f 3757 1735 1734
f 3757 1734 1732
f 3751 3749 1730
f 1730 3749 3748
f 1730 3748 1717
f 1717 3748 3746
f 1714 1712 3741
f 3741 1712 1723
f 3741 1723 3742
f 3742 1723 1722
f 3742 1722 3744
f 3744 1722 1721
f 3744 1721 3746
f 3746 1721 1719
f 3746 1719 1717
f 3741 3739 1714
f 1714 3739 3738
f 1714 3738 1715
f 1715 3738 3736
f 1703 1702 3731
f 3731 1702 1710
f 3731 1710 3732
f 3732 1710 1709
f 3732 1709 3734
f 3734 1709 1707
f 3734 1707 3736
f 3736 1707 1705
f 3736 1705 1715
f 3731 3729 1703
f 1703 3729 3728
f 1703 3728 1695
f 1695 3728 3726
f 1695 3726 1697
f 1697 3726 3724
f 1697 3724 1699
f 1699 3724 1700
f 1700 3724 3723
f 1700 3723 1690
f 1690 3723 3721
f 1690 3721 1692
f 1692 3721 1693
f 1693 3721 3719
f 1693 3719 1687
f 1687 3719 3717
f 1687 3717 1688
f 1688 3717 3715
f 1688 3715 1684
f 1684 3715 1685
f 1685 3715 1675
f 1675 3715 3713
f 1675 3713 1677
f 1677 3713 3711
f 1677 3711 1679
f 1679 3711 3709
f 1679 3709 1681
f 1681 3709 3708
f 1681 3708 1682
f 1682 3708 3706
f 1682 3706 1670
f 1670 3706 1672
f 1672 3706 3704
f 1672 3704 1673
f 1673 3704 3702
f 1673 3702 1658
f 1658 3702 3701
f 1658 3701 1659
f 1659 3701 3690
f 1659 3690 1660
f 1660 3690 3688
f 1660 3688 1662
f 1662 3688 3700
f 1662 3700 1663
f 1663 3700 3699
f 1663 3699 1665
f 1665 3699 3697
f 1665 3697 1667
f 1667 3697 3695
f 1667 3695 1668
f 1668 3695 3693
f 1668 3693 1654
f 1654 3693 1655
f 1655 3693 3692
f 1655 3692 1649
f 3692 3685 1649
f 1649 3685 3684
f 1649 3684 1651
f 1651 3684 3680
f 1651 3680 1652
f 1652 3680 1642
f 1642 3680 3679
f 1642 3679 1644
f 1644 3679 3682
f 1644 3682 1646
f 1646 3682 1647
f 1647 3682 3677
f 1647 3677 1637
f 3677 3675 1637
f 1637 3675 3674
f 1637 3674 1639
f 1639 3674 3672
f 1639 3672 1640
f 1640 3672 1634
f 3664 1625 3669
f 3669 1625 1635
f 3669 1635 1634
f 3662 1631 3667
f 3667 1631 1629
f 3667 1629 3664
f 3664 1629 1627
f 3664 1627 1625
f 3658 1622 3660
f 3660 1622 1620
f 3660 1620 3662
f 3662 1620 1632
f 3662 1632 1631
f 3648 1613 3649
f 3649 1613 1612
f 3649 1612 3651
f 3651 1612 1610
f 3651 1610 3653
f 3653 1610 1618
f 3653 1618 3655
f 3655 1618 1617
f 3655 1617 3656
f 3656 1617 1615
f 3656 1615 3658
f 3658 1615 1623
f 3658 1623 1622
f 1602 1601 3643
f 3643 1601 1600
f 3643 1600 3645
f 3645 1600 1608
f 3645 1608 3646
f 3646 1608 1607
f 3646 1607 3648
f 3648 1607 1605
f 3648 1605 1613
f 3643 3642 1602
f 1602 3642 3640
f 1602 3640 1603
f 1603 3640 3637
f 1603 3637 1597
f 1597 3637 1598
f 1598 3637 1599
f 1599 3637 3635
f 1599 3635 1593
f 1593 3635 3634
f 1593 3634 1594
f 1594 3634 3633
f 1594 3633 1595
f 1595 3633 3631
f 1595 3631 1596
f 1596 3631 3630
f 1596 3630 1589
f 1589 3630 3628
f 1589 3628 1590
f 1590 3628 1591
f 1591 3628 3626
f 1591 3626 1592
f 3626 3624 1592
f 1592 3624 3622
f 1592 3622 1585
f 1585 3622 3621
f 1509 1511 3603
f 3603 1511 1514
f 3603 1514 3604
f 3604 1514 1516
f 3604 1516 3606
f 3606 1516 1518
f 3606 1518 3608
f 3608 1518 1520
f 3608 1520 3609
f 3609 1520 1522
f 3609 1522 3611
f 3611 1522 1524
f 3611 1524 3612
f 3612 1524 1526
f 3612 1526 3614
f 3614 1526 1527
f 3614 1527 3616
f 3616 1527 1584
f 3616 1584 3618
f 3618 1584 1588
f 3618 1588 3619
f 3619 1588 1587
f 3619 1587 3621
f 3621 1587 1586
f 3621 1586 1585
f 5647 5647 5647
f 5647 5648 5649
f 5649 5648 5650
f 5649 5650 5651
f 5652 5653 5654
f 5653 5655 5654
f 5654 5655 5656
f 5654 5656 5650
f 5650 5656 5657
f 5650 5657 5651
f 5658 5659 5660
f 5660 5659 5661
f 5660 5661 5662
f 5662 5663 5660
f 5660 5663 5664
f 5660 5664 5654
f 5654 5664 5665
f 5654 5665 5652
f 5666 5667 5668
f 5669 5670 5671
f 5671 5670 5672
f 5671 5672 5660
f 5660 5672 5673
f 5660 5673 5658
f 5674 5675 5676
f 5677 5678 5676
f 5676 5678 5679
f 5676 5679 5674
f 5675 5680 5676
f 5676 5680 5681
f 5676 5681 5668
f 5668 5681 5682
f 5668 5682 5666
f 5683 5684 5685
f 5685 5684 5686
f 5685 5686 5687
f 5687 5686 5688
f 5687 5688 5689
f 5689 5690 5687
f 5687 5690 5691
f 5687 5691 5676
f 5676 5691 5692
f 5676 5692 5677
f 5693 5694 5695
f 5693 5695 5685
f 5685 5695 5696
f 5685 5696 5683
f 5697 5698 5699
f 5699 5698 5700
f 5699 5700 5693
f 5693 5700 5701
f 5693 5701 5694
f 5702 5703 5704
f 5704 5703 5705
f 5705 5706 5704
f 5704 5706 5707
f 5704 5707 5699
f 5699 5707 5708
f 5699 5708 5697
f 5709 5710 5711
f 5709 5711 5712
f 5710 5713 5711
f 5711 5713 5714
f 5711 5714 5715
f 5716 5717 5718
f 5718 5717 5719
f 5718 5719 5720
f 5720 5721 5718
f 5718 5721 5722
f 5718 5722 5704
f 5704 5722 5723
f 5704 5723 5702
f 5724 5725 5726
f 5724 5726 5727
f 5725 5728 5726
f 5726 5728 5729
f 5726 5729 5711
f 5711 5729 5730
f 5711 5730 5712
f 5647 5731 5648
f 5648 5731 5732
f 5648 5732 5733
f 5733 5732 5734
f 5733 5734 5735
f 5735 5736 5733
f 5733 5736 5737
f 5733 5737 5726
f 5726 5737 5738
f 5726 5738 5727
f 5739 5740 5741
f 5741 5740 5742
f 5741 5743 5739
f 5739 5743 5744
f 5739 5744 5745
f 5745 5744 5746
f 5745 5746 5747
f 5747 5746 5748
f 5747 5748 5749
f 5749 5748 5750
f 5749 5750 5751
f 5751 5750 5752
f 5751 5752 5753
f 5753 5752 5754
f 5753 5754 5755
f 5755 5754 5756
f 5755 5756 5757
f 5757 5756 5758
f 5757 5758 5759
f 5759 5758 5760
f 5759 5760 5761
f 5761 5760 5762
f 5761 5762 5763
f 5763 5762 5711
f 5763 5711 5718
f 5718 5711 5715
f 5718 5715 5716
f 5740 5764 5742
f 5742 5764 5765
f 5742 5765 5766
f 5766 5765 5767
f 5766 5767 5768
f 5768 5767 5769
f 5768 5769 5770
f 5770 5769 5771
f 5770 5771 5772
f 5772 5771 5773
f 5772 5773 5774
f 5774 5773 5775
f 5774 5775 5776
f 5776 5775 5777
f 5776 5777 5778
f 5778 5777 5779
f 5778 5779 5780
f 5780 5779 5781
f 5780 5781 5782
f 5782 5781 5783
f 5782 5783 5784
f 5784 5783 5785
f 5784 5785 5786
f 5786 5785 5787
f 5786 5787 5788
f 5788 5787 5789
f 5788 5789 5790
f 5790 5789 5791
f 5790 5791 5792
f 5792 5791 5793
f 5792 5793 5794
f 5794 5793 5795
f 5794 5795 5796
f 5796 5795 5797
f 5796 5797 5798
f 5798 5797 5799
f 5798 5799 5800
f 5800 5799 5801
f 5800 5801 5802
f 5802 5801 5803
f 5802 5803 5804
f 5804 5803 5805
f 5804 5805 5806
f 5806 5805 5807
f 5806 5807 5808
f 5808 5807 5809
f 5808 5809 5810
f 5810 5809 5811
f 5810 5811 5812
f 5812 5811 5813
f 5812 5813 5814
f 5814 5813 5815
f 5814 5815 5816
f 5816 5815 5817
f 5816 5817 5818
f 5818 5817 5819
f 5818 5819 5820
f 5820 5819 5821
f 5820 5821 5822
f 5822 5821 5823
f 5822 5823 5824
f 5824 5823 5825
f 5824 5825 5826
f 5826 5825 5827
f 5826 5827 5828
f 5828 5827 5829
f 5828 5829 5830
f 5830 5829 5831
f 5830 5831 5832
f 5832 5831 5833
f 5832 5833 5834
f 5834 5833 5835
f 5834 5835 5836
f 5836 5835 5837
f 5836 5837 5838
f 5838 5837 5839
f 5838 5839 5840
f 5840 5839 5841
f 5840 5841 5842
f 5842 5841 5668
f 5842 5668 5671
f 5671 5668 5667
f 5671 5667 5669
f 5843 5844 5845
f 5846 5847 5848
f 5848 5847 5849
f 5848 5849 5850
f 5851 5852 5853
f 5853 5852 5854
f 5853 5854 5846
f 5846 5854 5855
f 5846 5855 5847
f 5856 5857 5858
f 5858 5859 5856
f 5856 5859 5860
f 5856 5860 5861
f 5861 5860 5862
f 5861 5862 5851
f 5851 5862 5863
f 5851 5863 5852
f 5864 5865 5866
f 5866 5867 5864
f 5864 5867 5868
f 5864 5868 5869
f 5857 5856 5869
f 5869 5856 5870
f 5869 5870 5864
f 5871 5872 5873
f 5874 5875 5876
f 5875 5877 5876
f 5876 5877 5878
f 5876 5878 5879
f 5865 5864 5879
f 5879 5864 5880
f 5879 5880 5876
f 5881 5882 5883
f 5883 5882 5884
f 5883 5884 5885
f 5885 5884 5886
f 5885 5886 5873
f 5873 5886 5887
f 5873 5887 5871
f 5888 5889 5890
f 5890 5889 5891
f 5890 5891 5892
f 5892 5891 5893
f 5892 5893 5894
f 5888 5895 5889
f 5889 5895 5896
f 5889 5896 5897
f 5897 5896 5898
f 5897 5898 5883
f 5883 5898 5899
f 5883 5899 5881
f 5900 5901 5902
f 5902 5901 5903
f 5902 5903 5904
f 5903 5905 5904
f 5904 5905 5906
f 5904 5906 5907
f 5907 5906 5908
f 5907 5908 5893
f 5893 5908 5909
f 5893 5909 5894
f 5910 5911 5912
f 5912 5911 5913
f 5912 5913 5900
f 5900 5913 5914
f 5900 5914 5901
f 5915 5916 5917
f 5917 5918 5915
f 5915 5918 5919
f 5915 5919 5920
f 5920 5919 5921
f 5920 5921 5910
f 5910 5921 5922
f 5910 5922 5911
f 5923 5924 5925
f 5925 5926 5923
f 5923 5926 5927
f 5923 5927 5928
f 5916 5915 5928
f 5928 5915 5929
f 5928 5929 5923
f 5930 5931 5932
f 5933 5934 5935
f 5934 5936 5935
f 5935 5936 5937
f 5935 5937 5938
f 5924 5923 5938
f 5938 5923 5939
f 5938 5939 5935
f 5845 5844 5940
f 5940 5844 5941
f 5940 5941 5942
f 5942 5941 5943
f 5942 5943 5944
f 5944 5945 5942
f 5942 5945 5946
f 5942 5946 5947
f 5947 5946 5948
f 5947 5948 5932
f 5932 5948 5949
f 5932 5949 5930
f 5950 5951 5952
f 5952 5951 5953
f 5952 5953 5954
f 5954 5953 5850
f 5954 5850 5955
f 5955 5850 5849
f 5950 5956 5951
f 5951 5956 5957
f 5951 5957 5958
f 5958 5957 5959
f 5958 5959 5845
f 5845 5959 5960
f 5845 5960 5843
f 5872 5874 5873
f 5873 5874 5876
f 5873 5876 5961
f 5961 5876 5962
f 5961 5962 5963
f 5963 5962 5964
f 5963 5964 5965
f 5965 5964 5966
f 5965 5966 5967
f 5967 5966 5968
f 5967 5968 5969
f 5969 5968 5970
f 5969 5970 5971
f 5971 5970 5972
f 5971 5972 5973
f 5973 5972 5974
f 5973 5974 5975
f 5975 5974 5976
f 5975 5976 5977
f 5977 5976 5978
f 5977 5978 5979
f 5979 5978 5980
f 5979 5980 5981
f 5981 5980 5982
f 5981 5982 5983
f 5983 5982 5984
f 5983 5984 5985
f 5985 5984 5986
f 5985 5986 5987
f 5987 5986 5988
f 5987 5988 5989
f 5989 5988 5990
f 5989 5990 5991
f 5991 5990 5992
f 5991 5992 5993
f 5993 5992 5994
f 5993 5994 5995
f 5995 5994 5996
f 5995 5996 5997
f 5997 5996 5998
f 5997 5998 5999
f 5999 5998 6000
f 5999 6000 6001
f 6001 6000 6002
f 6001 6002 6003
f 6003 6002 6004
f 6003 6004 6005
f 6005 6004 6006
f 6005 6006 6007
f 6007 6006 6008
f 6007 6008 6009
f 6009 6008 6010
f 6009 6010 6011
f 6011 6010 6012
f 6011 6012 6013
f 6013 6012 6014
f 6013 6014 6015
f 6015 6014 6016
f 6015 6016 6017
f 6017 6016 6018
f 6017 6018 6019
f 6019 6018 6020
f 6019 6020 6021
f 6021 6020 6022
f 6021 6022 6023
f 6023 6022 6024
f 6023 6024 6025
f 6025 6024 6026
f 6025 6026 6027
f 6027 6026 6028
f 6027 6028 6029
f 6029 6028 6030
f 6029 6030 6031
f 6031 6030 6032
f 6031 6032 6033
f 6033 6032 6034
f 6033 6034 6035
f 6035 6034 6036
f 6035 6036 6037
f 6037 6036 6038
f 6037 6038 6039
f 6039 6038 6040
f 6039 6040 6041
f 6041 6040 6042
f 6041 6042 6043
f 6043 6042 6044
f 6043 6044 6045
f 6045 6044 6046
f 6045 6046 6047
f 6047 6046 6048
f 6047 6048 6049
f 6049 6048 6050
f 6049 6050 6051
f 6051 6050 6052
f 6051 6052 6053
f 6053 6052 6054
f 6053 6054 6055
f 6055 6054 6056
f 6055 6056 6057
f 6057 6056 6058
f 6057 6058 6059
f 6059 6058 6060
f 6059 6060 6061
f 6061 6060 6062
f 6061 6062 6063
f 6063 6062 6064
f 6063 6064 6065
f 6065 6064 6066
f 6065 6066 6067
f 6067 6066 6068
f 6067 6068 6069
f 6069 6068 6070
f 6069 6070 6071
f 6071 6070 6072
f 6071 6072 6073
f 6073 6072 6074
f 6073 6074 6075
f 6075 6074 6076
f 6075 6076 6077
f 6077 6076 6078
f 6077 6078 6079
f 6079 6078 6080
f 6079 6080 6081
f 6081 6080 6082
f 6081 6082 6083
f 6083 6082 6084
f 6083 6084 6085
f 6085 6084 6086
f 6085 6086 6087
f 6087 6086 6088
f 6087 6088 6089
f 6089 6088 6090
f 6089 6090 5935
f 5935 6090 5932
f 5935 5932 5933
f 5933 5932 5931
f 6091 6092 6093
f 6093 6092 6094
f 6093 6094 6095
f 6095 6094 6096
f 6095 6096 6097
f 6098 6099 6100
f 6100 6099 6101
f 6100 6101 6102
f 6101 6103 6102
f 6102 6103 6104
f 6102 6104 6105
f 6105 6104 6106
f 6105 6106 6107
f 6108 6109 6110
f 6110 6109 6111
f 6110 6111 6112
f 6112 6111 6113
f 6112 6113 6114
f 6114 6113 6115
f 6114 6115 6116
f 6116 6115 6117
f 6116 6117 6118
f 6118 6117 6119
f 6118 6119 6120
f 6121 6122 6123
f 6123 6122 6124
f 6123 6124 6125
f 6096 6126 6097
f 6097 6126 6127
f 6097 6127 6128
f 6128 6127 6129
f 6128 6129 6130
f 6131 6132 6133
f 6133 6132 6134
f 6133 6134 6108
f 6108 6134 6135
f 6108 6135 6109
f 6119 6136 6120
f 6120 6136 6137
f 6120 6137 6138
f 6138 6137 6139
f 6138 6139 6140
f 6141 6142 6143
f 6143 6142 6144
f 6143 6144 6145
f 6146 6147 6148
f 6148 6147 6149
f 6148 6149 6150
f 6151 6152 6153
f 6153 6152 6154
f 6153 6154 6155
f 6154 6156 6155
f 6155 6156 6157
f 6155 6157 6158
f 6158 6157 6159
f 6158 6159 6160
f 6160 6159 6161
f 6160 6161 6121
f 6121 6161 6162
f 6121 6162 6122
f 6163 6164 6165
f 6165 6164 6166
f 6165 6166 6167
f 6167 6166 6168
f 6167 6168 6098
f 6098 6168 6169
f 6098 6169 6099
f 6106 6170 6107
f 6107 6170 6171
f 6107 6171 6172
f 6172 6171 6173
f 6172 6173 6174
f 6174 6173 6175
f 6174 6175 6131
f 6131 6175 6176
f 6131 6176 6132
f 6139 6177 6140
f 6140 6177 6178
f 6140 6178 6179
f 6179 6178 6180
f 6179 6180 6181
f 6181 6180 6182
f 6181 6182 6183
f 6182 6184 6183
f 6183 6184 6185
f 6183 6185 6186
f 6186 6185 6187
f 6186 6187 6141
f 6141 6187 6188
f 6141 6188 6142
f 6149 6189 6150
f 6150 6189 6190
f 6150 6190 6191
f 6191 6190 6192
f 6191 6192 6193
f 6124 6194 6125
f 6125 6194 6195
f 6125 6195 6196
f 6196 6195 6197
f 6196 6197 6091
f 6091 6197 6198
f 6091 6198 6092
f 6129 6199 6130
f 6130 6199 6200
f 6130 6200 6201
f 6201 6200 6202
f 6201 6202 6163
f 6163 6202 6203
f 6163 6203 6164
f 6192 6204 6193
f 6193 6204 6205
f 6193 6205 6206
f 6206 6205 6207
f 6206 6207 6208
f 6208 6207 6209
f 6208 6209 6210
f 6144 6211 6145
f 6145 6211 6212
f 6145 6212 6213
f 6213 6212 6214
f 6213 6214 6215
f 6215 6214 6216
f 6215 6216 6146
f 6146 6216 6217
f 6146 6217 6147
f 6209 6218 6210
f 6210 6218 6219
f 6210 6219 6220
f 6220 6219 6221
f 6220 6221 6222
f 6221 6223 6222
f 6222 6223 6224
f 6222 6224 6225
f 6225 6224 6226
f 6225 6226 6227
f 6226 6228 6227
f 6227 6228 6229
f 6227 6229 6230
f 6230 6229 6231
f 6230 6231 6232
f 6232 6231 6233
f 6232 6233 6151
f 6151 6233 6234
f 6151 6234 6152
f 5782 6235 5780
f 5780 6235 6236
f 5780 6236 5778
f 5824 6237 5822
f 5822 6237 6238
f 5822 6238 5820
f 5810 6239 5808
f 5808 6239 6240
f 5808 6240 5806
f 5800 6241 5798
f 5798 6241 6242
f 5798 6242 5796
f 6242 6243 5796
f 5796 6243 6244
f 5796 6244 5794
f 5794 6244 6245
f 5794 6245 5792
f 5786 6246 5784
f 5784 6246 6247
f 5784 6247 5782
f 5782 6247 6248
f 5782 6248 6235
f 5746 6249 5748
f 5748 6249 6250
f 5748 6250 5750
f 5648 6251 5650
f 5650 6251 6252
f 5650 6252 5654
f 5830 6253 5828
f 5828 6253 6254
f 5828 6254 5826
f 5826 6254 6255
f 5826 6255 5824
f 5824 6255 6256
f 5824 6256 6237
f 6238 6257 5820
f 5820 6257 6258
f 5820 6258 5818
f 5818 6258 6259
f 5818 6259 5816
f 5816 6259 6260
f 5816 6260 5814
f 6245 6261 5792
f 5792 6261 6262
f 5792 6262 5790
f 5790 6262 6263
f 5790 6263 5788
f 5788 6263 6264
f 5788 6264 5786
f 5786 6264 6265
f 5786 6265 6246
f 6236 6266 5778
f 5778 6266 6267
f 5778 6267 5776
f 5776 6267 6268
f 5776 6268 5774
f 5774 6268 6269
f 5774 6269 5772
f 6252 6270 5654
f 5654 6270 6271
f 5654 6271 5660
f 5660 6271 6272
f 5660 6272 5671
f 5838 6273 5836
f 5836 6273 6274
f 5836 6274 5834
f 6260 6275 5814
f 5814 6275 6276
f 5814 6276 5812
f 5812 6276 6277
f 5812 6277 5810
f 5810 6277 6278
f 5810 6278 6239
f 6240 6279 5806
f 5806 6279 6280
f 5806 6280 5804
f 5804 6280 6281
f 5804 6281 5802
f 5802 6281 6282
f 5802 6282 5800
f 5800 6282 6283
f 5800 6283 6241
f 6269 6284 5772
f 5772 6284 6285
f 5772 6285 5770
f 5770 6285 6286
f 5770 6286 5768
f 6286 6287 5768
f 5768 6287 6288
f 5768 6288 5766
f 5766 6288 6289
f 5766 6289 5742
f 5742 6289 6290
f 5742 6290 5741
f 5741 6290 6291
f 5741 6291 5743
f 5743 6291 6292
f 5743 6292 5744
f 5744 6292 6293
f 5744 6293 5746
f 5746 6293 6294
f 5746 6294 6249
f 6272 6295 5671
f 5671 6295 6296
f 5671 6296 5842
f 5842 6296 6297
f 5842 6297 5840
f 5840 6297 6298
f 5840 6298 5838
f 5838 6298 6299
f 5838 6299 6273
f 6274 6300 5834
f 5834 6300 6301
f 5834 6301 5832
f 5832 6301 6302
f 5832 6302 5830
f 5830 6302 6303
f 5830 6303 6253
f 5711 6304 5726
f 5726 6304 6305
f 5726 6305 5733
f 5733 6305 6306
f 5733 6306 5648
f 5648 6306 6307
f 5648 6307 6251
f 6250 6308 5750
f 5750 6308 6309
f 5750 6309 5752
f 5752 6309 6310
f 5752 6310 5754
f 5754 6310 6311
f 5754 6311 5756
f 6311 6312 5756
f 5756 6312 6313
f 5756 6313 5758
f 5758 6313 6314
f 5758 6314 5760
f 6314 6315 5760
f 5760 6315 6316
f 5760 6316 5762
f 5762 6316 6317
f 5762 6317 5711
f 5711 6317 6318
f 5711 6318 6304
f 6319 6320 6321
f 6319 6321 6322
f 6322 6321 6323
f 6322 6323 6324
f 6324 6323 6325
f 6325 6323 6326
f 6325 6326 6327
f 6328 6329 6330
f 6330 6329 6331
f 6326 6332 6327
f 6327 6332 6330
f 6327 6330 6333
f 6333 6330 6331
f 6334 6335 6336
f 6336 6335 6337
f 6328 6338 6329
f 6329 6338 6339
f 6329 6339 6340
f 6340 6339 6341
f 6340 6341 6342
f 6342 6341 6336
f 6342 6336 6343
f 6343 6336 6337
f 6344 6345 6346
f 6346 6345 6347
f 6347 6348 6346
f 6346 6348 6349
f 6346 6349 6350
f 6334 6351 6335
f 6335 6351 6345
f 6335 6345 6352
f 6352 6345 6344
f 6350 6349 6353
f 6353 6349 6354
f 6353 6354 6355
f 6356 6357 6358
f 6358 6357 6359
f 6358 6359 6360
f 6360 6359 6361
f 6360 6361 6362
f 6354 6363 6355
f 6355 6363 6364
f 6355 6364 6365
f 6365 6364 6366
f 6365 6366 6367
f 6367 6366 6356
f 6367 6356 6368
f 6368 6356 6358
f 6361 6369 6362
f 6362 6369 6370
f 6362 6370 6371
f 6371 6370 6372
f 6371 6372 6373
f 6373 6372 6374
f 6373 6374 6375
f 6375 6374 6376
f 6375 6376 6377
f 6377 6376 6378
f 6377 6378 6379
f 6379 6378 6380
f 6379 6380 6381
f 6382 6383 6384
f 6384 6383 6385
f 6384 6385 6386
f 6386 6385 6381
f 6386 6381 6387
f 6387 6381 6380
f 6384 6388 6382
f 6382 6388 6389
f 6382 6389 6390
f 6390 6389 6391
f 6390 6391 6392
f 6392 6391 6393
f 6393 6391 6394
f 6393 6394 6395
f 6395 6394 6396
f 6395 6396 6397
f 6397 6396 6398
f 6397 6398 6399
f 6399 6398 6400
f 6399 6400 6401
f 6400 6402 6401
f 6401 6402 6403
f 6401 6403 6404
f 6404 6403 6405
f 6404 6405 6406
f 6406 6405 6407
f 6405 6408 6407
f 6407 6408 6409
f 6407 6409 6410
f 6410 6409 6411
f 6410 6411 6412
f 6412 6411 6413
f 6413 6411 6414
f 6414 6411 6415
f 6414 6415 6416
f 6416 6415 6417
f 6416 6417 6418
f 6418 6417 6419
f 6419 6417 6420
f 6419 6420 6421
f 6422 6423 6424
f 6424 6423 6425
f 6420 6426 6421
f 6421 6426 6424
f 6421 6424 6427
f 6427 6424 6425
f 6428 6429 6430
f 6430 6429 6431
f 6422 6432 6423
f 6423 6432 6433
f 6423 6433 6434
f 6434 6433 6435
f 6434 6435 6436
f 6436 6435 6437
f 6436 6437 6438
f 6438 6437 6439
f 6438 6439 6440
f 6440 6439 6429
f 6440 6429 6441
f 6441 6429 6428
f 6442 6443 6444
f 6444 6443 6445
f 6431 6446 6430
f 6430 6446 6443
f 6430 6443 6447
f 6447 6443 6442
f 6445 6448 6444
f 6444 6448 6449
f 6444 6449 6450
f 6450 6449 6451
f 6450 6451 6452
f 6452 6451 6453
f 6452 6453 6454
f 6454 6453 6455
f 6454 6455 6456
f 6456 6455 6457
f 6456 6457 6458
f 6458 6457 6459
f 6458 6459 6460
f 6460 6459 6461
f 6460 6461 6462
f 6461 6463 6462
f 6462 6463 6464
f 6462 6464 6465
f 6465 6464 6466
f 6465 6466 6467
f 6467 6466 6468
f 6467 6468 6469
f 6469 6468 6470
f 6469 6470 6471
f 6471 6470 6472
f 6471 6472 6473
f 6474 6475 6476
f 6476 6475 6477
f 6476 6477 6478
f 6478 6477 6473
f 6478 6473 6479
f 6479 6473 6472
f 6480 6481 6482
f 6482 6481 6483
f 6482 6483 6484
f 6484 6483 6474
f 6484 6474 6485
f 6485 6474 6476
f 6482 6486 6480
f 6480 6486 6487
f 6480 6487 6488
f 6488 6487 6489
f 6488 6489 6490
f 6490 6489 6491
f 6491 6489 6492
f 6491 6492 6493
f 6493 6492 6494
f 6493 6494 6495
f 6494 6496 6495
f 6495 6496 6497
f 6495 6497 6498
f 6498 6497 6499
f 6498 6499 6500
f 6500 6499 6501
f 6499 6502 6501
f 6501 6502 6503
f 6501 6503 6504
f 6504 6503 6505
f 6319 6506 6320
f 6320 6506 6507
f 6320 6507 6508
f 6508 6507 6509
f 6508 6509 6505
f 6505 6509 6510
f 6505 6510 6504
f 5934 5933 6461
f 6372 6370 5872
f 5872 6370 5874
f 5860 6338 5862
f 5862 6338 6328
f 5862 6328 5863
f 5863 6328 5852
f 5868 6345 5869
f 5869 6345 6351
f 5869 6351 5857
f 5857 6351 6334
f 5857 6334 5858
f 5858 6334 6336
f 5858 6336 5859
f 5859 6336 6341
f 5859 6341 5860
f 5860 6341 6339
f 5860 6339 6338
f 6354 6349 5867
f 5867 6349 6348
f 5867 6348 5868
f 5868 6348 6347
f 5868 6347 6345
f 5879 6363 5865
f 5865 6363 6354
f 5865 6354 5866
f 5866 6354 5867
f 5877 6356 5878
f 5878 6356 6366
f 5878 6366 5879
f 5879 6366 6364
f 5879 6364 6363
f 6370 6369 5874
f 5874 6369 6361
f 5874 6361 5875
f 5875 6361 6359
f 5875 6359 5877
f 5877 6359 6357
f 5877 6357 6356
f 6372 5872 6374
f 6374 5872 5871
f 6374 5871 6376
f 6376 5871 5887
f 6376 5887 6378
f 5882 6380 5884
f 5884 6380 6378
f 5884 6378 5886
f 5886 6378 5887
f 5899 6384 5881
f 5881 6384 6386
f 5881 6386 5882
f 5882 6386 6387
f 5882 6387 6380
f 6408 6405 5909
f 5909 6405 6403
f 5909 6403 5894
f 5894 6403 6402
f 5894 6402 5892
f 5892 6402 6400
f 5892 6400 5890
f 5890 6400 6398
f 5890 6398 5888
f 5888 6398 6396
f 5888 6396 5895
f 5895 6396 6394
f 5895 6394 5896
f 5896 6394 6391
f 5896 6391 5898
f 5898 6391 6389
f 5898 6389 5899
f 5899 6389 6388
f 5899 6388 6384
f 5905 6409 5906
f 5906 6409 6408
f 5906 6408 5908
f 5908 6408 5909
f 5913 6426 5914
f 5914 6426 6420
f 5914 6420 5901
f 5901 6420 6417
f 5901 6417 5903
f 5903 6417 6415
f 5903 6415 5905
f 5905 6415 6411
f 5905 6411 6409
f 5927 6446 5928
f 5928 6446 6431
f 5928 6431 5916
f 5916 6431 6429
f 5916 6429 5917
f 5917 6429 6439
f 5917 6439 5918
f 5918 6439 6437
f 5918 6437 5919
f 5919 6437 6435
f 5919 6435 5921
f 5921 6435 6433
f 5921 6433 5922
f 5922 6433 6432
f 5922 6432 5911
f 5911 6432 6422
f 5911 6422 5913
f 5913 6422 6424
f 5913 6424 6426
f 6461 6459 5934
f 5934 6459 6457
f 5934 6457 5936
f 5936 6457 6455
f 5936 6455 5937
f 5937 6455 6453
f 5937 6453 5938
f 5938 6453 6451
f 5938 6451 5924
f 5924 6451 6449
f 5924 6449 5925
f 5925 6449 6448
f 5925 6448 5926
f 5926 6448 6445
f 5926 6445 5927
f 5927 6445 6443
f 5927 6443 6446
f 5930 6466 5931
f 5931 6466 6464
f 5931 6464 5933
f 5933 6464 6463
f 5933 6463 6461
f 5944 6476 5945
f 5945 6476 6478
f 5945 6478 5946
f 5946 6478 6479
f 5946 6479 5948
f 5948 6479 6472
f 5948 6472 5949
f 5949 6472 6470
f 5949 6470 5930
f 5930 6470 6468
f 5930 6468 6466
f 6486 6482 5943
f 5943 6482 6484
f 5943 6484 5944
f 5944 6484 6485
f 5944 6485 6476
f 5843 6487 5844
f 5844 6487 6486
f 5844 6486 5941
f 5941 6486 5943
f 5950 6499 5956
f 5956 6499 6497
f 5956 6497 5957
f 5957 6497 6496
f 5957 6496 5959
f 5959 6496 6494
f 5959 6494 5960
f 5960 6494 6492
f 5960 6492 5843
f 5843 6492 6489
f 5843 6489 6487
f 6328 6330 5852
f 5852 6330 6332
f 5852 6332 5854
f 5854 6332 6326
f 5854 6326 5855
f 5855 6326 6323
f 5855 6323 5847
f 5847 6323 6321
f 5847 6321 5849
f 5849 6321 6320
f 5849 6320 5955
f 5955 6320 6508
f 5955 6508 5954
f 5954 6508 6505
f 5954 6505 5952
f 5952 6505 6503
f 5952 6503 5950
f 5950 6503 6502
f 5950 6502 6499
f 5981 6113 5979
f 5979 6113 6111
f 5979 6111 5977
f 5977 6111 6109
f 5977 6109 5975
f 5975 6109 6135
f 5975 6135 5973
f 5973 6135 6134
f 5973 6134 5971
f 5971 6134 6132
f 5971 6132 5969
f 5969 6132 6176
f 5969 6176 5967
f 5967 6176 6175
f 5967 6175 5965
f 5965 6175 6173
f 5965 6173 5963
f 5963 6173 6171
f 5963 6171 5961
f 5961 6171 6170
f 5961 6170 5873
f 5873 6170 6106
f 5873 6106 5885
f 5885 6106 6104
f 5885 6104 5883
f 5883 6104 6103
f 5883 6103 5897
f 5897 6103 6101
f 5897 6101 5889
f 5889 6101 6099
f 5889 6099 5891
f 5891 6099 6169
f 5891 6169 5893
f 5893 6169 6168
f 5893 6168 5907
f 5907 6168 6166
f 5907 6166 5904
f 5904 6166 6164
f 5904 6164 5902
f 5902 6164 6203
f 5902 6203 5900
f 5900 6203 6202
f 5900 6202 5912
f 5912 6202 6200
f 5912 6200 5910
f 5910 6200 6199
f 5910 6199 5920
f 5920 6199 6129
f 5920 6129 5915
f 5915 6129 6127
f 5915 6127 5929
f 5929 6127 6126
f 5929 6126 5923
f 5923 6126 6096
f 5923 6096 5939
f 5939 6096 6094
f 5939 6094 5935
f 5935 6094 6092
f 5935 6092 6089
f 6089 6092 6198
f 6089 6198 6087
f 6087 6198 6197
f 6087 6197 6085
f 6085 6197 6195
f 6085 6195 6083
f 6083 6195 6194
f 6083 6194 6081
f 6081 6194 6124
f 6081 6124 6079
f 6079 6124 6122
f 6079 6122 6077
f 6077 6122 6162
f 6077 6162 6075
f 6075 6162 6161
f 6075 6161 6073
f 6073 6161 6159
f 6073 6159 6071
f 6071 6159 6157
f 6071 6157 6069
f 6069 6157 6156
f 6069 6156 6067
f 6067 6156 6154
f 6067 6154 6065
f 6065 6154 6152
f 6065 6152 6063
f 6063 6152 6234
f 6063 6234 6061
f 6061 6234 6233
f 6061 6233 6059
f 6059 6233 6231
f 6059 6231 6057
f 6057 6231 6229
f 6057 6229 6055
f 6055 6229 6228
f 6055 6228 6053
f 6053 6228 6226
f 6053 6226 6051
f 6051 6226 6224
f 6051 6224 6049
f 6049 6224 6223
f 6049 6223 6047
f 6047 6223 6221
f 6047 6221 6045
f 6045 6221 6219
f 6045 6219 6043
f 6043 6219 6218
f 6043 6218 6041
f 6041 6218 6209
f 6041 6209 6039
f 6039 6209 6207
f 6039 6207 6037
f 6037 6207 6205
f 6037 6205 6035
f 6035 6205 6204
f 6035 6204 6033
f 6033 6204 6192
f 6033 6192 6031
f 6031 6192 6190
f 6031 6190 6029
f 6029 6190 6189
f 6029 6189 6027
f 6027 6189 6149
f 6027 6149 6025
f 6025 6149 6147
f 6025 6147 6023
f 6023 6147 6217
f 6023 6217 6021
f 6021 6217 6216
f 6021 6216 6019
f 6019 6216 6214
f 6019 6214 6017
f 6017 6214 6212
f 6017 6212 6015
f 6015 6212 6211
f 6015 6211 6013
f 6013 6211 6144
f 6013 6144 6011
f 6011 6144 6142
f 6011 6142 6009
f 6009 6142 6188
f 6009 6188 6007
f 6007 6188 6187
f 6007 6187 6005
f 6005 6187 6185
f 6005 6185 6003
f 6003 6185 6184
f 6003 6184 6001
f 6001 6184 6182
f 6001 6182 5999
f 5999 6182 6180
f 5999 6180 5997
f 5997 6180 6178
f 5997 6178 5995
f 5995 6178 6177
f 5995 6177 5993
f 5993 6177 6139
f 5993 6139 5991
f 5991 6139 6137
f 5991 6137 5989
f 5989 6137 6136
f 5989 6136 5987
f 5987 6136 6119
f 5987 6119 5985
f 5985 6119 6117
f 5985 6117 5983
f 5983 6117 6115
f 5983 6115 5981
f 5981 6115 6113
f 6070 6237 6072
f 6072 6237 6256
f 6072 6256 6074
f 6074 6256 6255
f 6074 6255 6076
f 6076 6255 6254
f 6076 6254 6078
f 6078 6254 6253
f 6078 6253 6080
f 6080 6253 6303
f 6080 6303 6082
f 6082 6303 6302
f 6082 6302 6084
f 6084 6302 6301
f 6084 6301 6086
f 6086 6301 6300
f 6086 6300 6088
f 6088 6300 6274
f 6088 6274 6090
f 6090 6274 6273
f 6090 6273 5932
f 5932 6273 6299
f 5932 6299 5947
f 5947 6299 6298
f 5947 6298 5942
f 5942 6298 6297
f 5942 6297 5940
f 5940 6297 6296
f 5940 6296 5845
f 5845 6296 6295
f 5845 6295 5958
f 5958 6295 6272
f 5958 6272 5951
f 5951 6272 6271
f 5951 6271 5953
f 5953 6271 6270
f 5953 6270 5850
f 5850 6270 6252
f 5850 6252 5848
f 5848 6252 6251
f 5848 6251 5846
f 5846 6251 6307
f 5846 6307 5853
f 5853 6307 6306
f 5853 6306 5851
f 5851 6306 6305
f 5851 6305 5861
f 5861 6305 6304
f 5861 6304 5856
f 5856 6304 6318
f 5856 6318 5870
f 5870 6318 6317
f 5870 6317 5864
f 5864 6317 6316
f 5864 6316 5880
f 5880 6316 6315
f 5880 6315 5876
f 5876 6315 6314
f 5876 6314 5962
f 5962 6314 6313
f 5962 6313 5964
f 5964 6313 6312
f 5964 6312 5966
f 5966 6312 6311
f 5966 6311 5968
f 5968 6311 6310
f 5968 6310 5970
f 5970 6310 6309
f 5970 6309 5972
f 5972 6309 6308
f 5972 6308 5974
f 5974 6308 6250
f 5974 6250 5976
f 5976 6250 6249
f 5976 6249 5978
f 5978 6249 6294
f 5978 6294 5980
f 5980 6294 6293
f 5980 6293 5982
f 5982 6293 6292
f 5982 6292 5984
f 5984 6292 6291
f 5984 6291 5986
f 5986 6291 6290
f 5986 6290 5988
f 5988 6290 6289
f 5988 6289 5990
f 5990 6289 6288
f 5990 6288 5992
f 5992 6288 6287
f 5992 6287 5994
f 5994 6287 6286
f 5994 6286 5996
f 5996 6286 6285
f 5996 6285 5998
f 5998 6285 6284
f 5998 6284 6000
f 6000 6284 6269
f 6000 6269 6002
f 6002 6269 6268
f 6002 6268 6004
f 6004 6268 6267
f 6004 6267 6006
f 6006 6267 6266
f 6006 6266 6008
f 6008 6266 6236
f 6008 6236 6010
f 6010 6236 6235
f 6010 6235 6012
f 6012 6235 6248
f 6012 6248 6014
f 6014 6248 6247
f 6014 6247 6016
f 6016 6247 6246
f 6016 6246 6018
f 6018 6246 6265
f 6018 6265 6020
f 6020 6265 6264
f 6020 6264 6022
f 6022 6264 6263
f 6022 6263 6024
f 6024 6263 6262
f 6024 6262 6026
f 6026 6262 6261
f 6026 6261 6028
f 6028 6261 6245
f 6028 6245 6030
f 6030 6245 6244
f 6030 6244 6032
f 6032 6244 6243
f 6032 6243 6034
f 6034 6243 6242
f 6034 6242 6036
f 6036 6242 6241
f 6036 6241 6038
f 6038 6241 6283
f 6038 6283 6040
f 6040 6283 6282
f 6040 6282 6042
f 6042 6282 6281
f 6042 6281 6044
f 6044 6281 6280
f 6044 6280 6046
f 6046 6280 6279
f 6046 6279 6048
f 6048 6279 6240
f 6048 6240 6050
f 6050 6240 6239
f 6050 6239 6052
f 6052 6239 6278
f 6052 6278 6054
f 6054 6278 6277
f 6054 6277 6056
f 6056 6277 6276
f 6056 6276 6058
f 6058 6276 6275
f 6058 6275 6060
f 6060 6275 6260
f 6060 6260 6062
f 6062 6260 6259
f 6062 6259 6064
f 6064 6259 6258
f 6064 6258 6066
f 6066 6258 6257
f 6066 6257 6068
f 6068 6257 6238
f 6068 6238 6070
f 6070 6238 6237
f 6319 6322 5734
f 5734 6322 6324
f 5734 6324 5735
f 6324 6325 5735
f 5735 6325 6327
f 5735 6327 5736
f 5736 6327 6333
f 5736 6333 5737
f 5737 6333 6331
f 5737 6331 5738
f 5738 6331 6329
f 5738 6329 5727
f 5727 6329 6340
f 5727 6340 5724
f 6340 6342 5724
f 5724 6342 6343
f 5724 6343 5725
f 5725 6343 6337
f 5725 6337 5728
f 6337 6335 5728
f 5728 6335 6352
f 5728 6352 5729
f 5729 6352 6344
f 5729 6344 5730
f 5730 6344 6346
f 5730 6346 5712
f 5712 6346 6350
f 5712 6350 5709
f 6350 6353 5709
f 5709 6353 6355
f 5709 6355 5710
f 5710 6355 6365
f 5710 6365 5713
f 6365 6367 5713
f 5713 6367 6368
f 5713 6368 5714
f 5714 6368 6358
f 5714 6358 5715
f 6358 6360 5715
f 5715 6360 6362
f 5715 6362 5716
f 6362 6371 5716
f 5716 6371 6373
f 5716 6373 5717
f 5717 6373 6375
f 5717 6375 5719
f 5719 6375 6377
f 5719 6377 5720
f 5720 6377 6379
f 5720 6379 5721
f 6379 6381 5721
f 5721 6381 6385
f 5721 6385 5722
f 5722 6385 6383
f 5722 6383 5723
f 5723 6383 6382
f 5723 6382 5702
f 5702 6382 6390
f 5702 6390 5703
f 6390 6392 5703
f 5703 6392 6393
f 5703 6393 5705
f 5705 6393 6395
f 5705 6395 5706
f 5706 6395 6397
f 5706 6397 5707
f 5707 6397 6399
f 5707 6399 5708
f 5708 6399 6401
f 5708 6401 5697
f 5697 6401 6404
f 5697 6404 5698
f 6404 6406 5698
f 5698 6406 6407
f 5698 6407 5700
f 5700 6407 6410
f 5700 6410 5701
f 5701 6410 6412
f 5701 6412 5694
f 5694 6412 6413
f 5694 6413 5695
f 5695 6413 6414
f 5695 6414 5696
f 6414 6416 5696
f 5696 6416 6418
f 5696 6418 5683
f 5683 6418 6419
f 5683 6419 5684
f 5684 6419 6421
f 5684 6421 5686
f 5686 6421 6427
f 5686 6427 5688
f 6427 6425 5688
f 5688 6425 6423
f 5688 6423 5689
f 5689 6423 6434
f 5689 6434 5690
f 5690 6434 6436
f 5690 6436 5691
f 5691 6436 6438
f 5691 6438 5692
f 5692 6438 5677
f 6438 6440 5677
f 5677 6440 6441
f 5677 6441 5678
f 5678 6441 6428
f 5678 6428 5679
f 6428 6430 5679
f 5679 6430 6447
f 5679 6447 5674
f 6447 6442 5674
f 5674 6442 6444
f 5674 6444 5675
f 5675 6444 6450
f 5675 6450 5680
f 5680 6450 6452
f 5680 6452 5681
f 5681 6452 6454
f 5681 6454 5682
f 5682 6454 5666
f 6454 6456 5666
f 5666 6456 6458
f 5666 6458 5667
f 6458 6460 5667
f 5667 6460 6462
f 5667 6462 5669
f 5669 6462 6465
f 5669 6465 5670
f 6465 6467 5670
f 5670 6467 6469
f 5670 6469 5672
f 5672 6469 6471
f 5672 6471 5673
f 5673 6471 5658
f 6471 6473 5658
f 5658 6473 6477
f 5658 6477 5659
f 5659 6477 6475
f 5659 6475 5661
f 6475 6474 5661
f 5661 6474 6483
f 5661 6483 5662
f 6483 6481 5662
f 5662 6481 6480
f 5662 6480 5663
f 5663 6480 6488
f 5663 6488 5664
f 5664 6488 6490
f 5664 6490 5665
f 5665 6490 6491
f 5665 6491 5652
f 5652 6491 6493
f 5652 6493 5653
f 6493 6495 5653
f 5653 6495 6498
f 5653 6498 5655
f 5655 6498 6500
f 5655 6500 5656
f 5734 5732 6319
f 6319 5732 5731
f 6319 5731 6506
f 6506 5731 5647
f 6506 5647 6507
f 6507 5647 5649
f 6507 5649 6509
f 6509 5649 5651
f 6509 5651 6510
f 6510 5651 5657
f 6510 5657 6504
f 6504 5657 5656
f 6504 5656 6501
f 6501 5656 6500
f 6112 6114 5740
f 5740 6114 5764
f 6114 6116 5764
f 5764 6116 6118
f 5764 6118 5765
f 5765 6118 6120
f 5765 6120 5767
f 5767 6120 6138
f 5767 6138 5769
f 5769 6138 6140
f 5769 6140 5771
f 5771 6140 6179
f 5771 6179 5773
f 5773 6179 6181
f 5773 6181 5775
f 5775 6181 6183
f 5775 6183 5777
f 5777 6183 6186
f 5777 6186 5779
f 5779 6186 6141
f 5779 6141 5781
f 5781 6141 6143
f 5781 6143 5783
f 5783 6143 6145
f 5783 6145 5785
f 5785 6145 6213
f 5785 6213 5787
f 5787 6213 6215
f 5787 6215 5789
f 5789 6215 6146
f 5789 6146 5791
f 5791 6146 6148
f 5791 6148 5793
f 5793 6148 6150
f 5793 6150 5795
f 5795 6150 6191
f 5795 6191 5797
f 5797 6191 6193
f 5797 6193 5799
f 5799 6193 6206
f 5799 6206 5801
f 5801 6206 6208
f 5801 6208 5803
f 5803 6208 6210
f 5803 6210 5805
f 5805 6210 6220
f 5805 6220 5807
f 5807 6220 6222
f 5807 6222 5809
f 5809 6222 6225
f 5809 6225 5811
f 5811 6225 6227
f 5811 6227 5813
f 5813 6227 6230
f 5813 6230 5815
f 5815 6230 6232
f 5815 6232 5817
f 5817 6232 6151
f 5817 6151 5819
f 5819 6151 6153
f 5819 6153 5821
f 5821 6153 6155
f 5821 6155 5823
f 5823 6155 6158
f 5823 6158 5825
f 5825 6158 6160
f 5825 6160 5827
f 5827 6160 6121
f 5827 6121 5829
f 5829 6121 6123
f 5829 6123 5831
f 5831 6123 6125
f 5831 6125 5833
f 5833 6125 6196
f 5833 6196 5835
f 5835 6196 6091
f 5835 6091 5837
f 5837 6091 6093
f 5837 6093 5839
f 5839 6093 6095
f 5839 6095 5841
f 5841 6095 6097
f 5841 6097 5668
f 5668 6097 6128
f 5668 6128 5676
f 5676 6128 6130
f 5676 6130 5687
f 5687 6130 6201
f 5687 6201 5685
f 5685 6201 6163
f 5685 6163 5693
f 5693 6163 6165
f 5693 6165 5699
f 5699 6165 6167
f 5699 6167 5704
f 5704 6167 6098
f 5704 6098 5718
f 5718 6098 6100
f 5718 6100 5763
f 5763 6100 6102
f 5763 6102 5761
f 5761 6102 6105
f 5761 6105 5759
f 5759 6105 6107
f 5759 6107 5757
f 5757 6107 6172
f 5757 6172 5755
f 5755 6172 6174
f 5755 6174 5753
f 5753 6174 6131
f 5753 6131 5751
f 5751 6131 6133
f 5751 6133 5749
f 5749 6133 6108
f 5749 6108 5747
f 5747 6108 6110
f 5747 6110 5745
f 5745 6110 6112
f 5745 6112 5739
f 5739 6112 5740
f 6511 6512 6513
f 6514 6515 6516
f 6516 6515 6517
f 6516 6517 6518
f 6519 6520 6521
f 6521 6520 6522
f 6523 6524 6525
f 6525 6526 6523
f 6523 6526 6527
f 6523 6527 6528
f 6523 6529 6524
f 6524 6529 6530
f 6524 6530 6531
f 6531 6530 6532
f 6533 6534 6521
f 6521 6534 6535
f 6521 6535 6519
f 6536 6537 6538
f 6538 6537 6539
f 6538 6539 6540
f 6540 6539 6541
f 6540 6541 6522
f 6522 6541 6542
f 6522 6542 6521
f 6543 6544 6545
f 6528 6546 6523
f 6523 6546 6547
f 6523 6547 6548
f 6548 6549 6523
f 6523 6549 6550
f 6523 6550 6551
f 6552 6553 6530
f 6530 6553 6554
f 6530 6554 6532
f 6536 6555 6537
f 6537 6555 6556
f 6537 6556 6544
f 6544 6556 6557
f 6544 6557 6545
f 6550 6558 6551
f 6551 6558 6559
f 6551 6559 6560
f 6560 6559 6561
f 6560 6561 6533
f 6533 6561 6562
f 6533 6562 6534
f 6518 6563 6516
f 6516 6563 6552
f 6516 6552 6512
f 6512 6552 6530
f 6512 6530 6513
f 6564 6565 6516
f 6516 6565 6566
f 6516 6566 6514
f 6514 6566 6543
f 6514 6543 6567
f 6567 6543 6545
f 6513 6568 6511
f 6511 6568 6569
f 6511 6569 6570
f 6571 6572 6573
f 6574 6575 6576
f 6573 6572 6577
f 6578 6579 6575
f 6575 6579 6580
f 6575 6580 6576
f 6576 6581 6574
f 6574 6581 6582
f 6574 6582 6573
f 6573 6582 6583
f 6573 6583 6571
f 6584 6585 6586
f 6586 6585 6587
f 6585 6588 6587
f 6587 6588 6521
f 6587 6521 6589
f 6589 6521 6542
f 6588 6590 6521
f 6521 6590 6591
f 6521 6591 6592
f 6592 6591 6593
f 6592 6593 6594
f 6594 6593 6595
f 6594 6595 6578
f 6578 6595 6596
f 6578 6596 6579
f 6572 6597 6577
f 6577 6597 6598
f 6577 6598 6599
f 6599 6598 6600
f 6599 6600 6601
f 6584 6586 6602
f 6602 6586 6603
f 6602 6603 6604
f 6604 6603 6605
f 6604 6605 6606
f 6600 6607 6601
f 6601 6607 6608
f 6601 6608 6609
f 6609 6608 6610
f 6609 6610 6611
f 6612 6613 6605
f 6605 6613 6614
f 6605 6614 6606
f 6609 6615 6616
f 6617 6615 6618
f 6618 6615 6609
f 6618 6609 6619
f 6619 6609 6611
f 6617 6620 6615
f 6615 6620 6621
f 6615 6621 6622
f 6622 6621 6623
f 6623 6624 6622
f 6622 6624 6625
f 6622 6625 6612
f 6612 6625 6626
f 6612 6626 6613
f 6609 6627 6628
f 6628 6627 6629
f 6628 6629 6630
f 6616 6631 6609
f 6609 6631 6632
f 6609 6632 6633
f 6634 6635 6636
f 6636 6635 6637
f 6636 6637 6633
f 6637 6638 6633
f 6633 6638 6639
f 6633 6639 6609
f 6609 6639 6640
f 6609 6640 6627
f 6629 6641 6630
f 6630 6641 6642
f 6630 6642 6643
f 6644 6645 6646
f 6646 6645 6647
f 6646 6647 6648
f 6644 6649 6645
f 6645 6649 6650
f 6645 6650 6651
f 6650 6652 6651
f 6651 6652 6653
f 6651 6653 6654
f 6653 6655 6654
f 6654 6655 6656
f 6654 6656 6634
f 6634 6656 6657
f 6634 6657 6635
f 6642 6658 6643
f 6643 6658 6659
f 6643 6659 6660
f 6659 6661 6660
f 6660 6661 6662
f 6660 6662 6663
f 6664 6665 6666
f 6666 6665 6667
f 6648 6647 6667
f 6667 6647 6668
f 6667 6668 6666
f 6669 6670 6664
f 6664 6670 6671
f 6664 6671 6665
f 6672 6673 6674
f 6674 6675 6672
f 6672 6675 6676
f 6672 6676 6677
f 6662 6678 6663
f 6663 6678 6679
f 6663 6679 6673
f 6673 6679 6680
f 6673 6680 6674
f 6676 6681 6677
f 6677 6681 6682
f 6677 6682 6683
f 6683 6682 6684
f 6683 6684 6669
f 6669 6684 6685
f 6669 6685 6670
f 6686 6687 6688
f 6689 6690 6691
f 6688 6687 6692
f 6693 6694 6695
f 6695 6694 6696
f 6695 6696 6697
f 6698 6699 6700
f 6701 6702 6703
f 6690 6704 6691
f 6691 6704 6705
f 6691 6705 6695
f 6695 6705 6706
f 6695 6706 6693
f 6697 6707 6695
f 6695 6707 6708
f 6695 6708 6709
f 6700 6710 6698
f 6698 6710 6711
f 6698 6711 6688
f 6688 6711 6712
f 6688 6712 6686
f 6564 6516 6713
f 6713 6516 6695
f 6713 6695 6714
f 6714 6695 6709
f 6714 6709 6715
f 6715 6709 6716
f 6715 6716 6717
f 6717 6716 6718
f 6717 6718 6699
f 6699 6718 6719
f 6699 6719 6700
f 6687 6720 6692
f 6692 6720 6721
f 6692 6721 6722
f 6722 6721 6723
f 6722 6723 6724
f 6724 6723 6725
f 6724 6725 6664
f 6664 6725 6726
f 6664 6726 6669
f 6669 6726 6702
f 6669 6702 6727
f 6701 6728 6702
f 6702 6728 6729
f 6702 6729 6727
f 6703 6730 6701
f 6701 6730 6731
f 6701 6731 6732
f 6732 6733 6701
f 6701 6733 6734
f 6701 6734 6735
f 6735 6736 6701
f 6701 6736 6737
f 6701 6737 6691
f 6691 6737 6738
f 6691 6738 6689
f 6739 6740 6741
f 6741 6740 6742
f 6743 6744 6740
f 6745 6739 6746
f 6746 6739 6747
f 6746 6747 6748
f 6748 6747 6749
f 6745 6750 6739
f 6739 6750 6751
f 6739 6751 6752
f 6752 6753 6739
f 6739 6753 6754
f 6739 6754 6755
f 6744 6756 6740
f 6740 6756 6757
f 6740 6757 6758
f 6755 6759 6739
f 6739 6759 6760
f 6739 6760 6740
f 6740 6760 6761
f 6740 6761 6743
f 6762 6763 6764
f 6765 6766 6767
f 6767 6766 6768
f 6767 6768 6769
f 6770 6767 6771
f 6771 6767 6772
f 6773 6774 6767
f 6767 6774 6775
f 6767 6775 6776
f 6777 6778 6769
f 6769 6778 6779
f 6769 6779 6767
f 6767 6779 6780
f 6767 6780 6772
f 6781 6782 6758
f 6758 6782 6783
f 6758 6783 6784
f 6740 6785 6786
f 6787 6788 6740
f 6740 6788 6789
f 6740 6789 6790
f 6790 6789 6791
f 6791 6792 6790
f 6790 6792 6793
f 6790 6793 6794
f 6794 6795 6790
f 6790 6795 6796
f 6790 6796 6797
f 6764 6763 6767
f 6767 6763 6798
f 6767 6798 6773
f 6776 6799 6767
f 6767 6799 6800
f 6767 6800 6765
f 6784 6801 6758
f 6758 6801 6802
f 6758 6802 6740
f 6740 6802 6803
f 6740 6803 6785
f 6786 6804 6740
f 6740 6804 6805
f 6740 6805 6787
f 6796 6806 6797
f 6797 6806 6807
f 6797 6807 6764
f 6764 6807 6808
f 6764 6808 6762
f 6777 6809 6778
f 6778 6809 6810
f 6778 6810 6811
f 6811 6810 6812
f 6811 6812 6758
f 6758 6812 6813
f 6758 6813 6781
f 6770 6814 6767
f 6767 6814 6815
f 6767 6815 6816
f 6816 6815 6817
f 6817 6818 6816
f 6816 6818 6819
f 6816 6819 6820
f 6821 6822 6823
f 6824 6825 6823
f 6823 6825 6826
f 6823 6826 6821
f 6827 6828 6829
f 6830 6831 6832
f 6832 6831 6833
f 6832 6833 6816
f 6834 6835 6827
f 6836 6837 6832
f 6833 6838 6816
f 6816 6838 6839
f 6816 6839 6840
f 6840 6841 6816
f 6816 6841 6842
f 6816 6842 6843
f 6824 6844 6825
f 6825 6844 6845
f 6825 6845 6846
f 6846 6845 6847
f 6846 6847 6848
f 6848 6847 6849
f 6848 6849 6850
f 6837 6851 6832
f 6832 6851 6852
f 6832 6852 6830
f 6843 6853 6816
f 6816 6853 6854
f 6816 6854 6855
f 6835 6856 6827
f 6827 6856 6857
f 6827 6857 6858
f 6858 6859 6827
f 6827 6859 6860
f 6827 6860 6861
f 6822 6828 6823
f 6823 6828 6827
f 6823 6827 6862
f 6862 6827 6861
f 6850 6863 6848
f 6848 6863 6864
f 6848 6864 6865
f 6855 6866 6816
f 6816 6866 6867
f 6816 6867 6827
f 6827 6867 6868
f 6827 6868 6834
f 6865 6869 6848
f 6848 6869 6870
f 6848 6870 6832
f 6832 6870 6871
f 6832 6871 6836
f 6829 6872 6827
f 6827 6872 6873
f 6827 6873 6874
f 6874 6873 6875
f 6875 6876 6874
f 6874 6876 6877
f 6874 6877 6878
f 6879 6880 6874
f 6881 6882 6883
f 6883 6884 6881
f 6881 6884 6885
f 6881 6885 6886
f 6887 6888 6889
f 6889 6888 6890
f 6889 6890 6891
f 6892 6893 6894
f 6894 6893 6895
f 6894 6895 6896
f 6880 6897 6874
f 6874 6897 6898
f 6874 6898 6899
f 6900 6901 6902
f 6891 6903 6889
f 6889 6903 6904
f 6889 6904 6881
f 6881 6904 6905
f 6881 6905 6882
f 6886 6906 6881
f 6881 6906 6907
f 6881 6907 6874
f 6874 6907 6908
f 6874 6908 6879
f 6899 6909 6874
f 6874 6909 6910
f 6874 6910 6911
f 6902 6912 6894
f 6902 6913 6914
f 6915 6902 6916
f 6916 6902 6894
f 6916 6894 6917
f 6917 6894 6896
f 6892 6918 6893
f 6893 6918 6919
f 6893 6919 6920
f 6920 6919 6921
f 6920 6921 6889
f 6889 6921 6922
f 6889 6922 6887
f 6911 6923 6874
f 6874 6923 6924
f 6874 6924 6902
f 6902 6924 6925
f 6902 6925 6900
f 6901 6926 6902
f 6902 6926 6927
f 6902 6927 6913
f 6914 6928 6902
f 6902 6928 6929
f 6902 6929 6912
f 6915 6930 6902
f 6902 6930 6931
f 6902 6931 6932
f 6932 6931 6933
f 6933 6934 6932
f 6932 6934 6935
f 6932 6935 6936
f 6937 6938 6932
f 6939 6940 6941
f 6941 6942 6939
f 6939 6942 6943
f 6939 6943 6944
f 6945 6946 6947
f 6948 6949 6950
f 6951 6952 6953
f 6953 6952 6954
f 6953 6954 6955
f 6938 6956 6932
f 6932 6956 6957
f 6932 6957 6958
f 6959 6960 6947
f 6947 6960 6961
f 6947 6961 6945
f 6944 6962 6939
f 6939 6962 6963
f 6939 6963 6932
f 6932 6963 6964
f 6932 6964 6937
f 6958 6965 6932
f 6932 6965 6966
f 6932 6966 6967
f 6955 6968 6953
f 6953 6968 6969
f 6953 6969 6939
f 6939 6969 6970
f 6939 6970 6940
f 6971 6948 6972
f 6972 6948 6973
f 6946 6949 6947
f 6947 6949 6948
f 6947 6948 6974
f 6974 6948 6971
f 6959 6975 6960
f 6960 6975 6976
f 6960 6976 6977
f 6977 6976 6978
f 6977 6978 6953
f 6953 6978 6979
f 6953 6979 6951
f 6980 6948 6981
f 6981 6948 6982
f 6980 6983 6948
f 6948 6983 6984
f 6948 6984 6973
f 6967 6985 6932
f 6932 6985 6986
f 6932 6986 6948
f 6948 6986 6987
f 6948 6987 6982
f 6950 6988 6948
f 6948 6988 6989
f 6948 6989 6990
f 6990 6989 6991
f 6991 6992 6990
f 6990 6992 6993
f 6990 6993 6994
f 6995 6996 6990
f 6997 6998 6999
f 6998 7000 6999
f 6999 7000 7001
f 6999 7001 7002
f 7003 7004 7005
f 7006 7007 7008
f 7004 7009 7005
f 7005 7009 7010
f 7005 7010 7011
f 7011 7012 7005
f 7005 7012 7013
f 7005 7013 6990
f 6990 7013 7014
f 6990 7014 6995
f 6996 7015 6990
f 6990 7015 7016
f 6990 7016 7017
f 7017 7018 6990
f 6990 7018 7019
f 6990 7019 7020
f 7008 7007 7021
f 7022 7023 7024
f 7025 7026 7027
f 7028 7029 7025
f 7025 7029 7030
f 7025 7030 7026
f 7022 7024 7008
f 7008 7024 7031
f 7008 7031 7006
f 7027 7032 7025
f 7025 7032 7033
f 7025 7033 7005
f 7005 7033 7034
f 7005 7034 7003
f 7035 7036 6999
f 7037 7038 6999
f 7036 7039 6999
f 6999 7039 7040
f 6999 7040 7041
f 7028 7025 7007
f 7007 7025 7042
f 7007 7042 7021
f 7022 7043 7023
f 7023 7043 7044
f 7023 7044 7041
f 7041 7044 7045
f 7041 7045 6999
f 6999 7045 7046
f 6999 7046 6997
f 7020 7047 6990
f 6990 7047 7048
f 6990 7048 6999
f 6999 7048 7049
f 6999 7049 7037
f 7038 7050 6999
f 6999 7050 7051
f 6999 7051 7035
f 7052 7053 7054
f 7053 7055 7054
f 7054 7055 7056
f 7054 7056 7057
f 7058 7059 7060
f 6999 7061 7062
f 7063 7064 7065
f 7057 7066 7054
f 7054 7066 7067
f 7054 7067 6999
f 6999 7067 7068
f 6999 7068 7061
f 7062 7069 6999
f 6999 7069 7070
f 6999 7070 7071
f 7072 7073 7074
f 7074 7073 7075
f 7074 7075 7076
f 7076 7077 7074
f 7074 7077 7078
f 7074 7078 7054
f 7054 7078 7079
f 7054 7079 7052
f 7071 7080 6999
f 6999 7080 7081
f 6999 7081 7082
f 7063 7083 7084
f 7084 7085 7063
f 7063 7085 7086
f 7063 7086 7087
f 7087 7088 7063
f 7063 7088 7089
f 7063 7089 7090
f 7059 7064 7060
f 7060 7064 7063
f 7060 7063 7091
f 7091 7063 7090
f 7092 7093 7094
f 7094 7093 7095
f 7094 7095 7060
f 7060 7095 7096
f 7060 7096 7058
f 7082 7097 6999
f 6999 7097 7098
f 6999 7098 7063
f 7063 7098 7099
f 7063 7099 7083
f 7092 7100 7093
f 7093 7100 7101
f 7093 7101 7074
f 7074 7101 7102
f 7074 7102 7072
f 7103 7104 7105
f 7105 7104 7106
f 7065 7107 7063
f 7063 7107 7108
f 7063 7108 7105
f 7105 7108 7109
f 7105 7109 7103
f 7110 7111 7112
f 7111 7113 7112
f 7112 7113 7114
f 7112 7114 7115
f 7116 7117 7118
f 7105 7119 7120
f 7121 7122 7123
f 7124 7125 7126
f 7126 7125 7127
f 7126 7127 7128
f 7115 7129 7112
f 7112 7129 7130
f 7112 7130 7105
f 7105 7130 7131
f 7105 7131 7119
f 7132 7133 7121
f 7134 7135 7121
f 7121 7135 7136
f 7121 7136 7137
f 7120 7138 7105
f 7105 7138 7139
f 7105 7139 7140
f 7140 7141 7105
f 7105 7141 7142
f 7105 7142 7143
f 7117 7122 7118
f 7118 7122 7121
f 7118 7121 7144
f 7144 7121 7137
f 7145 7146 7147
f 7147 7146 7148
f 7147 7148 7118
f 7118 7148 7149
f 7118 7149 7116
f 7128 7150 7126
f 7126 7150 7151
f 7126 7151 7112
f 7112 7151 7152
f 7112 7152 7110
f 7133 7153 7121
f 7121 7153 7154
f 7121 7154 7134
f 7143 7155 7105
f 7105 7155 7156
f 7105 7156 7121
f 7121 7156 7157
f 7121 7157 7132
f 7145 7158 7146
f 7146 7158 7159
f 7146 7159 7126
f 7126 7159 7160
f 7126 7160 7124
f 7161 7162 7163
f 7163 7162 7164
f 7123 7165 7121
f 7121 7165 7166
f 7121 7166 7163
f 7163 7166 7167
f 7163 7167 7161
f 7168 7169 7170
f 7171 7172 7170
f 7170 7172 7173
f 7170 7173 7168
f 7163 7174 7175
f 7176 7177 7178
f 7178 7177 7179
f 7178 7179 7180
f 7181 7182 7183
f 7184 7185 7186
f 7169 7187 7170
f 7170 7187 7188
f 7170 7188 7163
f 7163 7188 7189
f 7163 7189 7174
f 7175 7190 7163
f 7163 7190 7191
f 7163 7191 7192
f 7192 7193 7163
f 7163 7193 7194
f 7163 7194 7195
f 7196 7197 7198
f 7198 7197 7199
f 7198 7199 7183
f 7183 7199 7200
f 7183 7200 7181
f 7180 7201 7178
f 7178 7201 7202
f 7178 7202 7170
f 7170 7202 7203
f 7170 7203 7171
f 7204 7205 7184
f 7206 7207 7184
f 7184 7207 7208
f 7184 7208 7209
f 7182 7185 7183
f 7183 7185 7184
f 7183 7184 7210
f 7210 7184 7209
f 7205 7211 7184
f 7184 7211 7212
f 7184 7212 7206
f 7195 7213 7163
f 7163 7213 7214
f 7163 7214 7184
f 7184 7214 7215
f 7184 7215 7204
f 7196 7216 7197
f 7197 7216 7217
f 7197 7217 7178
f 7178 7217 7218
f 7178 7218 7176
f 7219 7220 7221
f 7221 7220 7222
f 7186 7223 7184
f 7184 7223 7224
f 7184 7224 7221
f 7221 7224 7225
f 7221 7225 7219
f 7226 7227 7228
f 7228 7227 7229
f 7228 7229 7230
f 7222 7231 7221
f 7221 7231 7232
f 7221 7232 7233
f 7233 7232 7234
f 7233 7234 7228
f 7228 7234 7235
f 7228 7235 7226
f 7236 7237 7238
f 7239 7240 7238
f 7238 7240 7241
f 7241 7242 7238
f 7238 7242 7243
f 7238 7243 7170
f 7170 7243 7244
f 7170 7244 7245
f 7245 7246 7170
f 7170 7246 7247
f 7170 7247 7178
f 7237 7248 7238
f 7238 7248 7249
f 7238 7249 7239
f 7230 7250 7228
f 7228 7250 7251
f 7228 7251 7252
f 7252 7251 7253
f 7252 7253 7254
f 7254 7255 7252
f 7252 7255 7256
f 7252 7256 7238
f 7238 7256 7257
f 7238 7257 7236
f 7258 7259 7238
f 7238 7259 7260
f 7238 7260 7261
f 7164 7262 7163
f 7163 7262 7263
f 7163 7263 7170
f 7170 7263 7264
f 7170 7264 7238
f 7238 7264 7265
f 7238 7265 7258
f 7266 7267 7268
f 7269 7270 7268
f 7268 7270 7271
f 7271 7272 7268
f 7268 7272 7273
f 7268 7273 7112
f 7112 7273 7274
f 7112 7274 7275
f 7275 7276 7112
f 7112 7276 7277
f 7112 7277 7126
f 7267 7278 7268
f 7268 7278 7279
f 7268 7279 7269
f 7261 7280 7238
f 7238 7280 7281
f 7238 7281 7282
f 7282 7281 7283
f 7282 7283 7284
f 7284 7285 7282
f 7282 7285 7286
f 7282 7286 7268
f 7268 7286 7287
f 7268 7287 7266
f 7288 7289 7268
f 7268 7289 7290
f 7268 7290 7291
f 7106 7292 7105
f 7105 7292 7293
f 7105 7293 7112
f 7112 7293 7294
f 7112 7294 7268
f 7268 7294 7295
f 7268 7295 7288
f 7296 7297 7298
f 7298 7299 7296
f 7296 7299 7300
f 7296 7300 7054
f 7054 7300 7301
f 7054 7301 7302
f 7302 7303 7054
f 7054 7303 7304
f 7054 7304 7074
f 7305 7306 7296
f 7296 7306 7307
f 7291 7308 7268
f 7268 7308 7309
f 7268 7309 7310
f 7310 7309 7311
f 7310 7311 7312
f 7307 7313 7296
f 7296 7313 7314
f 7296 7314 7297
f 7312 7315 7310
f 7310 7315 7316
f 7310 7316 7296
f 7296 7316 7317
f 7296 7317 7305
f 7318 7319 7320
f 7320 7321 7318
f 7318 7321 7322
f 7318 7322 7005
f 7005 7322 7323
f 7005 7323 7324
f 7324 7325 7005
f 7005 7325 7326
f 7005 7326 7025
f 7327 7328 7318
f 7318 7328 7329
f 7329 7330 7318
f 7318 7330 7331
f 7318 7331 7319
f 7296 7332 7333
f 7002 7334 6999
f 6999 7334 7335
f 6999 7335 7054
f 7054 7335 7336
f 7054 7336 7296
f 7296 7336 7337
f 7296 7337 7332
f 7333 7338 7296
f 7296 7338 7339
f 7296 7339 7340
f 7340 7341 7296
f 7296 7341 7342
f 7296 7342 7343
f 7343 7344 7296
f 7296 7344 7345
f 7296 7345 7318
f 7318 7345 7346
f 7318 7346 7327
f 6994 7347 6990
f 6990 7347 7348
f 6990 7348 7005
f 7005 7348 7349
f 7005 7349 7318
f 7318 7349 7350
f 7318 7350 7351
f 7351 7352 7318
f 7318 7352 7353
f 7318 7353 7354
f 7355 7356 6939
f 6939 7356 7357
f 6939 7357 6953
f 7354 7358 7318
f 7318 7358 7359
f 7318 7359 7360
f 7360 7359 7361
f 7360 7361 7362
f 7363 7364 7365
f 7365 7364 7366
f 7365 7366 7367
f 7367 7368 7365
f 7365 7368 7369
f 7365 7369 7370
f 7370 7371 7365
f 7365 7371 7372
f 7365 7372 6939
f 6939 7372 7373
f 6939 7373 7355
f 7362 7374 7360
f 7360 7374 7375
f 7360 7375 7365
f 7365 7375 7376
f 7365 7376 7363
f 7377 7378 7365
f 7365 7378 7379
f 7365 7379 7380
f 6936 7381 6932
f 6932 7381 7382
f 6932 7382 6939
f 6939 7382 7383
f 6939 7383 7365
f 7365 7383 7384
f 7365 7384 7377
f 7385 7386 7387
f 7388 7389 7385
f 7385 7389 7390
f 7391 7392 6881
f 6881 7392 7393
f 6881 7393 6889
f 7380 7394 7365
f 7365 7394 7395
f 7365 7395 7396
f 7396 7395 7397
f 7396 7397 7398
f 7387 7399 7385
f 7385 7399 7400
f 7385 7400 7388
f 7390 7401 7385
f 7385 7401 7402
f 7385 7402 6881
f 6881 7402 7403
f 6881 7403 7391
f 7398 7404 7396
f 7396 7404 7405
f 7396 7405 7385
f 7385 7405 7406
f 7385 7406 7386
f 6878 7407 6874
f 6874 7407 7408
f 6874 7408 6881
f 6881 7408 7409
f 6881 7409 7385
f 7385 7409 7410
f 7385 7410 7411
f 7411 7412 7385
f 7385 7412 7413
f 7385 7413 7414
f 7415 7416 7417
f 7417 7416 7418
f 7417 7418 7419
f 7419 7420 7417
f 7417 7420 7421
f 7417 7421 7422
f 7423 7424 6832
f 6832 7424 7425
f 6832 7425 6848
f 7414 7426 7385
f 7385 7426 7427
f 7385 7427 7428
f 7428 7427 7429
f 7428 7429 7430
f 7422 7431 7417
f 7417 7431 7432
f 7417 7432 6832
f 6832 7432 7433
f 6832 7433 7423
f 7430 7434 7428
f 7428 7434 7435
f 7428 7435 7417
f 7417 7435 7436
f 7417 7436 7415
f 6820 7437 6816
f 6816 7437 7438
f 6816 7438 6832
f 6832 7438 7439
f 6832 7439 7417
f 7417 7439 7440
f 7417 7440 7441
f 7441 7442 7417
f 7417 7442 7443
f 7417 7443 7444
f 7444 7445 7417
f 7417 7445 7446
f 7417 7446 6747
f 6747 7446 7447
f 6747 7447 6749
f 6764 7448 7449
f 6742 7450 7451
f 7452 7453 7454
f 7455 7456 7457
f 7457 7456 7458
f 7457 7458 7459
f 7453 7460 7454
f 7454 7460 7461
f 7454 7461 7457
f 7457 7461 7462
f 7457 7462 7455
f 7459 7463 7457
f 7457 7463 7464
f 7457 7464 7465
f 7465 7466 7467
f 7467 7466 7468
f 7468 7469 7467
f 7467 7469 7470
f 7467 7470 7471
f 7472 7473 7474
f 7474 7473 7467
f 7474 7467 7475
f 7475 7467 7471
f 7476 7477 7478
f 7478 7477 7479
f 7478 7479 7480
f 7472 7481 7473
f 7473 7481 7482
f 7473 7482 7478
f 7478 7482 7483
f 7478 7483 7484
f 7484 7485 7478
f 7478 7485 7486
f 7478 7486 7476
f 7487 7488 7489
f 7489 7490 7487
f 7487 7490 7491
f 7487 7491 7492
f 7492 7493 7487
f 7487 7493 7494
f 7487 7494 7454
f 7454 7494 7495
f 7454 7495 7452
f 6741 6742 7496
f 7496 7497 6741
f 6741 7497 7498
f 6741 7498 6739
f 7499 6790 7449
f 7449 6790 6797
f 7449 6797 6764
f 7500 7501 7502
f 7503 7504 7505
f 7502 7506 7500
f 7500 7506 7507
f 7500 7507 7505
f 7505 7507 7508
f 7505 7508 7509
f 7509 7510 7505
f 7505 7510 7511
f 7505 7511 7503
f 7504 7512 7505
f 7505 7512 7513
f 7505 7513 7514
f 7515 7516 7517
f 7517 7516 7518
f 7518 7519 7517
f 7517 7519 7520
f 7517 7520 7521
f 7522 7523 7524
f 7524 7523 7517
f 7524 7517 7525
f 7525 7517 7521
f 7526 7527 7528
f 7526 7528 7529
f 7530 7531 7528
f 7528 7531 7532
f 7528 7532 7529
f 7522 7533 7523
f 7523 7533 7534
f 7523 7534 7528
f 7528 7534 7535
f 7528 7535 7530
f 7527 7536 7537
f 7536 7538 7537
f 7537 7538 7539
f 7537 7539 7540
f 7540 7541 7537
f 7537 7541 7542
f 7537 7542 7500
f 7500 7542 7543
f 7500 7543 7501
f 7544 7545 7546
f 7547 7548 7549
f 7550 7551 7546
f 7546 7551 7552
f 7546 7552 7544
f 7547 7549 7546
f 7546 7549 7553
f 7546 7553 7554
f 7554 7555 7546
f 7546 7555 7556
f 7546 7556 7550
f 7545 7557 7558
f 7558 7557 7559
f 7558 7559 7560
f 7560 7561 7558
f 7558 7561 7562
f 7558 7562 7563
f 7563 7564 7558
f 7558 7564 7565
f 7558 7565 7566
f 7565 7567 7566
f 7566 7567 7568
f 7566 7568 7569
f 7570 7571 7572
f 7573 7574 7572
f 7572 7574 7575
f 7572 7575 7570
f 7569 7576 7566
f 7566 7576 7577
f 7566 7577 7572
f 7572 7577 7578
f 7572 7578 7573
f 7579 7580 7581
f 7581 7582 7579
f 7579 7582 7583
f 7579 7583 7584
f 7584 7585 7579
f 7579 7585 7586
f 7579 7586 7547
f 7547 7586 7587
f 7547 7587 7548
f 7545 7558 7546
f 7546 7558 7588
f 7546 7588 7499
f 7499 7588 7589
f 7499 7589 6790
f 7465 7467 7457
f 7457 7467 7590
f 7457 7590 7591
f 7591 7590 7592
f 7591 7592 7593
f 7593 7592 7594
f 7593 7594 7595
f 7595 7594 7596
f 7595 7596 7597
f 7597 7596 7598
f 7597 7598 7599
f 7599 7598 7600
f 7599 7600 7601
f 7601 7600 7572
f 7601 7572 7579
f 7579 7572 7571
f 7579 7571 7580
f 7527 7537 7528
f 7528 7537 7602
f 7528 7602 7603
f 7603 7602 7604
f 7603 7604 7605
f 7605 7604 7606
f 7605 7606 7607
f 7607 7606 7608
f 7607 7608 7609
f 7609 7608 7610
f 7609 7610 7611
f 7611 7610 7612
f 7611 7612 7613
f 7613 7612 7478
f 7613 7478 7487
f 7487 7478 7480
f 7487 7480 7488
f 6742 7451 7496
f 7496 7451 7505
f 7496 7505 7517
f 7517 7505 7514
f 7517 7514 7515
f 7614 7615 7616
f 7617 7618 7619
f 7620 7621 7622
f 7623 7624 7625
f 7626 7627 7628
f 7629 7630 7631
f 7632 7633 7634
f 7635 7636 7637
f 7637 7636 7638
f 7637 7638 7639
f 7640 7641 7642
f 7642 7641 7643
f 7642 7643 7638
f 7638 7643 7644
f 7638 7644 7639
f 7645 7646 7647
f 7647 7646 7648
f 7647 7648 7642
f 7642 7648 7649
f 7642 7649 7640
f 7645 7647 7650
f 7650 7647 7651
f 7650 7651 7652
f 7653 7654 7655
f 7655 7654 7656
f 7655 7656 7657
f 7634 7633 7655
f 7655 7633 7658
f 7655 7658 7653
f 7659 7660 7661
f 7661 7660 7662
f 7662 7663 7661
f 7661 7663 7664
f 7661 7664 7651
f 7651 7664 7665
f 7651 7665 7652
f 7631 7630 7634
f 7634 7630 7666
f 7634 7666 7632
f 7667 7668 7669
f 7669 7668 7670
f 7669 7670 7631
f 7631 7670 7671
f 7631 7671 7629
f 7672 7673 7674
f 7674 7673 7675
f 7674 7675 7676
f 7672 7677 7673
f 7673 7677 7678
f 7673 7678 7669
f 7669 7678 7679
f 7669 7679 7667
f 7680 7681 7682
f 7682 7681 7675
f 7675 7681 7683
f 7675 7683 7676
f 7684 7685 7686
f 7686 7685 7687
f 7686 7687 7682
f 7682 7687 7688
f 7682 7688 7680
f 7689 7690 7686
f 7686 7690 7691
f 7686 7691 7684
f 7692 7693 7694
f 7694 7695 7692
f 7692 7695 7696
f 7692 7696 7689
f 7689 7696 7697
f 7689 7697 7690
f 7698 7699 7692
f 7692 7699 7700
f 7692 7700 7693
f 7701 7702 7703
f 7703 7702 7704
f 7703 7704 7705
f 7705 7704 7706
f 7699 7707 7708
f 7708 7707 7709
f 7708 7709 7710
f 7710 7709 7711
f 7710 7711 7704
f 7704 7711 7712
f 7704 7712 7706
f 7628 7627 7702
f 7702 7627 7713
f 7702 7713 7714
f 7714 7715 7702
f 7702 7715 7716
f 7702 7716 7704
f 7717 7718 7719
f 7719 7718 7720
f 7719 7720 7628
f 7628 7720 7721
f 7628 7721 7626
f 7722 7723 7724
f 7724 7723 7636
f 7724 7636 7725
f 7725 7636 7635
f 7722 7726 7723
f 7723 7726 7727
f 7723 7727 7719
f 7719 7727 7728
f 7719 7728 7717
f 7729 7730 7731
f 7731 7732 7729
f 7729 7732 7733
f 7729 7733 7734
f 7730 7729 7735
f 7735 7729 7736
f 7735 7736 7737
f 7737 7736 7738
f 7738 7736 7739
f 7738 7739 7740
f 7741 7742 7661
f 7743 7744 7661
f 7661 7744 7745
f 7661 7745 7741
f 7625 7624 7661
f 7661 7624 7746
f 7661 7746 7743
f 7657 7659 7655
f 7655 7659 7661
f 7655 7661 7747
f 7747 7661 7742
f 7747 7748 7655
f 7655 7748 7749
f 7655 7749 7750
f 7750 7751 7655
f 7655 7751 7752
f 7655 7752 7739
f 7739 7752 7753
f 7739 7753 7740
f 7754 7755 7756
f 7756 7755 7757
f 7756 7757 7758
f 7758 7759 7756
f 7756 7759 7760
f 7756 7760 7625
f 7625 7760 7761
f 7625 7761 7623
f 7762 7763 7764
f 7764 7763 7765
f 7763 7766 7765
f 7765 7766 7767
f 7765 7767 7754
f 7754 7767 7768
f 7754 7768 7755
f 7769 7770 7764
f 7764 7770 7771
f 7764 7771 7762
f 7772 7773 7774
f 7774 7775 7772
f 7772 7775 7776
f 7772 7776 7769
f 7769 7776 7777
f 7769 7777 7770
f 7773 7772 7778
f 7778 7772 7779
f 7778 7779 7780
f 7622 7621 7781
f 7781 7621 7782
f 7781 7782 7783
f 7783 7784 7781
f 7781 7784 7785
f 7781 7785 7786
f 7787 7788 7789
f 7788 7790 7789
f 7789 7790 7791
f 7789 7791 7792
f 7792 7793 7789
f 7789 7793 7794
f 7789 7794 7779
f 7779 7794 7795
f 7779 7795 7780
f 7796 7797 7622
f 7622 7797 7798
f 7622 7798 7620
f 7733 7799 7734
f 7734 7799 7800
f 7734 7800 7801
f 7801 7800 7802
f 7801 7802 7803
f 7803 7802 7804
f 7803 7804 7805
f 7805 7806 7803
f 7803 7806 7807
f 7803 7807 7796
f 7796 7807 7808
f 7796 7808 7797
f 7809 7810 7811
f 7811 7810 7812
f 7811 7812 7813
f 7813 7812 7814
f 7815 7816 7812
f 7812 7816 7817
f 7812 7817 7814
f 7818 7819 7820
f 7820 7819 7821
f 7820 7821 7815
f 7815 7821 7822
f 7815 7822 7816
f 7823 7824 7825
f 7823 7825 7826
f 7619 7618 7825
f 7825 7618 7827
f 7825 7827 7826
f 7828 7829 7830
f 7830 7829 7831
f 7830 7831 7820
f 7820 7831 7832
f 7820 7832 7818
f 7833 7834 7835
f 7835 7834 7836
f 7835 7836 7837
f 7833 7838 7834
f 7834 7838 7839
f 7834 7839 7619
f 7619 7839 7840
f 7619 7840 7617
f 7841 7842 7843
f 7843 7842 7844
f 7843 7844 7836
f 7836 7844 7845
f 7836 7845 7837
f 7841 7843 7846
f 7846 7843 7847
f 7846 7847 7848
f 7848 7847 7849
f 7848 7849 7850
f 7851 7852 7853
f 7853 7852 7854
f 7853 7854 7849
f 7849 7854 7855
f 7849 7855 7850
f 7851 7853 7856
f 7856 7853 7857
f 7856 7857 7858
f 7703 7859 7701
f 7701 7859 7860
f 7701 7860 7857
f 7857 7860 7861
f 7857 7861 7858
f 7862 7863 7698
f 7698 7863 7864
f 7698 7864 7865
f 7865 7866 7698
f 7698 7866 7867
f 7698 7867 7699
f 7699 7867 7868
f 7699 7868 7707
f 7616 7615 7869
f 7869 7615 7870
f 7869 7870 7871
f 7871 7872 7869
f 7869 7872 7873
f 7869 7873 7862
f 7862 7873 7874
f 7862 7874 7863
f 7809 7875 7810
f 7810 7875 7876
f 7810 7876 7877
f 7877 7876 7878
f 7877 7878 7616
f 7616 7878 7879
f 7616 7879 7614
f 7786 7787 7781
f 7781 7787 7789
f 7781 7789 7880
f 7880 7789 7881
f 7880 7881 7882
f 7882 7881 7883
f 7882 7883 7884
f 7884 7883 7885
f 7884 7885 7886
f 7886 7885 7887
f 7886 7887 7888
f 7888 7887 7889
f 7888 7889 7890
f 7890 7889 7891
f 7890 7891 7892
f 7892 7891 7893
f 7892 7893 7894
f 7894 7893 7895
f 7894 7895 7830
f 7830 7895 7825
f 7830 7825 7828
f 7828 7825 7824
f 7896 7897 7898
f 7607 7609 7899
f 7900 7901 7902
f 7903 7904 7905
f 7906 7907 7908
f 7909 7910 7904
f 7904 7910 7911
f 7904 7911 7912
f 7913 7914 7915
f 7915 7914 7916
f 7915 7916 7917
f 7917 7916 7918
f 7917 7918 7912
f 7912 7918 7919
f 7912 7919 7904
f 7913 7920 7914
f 7914 7920 7921
f 7914 7921 7922
f 7908 7923 7906
f 7906 7923 7924
f 7906 7924 7925
f 7924 7926 7925
f 7925 7926 7927
f 7925 7927 7928
f 7928 7927 7929
f 7928 7929 7904
f 7904 7929 7930
f 7904 7930 7909
f 7931 7932 7933
f 7921 7934 7922
f 7922 7934 7935
f 7922 7935 7933
f 7933 7935 7936
f 7933 7936 7931
f 7937 7938 7939
f 7939 7938 7940
f 7940 7941 7939
f 7939 7941 7942
f 7939 7942 7943
f 7932 7937 7933
f 7933 7937 7939
f 7933 7939 7944
f 7944 7939 7945
f 7902 7946 7947
f 7947 7948 7902
f 7902 7948 7949
f 7902 7949 7939
f 7939 7949 7950
f 7939 7950 7945
f 7951 7952 7953
f 7953 7952 7954
f 7901 7955 7902
f 7902 7955 7956
f 7902 7956 7957
f 7958 7959 7946
f 7960 7961 7962
f 7962 7961 7963
f 7946 7959 7964
f 7965 7966 7967
f 7967 7966 7968
f 7959 7969 7964
f 7964 7969 7970
f 7964 7970 7953
f 7953 7970 7971
f 7953 7971 7951
f 7952 7972 7954
f 7954 7972 7973
f 7954 7973 7974
f 7974 7973 7975
f 7974 7975 7976
f 7976 7975 7977
f 7976 7977 7967
f 7967 7977 7978
f 7967 7978 7965
f 7957 7979 7902
f 7902 7979 7980
f 7902 7980 7946
f 7946 7980 7981
f 7946 7981 7958
f 7982 7983 7961
f 7983 7984 7961
f 7961 7984 7985
f 7961 7985 7986
f 7986 7987 7961
f 7961 7987 7988
f 7961 7988 7963
f 7989 7990 7991
f 7992 7993 7994
f 7967 7995 7996
f 7997 7998 7999
f 7999 7998 8000
f 7999 8000 8001
f 8001 8000 8002
f 7996 8003 7967
f 7967 8003 8004
f 7967 8004 8002
f 7997 8005 7998
f 7998 8005 8006
f 7998 8006 8007
f 7990 8008 7991
f 7991 8008 8009
f 7991 8009 8010
f 8010 8011 7991
f 7991 8011 8012
f 7991 8012 7994
f 7994 8012 8013
f 7994 8013 7992
f 7993 8014 7994
f 7994 8014 8015
f 7994 8015 8016
f 7994 8017 7967
f 7967 8017 8018
f 7967 8018 8019
f 8000 8020 8002
f 8002 8020 8021
f 8002 8021 7967
f 7967 8021 8022
f 7967 8022 7976
f 8006 8023 8007
f 8007 8023 8024
f 8007 8024 8025
f 8025 8024 8026
f 8025 8026 8027
f 8019 8028 7967
f 7967 8028 8029
f 7967 8029 7995
f 8016 8030 7994
f 7994 8030 8031
f 7994 8031 8017
f 8027 8032 8025
f 8025 8032 8033
f 8025 8033 8034
f 8035 8036 8037
f 8037 8036 8038
f 8037 8038 7991
f 7991 8038 8039
f 7991 8039 8040
f 8034 7989 8025
f 8025 7989 7991
f 8025 7991 8041
f 8041 7991 8040
f 8042 8043 8044
f 8045 8046 8037
f 8047 8048 8045
f 8049 8050 8051
f 7903 7905 8052
f 8053 8054 8055
f 8049 7905 8050
f 8050 7905 7904
f 8050 7904 8056
f 8056 7904 7919
f 8046 8057 8037
f 8037 8057 8058
f 8037 8058 8059
f 8055 8054 8060
f 8060 8054 8061
f 8060 8061 8051
f 8051 8061 8062
f 8051 8062 8049
f 8042 8044 7905
f 7905 8044 8063
f 7905 8063 8052
f 8043 8064 8044
f 8044 8064 8065
f 8044 8065 8066
f 8044 8067 8068
f 8068 8069 8044
f 8044 8069 8070
f 8044 8070 8047
f 8047 8070 8071
f 8047 8071 8048
f 8072 8073 8035
f 8074 8075 8055
f 8055 8075 8076
f 8055 8076 8053
f 8059 8077 8037
f 8037 8077 8078
f 8037 8078 8035
f 8035 8078 8079
f 8035 8079 8072
f 8066 8080 8044
f 8044 8080 8081
f 8044 8081 8067
f 8073 8082 8035
f 8035 8082 8083
f 8035 8083 8084
f 8084 8083 8085
f 8085 8086 8084
f 8084 8086 8087
f 8084 8087 8074
f 8074 8087 8088
f 8074 8088 8075
f 8089 8090 7498
f 8089 7498 8091
f 8092 8093 7899
f 7899 8093 8094
f 7899 8094 8091
f 8090 8095 7498
f 7498 8095 8096
f 7498 8096 8097
f 8097 8098 7498
f 7498 8098 8099
f 7498 8099 8100
f 8100 8099 8101
f 8100 8101 8102
f 8102 8103 8100
f 8100 8103 8104
f 8100 8104 8105
f 8105 8104 8106
f 8105 8106 8107
f 8107 8108 8105
f 8105 8108 8109
f 8105 8109 8110
f 8110 8109 8111
f 8110 8111 8112
f 8113 8114 8110
f 8110 8114 8115
f 8105 8116 8117
f 8117 8118 8105
f 8105 8118 8119
f 8105 8119 8120
f 8115 8121 8110
f 8110 8121 8122
f 8110 8122 8105
f 8105 8122 8123
f 8105 8123 8116
f 8120 8124 8105
f 8105 8124 8125
f 8105 8125 8126
f 8126 8125 8127
f 8126 8127 8128
f 8128 8129 8126
f 8126 8129 8130
f 8126 8130 8131
f 8131 8130 8132
f 8131 8132 8133
f 8133 8134 8131
f 8131 8134 8135
f 8131 8135 8136
f 8136 8135 8137
f 8136 8137 8138
f 8139 8140 8136
f 8136 8140 8141
f 8131 8142 8143
f 8143 8144 8131
f 8131 8144 8145
f 8131 8145 8146
f 8141 8147 8136
f 8136 8147 8148
f 8136 8148 8131
f 8131 8148 8149
f 8131 8149 8142
f 8150 8151 8152
f 8152 8151 8153
f 8152 8153 8154
f 8152 8155 8156
f 8156 8155 8157
f 8156 8157 8158
f 8154 8159 8152
f 8152 8159 8160
f 8152 8160 8155
f 8146 8161 8131
f 8131 8161 8162
f 8131 8162 8152
f 8152 8162 8163
f 8152 8163 8150
f 8164 8165 8166
f 8166 8165 8167
f 8167 8168 8166
f 8166 8168 8169
f 8166 8169 8170
f 8169 8171 8170
f 8170 8171 8172
f 8170 8172 8173
f 8173 8174 8170
f 8170 8174 8175
f 8170 8175 8176
f 8176 8177 8170
f 8170 8177 8178
f 8170 8178 8179
f 8179 8178 8180
f 8179 8180 8181
f 8181 8182 8179
f 8179 8182 8183
f 8179 8183 8184
f 8184 8183 8185
f 8184 8185 8186
f 8186 8187 8184
f 8184 8187 8188
f 8184 8188 8189
f 8189 8188 8190
f 8189 8190 8191
f 8189 8192 8193
f 8184 8194 8195
f 8193 8196 8189
f 8189 8196 8197
f 8189 8197 8184
f 8184 8197 8198
f 8184 8198 8194
f 8195 8199 8184
f 8184 8199 8200
f 8184 8200 8201
f 8201 8202 8184
f 8184 8202 8203
f 8184 8203 8204
f 8204 8203 8205
f 8204 8205 8206
f 8206 8207 8204
f 8204 8207 8208
f 8204 8208 8209
f 8209 8208 8210
f 8209 8210 8211
f 8211 8212 8209
f 8209 8212 8213
f 8209 8213 8214
f 8214 8213 8215
f 8214 8215 8216
f 8217 8218 8214
f 8214 8218 8219
f 8209 8220 8221
f 8219 8222 8214
f 8214 8222 8223
f 8214 8223 8209
f 8209 8223 8224
f 8209 8224 8220
f 8221 8225 8209
f 8209 8225 8226
f 8209 8226 8227
f 8228 8229 8230
f 8231 8232 8230
f 8230 8232 8233
f 8230 8233 8234
f 8234 8233 8235
f 8234 8235 8236
f 8229 8237 8230
f 8230 8237 8238
f 8230 8238 8231
f 8227 8239 8209
f 8209 8239 8240
f 8209 8240 8230
f 8230 8240 8241
f 8230 8241 8228
f 8242 8243 8244
f 8245 8246 8247
f 8244 8248 8242
f 8242 8248 8249
f 8242 8249 8245
f 8245 8249 8250
f 8245 8250 8246
f 8247 8251 8245
f 8245 8251 8252
f 8245 8252 8253
f 8253 8254 8245
f 8245 8254 8255
f 8245 8255 8256
f 8256 8255 8257
f 8256 8257 8258
f 8258 8259 8256
f 8256 8259 8260
f 8256 8260 8261
f 8261 8260 8262
f 8261 8262 8263
f 8263 8264 8261
f 8261 8264 8265
f 8261 8265 8266
f 8266 8265 8267
f 8266 8267 8268
f 8266 8269 8270
f 8261 8271 8272
f 8270 8273 8266
f 8266 8273 8274
f 8266 8274 8261
f 8261 8274 8275
f 8261 8275 8271
f 8272 8276 8261
f 8261 8276 8277
f 8261 8277 8278
f 8279 8280 8281
f 8278 8282 8261
f 8261 8282 8283
f 8261 8283 8281
f 8281 8283 8284
f 8281 8284 8279
f 8285 8286 8287
f 8287 8286 8288
f 8280 8289 8281
f 8281 8289 8290
f 8281 8290 8287
f 8287 8290 8291
f 8287 8291 8285
f 8288 8292 8287
f 8287 8292 7994
f 8287 7994 8293
f 8293 7994 7967
f 8294 8295 7967
f 7967 8295 8296
f 7967 8296 8293
f 8297 8298 7967
f 7967 8298 8299
f 7967 8299 8294
f 8300 8297 7961
f 7961 8297 7967
f 7961 7967 7982
f 7982 7967 7968
f 8301 8302 8303
f 8302 8301 8304
f 8304 8301 8305
f 8304 8305 8306
f 8306 8305 7960
f 7960 8305 8307
f 7960 8307 7961
f 7961 8307 8308
f 7961 8308 8300
f 7939 8309 8310
f 8303 7900 8301
f 8301 7900 7902
f 8301 7902 8311
f 8311 7902 7939
f 8311 7939 8312
f 8312 7939 8310
f 8313 8309 8314
f 8314 8315 8313
f 8313 8315 8316
f 8313 8316 8317
f 8317 8316 8318
f 8317 8318 8319
f 8319 8318 8320
f 8319 8320 7906
f 7906 8320 8321
f 7906 8321 7907
f 7943 8322 7939
f 7939 8322 8323
f 7939 8323 8309
f 8309 8323 8324
f 8309 8324 8314
f 8325 8326 8327
f 8328 8329 8330
f 8330 8329 8331
f 8330 8331 8332
f 8333 8334 8327
f 8327 8334 8335
f 8327 8335 8325
f 8045 8037 8047
f 8047 8037 8330
f 8047 8330 8327
f 8327 8330 8332
f 8327 8332 8333
f 8326 8336 8327
f 8327 8336 8337
f 8327 8337 8338
f 8339 8340 8341
f 8342 8343 8339
f 8339 8343 8344
f 8339 8344 8345
f 8345 8346 8339
f 8339 8346 8347
f 8339 8347 8340
f 8338 8348 8327
f 8327 8348 8349
f 8327 8349 8339
f 8339 8349 8350
f 8339 8350 8342
f 8351 8352 8339
f 8339 8352 8353
f 8354 8355 8352
f 8356 8357 8353
f 8353 8357 8358
f 8353 8358 8359
f 8355 8360 8352
f 8352 8360 8361
f 8352 8361 8353
f 8353 8361 8362
f 8353 8362 8356
f 8359 8363 8353
f 8353 8363 8364
f 8353 8364 8365
f 8365 8366 8353
f 8353 8366 8367
f 8353 8367 8368
f 8368 8367 8369
f 8368 8369 8370
f 8371 8372 8373
f 8373 8372 8374
f 8373 8374 8375
f 8370 8376 8368
f 8368 8376 8377
f 8368 8377 8373
f 8373 8377 8378
f 8373 8378 8371
f 8379 8380 8381
f 8373 8382 8383
f 8383 8384 8373
f 8373 8384 8385
f 8373 8385 8386
f 8386 8387 8373
f 8373 8387 8388
f 8373 8388 8389
f 8381 8390 8379
f 8379 8390 8391
f 8379 8391 8373
f 8373 8391 8392
f 8373 8392 8382
f 8393 8394 8395
f 8395 8394 8396
f 8395 8396 8397
f 8398 8399 8395
f 8399 8400 8395
f 8395 8400 8401
f 8395 8401 8393
f 8389 8402 8373
f 8373 8402 8403
f 8373 8403 8395
f 8395 8403 8404
f 8395 8404 8398
f 8405 8406 8395
f 8395 8406 8407
f 8406 8408 8409
f 8410 8411 8407
f 8407 8411 8412
f 8407 8412 8413
f 8409 8414 8406
f 8406 8414 8415
f 8406 8415 8407
f 8407 8415 8416
f 8407 8416 8410
f 8413 8417 8407
f 8407 8417 8418
f 8407 8418 8419
f 8420 8421 8422
f 8422 8421 8423
f 8424 8421 8425
f 8425 8421 8426
f 8424 8427 8421
f 8421 8427 8428
f 8421 8428 8423
f 8419 8429 8407
f 8407 8429 8430
f 8407 8430 8421
f 8421 8430 8431
f 8421 8431 8426
f 8432 8433 8421
f 8421 8433 8434
f 8435 8436 8433
f 8436 8437 8433
f 8433 8437 8438
f 8433 8438 8434
f 8434 8438 8439
f 8434 8439 8440
f 8440 8441 8434
f 8434 8441 8442
f 8434 8442 8443
f 8443 8444 8434
f 8434 8444 8445
f 8434 8445 8446
f 8446 8447 8434
f 8434 8447 8448
f 8434 8448 8449
f 8449 8448 8450
f 8449 8450 8451
f 8451 8452 8449
f 8449 8452 8453
f 8449 8453 8454
f 8454 8453 8455
f 8454 8455 8456
f 8456 8457 8454
f 8454 8457 8458
f 8454 8458 8459
f 8460 8461 8454
f 8462 8463 8464
f 8464 8465 8462
f 8462 8465 8466
f 8462 8466 8454
f 8454 8466 8467
f 8454 8467 8460
f 8461 8468 8454
f 8454 8468 8469
f 8454 8469 8470
f 8470 8471 8454
f 8454 8471 8472
f 8454 8472 8473
f 8474 8475 8476
f 8475 8477 8476
f 8476 8477 8478
f 8476 8478 8479
f 8479 8480 8476
f 8476 8480 8481
f 8476 8481 8482
f 8473 8483 8454
f 8454 8483 8484
f 8454 8484 8476
f 8476 8484 8485
f 8476 8485 8474
f 8486 8487 8476
f 8476 8487 8488
f 8489 8490 8487
f 8491 8492 8488
f 8488 8492 8493
f 8488 8493 8494
f 8494 8495 8488
f 8488 8495 8496
f 8488 8496 8497
f 8490 8498 8487
f 8487 8498 8499
f 8487 8499 8488
f 8488 8499 8500
f 8488 8500 8491
f 8501 8502 8503
f 8504 8505 8503
f 8503 8505 8506
f 8503 8506 8507
f 8502 8508 8503
f 8503 8508 8509
f 8503 8509 8504
f 8497 8510 8488
f 8488 8510 8511
f 8488 8511 8503
f 8503 8511 8512
f 8503 8512 8501
f 8513 8514 8503
f 8503 8514 8515
f 8516 7449 7448
f 8517 8518 8515
f 8519 8520 8514
f 8521 8515 8522
f 8522 8515 8523
f 8521 8524 8515
f 8515 8524 8525
f 8515 8525 8517
f 8520 8526 8514
f 8514 8526 8527
f 8514 8527 8515
f 8515 8527 8528
f 8515 8528 8523
f 8518 8529 8515
f 8515 8529 8530
f 8515 8530 7448
f 7448 8530 8531
f 8531 8532 7448
f 7448 8532 8533
f 7448 8533 8534
f 8534 8535 7448
f 7448 8535 8536
f 7448 8536 8537
f 8538 8516 8539
f 8539 8516 7448
f 8539 7448 8540
f 8540 7448 8537
f 8516 7591 7593
f 7547 7546 8516
f 8516 7546 7499
f 8516 7499 7449
f 7593 7595 8516
f 8516 7595 7597
f 8516 7597 7599
f 7599 7601 8516
f 8516 7601 7579
f 8516 7579 7547
f 7869 7862 7591
f 7591 7862 7698
f 7591 7698 7692
f 7613 7631 7634
f 7803 7796 8541
f 8541 7796 7622
f 7815 7812 8516
f 7634 7655 7613
f 7613 7655 7739
f 7613 7739 7736
f 7736 7729 7613
f 7613 7729 7734
f 7613 7734 8541
f 8541 7734 7801
f 8541 7801 7803
f 7622 7781 8541
f 8541 7781 7880
f 8541 7880 7882
f 7882 7884 8541
f 8541 7884 7886
f 8541 7886 8516
f 8516 7886 7888
f 7812 7810 8516
f 8516 7810 7877
f 8516 7877 7591
f 7591 7877 7616
f 7591 7616 7869
f 7692 7689 7591
f 7591 7689 7686
f 7591 7686 7457
f 7457 7686 7682
f 7457 7682 7454
f 7454 7682 7675
f 7454 7675 7487
f 7487 7675 7673
f 7487 7673 7613
f 7613 7673 7669
f 7613 7669 7631
f 7888 7890 8516
f 8516 7890 7892
f 8516 7892 7894
f 7894 7830 8516
f 8516 7830 7820
f 8516 7820 7815
f 7899 7609 8541
f 8541 7609 7611
f 8541 7611 7613
f 8091 7498 7899
f 7899 7498 7497
f 7899 7497 7496
f 7496 7517 7899
f 7899 7517 7523
f 7899 7523 7528
f 7528 7603 7899
f 7899 7603 7605
f 7899 7605 7607
f 8341 8542 8339
f 8339 8542 8543
f 8339 8543 8351
f 8351 8543 8544
f 8351 8544 8545
f 8545 8544 8546
f 8546 8547 8545
f 8545 8547 8548
f 8545 8548 8549
f 8330 8550 8551
f 8328 8330 8552
f 8552 8330 8551
f 8552 8551 8553
f 8553 8554 8552
f 8552 8554 8555
f 8552 8555 8556
f 8557 8558 8559
f 8559 8558 8560
f 8559 8560 8561
f 8549 8562 8545
f 8545 8562 8563
f 8545 8563 8564
f 8564 8565 8559
f 8559 8565 8566
f 8559 8566 8557
f 8561 8567 8559
f 8559 8567 8568
f 8559 8568 8569
f 8569 8568 8552
f 8569 8552 8570
f 8570 8552 8556
f 8564 8559 8545
f 8545 8559 8571
f 8545 8571 8266
f 8266 8571 8572
f 8266 8572 8269
f 8573 8037 8574
f 8574 8037 8575
f 8573 8576 8037
f 8037 8576 8577
f 8037 8577 8330
f 8330 8577 8578
f 8330 8578 8550
f 8292 8579 7994
f 7994 8579 8580
f 7994 8580 7991
f 7991 8580 8581
f 7991 8581 8037
f 8037 8581 8582
f 8037 8582 8575
f 8583 8584 8585
f 8586 8587 8588
f 8588 8587 8583
f 8584 8589 8585
f 8585 8589 8590
f 8585 8590 8591
f 8354 8352 8592
f 8592 8352 8593
f 8592 8593 8594
f 8594 8595 8592
f 8592 8595 8596
f 8592 8596 8597
f 8591 8598 8585
f 8585 8598 8599
f 8585 8599 8600
f 8600 8599 8592
f 8600 8592 8601
f 8601 8592 8597
f 8602 8603 8604
f 8603 8605 8604
f 8604 8605 8606
f 8604 8606 8607
f 8375 8608 8373
f 8373 8608 8609
f 8373 8609 8379
f 8379 8609 8610
f 8379 8610 8604
f 8604 8610 8611
f 8604 8611 8602
f 8612 8613 8614
f 8538 8615 8516
f 8516 8615 8616
f 8516 8616 8541
f 8541 8616 8617
f 8541 8617 8618
f 8613 8619 8614
f 8614 8619 8620
f 8614 8620 8621
f 8621 8620 8622
f 8519 8514 8614
f 8614 8514 8623
f 8614 8623 8612
f 8618 8624 8541
f 8541 8624 8625
f 8541 8625 8626
f 8626 8627 8541
f 8541 8627 8628
f 8541 8628 8629
f 8629 8628 8630
f 8629 8630 8631
f 8631 8632 8629
f 8629 8632 8633
f 8629 8633 8634
f 8622 8620 8635
f 8635 8620 8636
f 8635 8636 8634
f 8634 8636 8637
f 8634 8637 8629
f 8638 8639 8640
f 8641 8642 8643
f 8643 8642 8644
f 8639 8645 8640
f 8640 8645 8646
f 8640 8646 8647
f 8647 8646 8648
f 8507 8649 8503
f 8503 8649 8650
f 8503 8650 8513
f 8513 8650 8651
f 8513 8651 8642
f 8642 8651 8652
f 8642 8652 8644
f 8641 8653 8642
f 8642 8653 8654
f 8642 8654 8655
f 8656 8657 8658
f 8489 8487 8640
f 8640 8487 8659
f 8640 8659 8638
f 8113 8110 8660
f 8660 8110 8642
f 8660 8642 8656
f 8656 8642 8655
f 8656 8655 8657
f 8658 8661 8656
f 8656 8661 8662
f 8656 8662 8663
f 8648 8646 8664
f 8664 8646 8665
f 8664 8665 8663
f 8663 8665 8666
f 8663 8666 8656
f 8667 8668 8486
f 8486 8668 8669
f 8486 8669 8487
f 8487 8669 8670
f 8487 8670 8659
f 8671 8672 8486
f 8486 8672 8673
f 8486 8673 8667
f 8138 8674 8136
f 8136 8674 8675
f 8136 8675 8676
f 8676 8675 8677
f 8676 8677 8486
f 8486 8677 8678
f 8486 8678 8671
f 8679 8463 8680
f 8681 8682 8462
f 8462 8682 8683
f 8462 8683 8684
f 8685 8686 8463
f 8482 8687 8476
f 8476 8687 8688
f 8476 8688 8486
f 8486 8688 8689
f 8486 8689 8676
f 8676 8689 8690
f 8690 8691 8676
f 8676 8691 8692
f 8676 8692 8693
f 8693 8694 8676
f 8676 8694 8695
f 8676 8695 8696
f 8697 8698 7897
f 8698 8699 7897
f 7897 8699 8700
f 7897 8700 7898
f 8686 8701 8463
f 8463 8701 8702
f 8463 8702 8680
f 7896 7898 8703
f 8703 7898 8704
f 8703 8704 8680
f 8680 8704 8705
f 8680 8705 8679
f 8139 8136 8706
f 8706 8136 8676
f 8706 8676 7897
f 7897 8676 8696
f 7897 8696 8697
f 8684 8707 8462
f 8462 8707 8708
f 8462 8708 8463
f 8463 8708 8709
f 8463 8709 8685
f 8158 8710 8156
f 8156 8710 8711
f 8156 8711 8712
f 8712 8711 8713
f 8712 8713 8462
f 8462 8713 8714
f 8462 8714 8681
f 8629 8715 8541
f 8541 8715 8716
f 8541 8716 7899
f 7899 8716 8717
f 7899 8717 8092
f 8718 8719 8513
f 8513 8719 8720
f 8513 8720 8721
f 8721 8722 8513
f 8513 8722 8723
f 8513 8723 8514
f 8514 8723 8724
f 8514 8724 8623
f 8112 8725 8110
f 8110 8725 8726
f 8110 8726 8642
f 8642 8726 8727
f 8642 8727 8513
f 8513 8727 8728
f 8513 8728 8718
f 8420 8729 8421
f 8421 8729 8730
f 8421 8730 8432
f 8432 8730 8731
f 8432 8731 8732
f 8732 8731 8733
f 8733 8734 8732
f 8732 8734 8735
f 8732 8735 8736
f 8736 8737 8732
f 8732 8737 8738
f 8732 8738 8739
f 8739 8740 8741
f 8741 8740 8742
f 8743 8744 8745
f 8745 8744 8746
f 8745 8746 8747
f 8741 8748 8749
f 8742 8750 8741
f 8741 8750 8751
f 8741 8751 8748
f 8408 8406 8745
f 8745 8406 8752
f 8745 8752 8743
f 8749 8753 8741
f 8741 8753 8754
f 8741 8754 8755
f 8755 8754 8745
f 8755 8745 8756
f 8756 8745 8747
f 8397 8757 8395
f 8395 8757 8758
f 8395 8758 8405
f 8405 8758 8759
f 8405 8759 8760
f 8760 8759 8761
f 8762 8763 8380
f 8761 8764 8760
f 8760 8764 8765
f 8760 8765 8766
f 8767 8768 8379
f 8379 8768 8769
f 8379 8769 8770
f 8771 8772 8773
f 8771 8773 8774
f 8775 8776 8380
f 8380 8776 8777
f 8380 8777 8762
f 8770 8778 8379
f 8379 8778 8779
f 8379 8779 8380
f 8380 8779 8780
f 8380 8780 8775
f 8766 8781 8760
f 8760 8781 8782
f 8760 8782 8783
f 8772 8784 8773
f 8773 8784 8785
f 8773 8785 8786
f 8217 8214 8787
f 8787 8214 8760
f 8787 8760 8773
f 8773 8760 8783
f 8773 8783 8774
f 8786 8788 8773
f 8773 8788 8789
f 8773 8789 8790
f 8790 8789 8380
f 8790 8380 8791
f 8791 8380 8763
f 8236 8792 8234
f 8234 8792 8793
f 8234 8793 8604
f 8604 8793 8794
f 8604 8794 8379
f 8379 8794 8795
f 8379 8795 8767
f 8583 8585 8588
f 8588 8585 8796
f 8588 8796 8242
f 8242 8796 8797
f 8242 8797 8243
f 8798 8799 8351
f 8351 8799 8800
f 8351 8800 8801
f 8801 8802 8351
f 8351 8802 8803
f 8351 8803 8352
f 8352 8803 8804
f 8352 8804 8593
f 8268 8805 8266
f 8266 8805 8806
f 8266 8806 8545
f 8545 8806 8807
f 8545 8807 8351
f 8351 8807 8808
f 8351 8808 8798
f 8809 8810 8811
f 8811 8810 8812
f 8813 8814 8815
f 8815 8814 8816
f 8815 8816 8817
f 8435 8433 8818
f 8818 8433 8819
f 8818 8819 8820
f 8820 8821 8818
f 8818 8821 8822
f 8818 8822 8823
f 8164 8166 8824
f 8824 8166 8811
f 8824 8811 8815
f 8815 8811 8812
f 8815 8812 8813
f 8817 8825 8815
f 8815 8825 8826
f 8815 8826 8827
f 8827 8826 8818
f 8827 8818 8828
f 8828 8818 8823
f 8829 8830 8432
f 8432 8830 8831
f 8432 8831 8832
f 8832 8833 8432
f 8432 8833 8834
f 8432 8834 8433
f 8433 8834 8835
f 8433 8835 8819
f 8191 8836 8189
f 8189 8836 8837
f 8189 8837 8732
f 8732 8837 8838
f 8732 8838 8432
f 8432 8838 8839
f 8432 8839 8829
f 8840 8841 8712
f 8459 8842 8454
f 8454 8842 8843
f 8454 8843 8462
f 8462 8843 8844
f 8462 8844 8712
f 8712 8844 8845
f 8712 8845 8840
f 8841 8846 8712
f 8712 8846 8847
f 8712 8847 8848
f 8739 8741 8732
f 8732 8741 8849
f 8732 8849 8189
f 8189 8849 8850
f 8189 8850 8192
f 8851 8852 8405
f 8405 8852 8853
f 8405 8853 8854
f 8854 8855 8405
f 8405 8855 8856
f 8405 8856 8406
f 8406 8856 8857
f 8406 8857 8752
f 8216 8858 8214
f 8214 8858 8859
f 8214 8859 8760
f 8760 8859 8860
f 8760 8860 8405
f 8405 8860 8861
f 8405 8861 8851
f 8245 8230 8242
f 8242 8230 8234
f 8242 8234 8588
f 8588 8234 8604
f 8588 8604 8586
f 8586 8604 8607
f 8170 8152 8166
f 8166 8152 8156
f 8166 8156 8811
f 8811 8156 8712
f 8811 8712 8809
f 8809 8712 8848
f 8287 8293 6691
f 6691 8293 6701
f 8862 8863 7228
f 6691 8862 8287
f 8287 8862 7228
f 8287 7228 8281
f 8281 7228 7252
f 8281 7252 8261
f 8261 7252 7238
f 8261 7238 8256
f 8256 7238 7282
f 8256 7282 8245
f 8245 7282 7268
f 8245 7268 8230
f 8230 7268 7310
f 8230 7310 8209
f 8209 7310 7296
f 6739 7498 6747
f 6747 7498 8100
f 6747 8100 7417
f 7417 8100 8105
f 7417 8105 7428
f 7428 8105 8126
f 7428 8126 7385
f 7385 8126 8131
f 7385 8131 7396
f 7396 8131 8152
f 7396 8152 7365
f 7365 8152 8170
f 7365 8170 7360
f 7360 8170 8179
f 7360 8179 7318
f 7318 8179 8184
f 7318 8184 7296
f 7296 8184 8204
f 7296 8204 8209
f 6701 8293 8296
f 6701 8296 6728
f 6728 8296 8295
f 6728 8295 6729
f 6729 8295 8294
f 6729 8294 6727
f 6727 8294 6669
f 6669 8294 8299
f 6669 8299 6683
f 6683 8299 8298
f 6683 8298 6677
f 6677 8298 8297
f 6677 8297 6672
f 6672 8297 8300
f 6672 8300 6673
f 6673 8300 8308
f 6673 8308 6663
f 6663 8308 8307
f 6663 8307 6660
f 6660 8307 8305
f 6660 8305 6643
f 6643 8305 8301
f 6643 8301 6630
f 6630 8301 8311
f 6630 8311 6628
f 6628 8311 8312
f 6628 8312 6609
f 6609 8312 8310
f 6609 8310 6601
f 6601 8310 8309
f 6601 8309 6599
f 6599 8309 8313
f 6599 8313 6577
f 6577 8313 8317
f 6577 8317 6573
f 6573 8317 8319
f 6573 8319 6574
f 6574 8319 7906
f 6574 7906 6575
f 6575 7906 7925
f 6575 7925 6578
f 6578 7925 7928
f 6578 7928 6594
f 6594 7928 7904
f 6594 7904 6592
f 6592 7904 6521
f 6521 7904 7903
f 6521 7903 6533
f 6533 7903 8052
f 6533 8052 6560
f 6560 8052 8063
f 6560 8063 6551
f 6551 8063 8044
f 6551 8044 6523
f 8327 7184 7221
f 6523 8044 6529
f 6529 8044 8047
f 6529 8047 8864
f 8327 7221 8047
f 8047 7221 8865
f 8047 8865 8864
f 7184 8327 7163
f 7163 8327 8339
f 7163 8339 7121
f 7121 8339 8353
f 7121 8353 7105
f 8353 8368 7105
f 7105 8368 8373
f 7105 8373 7063
f 7063 8373 6999
f 8373 8395 6999
f 6999 8395 8407
f 6999 8407 6990
f 6990 8407 8421
f 6990 8421 6948
f 6948 8421 8434
f 6948 8434 6932
f 6932 8434 8449
f 6932 8449 8454
f 7448 6764 8515
f 8515 6764 6767
f 8515 6767 8503
f 8503 6767 6816
f 8503 6816 8488
f 8488 6816 6827
f 8488 6827 8476
f 8476 6827 6874
f 8476 6874 8454
f 8454 6874 6902
f 8454 6902 6932
f 7949 6632 7950
f 7950 6632 6631
f 7950 6631 7945
f 7945 6631 6616
f 7945 6616 7944
f 7944 6616 6615
f 7944 6615 7933
f 7933 6615 6622
f 7933 6622 7922
f 7922 6622 6612
f 7922 6612 7914
f 7914 6612 6605
f 7914 6605 7916
f 7916 6605 6603
f 7916 6603 7918
f 7918 6603 6586
f 7918 6586 7919
f 7919 6586 6587
f 7919 6587 8056
f 8056 6587 6589
f 8056 6589 8050
f 8050 6589 6542
f 8050 6542 8051
f 8051 6542 6541
f 8051 6541 8060
f 8060 6541 6539
f 8060 6539 8055
f 8055 6539 6537
f 8055 6537 8074
f 8074 6537 6544
f 8074 6544 8084
f 8084 6544 6543
f 8084 6543 8035
f 8035 6543 6566
f 8035 6566 8036
f 8036 6566 6565
f 8036 6565 8038
f 6565 6564 8038
f 8038 6564 6713
f 8038 6713 8039
f 8039 6713 6714
f 8039 6714 8040
f 8040 6714 6715
f 8040 6715 8041
f 8041 6715 6717
f 8041 6717 8025
f 8025 6717 6699
f 8025 6699 8007
f 8007 6699 6698
f 8007 6698 7998
f 7998 6698 6688
f 7998 6688 8000
f 8000 6688 6692
f 8000 6692 8020
f 8020 6692 6722
f 8020 6722 8021
f 8021 6722 6724
f 8021 6724 8022
f 8022 6724 6664
f 8022 6664 7976
f 7976 6664 6666
f 7976 6666 7974
f 7974 6666 6668
f 7974 6668 7954
f 7954 6668 6647
f 7954 6647 7953
f 7953 6647 6645
f 7953 6645 7964
f 7964 6645 6651
f 7964 6651 7946
f 7946 6651 6654
f 7946 6654 7947
f 7947 6654 6634
f 7947 6634 7948
f 7948 6634 6636
f 7948 6636 7949
f 7949 6636 6633
f 7949 6633 6632
f 7981 6657 7958
f 7958 6657 6656
f 7958 6656 7959
f 7959 6656 6655
f 7959 6655 7969
f 7969 6655 6653
f 7969 6653 7970
f 7970 6653 6652
f 7970 6652 7971
f 7971 6652 6650
f 7971 6650 7951
f 7951 6650 6649
f 7951 6649 7952
f 7952 6649 6644
f 7952 6644 7972
f 7972 6644 6646
f 7972 6646 7973
f 7973 6646 6648
f 7973 6648 7975
f 7975 6648 6667
f 7975 6667 7977
f 7977 6667 6665
f 7977 6665 7978
f 7978 6665 6671
f 7978 6671 7965
f 7965 6671 6670
f 7965 6670 7966
f 7966 6670 6685
f 7966 6685 7968
f 7968 6685 6684
f 7968 6684 7982
f 7982 6684 6682
f 7982 6682 7983
f 7983 6682 6681
f 7983 6681 7984
f 7984 6681 6676
f 7984 6676 7985
f 7985 6676 6675
f 7985 6675 7986
f 7986 6675 6674
f 7986 6674 7987
f 7987 6674 6680
f 7987 6680 7988
f 7988 6680 6679
f 7988 6679 7963
f 7963 6679 6678
f 7963 6678 7962
f 7962 6678 6662
f 7962 6662 7960
f 7960 6662 6661
f 7960 6661 8306
f 8306 6661 6659
f 8306 6659 8304
f 8304 6659 6658
f 8304 6658 8302
f 8302 6658 6642
f 8302 6642 8303
f 8303 6642 6641
f 8303 6641 7900
f 7900 6641 6629
f 7900 6629 7901
f 7901 6629 6627
f 7901 6627 7955
f 7955 6627 6640
f 7955 6640 7956
f 7956 6640 6639
f 7956 6639 7957
f 7957 6639 6638
f 7957 6638 7979
f 7979 6638 6637
f 7979 6637 7980
f 7980 6637 6635
f 7980 6635 7981
f 7981 6635 6657
f 7926 6579 7927
f 7927 6579 6596
f 7927 6596 7929
f 7929 6596 6595
f 7929 6595 7930
f 7930 6595 6593
f 7930 6593 7909
f 7909 6593 6591
f 7909 6591 7910
f 7910 6591 6590
f 7910 6590 7911
f 7911 6590 6588
f 7911 6588 7912
f 7912 6588 6585
f 7912 6585 7917
f 7917 6585 6584
f 7917 6584 7915
f 7915 6584 6602
f 7915 6602 7913
f 7913 6602 6604
f 7913 6604 7920
f 7920 6604 6606
f 7920 6606 7921
f 7921 6606 6614
f 7921 6614 7934
f 7934 6614 6613
f 7934 6613 7935
f 7935 6613 6626
f 7935 6626 7936
f 7936 6626 6625
f 7936 6625 7931
f 7931 6625 6624
f 7931 6624 7932
f 7932 6624 6623
f 7932 6623 7937
f 7937 6623 6621
f 7937 6621 7938
f 7938 6621 6620
f 7938 6620 7940
f 7940 6620 6617
f 7940 6617 7941
f 7941 6617 6618
f 7941 6618 7942
f 7942 6618 6619
f 7942 6619 7943
f 7943 6619 6611
f 7943 6611 8322
f 8322 6611 6610
f 8322 6610 8323
f 8323 6610 6608
f 8323 6608 8324
f 8324 6608 6607
f 8324 6607 8314
f 8314 6607 6600
f 8314 6600 8315
f 8315 6600 6598
f 8315 6598 8316
f 8316 6598 6597
f 8316 6597 8318
f 8318 6597 6572
f 8318 6572 8320
f 8320 6572 6571
f 8320 6571 8321
f 8321 6571 6583
f 8321 6583 7907
f 7907 6583 6582
f 7907 6582 7908
f 7908 6582 6581
f 7908 6581 7923
f 7923 6581 6576
f 7923 6576 7924
f 7924 6576 6580
f 7924 6580 7926
f 7926 6580 6579
f 8080 6559 8081
f 8081 6559 6558
f 8081 6558 8067
f 8067 6558 6550
f 8067 6550 8068
f 8068 6550 6549
f 8068 6549 8069
f 8069 6549 6548
f 8069 6548 8070
f 8070 6548 6547
f 8070 6547 8071
f 8071 6547 6546
f 8071 6546 8048
f 8048 6546 6528
f 8048 6528 8045
f 8045 6528 6527
f 8045 6527 8046
f 8046 6527 6526
f 8046 6526 8057
f 8057 6526 6525
f 8057 6525 8058
f 8058 6525 6524
f 8058 6524 8059
f 8059 6524 6531
f 8059 6531 8077
f 8077 6531 6532
f 8077 6532 8078
f 8078 6532 6554
f 8078 6554 8079
f 8079 6554 6553
f 8079 6553 8072
f 8072 6553 6552
f 8072 6552 8073
f 8073 6552 6563
f 8073 6563 8082
f 8082 6563 6518
f 8082 6518 8083
f 8083 6518 6517
f 8083 6517 8085
f 8085 6517 6515
f 8085 6515 8086
f 8086 6515 6514
f 8086 6514 8087
f 8087 6514 6567
f 8087 6567 8088
f 8088 6567 6545
f 8088 6545 8075
f 8075 6545 6557
f 8075 6557 8076
f 8076 6557 6556
f 8076 6556 8053
f 8053 6556 6555
f 8053 6555 8054
f 8054 6555 6536
f 8054 6536 8061
f 8061 6536 6538
f 8061 6538 8062
f 8062 6538 6540
f 8062 6540 8049
f 8049 6540 6522
f 8049 6522 7905
f 7905 6522 6520
f 7905 6520 8042
f 8042 6520 6519
f 8042 6519 8043
f 8043 6519 6535
f 8043 6535 8064
f 8064 6535 6534
f 8064 6534 8065
f 8065 6534 6562
f 8065 6562 8066
f 8066 6562 6561
f 8066 6561 8080
f 8080 6561 6559
f 8032 6718 8033
f 8033 6718 6716
f 8033 6716 8034
f 8034 6716 6709
f 8034 6709 7989
f 7989 6709 6708
f 7989 6708 7990
f 7990 6708 6707
f 7990 6707 8008
f 8008 6707 6697
f 8008 6697 8009
f 8009 6697 6696
f 8009 6696 8010
f 8010 6696 6694
f 8010 6694 8011
f 8011 6694 6693
f 8011 6693 8012
f 8012 6693 6706
f 8012 6706 8013
f 8013 6706 6705
f 8013 6705 7992
f 7992 6705 6704
f 7992 6704 7993
f 7993 6704 6690
f 7993 6690 8014
f 8014 6690 6689
f 8014 6689 8015
f 8015 6689 6738
f 8015 6738 8016
f 8016 6738 6737
f 8016 6737 8030
f 8030 6737 6736
f 8030 6736 8031
f 8031 6736 6735
f 8031 6735 8017
f 8017 6735 6734
f 8017 6734 8018
f 8018 6734 6733
f 8018 6733 8019
f 8019 6733 6732
f 8019 6732 8028
f 8028 6732 6731
f 8028 6731 8029
f 8029 6731 6730
f 8029 6730 7995
f 7995 6730 6703
f 7995 6703 7996
f 7996 6703 6702
f 7996 6702 8003
f 8003 6702 6726
f 8003 6726 8004
f 8004 6726 6725
f 8004 6725 8002
f 8002 6725 6723
f 8002 6723 8001
f 8001 6723 6721
f 8001 6721 7999
f 7999 6721 6720
f 7999 6720 7997
f 7997 6720 6687
f 7997 6687 8005
f 8005 6687 6686
f 8005 6686 8006
f 8006 6686 6712
f 8006 6712 8023
f 8023 6712 6711
f 8023 6711 8024
f 8024 6711 6710
f 8024 6710 8026
f 8026 6710 6700
f 8026 6700 8027
f 8027 6700 6719
f 8027 6719 8032
f 8032 6719 6718
f 7450 7887 7885
f 7885 7883 7450
f 7450 7883 7881
f 7450 7881 7789
f 7589 7619 7825
f 7887 7450 7889
f 7889 7450 7589
f 7889 7589 7891
f 7825 7895 7589
f 7589 7895 7893
f 7589 7893 7891
f 7789 7779 7450
f 7450 7779 7772
f 7450 7772 7451
f 7451 7772 7769
f 7451 7769 7505
f 7505 7769 7764
f 7505 7764 7500
f 7500 7764 7765
f 7500 7765 7537
f 7537 7765 7754
f 7537 7754 7602
f 7602 7754 7756
f 7602 7756 7604
f 7604 7756 7625
f 7604 7625 7606
f 7606 7625 7661
f 7606 7661 7608
f 7608 7661 7651
f 7608 7651 7610
f 7610 7651 7647
f 7610 7647 7612
f 7612 7647 7642
f 7612 7642 7478
f 7478 7642 7638
f 7478 7638 7473
f 7473 7638 7636
f 7473 7636 7467
f 7467 7636 7723
f 7467 7723 7590
f 7590 7723 7719
f 7590 7719 7592
f 7592 7719 7628
f 7592 7628 7594
f 7594 7628 7702
f 7594 7702 7596
f 7596 7702 7701
f 7596 7701 7598
f 7598 7701 7857
f 7598 7857 7600
f 7600 7857 7853
f 7600 7853 7572
f 7572 7853 7849
f 7572 7849 7566
f 7566 7849 7847
f 7566 7847 7558
f 7558 7847 7843
f 7558 7843 7588
f 7588 7843 7836
f 7588 7836 7589
f 7589 7836 7834
f 7589 7834 7619
f 7484 7648 7646
f 7648 7484 7649
f 7482 7481 7635
f 7635 7637 7482
f 7482 7637 7639
f 7482 7639 7483
f 7483 7639 7644
f 7644 7643 7483
f 7483 7643 7641
f 7483 7641 7484
f 7484 7641 7640
f 7484 7640 7649
f 7645 7486 7646
f 7646 7486 7485
f 7646 7485 7484
f 7645 7650 7486
f 7486 7650 7652
f 7486 7652 7476
f 7476 7652 7665
f 7476 7665 7477
f 7665 7664 7477
f 7477 7664 7663
f 7477 7663 7479
f 7663 7662 7479
f 7479 7662 7660
f 7479 7660 7480
f 7660 7659 7480
f 7480 7659 7657
f 7480 7657 7488
f 7657 7656 7488
f 7488 7656 7654
f 7488 7654 7489
f 7654 7653 7489
f 7489 7653 7658
f 7489 7658 7490
f 7658 7633 7490
f 7490 7633 7632
f 7490 7632 7491
f 7491 7632 7666
f 7491 7666 7492
f 7492 7666 7493
f 7493 7666 7630
f 7493 7630 7629
f 7629 7671 7493
f 7493 7671 7670
f 7493 7670 7494
f 7679 7495 7667
f 7667 7495 7494
f 7667 7494 7668
f 7668 7494 7670
f 7679 7678 7495
f 7495 7678 7677
f 7495 7677 7452
f 7452 7677 7672
f 7452 7672 7453
f 7453 7672 7674
f 7453 7674 7460
f 7674 7676 7460
f 7460 7676 7683
f 7460 7683 7461
f 7683 7681 7461
f 7461 7681 7680
f 7461 7680 7462
f 7462 7680 7688
f 7688 7687 7462
f 7462 7687 7685
f 7462 7685 7455
f 7455 7685 7684
f 7684 7691 7455
f 7455 7691 7690
f 7455 7690 7456
f 7456 7690 7697
f 7456 7697 7458
f 7697 7696 7458
f 7458 7696 7695
f 7458 7695 7459
f 7459 7695 7694
f 7459 7694 7463
f 7694 7693 7463
f 7463 7693 7700
f 7463 7700 7464
f 7700 7699 7464
f 7464 7699 7708
f 7464 7708 7465
f 7708 7710 7465
f 7465 7710 7704
f 7465 7704 7466
f 7704 7716 7466
f 7466 7716 7715
f 7466 7715 7468
f 7715 7714 7468
f 7468 7714 7713
f 7468 7713 7469
f 7469 7713 7627
f 7469 7627 7470
f 7627 7626 7470
f 7470 7626 7721
f 7470 7721 7471
f 7471 7721 7720
f 7471 7720 7475
f 7728 7474 7717
f 7717 7474 7475
f 7717 7475 7718
f 7718 7475 7720
f 7728 7727 7474
f 7474 7727 7726
f 7474 7726 7472
f 7726 7722 7472
f 7472 7722 7724
f 7472 7724 7481
f 7481 7724 7725
f 7481 7725 7635
f 7534 7533 7733
f 7733 7732 7534
f 7534 7732 7731
f 7534 7731 7535
f 7731 7730 7535
f 7535 7730 7735
f 7535 7735 7530
f 7530 7735 7737
f 7737 7738 7530
f 7530 7738 7740
f 7530 7740 7531
f 7531 7740 7753
f 7531 7753 7532
f 7753 7752 7532
f 7532 7752 7751
f 7532 7751 7529
f 7529 7751 7750
f 7529 7750 7526
f 7750 7749 7526
f 7526 7749 7748
f 7526 7748 7527
f 7748 7747 7527
f 7527 7747 7742
f 7527 7742 7536
f 7742 7741 7536
f 7536 7741 7745
f 7536 7745 7538
f 7745 7744 7538
f 7538 7744 7743
f 7538 7743 7539
f 7743 7746 7539
f 7539 7746 7624
f 7539 7624 7540
f 7624 7623 7540
f 7540 7623 7761
f 7540 7761 7541
f 7541 7761 7760
f 7541 7760 7542
f 7760 7759 7542
f 7542 7759 7758
f 7542 7758 7543
f 7543 7758 7757
f 7543 7757 7501
f 7501 7757 7755
f 7501 7755 7502
f 7755 7768 7502
f 7502 7768 7767
f 7502 7767 7506
f 7506 7767 7766
f 7506 7766 7507
f 7766 7763 7507
f 7507 7763 7762
f 7507 7762 7508
f 7762 7771 7508
f 7508 7771 7770
f 7508 7770 7509
f 7770 7777 7509
f 7509 7777 7776
f 7509 7776 7510
f 7776 7775 7510
f 7510 7775 7774
f 7510 7774 7511
f 7511 7774 7773
f 7773 7778 7511
f 7511 7778 7780
f 7511 7780 7503
f 7503 7780 7795
f 7503 7795 7504
f 7795 7794 7504
f 7504 7794 7793
f 7504 7793 7512
f 7793 7792 7512
f 7512 7792 7791
f 7512 7791 7513
f 7791 7790 7513
f 7513 7790 7788
f 7513 7788 7514
f 7788 7787 7514
f 7514 7787 7786
f 7514 7786 7515
f 7786 7785 7515
f 7515 7785 7784
f 7515 7784 7516
f 7784 7783 7516
f 7516 7783 7782
f 7516 7782 7518
f 7518 7782 7621
f 7518 7621 7519
f 7519 7621 7620
f 7519 7620 7798
f 7797 7521 7798
f 7798 7521 7520
f 7798 7520 7519
f 7797 7808 7521
f 7521 7808 7807
f 7521 7807 7525
f 7807 7806 7525
f 7525 7806 7805
f 7525 7805 7524
f 7805 7804 7524
f 7524 7804 7802
f 7524 7802 7522
f 7522 7802 7800
f 7522 7800 7533
f 7533 7800 7799
f 7533 7799 7733
f 7578 7856 7858
f 7554 7553 7875
f 7875 7809 7554
f 7554 7809 7811
f 7554 7811 7555
f 7811 7813 7555
f 7555 7813 7814
f 7555 7814 7556
f 7814 7817 7556
f 7556 7817 7816
f 7556 7816 7550
f 7550 7816 7822
f 7822 7821 7550
f 7550 7821 7819
f 7550 7819 7551
f 7551 7819 7818
f 7551 7818 7552
f 7552 7818 7832
f 7552 7832 7544
f 7832 7831 7544
f 7544 7831 7829
f 7544 7829 7545
f 7829 7828 7545
f 7545 7828 7824
f 7545 7824 7557
f 7824 7823 7557
f 7557 7823 7826
f 7557 7826 7559
f 7826 7827 7559
f 7559 7827 7618
f 7559 7618 7560
f 7618 7617 7560
f 7560 7617 7840
f 7560 7840 7561
f 7561 7840 7839
f 7561 7839 7562
f 7839 7838 7562
f 7562 7838 7833
f 7562 7833 7563
f 7563 7833 7835
f 7563 7835 7564
f 7835 7837 7564
f 7564 7837 7845
f 7564 7845 7565
f 7845 7844 7565
f 7565 7844 7842
f 7565 7842 7567
f 7842 7841 7567
f 7567 7841 7846
f 7567 7846 7568
f 7568 7846 7848
f 7568 7848 7569
f 7848 7850 7569
f 7569 7850 7855
f 7569 7855 7576
f 7576 7855 7854
f 7576 7854 7577
f 7577 7854 7852
f 7577 7852 7578
f 7578 7852 7851
f 7578 7851 7856
f 7861 7574 7858
f 7858 7574 7573
f 7858 7573 7578
f 7861 7860 7574
f 7574 7860 7859
f 7574 7859 7575
f 7575 7859 7703
f 7575 7703 7570
f 7703 7705 7570
f 7570 7705 7706
f 7570 7706 7571
f 7706 7712 7571
f 7571 7712 7711
f 7571 7711 7580
f 7711 7709 7580
f 7580 7709 7707
f 7580 7707 7581
f 7707 7868 7581
f 7581 7868 7867
f 7581 7867 7582
f 7864 7583 7865
f 7865 7583 7582
f 7865 7582 7866
f 7866 7582 7867
f 7863 7585 7864
f 7864 7585 7584
f 7864 7584 7583
f 7863 7874 7585
f 7585 7874 7873
f 7585 7873 7586
f 7873 7872 7586
f 7586 7872 7871
f 7586 7871 7587
f 7871 7870 7587
f 7587 7870 7615
f 7587 7615 7548
f 7615 7614 7548
f 7548 7614 7879
f 7548 7879 7549
f 7549 7879 7878
f 7549 7878 7553
f 7553 7878 7876
f 7553 7876 7875
f 6516 8866 6695
f 6695 8866 8862
f 6695 8862 6691
f 8867 8866 6512
f 6512 8866 6516
f 6570 8868 6511
f 6511 8868 8867
f 6511 8867 6512
f 8869 8868 6569
f 6569 8868 6570
f 8869 6569 8870
f 8870 6569 6568
f 8870 6568 6513
f 8871 8870 6530
f 6530 8870 6513
f 8864 8871 6529
f 6529 8871 6530
f 8865 7221 8863
f 8863 7221 7233
f 8863 7233 7228
f 8871 8864 8870
f 8870 8864 8865
f 8870 8865 8869
f 8869 8865 8863
f 8869 8863 8868
f 8868 8863 8862
f 8868 8862 8867
f 8867 8862 8866
f 8350 7214 8342
f 8342 7214 7213
f 8342 7213 8343
f 8343 7213 7195
f 8343 7195 8344
f 8344 7195 7194
f 8344 7194 8345
f 8345 7194 7193
f 8345 7193 8346
f 8346 7193 7192
f 8346 7192 8347
f 8347 7192 7191
f 8347 7191 8340
f 8340 7191 7190
f 8340 7190 8341
f 8341 7190 7175
f 8341 7175 8542
f 8542 7175 7174
f 8542 7174 8543
f 8543 7174 7189
f 8350 8349 7214
f 7214 8349 7215
f 8552 7217 8328
f 8328 7217 7216
f 8328 7216 8329
f 8329 7216 7196
f 8329 7196 8331
f 8331 7196 7198
f 8331 7198 8332
f 8332 7198 7183
f 8332 7183 8333
f 8333 7183 7210
f 8333 7210 8334
f 8334 7210 7209
f 8334 7209 8335
f 8335 7209 7208
f 8335 7208 8325
f 8325 7208 7207
f 8325 7207 8326
f 8326 7207 7206
f 8326 7206 8336
f 8336 7206 7212
f 8336 7212 8337
f 8337 7212 7211
f 8337 7211 8338
f 8338 7211 7205
f 8338 7205 8348
f 8348 7205 7204
f 8348 7204 8349
f 8349 7204 7215
f 8552 8568 7217
f 7217 8568 7218
f 8546 7188 8547
f 8547 7188 7187
f 8547 7187 8548
f 8548 7187 7169
f 8548 7169 8549
f 8549 7169 7168
f 8549 7168 8562
f 8562 7168 7173
f 8562 7173 8563
f 8563 7173 7172
f 8563 7172 8564
f 8564 7172 7171
f 8564 7171 8565
f 8565 7171 7203
f 8565 7203 8566
f 8566 7203 7202
f 8566 7202 8557
f 8557 7202 7201
f 8557 7201 8558
f 8558 7201 7180
f 8558 7180 8560
f 8560 7180 7179
f 8560 7179 8561
f 8561 7179 7177
f 8561 7177 8567
f 8567 7177 7176
f 8567 7176 8568
f 8568 7176 7218
f 8543 7189 8544
f 8544 7189 7188
f 8544 7188 8546
f 8582 7232 8575
f 8575 7232 7231
f 8575 7231 8574
f 8574 7231 7222
f 8574 7222 8573
f 8573 7222 7220
f 8573 7220 8576
f 8576 7220 7219
f 8576 7219 8577
f 8577 7219 7225
f 8577 7225 8578
f 8578 7225 7224
f 8578 7224 8550
f 8550 7224 7223
f 8550 7223 8551
f 8551 7223 7186
f 8551 7186 8553
f 8553 7186 7185
f 8553 7185 8554
f 8554 7185 7182
f 8554 7182 8555
f 8555 7182 7181
f 8555 7181 8556
f 8556 7181 7200
f 8556 7200 8570
f 8570 7200 7199
f 8570 7199 8569
f 8569 7199 7197
f 7234 7232 8582
f 8579 7235 8580
f 8580 7235 7234
f 8580 7234 8581
f 8581 7234 8582
f 8284 7256 8279
f 8279 7256 7255
f 8279 7255 8280
f 8280 7255 7254
f 8280 7254 8289
f 8289 7254 7253
f 8289 7253 8290
f 8290 7253 7251
f 8290 7251 8291
f 8291 7251 7250
f 8291 7250 8285
f 8285 7250 7230
f 8285 7230 8286
f 8286 7230 7229
f 8286 7229 8288
f 8288 7229 7227
f 8288 7227 8292
f 8292 7227 7226
f 8292 7226 8579
f 8579 7226 7235
f 8284 8283 7256
f 7256 8283 7257
f 8559 7178 8571
f 8571 7178 7247
f 8571 7247 8572
f 8572 7247 7246
f 8572 7246 8269
f 8269 7246 7245
f 8269 7245 8270
f 8270 7245 7244
f 8270 7244 8273
f 8273 7244 7243
f 8273 7243 8274
f 8274 7243 7242
f 8274 7242 8275
f 8275 7242 7241
f 8275 7241 8271
f 8271 7241 7240
f 8271 7240 8272
f 8272 7240 7239
f 8272 7239 8276
f 8276 7239 7249
f 8276 7249 8277
f 8277 7249 7248
f 8277 7248 8278
f 8278 7248 7237
f 8278 7237 8282
f 8282 7237 7236
f 8282 7236 8283
f 8283 7236 7257
f 8559 8569 7178
f 7178 8569 7197
f 8369 7156 8370
f 8370 7156 7155
f 8370 7155 8376
f 8376 7155 7143
f 8376 7143 8377
f 8377 7143 7142
f 8377 7142 8378
f 8378 7142 7141
f 8378 7141 8371
f 8371 7141 7140
f 8371 7140 8372
f 8372 7140 7139
f 8372 7139 8374
f 8374 7139 7138
f 8374 7138 8375
f 8375 7138 7120
f 8375 7120 8608
f 8608 7120 7119
f 8608 7119 8609
f 8609 7119 7131
f 8369 8367 7156
f 7156 8367 7157
f 8592 7159 8354
f 8354 7159 7158
f 8354 7158 8355
f 8355 7158 7145
f 8355 7145 8360
f 8360 7145 7147
f 8360 7147 8361
f 8361 7147 7118
f 8361 7118 8362
f 8362 7118 7144
f 8362 7144 8356
f 8356 7144 7137
f 8356 7137 8357
f 8357 7137 7136
f 8357 7136 8358
f 8358 7136 7135
f 8358 7135 8359
f 8359 7135 7134
f 8359 7134 8363
f 8363 7134 7154
f 8363 7154 8364
f 8364 7154 7153
f 8364 7153 8365
f 8365 7153 7133
f 8365 7133 8366
f 8366 7133 7132
f 8366 7132 8367
f 8367 7132 7157
f 8592 8599 7159
f 7159 8599 7160
f 8611 7130 8602
f 8602 7130 7129
f 8602 7129 8603
f 8603 7129 7115
f 8603 7115 8605
f 8605 7115 7114
f 8605 7114 8606
f 8606 7114 7113
f 8606 7113 8607
f 8607 7113 7111
f 8607 7111 8586
f 8586 7111 7110
f 8586 7110 8587
f 8587 7110 7152
f 8587 7152 8583
f 8583 7152 7151
f 8583 7151 8584
f 8584 7151 7150
f 8584 7150 8589
f 8589 7150 7128
f 8589 7128 8590
f 8590 7128 7127
f 8590 7127 8591
f 8591 7127 7125
f 8591 7125 8598
f 8598 7125 7124
f 8598 7124 8599
f 8599 7124 7160
f 8609 7131 8610
f 8610 7131 7130
f 8610 7130 8611
f 8531 6763 8532
f 8532 6763 6762
f 8532 6762 8533
f 8533 6762 6808
f 8533 6808 8534
f 8534 6808 6807
f 8534 6807 8535
f 8535 6807 6806
f 8535 6806 8536
f 8536 6806 6796
f 8536 6796 8537
f 8537 6796 6795
f 8537 6795 8540
f 8540 6795 6794
f 8540 6794 8539
f 8539 6794 6793
f 8539 6793 8538
f 8538 6793 6792
f 8538 6792 8615
f 8615 6792 6791
f 8531 8530 6763
f 6763 8530 6798
f 8614 6812 8519
f 8519 6812 6810
f 8519 6810 8520
f 8520 6810 6809
f 8520 6809 8526
f 8526 6809 6777
f 8526 6777 8527
f 8527 6777 6769
f 8527 6769 8528
f 8528 6769 6768
f 8528 6768 8523
f 8523 6768 6766
f 8523 6766 8522
f 8522 6766 6765
f 8522 6765 8521
f 8521 6765 6800
f 8521 6800 8524
f 8524 6800 6799
f 8524 6799 8525
f 8525 6799 6776
f 8525 6776 8517
f 8517 6776 6775
f 8517 6775 8518
f 8518 6775 6774
f 8518 6774 8529
f 8529 6774 6773
f 8529 6773 8530
f 8530 6773 6798
f 8614 8621 6812
f 6812 8621 6813
f 8617 6789 8618
f 8618 6789 6788
f 8618 6788 8624
f 8624 6788 6787
f 8624 6787 8625
f 8625 6787 6805
f 8625 6805 8626
f 8626 6805 6804
f 8626 6804 8627
f 8627 6804 6786
f 8627 6786 8628
f 8628 6786 6785
f 8628 6785 8630
f 8630 6785 6803
f 8630 6803 8631
f 8631 6803 6802
f 8631 6802 8632
f 8632 6802 6801
f 8632 6801 8633
f 8633 6801 6784
f 8633 6784 8634
f 8634 6784 6783
f 8634 6783 8635
f 8635 6783 6782
f 8635 6782 8622
f 8622 6782 6781
f 8622 6781 8621
f 8621 6781 6813
f 8615 6791 8616
f 8616 6791 6789
f 8616 6789 8617
f 8678 7408 8671
f 8671 7408 7407
f 8671 7407 8672
f 8672 7407 6878
f 8672 6878 8673
f 8673 6878 6877
f 8673 6877 8667
f 8667 6877 6876
f 8667 6876 8668
f 8668 6876 6875
f 8668 6875 8669
f 8669 6875 6873
f 8669 6873 8670
f 8670 6873 6872
f 8670 6872 8659
f 8659 6872 6829
f 8659 6829 8638
f 8638 6829 6828
f 8638 6828 8639
f 8639 6828 6822
f 8639 6822 8645
f 8645 6822 6821
f 8645 6821 8646
f 8646 6821 6826
f 8646 6826 8665
f 8665 6826 6825
f 8665 6825 8666
f 8666 6825 6846
f 7409 7408 8678
f 8674 7410 8675
f 8675 7410 7409
f 8675 7409 8677
f 8677 7409 8678
f 8127 7435 8128
f 8128 7435 7434
f 8128 7434 8129
f 8129 7434 7430
f 8129 7430 8130
f 8130 7430 7429
f 8130 7429 8132
f 8132 7429 7427
f 8132 7427 8133
f 8133 7427 7426
f 8133 7426 8134
f 8134 7426 7414
f 8134 7414 8135
f 8135 7414 7413
f 8135 7413 8137
f 8137 7413 7412
f 8137 7412 8138
f 8138 7412 7411
f 8138 7411 8674
f 8674 7411 7410
f 8127 8125 7435
f 7435 8125 7436
f 8656 6848 8660
f 8660 6848 7425
f 8660 7425 8113
f 8113 7425 7424
f 8113 7424 8114
f 8114 7424 7423
f 8114 7423 8115
f 8115 7423 7433
f 8115 7433 8121
f 8121 7433 7432
f 8121 7432 8122
f 8122 7432 7431
f 8122 7431 8123
f 8123 7431 7422
f 8123 7422 8116
f 8116 7422 7421
f 8116 7421 8117
f 8117 7421 7420
f 8117 7420 8118
f 8118 7420 7419
f 8118 7419 8119
f 8119 7419 7418
f 8119 7418 8120
f 8120 7418 7416
f 8120 7416 8124
f 8124 7416 7415
f 8124 7415 8125
f 8125 7415 7436
f 8656 8666 6848
f 6848 8666 6846
f 8512 6867 8501
f 8501 6867 6866
f 8501 6866 8502
f 8502 6866 6855
f 8502 6855 8508
f 8508 6855 6854
f 8508 6854 8509
f 8509 6854 6853
f 8509 6853 8504
f 8504 6853 6843
f 8504 6843 8505
f 8505 6843 6842
f 8505 6842 8506
f 8506 6842 6841
f 8506 6841 8507
f 8507 6841 6840
f 8507 6840 8649
f 8649 6840 6839
f 8649 6839 8650
f 8650 6839 6838
f 8512 8511 6867
f 6867 8511 6868
f 8640 6847 8489
f 8489 6847 6845
f 8489 6845 8490
f 8490 6845 6844
f 8490 6844 8498
f 8498 6844 6824
f 8498 6824 8499
f 8499 6824 6823
f 8499 6823 8500
f 8500 6823 6862
f 8500 6862 8491
f 8491 6862 6861
f 8491 6861 8492
f 8492 6861 6860
f 8492 6860 8493
f 8493 6860 6859
f 8493 6859 8494
f 8494 6859 6858
f 8494 6858 8495
f 8495 6858 6857
f 8495 6857 8496
f 8496 6857 6856
f 8496 6856 8497
f 8497 6856 6835
f 8497 6835 8510
f 8510 6835 6834
f 8510 6834 8511
f 8511 6834 6868
f 8640 8647 6847
f 6847 8647 6849
f 8652 6833 8644
f 8644 6833 6831
f 8644 6831 8643
f 8643 6831 6830
f 8643 6830 8641
f 8641 6830 6852
f 8641 6852 8653
f 8653 6852 6851
f 8653 6851 8654
f 8654 6851 6837
f 8654 6837 8655
f 8655 6837 6836
f 8655 6836 8657
f 8657 6836 6871
f 8657 6871 8658
f 8658 6871 6870
f 8658 6870 8661
f 8661 6870 6869
f 8661 6869 8662
f 8662 6869 6865
f 8662 6865 8663
f 8663 6865 6864
f 8663 6864 8664
f 8664 6864 6863
f 8664 6863 8648
f 8648 6863 6850
f 8648 6850 8647
f 8647 6850 6849
f 8650 6838 8651
f 8651 6838 6833
f 8651 6833 8652
f 8714 7382 8681
f 8681 7382 7381
f 8681 7381 8682
f 8682 7381 6936
f 8682 6936 8683
f 8683 6936 6935
f 8683 6935 8684
f 8684 6935 6934
f 8684 6934 8707
f 8707 6934 6933
f 8707 6933 8708
f 8708 6933 6931
f 8708 6931 8709
f 8709 6931 6930
f 8709 6930 8685
f 8685 6930 6915
f 8685 6915 8686
f 8686 6915 6916
f 8686 6916 8701
f 8701 6916 6917
f 8701 6917 8702
f 8702 6917 6896
f 8702 6896 8680
f 8680 6896 6895
f 8680 6895 8703
f 8703 6895 6893
f 8703 6893 7896
f 7896 6893 6920
f 7383 7382 8714
f 8710 7384 8711
f 8711 7384 7383
f 8711 7383 8713
f 8713 7383 8714
f 8163 7405 8150
f 8150 7405 7404
f 8150 7404 8151
f 8151 7404 7398
f 8151 7398 8153
f 8153 7398 7397
f 8153 7397 8154
f 8154 7397 7395
f 8154 7395 8159
f 8159 7395 7394
f 8159 7394 8160
f 8160 7394 7380
f 8160 7380 8155
f 8155 7380 7379
f 8155 7379 8157
f 8157 7379 7378
f 8157 7378 8158
f 8158 7378 7377
f 8158 7377 8710
f 8710 7377 7384
f 8163 8162 7405
f 7405 8162 7406
f 7897 6889 8706
f 8706 6889 7393
f 8706 7393 8139
f 8139 7393 7392
f 8139 7392 8140
f 8140 7392 7391
f 8140 7391 8141
f 8141 7391 7403
f 8141 7403 8147
f 8147 7403 7402
f 8147 7402 8148
f 8148 7402 7401
f 8148 7401 8149
f 8149 7401 7390
f 8149 7390 8142
f 8142 7390 7389
f 8142 7389 8143
f 8143 7389 7388
f 8143 7388 8144
f 8144 7388 7400
f 8144 7400 8145
f 8145 7400 7399
f 8145 7399 8146
f 8146 7399 7387
f 8146 7387 8161
f 8161 7387 7386
f 8161 7386 8162
f 8162 7386 7406
f 7897 7896 6889
f 6889 7896 6920
f 8728 7438 8718
f 8718 7438 7437
f 8718 7437 8719
f 8719 7437 6820
f 8719 6820 8720
f 8720 6820 6819
f 8720 6819 8721
f 8721 6819 6818
f 8721 6818 8722
f 8722 6818 6817
f 8722 6817 8723
f 8723 6817 6815
f 8723 6815 8724
f 8724 6815 6814
f 8724 6814 8623
f 8623 6814 6770
f 8623 6770 8612
f 8612 6770 6771
f 8612 6771 8613
f 8613 6771 6772
f 8613 6772 8619
f 8619 6772 6780
f 8619 6780 8620
f 8620 6780 6779
f 8620 6779 8636
f 8636 6779 6778
f 8636 6778 8637
f 8637 6778 6811
f 7439 7438 8728
f 8725 7440 8726
f 8726 7440 7439
f 8726 7439 8727
f 8727 7439 8728
f 8101 6746 8102
f 8102 6746 6748
f 8102 6748 8103
f 8103 6748 6749
f 8103 6749 8104
f 8104 6749 7447
f 8104 7447 8106
f 8106 7447 7446
f 8106 7446 8107
f 8107 7446 7445
f 8107 7445 8108
f 8108 7445 7444
f 8108 7444 8109
f 8109 7444 7443
f 8109 7443 8111
f 8111 7443 7442
f 8111 7442 8112
f 8112 7442 7441
f 8112 7441 8725
f 8725 7441 7440
f 8101 8099 6746
f 6746 8099 6745
f 8629 6758 8715
f 8715 6758 6757
f 8715 6757 8716
f 8716 6757 6756
f 8716 6756 8717
f 8717 6756 6744
f 8717 6744 8092
f 8092 6744 6743
f 8092 6743 8093
f 8093 6743 6761
f 8093 6761 8094
f 8094 6761 6760
f 8094 6760 8091
f 8091 6760 6759
f 8091 6759 8089
f 8089 6759 6755
f 8089 6755 8090
f 8090 6755 6754
f 8090 6754 8095
f 8095 6754 6753
f 8095 6753 8096
f 8096 6753 6752
f 8096 6752 8097
f 8097 6752 6751
f 8097 6751 8098
f 8098 6751 6750
f 8098 6750 8099
f 8099 6750 6745
f 8629 8637 6758
f 6758 8637 6811
f 8431 7048 8426
f 8426 7048 7047
f 8426 7047 8425
f 8425 7047 7020
f 8425 7020 8424
f 8424 7020 7019
f 8424 7019 8427
f 8427 7019 7018
f 8427 7018 8428
f 8428 7018 7017
f 8428 7017 8423
f 8423 7017 7016
f 8423 7016 8422
f 8422 7016 7015
f 8422 7015 8420
f 8420 7015 6996
f 8420 6996 8729
f 8729 6996 6995
f 8729 6995 8730
f 8730 6995 7014
f 8431 8430 7048
f 7048 8430 7049
f 8745 7007 8408
f 8408 7007 7006
f 8408 7006 8409
f 8409 7006 7031
f 8409 7031 8414
f 8414 7031 7024
f 8414 7024 8415
f 8415 7024 7023
f 8415 7023 8416
f 8416 7023 7041
f 8416 7041 8410
f 8410 7041 7040
f 8410 7040 8411
f 8411 7040 7039
f 8411 7039 8412
f 8412 7039 7036
f 8412 7036 8413
f 8413 7036 7035
f 8413 7035 8417
f 8417 7035 7051
f 8417 7051 8418
f 8418 7051 7050
f 8418 7050 8419
f 8419 7050 7038
f 8419 7038 8429
f 8429 7038 7037
f 8429 7037 8430
f 8430 7037 7049
f 8745 8754 7007
f 7007 8754 7028
f 8733 7013 8734
f 8734 7013 7012
f 8734 7012 8735
f 8735 7012 7011
f 8735 7011 8736
f 8736 7011 7010
f 8736 7010 8737
f 8737 7010 7009
f 8737 7009 8738
f 8738 7009 7004
f 8738 7004 8739
f 8739 7004 7003
f 8739 7003 8740
f 8740 7003 7034
f 8740 7034 8742
f 8742 7034 7033
f 8742 7033 8750
f 8750 7033 7032
f 8750 7032 8751
f 8751 7032 7027
f 8751 7027 8748
f 8748 7027 7026
f 8748 7026 8749
f 8749 7026 7030
f 8749 7030 8753
f 8753 7030 7029
f 8753 7029 8754
f 8754 7029 7028
f 8730 7014 8731
f 8731 7014 7013
f 8731 7013 8733
f 8795 7293 8767
f 8767 7293 7292
f 8767 7292 8768
f 8768 7292 7106
f 8768 7106 8769
f 8769 7106 7104
f 8769 7104 8770
f 8770 7104 7103
f 8770 7103 8778
f 8778 7103 7109
f 8778 7109 8779
f 8779 7109 7108
f 8779 7108 8780
f 8780 7108 7107
f 8780 7107 8775
f 8775 7107 7065
f 8775 7065 8776
f 8776 7065 7064
f 8776 7064 8777
f 8777 7064 7059
f 8777 7059 8762
f 8762 7059 7058
f 8762 7058 8763
f 8763 7058 7096
f 8763 7096 8791
f 8791 7096 7095
f 8791 7095 8790
f 8790 7095 7093
f 7294 7293 8795
f 8792 7295 8793
f 8793 7295 7294
f 8793 7294 8794
f 8794 7294 8795
f 8241 7316 8228
f 8228 7316 7315
f 8228 7315 8229
f 8229 7315 7312
f 8229 7312 8237
f 8237 7312 7311
f 8237 7311 8238
f 8238 7311 7309
f 8238 7309 8231
f 8231 7309 7308
f 8231 7308 8232
f 8232 7308 7291
f 8232 7291 8233
f 8233 7291 7290
f 8233 7290 8235
f 8235 7290 7289
f 8235 7289 8236
f 8236 7289 7288
f 8236 7288 8792
f 8792 7288 7295
f 8241 8240 7316
f 7316 8240 7317
f 8773 7074 8787
f 8787 7074 7304
f 8787 7304 8217
f 8217 7304 7303
f 8217 7303 8218
f 8218 7303 7302
f 8218 7302 8219
f 8219 7302 7301
f 8219 7301 8222
f 8222 7301 7300
f 8222 7300 8223
f 8223 7300 7299
f 8223 7299 8224
f 8224 7299 7298
f 8224 7298 8220
f 8220 7298 7297
f 8220 7297 8221
f 8221 7297 7314
f 8221 7314 8225
f 8225 7314 7313
f 8225 7313 8226
f 8226 7313 7307
f 8226 7307 8227
f 8227 7307 7306
f 8227 7306 8239
f 8239 7306 7305
f 8239 7305 8240
f 8240 7305 7317
f 8773 8790 7074
f 7074 8790 7093
f 8404 7098 8398
f 8398 7098 7097
f 8398 7097 8399
f 8399 7097 7082
f 8399 7082 8400
f 8400 7082 7081
f 8400 7081 8401
f 8401 7081 7080
f 8401 7080 8393
f 8393 7080 7071
f 8393 7071 8394
f 8394 7071 7070
f 8394 7070 8396
f 8396 7070 7069
f 8396 7069 8397
f 8397 7069 7062
f 8397 7062 8757
f 8757 7062 7061
f 8757 7061 8758
f 8758 7061 7068
f 8404 8403 7098
f 7098 8403 7099
f 8380 7101 8381
f 8381 7101 7100
f 8381 7100 8390
f 8390 7100 7092
f 8390 7092 8391
f 8391 7092 7094
f 8391 7094 8392
f 8392 7094 7060
f 8392 7060 8382
f 8382 7060 7091
f 8382 7091 8383
f 8383 7091 7090
f 8383 7090 8384
f 8384 7090 7089
f 8384 7089 8385
f 8385 7089 7088
f 8385 7088 8386
f 8386 7088 7087
f 8386 7087 8387
f 8387 7087 7086
f 8387 7086 8388
f 8388 7086 7085
f 8388 7085 8389
f 8389 7085 7084
f 8389 7084 8402
f 8402 7084 7083
f 8402 7083 8403
f 8403 7083 7099
f 8380 8789 7101
f 7101 8789 7102
f 8761 7067 8764
f 8764 7067 7066
f 8764 7066 8765
f 8765 7066 7057
f 8765 7057 8766
f 8766 7057 7056
f 8766 7056 8781
f 8781 7056 7055
f 8781 7055 8782
f 8782 7055 7053
f 8782 7053 8783
f 8783 7053 7052
f 8783 7052 8774
f 8774 7052 7079
f 8774 7079 8771
f 8771 7079 7078
f 8771 7078 8772
f 8772 7078 7077
f 8772 7077 8784
f 8784 7077 7076
f 8784 7076 8785
f 8785 7076 7075
f 8785 7075 8786
f 8786 7075 7073
f 8786 7073 8788
f 8788 7073 7072
f 8788 7072 8789
f 8789 7072 7102
f 8758 7068 8759
f 8759 7068 7067
f 8759 7067 8761
f 8808 7263 8798
f 8798 7263 7262
f 8798 7262 8799
f 8799 7262 7164
f 8799 7164 8800
f 8800 7164 7162
f 8800 7162 8801
f 8801 7162 7161
f 8801 7161 8802
f 8802 7161 7167
f 8802 7167 8803
f 8803 7167 7166
f 8803 7166 8804
f 8804 7166 7165
f 8804 7165 8593
f 8593 7165 7123
f 8593 7123 8594
f 8594 7123 7122
f 8594 7122 8595
f 8595 7122 7117
f 8595 7117 8596
f 8596 7117 7116
f 8596 7116 8597
f 8597 7116 7149
f 8597 7149 8601
f 8601 7149 7148
f 8601 7148 8600
f 8600 7148 7146
f 7264 7263 8808
f 8805 7265 8806
f 8806 7265 7264
f 8806 7264 8807
f 8807 7264 8808
f 8257 7286 8258
f 8258 7286 7285
f 8258 7285 8259
f 8259 7285 7284
f 8259 7284 8260
f 8260 7284 7283
f 8260 7283 8262
f 8262 7283 7281
f 8262 7281 8263
f 8263 7281 7280
f 8263 7280 8264
f 8264 7280 7261
f 8264 7261 8265
f 8265 7261 7260
f 8265 7260 8267
f 8267 7260 7259
f 8267 7259 8268
f 8268 7259 7258
f 8268 7258 8805
f 8805 7258 7265
f 8257 8255 7286
f 7286 8255 7287
f 8585 7126 8796
f 8796 7126 7277
f 8796 7277 8797
f 8797 7277 7276
f 8797 7276 8243
f 8243 7276 7275
f 8243 7275 8244
f 8244 7275 7274
f 8244 7274 8248
f 8248 7274 7273
f 8248 7273 8249
f 8249 7273 7272
f 8249 7272 8250
f 8250 7272 7271
f 8250 7271 8246
f 8246 7271 7270
f 8246 7270 8247
f 8247 7270 7269
f 8247 7269 8251
f 8251 7269 7279
f 8251 7279 8252
f 8252 7279 7278
f 8252 7278 8253
f 8253 7278 7267
f 8253 7267 8254
f 8254 7267 7266
f 8254 7266 8255
f 8255 7266 7287
f 8585 8600 7126
f 7126 8600 7146
f 8485 6924 8474
f 8474 6924 6923
f 8474 6923 8475
f 8475 6923 6911
f 8475 6911 8477
f 8477 6911 6910
f 8477 6910 8478
f 8478 6910 6909
f 8478 6909 8479
f 8479 6909 6899
f 8479 6899 8480
f 8480 6899 6898
f 8480 6898 8481
f 8481 6898 6897
f 8481 6897 8482
f 8482 6897 6880
f 8482 6880 8687
f 8687 6880 6879
f 8687 6879 8688
f 8688 6879 6908
f 8485 8484 6924
f 6924 8484 6925
f 8463 6921 8464
f 8464 6921 6919
f 8464 6919 8465
f 8465 6919 6918
f 8465 6918 8466
f 8466 6918 6892
f 8466 6892 8467
f 8467 6892 6894
f 8467 6894 8460
f 8460 6894 6912
f 8460 6912 8461
f 8461 6912 6929
f 8461 6929 8468
f 8468 6929 6928
f 8468 6928 8469
f 8469 6928 6914
f 8469 6914 8470
f 8470 6914 6913
f 8470 6913 8471
f 8471 6913 6927
f 8471 6927 8472
f 8472 6927 6926
f 8472 6926 8473
f 8473 6926 6901
f 8473 6901 8483
f 8483 6901 6900
f 8483 6900 8484
f 8484 6900 6925
f 8463 8679 6921
f 6921 8679 6922
f 8690 6907 8691
f 8691 6907 6906
f 8691 6906 8692
f 8692 6906 6886
f 8692 6886 8693
f 8693 6886 6885
f 8693 6885 8694
f 8694 6885 6884
f 8694 6884 8695
f 8695 6884 6883
f 8695 6883 8696
f 8696 6883 6882
f 8696 6882 8697
f 8697 6882 6905
f 8697 6905 8698
f 8698 6905 6904
f 8698 6904 8699
f 8699 6904 6903
f 8699 6903 8700
f 8700 6903 6891
f 8700 6891 7898
f 7898 6891 6890
f 7898 6890 8704
f 8704 6890 6888
f 8704 6888 8705
f 8705 6888 6887
f 8705 6887 8679
f 8679 6887 6922
f 8688 6908 8689
f 8689 6908 6907
f 8689 6907 8690
f 8839 7348 8829
f 8829 7348 7347
f 8829 7347 8830
f 8830 7347 6994
f 8830 6994 8831
f 8831 6994 6993
f 8831 6993 8832
f 8832 6993 6992
f 8832 6992 8833
f 8833 6992 6991
f 8833 6991 8834
f 8834 6991 6989
f 8834 6989 8835
f 8835 6989 6988
f 8835 6988 8819
f 8819 6988 6950
f 8819 6950 8820
f 8820 6950 6949
f 8820 6949 8821
f 8821 6949 6946
f 8821 6946 8822
f 8822 6946 6945
f 8822 6945 8823
f 8823 6945 6961
f 8823 6961 8828
f 8828 6961 6960
f 8828 6960 8827
f 8827 6960 6977
f 7349 7348 8839
f 8836 7350 8837
f 8837 7350 7349
f 8837 7349 8838
f 8838 7349 8839
f 8180 7375 8181
f 8181 7375 7374
f 8181 7374 8182
f 8182 7374 7362
f 8182 7362 8183
f 8183 7362 7361
f 8183 7361 8185
f 8185 7361 7359
f 8185 7359 8186
f 8186 7359 7358
f 8186 7358 8187
f 8187 7358 7354
f 8187 7354 8188
f 8188 7354 7353
f 8188 7353 8190
f 8190 7353 7352
f 8190 7352 8191
f 8191 7352 7351
f 8191 7351 8836
f 8836 7351 7350
f 8180 8178 7375
f 7375 8178 7376
f 8815 6953 8824
f 8824 6953 7357
f 8824 7357 8164
f 8164 7357 7356
f 8164 7356 8165
f 8165 7356 7355
f 8165 7355 8167
f 8167 7355 7373
f 8167 7373 8168
f 8168 7373 7372
f 8168 7372 8169
f 8169 7372 7371
f 8169 7371 8171
f 8171 7371 7370
f 8171 7370 8172
f 8172 7370 7369
f 8172 7369 8173
f 8173 7369 7368
f 8173 7368 8174
f 8174 7368 7367
f 8174 7367 8175
f 8175 7367 7366
f 8175 7366 8176
f 8176 7366 7364
f 8176 7364 8177
f 8177 7364 7363
f 8177 7363 8178
f 8178 7363 7376
f 8815 8827 6953
f 6953 8827 6977
f 8450 6986 8451
f 8451 6986 6985
f 8451 6985 8452
f 8452 6985 6967
f 8452 6967 8453
f 8453 6967 6966
f 8453 6966 8455
f 8455 6966 6965
f 8455 6965 8456
f 8456 6965 6958
f 8456 6958 8457
f 8457 6958 6957
f 8457 6957 8458
f 8458 6957 6956
f 8458 6956 8459
f 8459 6956 6938
f 8459 6938 8842
f 8842 6938 6937
f 8842 6937 8843
f 8843 6937 6964
f 8450 8448 6986
f 6986 8448 6987
f 8818 6978 8435
f 8435 6978 6976
f 8435 6976 8436
f 8436 6976 6975
f 8436 6975 8437
f 8437 6975 6959
f 8437 6959 8438
f 8438 6959 6947
f 8438 6947 8439
f 8439 6947 6974
f 8439 6974 8440
f 8440 6974 6971
f 8440 6971 8441
f 8441 6971 6972
f 8441 6972 8442
f 8442 6972 6973
f 8442 6973 8443
f 8443 6973 6984
f 8443 6984 8444
f 8444 6984 6983
f 8444 6983 8445
f 8445 6983 6980
f 8445 6980 8446
f 8446 6980 6981
f 8446 6981 8447
f 8447 6981 6982
f 8447 6982 8448
f 8448 6982 6987
f 8818 8826 6978
f 6978 8826 6979
f 8845 6963 8840
f 8840 6963 6962
f 8840 6962 8841
f 8841 6962 6944
f 8841 6944 8846
f 8846 6944 6943
f 8846 6943 8847
f 8847 6943 6942
f 8847 6942 8848
f 8848 6942 6941
f 8848 6941 8809
f 8809 6941 6940
f 8809 6940 8810
f 8810 6940 6970
f 8810 6970 8812
f 8812 6970 6969
f 8812 6969 8813
f 8813 6969 6968
f 8813 6968 8814
f 8814 6968 6955
f 8814 6955 8816
f 8816 6955 6954
f 8816 6954 8817
f 8817 6954 6952
f 8817 6952 8825
f 8825 6952 6951
f 8825 6951 8826
f 8826 6951 6979
f 8843 6964 8844
f 8844 6964 6963
f 8844 6963 8845
f 8861 7335 8851
f 8851 7335 7334
f 8851 7334 8852
f 8852 7334 7002
f 8852 7002 8853
f 8853 7002 7001
f 8853 7001 8854
f 8854 7001 7000
f 8854 7000 8855
f 8855 7000 6998
f 8855 6998 8856
f 8856 6998 6997
f 8856 6997 8857
f 8857 6997 7046
f 8857 7046 8752
f 8752 7046 7045
f 8752 7045 8743
f 8743 7045 7044
f 8743 7044 8744
f 8744 7044 7043
f 8744 7043 8746
f 8746 7043 7022
f 8746 7022 8747
f 8747 7022 7008
f 8747 7008 8756
f 8756 7008 7021
f 8756 7021 8755
f 8755 7021 7042
f 7336 7335 8861
f 8858 7337 8859
f 8859 7337 7336
f 8859 7336 8860
f 8860 7336 8861
f 8205 7345 8206
f 8206 7345 7344
f 8206 7344 8207
f 8207 7344 7343
f 8207 7343 8208
f 8208 7343 7342
f 8208 7342 8210
f 8210 7342 7341
f 8210 7341 8211
f 8211 7341 7340
f 8211 7340 8212
f 8212 7340 7339
f 8212 7339 8213
f 8213 7339 7338
f 8213 7338 8215
f 8215 7338 7333
f 8215 7333 8216
f 8216 7333 7332
f 8216 7332 8858
f 8858 7332 7337
f 8205 8203 7345
f 7345 8203 7346
f 8741 7025 8849
f 8849 7025 7326
f 8849 7326 8850
f 8850 7326 7325
f 8850 7325 8192
f 8192 7325 7324
f 8192 7324 8193
f 8193 7324 7323
f 8193 7323 8196
f 8196 7323 7322
f 8196 7322 8197
f 8197 7322 7321
f 8197 7321 8198
f 8198 7321 7320
f 8198 7320 8194
f 8194 7320 7319
f 8194 7319 8195
f 8195 7319 7331
f 8195 7331 8199
f 8199 7331 7330
f 8199 7330 8200
f 8200 7330 7329
f 8200 7329 8201
f 8201 7329 7328
f 8201 7328 8202
f 8202 7328 7327
f 8202 7327 8203
f 8203 7327 7346
f 8741 8755 7025
f 7025 8755 7042
f 6790 7589 6740
f 6740 7589 7450
f 6740 7450 6742
f 8872 8873 8874
f 8874 8873 8875
f 8873 8876 8875
f 8875 8876 8877
f 8875 8877 8878
f 8878 8877 8879
f 8878 8879 8880
f 8880 8879 8881
f 8880 8881 8882
f 8882 8881 8883
f 8882 8883 8884
f 8884 8883 8885
f 8884 8885 8886
f 8886 8885 8887
f 8886 8887 8888
f 8888 8887 8889
f 8888 8889 8890
f 8890 8889 8891
f 8890 8891 8892
f 8892 8891 8893
f 8892 8893 8894
f 8894 8893 8895
f 8894 8895 8896
f 8896 8895 8897
f 8896 8897 8898
f 8898 8897 8899
f 8898 8899 8900
f 8900 8899 8901
f 8900 8901 8902
f 8902 8901 8903
f 8902 8903 8904
f 8904 8903 8905
f 8904 8905 8906
f 8906 8905 8907
f 8906 8907 8908
f 8908 8907 8909
f 8908 8909 8910
f 8910 8909 8911
f 8910 8911 8912
f 8912 8911 8913
f 8912 8913 8914
f 8914 8913 8915
f 8914 8915 8916
f 8916 8915 8917
f 8916 8917 8918
f 8918 8917 8919
f 8918 8919 8920
f 8920 8919 8921
f 8920 8921 8922
f 8922 8921 8923
f 8922 8923 8924
f 8924 8923 8925
f 8924 8925 8926
f 8926 8925 8927
f 8926 8927 8928
f 8928 8927 8929
f 8928 8929 8930
f 8930 8929 8931
f 8930 8931 8932
f 8932 8931 8933
f 8932 8933 8934
f 8934 8933 8935
f 8934 8935 8936
f 8936 8935 8937
f 8936 8937 8938
f 8938 8937 8939
f 8938 8939 8940
f 8940 8939 8941
f 8940 8941 8942
f 8942 8941 8943
f 8942 8943 8944
f 8944 8943 8945
f 8944 8945 8946
f 8946 8945 8872
f 8946 8872 8947
f 8947 8872 8874
f 8873 8872 8948
f 8873 8948 8876
f 8881 8879 8948
f 8948 8879 8877
f 8948 8877 8876
f 8887 8885 8948
f 8948 8885 8883
f 8948 8883 8881
f 8893 8891 8948
f 8948 8891 8889
f 8948 8889 8887
f 8899 8897 8948
f 8948 8897 8895
f 8948 8895 8893
f 8905 8903 8948
f 8948 8903 8901
f 8948 8901 8899
f 8911 8909 8948
f 8948 8909 8907
f 8948 8907 8905
f 8917 8915 8948
f 8948 8915 8913
f 8948 8913 8911
f 8923 8921 8948
f 8948 8921 8919
f 8948 8919 8917
f 8929 8927 8948
f 8948 8927 8925
f 8948 8925 8923
f 8935 8933 8948
f 8948 8933 8931
f 8948 8931 8929
f 8941 8939 8948
f 8948 8939 8937
f 8948 8937 8935
f 8872 8945 8948
f 8948 8945 8943
f 8948 8943 8941
f 8874 8875 8949
f 8874 8949 8947
f 8942 8944 8949
f 8949 8944 8946
f 8949 8946 8947
f 8936 8938 8949
f 8949 8938 8940
f 8949 8940 8942
f 8930 8932 8949
f 8949 8932 8934
f 8949 8934 8936
f 8924 8926 8949
f 8949 8926 8928
f 8949 8928 8930
f 8918 8920 8949
f 8949 8920 8922
f 8949 8922 8924
f 8912 8914 8949
f 8949 8914 8916
f 8949 8916 8918
f 8906 8908 8949
f 8949 8908 8910
f 8949 8910 8912
f 8900 8902 8949
f 8949 8902 8904
f 8949 8904 8906
f 8894 8896 8949
f 8949 8896 8898
f 8949 8898 8900
f 8888 8890 8949
f 8949 8890 8892
f 8949 8892 8894
f 8882 8884 8949
f 8949 8884 8886
f 8949 8886 8888
f 8875 8878 8949
f 8949 8878 8880
f 8949 8880 8882
f 8950 8951 8952
f 8952 8951 8953
f 8954 8950 8955
f 8955 8950 8952
f 8956 8954 8957
f 8957 8954 8955
f 8951 8956 8953
f 8953 8956 8957
f 8954 8956 8950
f 8950 8956 8951
f 8957 8955 8953
f 8953 8955 8952

